/workspace/tmp/pixelelated-m7-qa-16/check-payload.py: OK
/workspace/tmp/pixelelated-m7-qa-16/clone-upgraded.py: OK
/workspace/tmp/pixelelated-m7-qa-16/es_lifecycle.py: OK
/workspace/tmp/pixelelated-m7-qa-16/identity-frames.py: OK
/workspace/tmp/pixelelated-m7-qa-16/identity.steps: OK
/workspace/tmp/pixelelated-m7-qa-16/outer.sh: OK
/workspace/tmp/pixelelated-m7-qa-16/proxy-identity.py: OK
/workspace/tmp/pixelelated-m7-qa-16/qa-overlay/tools/RPi/gen-rpi-kodi-patch.sh: OK
/workspace/tmp/pixelelated-m7-qa-16/qa-overlay/tools/RPi/rpi-kodi-rebase.sh: OK
/workspace/tmp/pixelelated-m7-qa-16/qa-overlay/tools/adjust_kernel_config: OK
/workspace/tmp/pixelelated-m7-qa-16/qa-overlay/tools/archaeology: OK
/workspace/tmp/pixelelated-m7-qa-16/qa-overlay/tools/box-check: OK
/workspace/tmp/pixelelated-m7-qa-16/qa-overlay/tools/build-preflight: OK
/workspace/tmp/pixelelated-m7-qa-16/qa-overlay/tools/ceremony-check: OK
/workspace/tmp/pixelelated-m7-qa-16/qa-overlay/tools/change_addon_version: OK
/workspace/tmp/pixelelated-m7-qa-16/qa-overlay/tools/check_kernel_config: OK
/workspace/tmp/pixelelated-m7-qa-16/qa-overlay/tools/checkunpack: OK
/workspace/tmp/pixelelated-m7-qa-16/qa-overlay/tools/cloud-capture-stamp-test: OK
/workspace/tmp/pixelelated-m7-qa-16/qa-overlay/tools/cloud-census: OK
/workspace/tmp/pixelelated-m7-qa-16/qa-overlay/tools/cloud-pair-migration: OK
/workspace/tmp/pixelelated-m7-qa-16/qa-overlay/tools/cloud-round-trip: OK
/workspace/tmp/pixelelated-m7-qa-16/qa-overlay/tools/cloud-test-backend: OK
/workspace/tmp/pixelelated-m7-qa-16/qa-overlay/tools/council/node_modules/.package-lock.json: OK
/workspace/tmp/pixelelated-m7-qa-16/qa-overlay/tools/council/node_modules/@aws/lambda-invoke-store/LICENSE: OK
/workspace/tmp/pixelelated-m7-qa-16/qa-overlay/tools/council/node_modules/@aws/lambda-invoke-store/README.md: OK
/workspace/tmp/pixelelated-m7-qa-16/qa-overlay/tools/council/node_modules/@aws/lambda-invoke-store/dist-cjs/invoke-store.js: OK
/workspace/tmp/pixelelated-m7-qa-16/qa-overlay/tools/council/node_modules/@aws/lambda-invoke-store/dist-es/invoke-store.js: OK
/workspace/tmp/pixelelated-m7-qa-16/qa-overlay/tools/council/node_modules/@aws/lambda-invoke-store/dist-types/invoke-store.benchmark.d.ts: OK
/workspace/tmp/pixelelated-m7-qa-16/qa-overlay/tools/council/node_modules/@aws/lambda-invoke-store/dist-types/invoke-store.d.ts: OK
/workspace/tmp/pixelelated-m7-qa-16/qa-overlay/tools/council/node_modules/@aws/lambda-invoke-store/package.json: OK
/workspace/tmp/pixelelated-m7-qa-16/qa-overlay/tools/council/node_modules/@aws-sdk/client-bedrock-runtime/LICENSE: OK
/workspace/tmp/pixelelated-m7-qa-16/qa-overlay/tools/council/node_modules/@aws-sdk/client-bedrock-runtime/README.md: OK
/workspace/tmp/pixelelated-m7-qa-16/qa-overlay/tools/council/node_modules/@aws-sdk/client-bedrock-runtime/dist-cjs/index.js: OK
/workspace/tmp/pixelelated-m7-qa-16/qa-overlay/tools/council/node_modules/@aws-sdk/client-bedrock-runtime/dist-es/BedrockRuntime.js: OK
/workspace/tmp/pixelelated-m7-qa-16/qa-overlay/tools/council/node_modules/@aws-sdk/client-bedrock-runtime/dist-es/BedrockRuntimeClient.js: OK
/workspace/tmp/pixelelated-m7-qa-16/qa-overlay/tools/council/node_modules/@aws-sdk/client-bedrock-runtime/dist-es/auth/httpAuthExtensionConfiguration.js: OK
/workspace/tmp/pixelelated-m7-qa-16/qa-overlay/tools/council/node_modules/@aws-sdk/client-bedrock-runtime/dist-es/auth/httpAuthSchemeProvider.js: OK
/workspace/tmp/pixelelated-m7-qa-16/qa-overlay/tools/council/node_modules/@aws-sdk/client-bedrock-runtime/dist-es/commandBuilder.js: OK
/workspace/tmp/pixelelated-m7-qa-16/qa-overlay/tools/council/node_modules/@aws-sdk/client-bedrock-runtime/dist-es/commands/ApplyGuardrailCommand.js: OK
/workspace/tmp/pixelelated-m7-qa-16/qa-overlay/tools/council/node_modules/@aws-sdk/client-bedrock-runtime/dist-es/commands/ConverseCommand.js: OK
/workspace/tmp/pixelelated-m7-qa-16/qa-overlay/tools/council/node_modules/@aws-sdk/client-bedrock-runtime/dist-es/commands/ConverseStreamCommand.js: OK
/workspace/tmp/pixelelated-m7-qa-16/qa-overlay/tools/council/node_modules/@aws-sdk/client-bedrock-runtime/dist-es/commands/CountTokensCommand.js: OK
/workspace/tmp/pixelelated-m7-qa-16/qa-overlay/tools/council/node_modules/@aws-sdk/client-bedrock-runtime/dist-es/commands/GetAsyncInvokeCommand.js: OK
/workspace/tmp/pixelelated-m7-qa-16/qa-overlay/tools/council/node_modules/@aws-sdk/client-bedrock-runtime/dist-es/commands/InvokeGuardrailChecksCommand.js: OK
/workspace/tmp/pixelelated-m7-qa-16/qa-overlay/tools/council/node_modules/@aws-sdk/client-bedrock-runtime/dist-es/commands/InvokeModelCommand.js: OK
/workspace/tmp/pixelelated-m7-qa-16/qa-overlay/tools/council/node_modules/@aws-sdk/client-bedrock-runtime/dist-es/commands/InvokeModelWithBidirectionalStreamCommand.js: OK
/workspace/tmp/pixelelated-m7-qa-16/qa-overlay/tools/council/node_modules/@aws-sdk/client-bedrock-runtime/dist-es/commands/InvokeModelWithResponseStreamCommand.js: OK
/workspace/tmp/pixelelated-m7-qa-16/qa-overlay/tools/council/node_modules/@aws-sdk/client-bedrock-runtime/dist-es/commands/ListAsyncInvokesCommand.js: OK
/workspace/tmp/pixelelated-m7-qa-16/qa-overlay/tools/council/node_modules/@aws-sdk/client-bedrock-runtime/dist-es/commands/StartAsyncInvokeCommand.js: OK
/workspace/tmp/pixelelated-m7-qa-16/qa-overlay/tools/council/node_modules/@aws-sdk/client-bedrock-runtime/dist-es/commands/index.js: OK
/workspace/tmp/pixelelated-m7-qa-16/qa-overlay/tools/council/node_modules/@aws-sdk/client-bedrock-runtime/dist-es/endpoint/EndpointParameters.js: OK
/workspace/tmp/pixelelated-m7-qa-16/qa-overlay/tools/council/node_modules/@aws-sdk/client-bedrock-runtime/dist-es/endpoint/bdd.js: OK
/workspace/tmp/pixelelated-m7-qa-16/qa-overlay/tools/council/node_modules/@aws-sdk/client-bedrock-runtime/dist-es/endpoint/endpointResolver.js: OK
/workspace/tmp/pixelelated-m7-qa-16/qa-overlay/tools/council/node_modules/@aws-sdk/client-bedrock-runtime/dist-es/extensionConfiguration.js: OK
/workspace/tmp/pixelelated-m7-qa-16/qa-overlay/tools/council/node_modules/@aws-sdk/client-bedrock-runtime/dist-es/index.js: OK
/workspace/tmp/pixelelated-m7-qa-16/qa-overlay/tools/council/node_modules/@aws-sdk/client-bedrock-runtime/dist-es/models/BedrockRuntimeServiceException.js: OK
/workspace/tmp/pixelelated-m7-qa-16/qa-overlay/tools/council/node_modules/@aws-sdk/client-bedrock-runtime/dist-es/models/enums.js: OK
/workspace/tmp/pixelelated-m7-qa-16/qa-overlay/tools/council/node_modules/@aws-sdk/client-bedrock-runtime/dist-es/models/errors.js: OK
/workspace/tmp/pixelelated-m7-qa-16/qa-overlay/tools/council/node_modules/@aws-sdk/client-bedrock-runtime/dist-es/models/models_0.js: OK
/workspace/tmp/pixelelated-m7-qa-16/qa-overlay/tools/council/node_modules/@aws-sdk/client-bedrock-runtime/dist-es/pagination/Interfaces.js: OK
/workspace/tmp/pixelelated-m7-qa-16/qa-overlay/tools/council/node_modules/@aws-sdk/client-bedrock-runtime/dist-es/pagination/ListAsyncInvokesPaginator.js: OK
/workspace/tmp/pixelelated-m7-qa-16/qa-overlay/tools/council/node_modules/@aws-sdk/client-bedrock-runtime/dist-es/pagination/index.js: OK
/workspace/tmp/pixelelated-m7-qa-16/qa-overlay/tools/council/node_modules/@aws-sdk/client-bedrock-runtime/dist-es/runtimeConfig.browser.js: OK
/workspace/tmp/pixelelated-m7-qa-16/qa-overlay/tools/council/node_modules/@aws-sdk/client-bedrock-runtime/dist-es/runtimeConfig.js: OK
/workspace/tmp/pixelelated-m7-qa-16/qa-overlay/tools/council/node_modules/@aws-sdk/client-bedrock-runtime/dist-es/runtimeConfig.native.js: OK
/workspace/tmp/pixelelated-m7-qa-16/qa-overlay/tools/council/node_modules/@aws-sdk/client-bedrock-runtime/dist-es/runtimeConfig.shared.js: OK
/workspace/tmp/pixelelated-m7-qa-16/qa-overlay/tools/council/node_modules/@aws-sdk/client-bedrock-runtime/dist-es/runtimeExtensions.js: OK
/workspace/tmp/pixelelated-m7-qa-16/qa-overlay/tools/council/node_modules/@aws-sdk/client-bedrock-runtime/dist-es/schemas/schemas_0.js: OK
/workspace/tmp/pixelelated-m7-qa-16/qa-overlay/tools/council/node_modules/@aws-sdk/client-bedrock-runtime/dist-types/BedrockRuntime.d.ts: OK
/workspace/tmp/pixelelated-m7-qa-16/qa-overlay/tools/council/node_modules/@aws-sdk/client-bedrock-runtime/dist-types/BedrockRuntimeClient.d.ts: OK
/workspace/tmp/pixelelated-m7-qa-16/qa-overlay/tools/council/node_modules/@aws-sdk/client-bedrock-runtime/dist-types/auth/httpAuthExtensionConfiguration.d.ts: OK
/workspace/tmp/pixelelated-m7-qa-16/qa-overlay/tools/council/node_modules/@aws-sdk/client-bedrock-runtime/dist-types/auth/httpAuthSchemeProvider.d.ts: OK
/workspace/tmp/pixelelated-m7-qa-16/qa-overlay/tools/council/node_modules/@aws-sdk/client-bedrock-runtime/dist-types/commandBuilder.d.ts: OK
/workspace/tmp/pixelelated-m7-qa-16/qa-overlay/tools/council/node_modules/@aws-sdk/client-bedrock-runtime/dist-types/commands/ApplyGuardrailCommand.d.ts: OK
/workspace/tmp/pixelelated-m7-qa-16/qa-overlay/tools/council/node_modules/@aws-sdk/client-bedrock-runtime/dist-types/commands/ConverseCommand.d.ts: OK
/workspace/tmp/pixelelated-m7-qa-16/qa-overlay/tools/council/node_modules/@aws-sdk/client-bedrock-runtime/dist-types/commands/ConverseStreamCommand.d.ts: OK
/workspace/tmp/pixelelated-m7-qa-16/qa-overlay/tools/council/node_modules/@aws-sdk/client-bedrock-runtime/dist-types/commands/CountTokensCommand.d.ts: OK
/workspace/tmp/pixelelated-m7-qa-16/qa-overlay/tools/council/node_modules/@aws-sdk/client-bedrock-runtime/dist-types/commands/GetAsyncInvokeCommand.d.ts: OK
/workspace/tmp/pixelelated-m7-qa-16/qa-overlay/tools/council/node_modules/@aws-sdk/client-bedrock-runtime/dist-types/commands/InvokeGuardrailChecksCommand.d.ts: OK
/workspace/tmp/pixelelated-m7-qa-16/qa-overlay/tools/council/node_modules/@aws-sdk/client-bedrock-runtime/dist-types/commands/InvokeModelCommand.d.ts: OK
/workspace/tmp/pixelelated-m7-qa-16/qa-overlay/tools/council/node_modules/@aws-sdk/client-bedrock-runtime/dist-types/commands/InvokeModelWithBidirectionalStreamCommand.d.ts: OK
/workspace/tmp/pixelelated-m7-qa-16/qa-overlay/tools/council/node_modules/@aws-sdk/client-bedrock-runtime/dist-types/commands/InvokeModelWithResponseStreamCommand.d.ts: OK
/workspace/tmp/pixelelated-m7-qa-16/qa-overlay/tools/council/node_modules/@aws-sdk/client-bedrock-runtime/dist-types/commands/ListAsyncInvokesCommand.d.ts: OK
/workspace/tmp/pixelelated-m7-qa-16/qa-overlay/tools/council/node_modules/@aws-sdk/client-bedrock-runtime/dist-types/commands/StartAsyncInvokeCommand.d.ts: OK
/workspace/tmp/pixelelated-m7-qa-16/qa-overlay/tools/council/node_modules/@aws-sdk/client-bedrock-runtime/dist-types/commands/index.d.ts: OK
/workspace/tmp/pixelelated-m7-qa-16/qa-overlay/tools/council/node_modules/@aws-sdk/client-bedrock-runtime/dist-types/endpoint/EndpointParameters.d.ts: OK
/workspace/tmp/pixelelated-m7-qa-16/qa-overlay/tools/council/node_modules/@aws-sdk/client-bedrock-runtime/dist-types/endpoint/bdd.d.ts: OK
/workspace/tmp/pixelelated-m7-qa-16/qa-overlay/tools/council/node_modules/@aws-sdk/client-bedrock-runtime/dist-types/endpoint/endpointResolver.d.ts: OK
/workspace/tmp/pixelelated-m7-qa-16/qa-overlay/tools/council/node_modules/@aws-sdk/client-bedrock-runtime/dist-types/extensionConfiguration.d.ts: OK
/workspace/tmp/pixelelated-m7-qa-16/qa-overlay/tools/council/node_modules/@aws-sdk/client-bedrock-runtime/dist-types/index.d.ts: OK
/workspace/tmp/pixelelated-m7-qa-16/qa-overlay/tools/council/node_modules/@aws-sdk/client-bedrock-runtime/dist-types/models/BedrockRuntimeServiceException.d.ts: OK
/workspace/tmp/pixelelated-m7-qa-16/qa-overlay/tools/council/node_modules/@aws-sdk/client-bedrock-runtime/dist-types/models/enums.d.ts: OK
/workspace/tmp/pixelelated-m7-qa-16/qa-overlay/tools/council/node_modules/@aws-sdk/client-bedrock-runtime/dist-types/models/errors.d.ts: OK
/workspace/tmp/pixelelated-m7-qa-16/qa-overlay/tools/council/node_modules/@aws-sdk/client-bedrock-runtime/dist-types/models/models_0.d.ts: OK
/workspace/tmp/pixelelated-m7-qa-16/qa-overlay/tools/council/node_modules/@aws-sdk/client-bedrock-runtime/dist-types/pagination/Interfaces.d.ts: OK
/workspace/tmp/pixelelated-m7-qa-16/qa-overlay/tools/council/node_modules/@aws-sdk/client-bedrock-runtime/dist-types/pagination/ListAsyncInvokesPaginator.d.ts: OK
/workspace/tmp/pixelelated-m7-qa-16/qa-overlay/tools/council/node_modules/@aws-sdk/client-bedrock-runtime/dist-types/pagination/index.d.ts: OK
/workspace/tmp/pixelelated-m7-qa-16/qa-overlay/tools/council/node_modules/@aws-sdk/client-bedrock-runtime/dist-types/runtimeConfig.browser.d.ts: OK
/workspace/tmp/pixelelated-m7-qa-16/qa-overlay/tools/council/node_modules/@aws-sdk/client-bedrock-runtime/dist-types/runtimeConfig.d.ts: OK
/workspace/tmp/pixelelated-m7-qa-16/qa-overlay/tools/council/node_modules/@aws-sdk/client-bedrock-runtime/dist-types/runtimeConfig.native.d.ts: OK
/workspace/tmp/pixelelated-m7-qa-16/qa-overlay/tools/council/node_modules/@aws-sdk/client-bedrock-runtime/dist-types/runtimeConfig.shared.d.ts: OK
/workspace/tmp/pixelelated-m7-qa-16/qa-overlay/tools/council/node_modules/@aws-sdk/client-bedrock-runtime/dist-types/runtimeExtensions.d.ts: OK
/workspace/tmp/pixelelated-m7-qa-16/qa-overlay/tools/council/node_modules/@aws-sdk/client-bedrock-runtime/dist-types/schemas/schemas_0.d.ts: OK
/workspace/tmp/pixelelated-m7-qa-16/qa-overlay/tools/council/node_modules/@aws-sdk/client-bedrock-runtime/dist-types/ts3.4/BedrockRuntime.d.ts: OK
/workspace/tmp/pixelelated-m7-qa-16/qa-overlay/tools/council/node_modules/@aws-sdk/client-bedrock-runtime/dist-types/ts3.4/BedrockRuntimeClient.d.ts: OK
/workspace/tmp/pixelelated-m7-qa-16/qa-overlay/tools/council/node_modules/@aws-sdk/client-bedrock-runtime/dist-types/ts3.4/auth/httpAuthExtensionConfiguration.d.ts: OK
/workspace/tmp/pixelelated-m7-qa-16/qa-overlay/tools/council/node_modules/@aws-sdk/client-bedrock-runtime/dist-types/ts3.4/auth/httpAuthSchemeProvider.d.ts: OK
/workspace/tmp/pixelelated-m7-qa-16/qa-overlay/tools/council/node_modules/@aws-sdk/client-bedrock-runtime/dist-types/ts3.4/commandBuilder.d.ts: OK
/workspace/tmp/pixelelated-m7-qa-16/qa-overlay/tools/council/node_modules/@aws-sdk/client-bedrock-runtime/dist-types/ts3.4/commands/ApplyGuardrailCommand.d.ts: OK
/workspace/tmp/pixelelated-m7-qa-16/qa-overlay/tools/council/node_modules/@aws-sdk/client-bedrock-runtime/dist-types/ts3.4/commands/ConverseCommand.d.ts: OK
/workspace/tmp/pixelelated-m7-qa-16/qa-overlay/tools/council/node_modules/@aws-sdk/client-bedrock-runtime/dist-types/ts3.4/commands/ConverseStreamCommand.d.ts: OK
/workspace/tmp/pixelelated-m7-qa-16/qa-overlay/tools/council/node_modules/@aws-sdk/client-bedrock-runtime/dist-types/ts3.4/commands/CountTokensCommand.d.ts: OK
/workspace/tmp/pixelelated-m7-qa-16/qa-overlay/tools/council/node_modules/@aws-sdk/client-bedrock-runtime/dist-types/ts3.4/commands/GetAsyncInvokeCommand.d.ts: OK
/workspace/tmp/pixelelated-m7-qa-16/qa-overlay/tools/council/node_modules/@aws-sdk/client-bedrock-runtime/dist-types/ts3.4/commands/InvokeGuardrailChecksCommand.d.ts: OK
/workspace/tmp/pixelelated-m7-qa-16/qa-overlay/tools/council/node_modules/@aws-sdk/client-bedrock-runtime/dist-types/ts3.4/commands/InvokeModelCommand.d.ts: OK
/workspace/tmp/pixelelated-m7-qa-16/qa-overlay/tools/council/node_modules/@aws-sdk/client-bedrock-runtime/dist-types/ts3.4/commands/InvokeModelWithBidirectionalStreamCommand.d.ts: OK
/workspace/tmp/pixelelated-m7-qa-16/qa-overlay/tools/council/node_modules/@aws-sdk/client-bedrock-runtime/dist-types/ts3.4/commands/InvokeModelWithResponseStreamCommand.d.ts: OK
/workspace/tmp/pixelelated-m7-qa-16/qa-overlay/tools/council/node_modules/@aws-sdk/client-bedrock-runtime/dist-types/ts3.4/commands/ListAsyncInvokesCommand.d.ts: OK
/workspace/tmp/pixelelated-m7-qa-16/qa-overlay/tools/council/node_modules/@aws-sdk/client-bedrock-runtime/dist-types/ts3.4/commands/StartAsyncInvokeCommand.d.ts: OK
/workspace/tmp/pixelelated-m7-qa-16/qa-overlay/tools/council/node_modules/@aws-sdk/client-bedrock-runtime/dist-types/ts3.4/commands/index.d.ts: OK
/workspace/tmp/pixelelated-m7-qa-16/qa-overlay/tools/council/node_modules/@aws-sdk/client-bedrock-runtime/dist-types/ts3.4/endpoint/EndpointParameters.d.ts: OK
/workspace/tmp/pixelelated-m7-qa-16/qa-overlay/tools/council/node_modules/@aws-sdk/client-bedrock-runtime/dist-types/ts3.4/endpoint/bdd.d.ts: OK
/workspace/tmp/pixelelated-m7-qa-16/qa-overlay/tools/council/node_modules/@aws-sdk/client-bedrock-runtime/dist-types/ts3.4/endpoint/endpointResolver.d.ts: OK
/workspace/tmp/pixelelated-m7-qa-16/qa-overlay/tools/council/node_modules/@aws-sdk/client-bedrock-runtime/dist-types/ts3.4/extensionConfiguration.d.ts: OK
/workspace/tmp/pixelelated-m7-qa-16/qa-overlay/tools/council/node_modules/@aws-sdk/client-bedrock-runtime/dist-types/ts3.4/index.d.ts: OK
/workspace/tmp/pixelelated-m7-qa-16/qa-overlay/tools/council/node_modules/@aws-sdk/client-bedrock-runtime/dist-types/ts3.4/models/BedrockRuntimeServiceException.d.ts: OK
/workspace/tmp/pixelelated-m7-qa-16/qa-overlay/tools/council/node_modules/@aws-sdk/client-bedrock-runtime/dist-types/ts3.4/models/enums.d.ts: OK
/workspace/tmp/pixelelated-m7-qa-16/qa-overlay/tools/council/node_modules/@aws-sdk/client-bedrock-runtime/dist-types/ts3.4/models/errors.d.ts: OK
/workspace/tmp/pixelelated-m7-qa-16/qa-overlay/tools/council/node_modules/@aws-sdk/client-bedrock-runtime/dist-types/ts3.4/models/models_0.d.ts: OK
/workspace/tmp/pixelelated-m7-qa-16/qa-overlay/tools/council/node_modules/@aws-sdk/client-bedrock-runtime/dist-types/ts3.4/pagination/Interfaces.d.ts: OK
/workspace/tmp/pixelelated-m7-qa-16/qa-overlay/tools/council/node_modules/@aws-sdk/client-bedrock-runtime/dist-types/ts3.4/pagination/ListAsyncInvokesPaginator.d.ts: OK
/workspace/tmp/pixelelated-m7-qa-16/qa-overlay/tools/council/node_modules/@aws-sdk/client-bedrock-runtime/dist-types/ts3.4/pagination/index.d.ts: OK
/workspace/tmp/pixelelated-m7-qa-16/qa-overlay/tools/council/node_modules/@aws-sdk/client-bedrock-runtime/dist-types/ts3.4/runtimeConfig.browser.d.ts: OK
/workspace/tmp/pixelelated-m7-qa-16/qa-overlay/tools/council/node_modules/@aws-sdk/client-bedrock-runtime/dist-types/ts3.4/runtimeConfig.d.ts: OK
/workspace/tmp/pixelelated-m7-qa-16/qa-overlay/tools/council/node_modules/@aws-sdk/client-bedrock-runtime/dist-types/ts3.4/runtimeConfig.native.d.ts: OK
/workspace/tmp/pixelelated-m7-qa-16/qa-overlay/tools/council/node_modules/@aws-sdk/client-bedrock-runtime/dist-types/ts3.4/runtimeConfig.shared.d.ts: OK
/workspace/tmp/pixelelated-m7-qa-16/qa-overlay/tools/council/node_modules/@aws-sdk/client-bedrock-runtime/dist-types/ts3.4/runtimeExtensions.d.ts: OK
/workspace/tmp/pixelelated-m7-qa-16/qa-overlay/tools/council/node_modules/@aws-sdk/client-bedrock-runtime/dist-types/ts3.4/schemas/schemas_0.d.ts: OK
/workspace/tmp/pixelelated-m7-qa-16/qa-overlay/tools/council/node_modules/@aws-sdk/client-bedrock-runtime/package.json: OK
/workspace/tmp/pixelelated-m7-qa-16/qa-overlay/tools/council/node_modules/@aws-sdk/core/LICENSE: OK
/workspace/tmp/pixelelated-m7-qa-16/qa-overlay/tools/council/node_modules/@aws-sdk/core/README.md: OK
/workspace/tmp/pixelelated-m7-qa-16/qa-overlay/tools/council/node_modules/@aws-sdk/core/account-id-endpoint.d.ts: OK
/workspace/tmp/pixelelated-m7-qa-16/qa-overlay/tools/council/node_modules/@aws-sdk/core/account-id-endpoint.js: OK
/workspace/tmp/pixelelated-m7-qa-16/qa-overlay/tools/council/node_modules/@aws-sdk/core/client.d.ts: OK
/workspace/tmp/pixelelated-m7-qa-16/qa-overlay/tools/council/node_modules/@aws-sdk/core/client.js: OK
/workspace/tmp/pixelelated-m7-qa-16/qa-overlay/tools/council/node_modules/@aws-sdk/core/dist-cjs/index.js: OK
/workspace/tmp/pixelelated-m7-qa-16/qa-overlay/tools/council/node_modules/@aws-sdk/core/dist-cjs/submodules/account-id-endpoint/index.js: OK
/workspace/tmp/pixelelated-m7-qa-16/qa-overlay/tools/council/node_modules/@aws-sdk/core/dist-cjs/submodules/client/index.js: OK
/workspace/tmp/pixelelated-m7-qa-16/qa-overlay/tools/council/node_modules/@aws-sdk/core/dist-cjs/submodules/httpAuthSchemes/index.js: OK
/workspace/tmp/pixelelated-m7-qa-16/qa-overlay/tools/council/node_modules/@aws-sdk/core/dist-cjs/submodules/protocols/index.js: OK
/workspace/tmp/pixelelated-m7-qa-16/qa-overlay/tools/council/node_modules/@aws-sdk/core/dist-cjs/submodules/util/index.js: OK
/workspace/tmp/pixelelated-m7-qa-16/qa-overlay/tools/council/node_modules/@aws-sdk/core/dist-es/index.js: OK
/workspace/tmp/pixelelated-m7-qa-16/qa-overlay/tools/council/node_modules/@aws-sdk/core/dist-es/submodules/account-id-endpoint/AccountIdEndpointModeConfigResolver.js: OK
/workspace/tmp/pixelelated-m7-qa-16/qa-overlay/tools/council/node_modules/@aws-sdk/core/dist-es/submodules/account-id-endpoint/AccountIdEndpointModeConstants.js: OK
/workspace/tmp/pixelelated-m7-qa-16/qa-overlay/tools/council/node_modules/@aws-sdk/core/dist-es/submodules/account-id-endpoint/NodeAccountIdEndpointModeConfigOptions.js: OK
/workspace/tmp/pixelelated-m7-qa-16/qa-overlay/tools/council/node_modules/@aws-sdk/core/dist-es/submodules/account-id-endpoint/index.js: OK
/workspace/tmp/pixelelated-m7-qa-16/qa-overlay/tools/council/node_modules/@aws-sdk/core/dist-es/submodules/client/emitWarningIfUnsupportedVersion.js: OK
/workspace/tmp/pixelelated-m7-qa-16/qa-overlay/tools/council/node_modules/@aws-sdk/core/dist-es/submodules/client/index.browser.js: OK
/workspace/tmp/pixelelated-m7-qa-16/qa-overlay/tools/council/node_modules/@aws-sdk/core/dist-es/submodules/client/index.js: OK
/workspace/tmp/pixelelated-m7-qa-16/qa-overlay/tools/council/node_modules/@aws-sdk/core/dist-es/submodules/client/index.native.js: OK
/workspace/tmp/pixelelated-m7-qa-16/qa-overlay/tools/council/node_modules/@aws-sdk/core/dist-es/submodules/client/longPollMiddleware.js: OK
/workspace/tmp/pixelelated-m7-qa-16/qa-overlay/tools/council/node_modules/@aws-sdk/core/dist-es/submodules/client/middleware-host-header/hostHeaderMiddleware.js: OK
/workspace/tmp/pixelelated-m7-qa-16/qa-overlay/tools/council/node_modules/@aws-sdk/core/dist-es/submodules/client/middleware-logger/loggerMiddleware.js: OK
/workspace/tmp/pixelelated-m7-qa-16/qa-overlay/tools/council/node_modules/@aws-sdk/core/dist-es/submodules/client/middleware-recursion-detection/configuration.js: OK
/workspace/tmp/pixelelated-m7-qa-16/qa-overlay/tools/council/node_modules/@aws-sdk/core/dist-es/submodules/client/middleware-recursion-detection/getRecursionDetectionPlugin.browser.js: OK
/workspace/tmp/pixelelated-m7-qa-16/qa-overlay/tools/council/node_modules/@aws-sdk/core/dist-es/submodules/client/middleware-recursion-detection/getRecursionDetectionPlugin.js: OK
/workspace/tmp/pixelelated-m7-qa-16/qa-overlay/tools/council/node_modules/@aws-sdk/core/dist-es/submodules/client/middleware-recursion-detection/recursionDetectionMiddleware.browser.js: OK
/workspace/tmp/pixelelated-m7-qa-16/qa-overlay/tools/council/node_modules/@aws-sdk/core/dist-es/submodules/client/middleware-recursion-detection/recursionDetectionMiddleware.js: OK
/workspace/tmp/pixelelated-m7-qa-16/qa-overlay/tools/council/node_modules/@aws-sdk/core/dist-es/submodules/client/middleware-recursion-detection/recursionDetectionMiddleware.native.js: OK
/workspace/tmp/pixelelated-m7-qa-16/qa-overlay/tools/council/node_modules/@aws-sdk/core/dist-es/submodules/client/middleware-user-agent/check-features.js: OK
/workspace/tmp/pixelelated-m7-qa-16/qa-overlay/tools/council/node_modules/@aws-sdk/core/dist-es/submodules/client/middleware-user-agent/configurations.js: OK
/workspace/tmp/pixelelated-m7-qa-16/qa-overlay/tools/council/node_modules/@aws-sdk/core/dist-es/submodules/client/middleware-user-agent/constants.js: OK
/workspace/tmp/pixelelated-m7-qa-16/qa-overlay/tools/council/node_modules/@aws-sdk/core/dist-es/submodules/client/middleware-user-agent/encode-features.js: OK
/workspace/tmp/pixelelated-m7-qa-16/qa-overlay/tools/council/node_modules/@aws-sdk/core/dist-es/submodules/client/middleware-user-agent/user-agent-middleware.js: OK
/workspace/tmp/pixelelated-m7-qa-16/qa-overlay/tools/council/node_modules/@aws-sdk/core/dist-es/submodules/client/region-config-resolver/awsRegionConfig.js: OK
/workspace/tmp/pixelelated-m7-qa-16/qa-overlay/tools/council/node_modules/@aws-sdk/core/dist-es/submodules/client/region-config-resolver/extensions.js: OK
/workspace/tmp/pixelelated-m7-qa-16/qa-overlay/tools/council/node_modules/@aws-sdk/core/dist-es/submodules/client/region-config-resolver/stsRegionDefaultResolver.browser.js: OK
/workspace/tmp/pixelelated-m7-qa-16/qa-overlay/tools/council/node_modules/@aws-sdk/core/dist-es/submodules/client/region-config-resolver/stsRegionDefaultResolver.js: OK
/workspace/tmp/pixelelated-m7-qa-16/qa-overlay/tools/council/node_modules/@aws-sdk/core/dist-es/submodules/client/region-config-resolver/stsRegionDefaultResolver.native.js: OK
/workspace/tmp/pixelelated-m7-qa-16/qa-overlay/tools/council/node_modules/@aws-sdk/core/dist-es/submodules/client/setCredentialFeature.js: OK
/workspace/tmp/pixelelated-m7-qa-16/qa-overlay/tools/council/node_modules/@aws-sdk/core/dist-es/submodules/client/setFeature.js: OK
/workspace/tmp/pixelelated-m7-qa-16/qa-overlay/tools/council/node_modules/@aws-sdk/core/dist-es/submodules/client/setTokenFeature.js: OK
/workspace/tmp/pixelelated-m7-qa-16/qa-overlay/tools/council/node_modules/@aws-sdk/core/dist-es/submodules/client/util-endpoints/aws.js: OK
/workspace/tmp/pixelelated-m7-qa-16/qa-overlay/tools/council/node_modules/@aws-sdk/core/dist-es/submodules/client/util-endpoints/lib/aws/isVirtualHostableS3Bucket.js: OK
/workspace/tmp/pixelelated-m7-qa-16/qa-overlay/tools/council/node_modules/@aws-sdk/core/dist-es/submodules/client/util-endpoints/lib/aws/parseArn.js: OK
/workspace/tmp/pixelelated-m7-qa-16/qa-overlay/tools/council/node_modules/@aws-sdk/core/dist-es/submodules/client/util-endpoints/lib/aws/partition.js: OK
/workspace/tmp/pixelelated-m7-qa-16/qa-overlay/tools/council/node_modules/@aws-sdk/core/dist-es/submodules/client/util-endpoints/lib/aws/partitions.js: OK
/workspace/tmp/pixelelated-m7-qa-16/qa-overlay/tools/council/node_modules/@aws-sdk/core/dist-es/submodules/client/util-endpoints/lib/isIpAddress.js: OK
/workspace/tmp/pixelelated-m7-qa-16/qa-overlay/tools/council/node_modules/@aws-sdk/core/dist-es/submodules/client/util-endpoints/resolveDefaultAwsRegionalEndpointsConfig.js: OK
/workspace/tmp/pixelelated-m7-qa-16/qa-overlay/tools/council/node_modules/@aws-sdk/core/dist-es/submodules/client/util-endpoints/resolveEndpoint.js: OK
/workspace/tmp/pixelelated-m7-qa-16/qa-overlay/tools/council/node_modules/@aws-sdk/core/dist-es/submodules/client/util-endpoints/types/EndpointError.js: OK
/workspace/tmp/pixelelated-m7-qa-16/qa-overlay/tools/council/node_modules/@aws-sdk/core/dist-es/submodules/client/util-endpoints/types/EndpointRuleObject.js: OK
/workspace/tmp/pixelelated-m7-qa-16/qa-overlay/tools/council/node_modules/@aws-sdk/core/dist-es/submodules/client/util-endpoints/types/ErrorRuleObject.js: OK
/workspace/tmp/pixelelated-m7-qa-16/qa-overlay/tools/council/node_modules/@aws-sdk/core/dist-es/submodules/client/util-endpoints/types/RuleSetObject.js: OK
/workspace/tmp/pixelelated-m7-qa-16/qa-overlay/tools/council/node_modules/@aws-sdk/core/dist-es/submodules/client/util-endpoints/types/TreeRuleObject.js: OK
/workspace/tmp/pixelelated-m7-qa-16/qa-overlay/tools/council/node_modules/@aws-sdk/core/dist-es/submodules/client/util-endpoints/types/shared.js: OK
/workspace/tmp/pixelelated-m7-qa-16/qa-overlay/tools/council/node_modules/@aws-sdk/core/dist-es/submodules/client/util-user-agent-browser/configurations.js: OK
/workspace/tmp/pixelelated-m7-qa-16/qa-overlay/tools/council/node_modules/@aws-sdk/core/dist-es/submodules/client/util-user-agent-browser/createUserAgentStringParsingProvider.js: OK
/workspace/tmp/pixelelated-m7-qa-16/qa-overlay/tools/council/node_modules/@aws-sdk/core/dist-es/submodules/client/util-user-agent-browser/defaultUserAgent.browser.js: OK
/workspace/tmp/pixelelated-m7-qa-16/qa-overlay/tools/council/node_modules/@aws-sdk/core/dist-es/submodules/client/util-user-agent-browser/defaultUserAgent.js: OK
/workspace/tmp/pixelelated-m7-qa-16/qa-overlay/tools/council/node_modules/@aws-sdk/core/dist-es/submodules/client/util-user-agent-browser/defaultUserAgent.native.js: OK
/workspace/tmp/pixelelated-m7-qa-16/qa-overlay/tools/council/node_modules/@aws-sdk/core/dist-es/submodules/client/util-user-agent-node/crt-availability.js: OK
/workspace/tmp/pixelelated-m7-qa-16/qa-overlay/tools/council/node_modules/@aws-sdk/core/dist-es/submodules/client/util-user-agent-node/defaultUserAgent.js: OK
/workspace/tmp/pixelelated-m7-qa-16/qa-overlay/tools/council/node_modules/@aws-sdk/core/dist-es/submodules/client/util-user-agent-node/getRuntimeUserAgentPair.js: OK
/workspace/tmp/pixelelated-m7-qa-16/qa-overlay/tools/council/node_modules/@aws-sdk/core/dist-es/submodules/client/util-user-agent-node/is-crt-available.js: OK
/workspace/tmp/pixelelated-m7-qa-16/qa-overlay/tools/council/node_modules/@aws-sdk/core/dist-es/submodules/client/util-user-agent-node/nodeAppIdConfigOptions.js: OK
/workspace/tmp/pixelelated-m7-qa-16/qa-overlay/tools/council/node_modules/@aws-sdk/core/dist-es/submodules/httpAuthSchemes/aws_sdk/AwsSdkSigV4ASigner.js: OK
/workspace/tmp/pixelelated-m7-qa-16/qa-overlay/tools/council/node_modules/@aws-sdk/core/dist-es/submodules/httpAuthSchemes/aws_sdk/AwsSdkSigV4Signer.js: OK
/workspace/tmp/pixelelated-m7-qa-16/qa-overlay/tools/council/node_modules/@aws-sdk/core/dist-es/submodules/httpAuthSchemes/aws_sdk/NODE_AUTH_SCHEME_PREFERENCE_OPTIONS.js: OK
/workspace/tmp/pixelelated-m7-qa-16/qa-overlay/tools/council/node_modules/@aws-sdk/core/dist-es/submodules/httpAuthSchemes/aws_sdk/clock-skew-defaults.browser.js: OK
/workspace/tmp/pixelelated-m7-qa-16/qa-overlay/tools/council/node_modules/@aws-sdk/core/dist-es/submodules/httpAuthSchemes/aws_sdk/clock-skew-defaults.js: OK
/workspace/tmp/pixelelated-m7-qa-16/qa-overlay/tools/council/node_modules/@aws-sdk/core/dist-es/submodules/httpAuthSchemes/aws_sdk/clock-skew-node-config.js: OK
/workspace/tmp/pixelelated-m7-qa-16/qa-overlay/tools/council/node_modules/@aws-sdk/core/dist-es/submodules/httpAuthSchemes/aws_sdk/index.js: OK
/workspace/tmp/pixelelated-m7-qa-16/qa-overlay/tools/council/node_modules/@aws-sdk/core/dist-es/submodules/httpAuthSchemes/aws_sdk/resolveAwsSdkSigV4AConfig.js: OK
/workspace/tmp/pixelelated-m7-qa-16/qa-overlay/tools/council/node_modules/@aws-sdk/core/dist-es/submodules/httpAuthSchemes/aws_sdk/resolveAwsSdkSigV4Config.js: OK
/workspace/tmp/pixelelated-m7-qa-16/qa-overlay/tools/council/node_modules/@aws-sdk/core/dist-es/submodules/httpAuthSchemes/index.browser.js: OK
/workspace/tmp/pixelelated-m7-qa-16/qa-overlay/tools/council/node_modules/@aws-sdk/core/dist-es/submodules/httpAuthSchemes/index.js: OK
/workspace/tmp/pixelelated-m7-qa-16/qa-overlay/tools/council/node_modules/@aws-sdk/core/dist-es/submodules/httpAuthSchemes/utils/getArrayForCommaSeparatedString.js: OK
/workspace/tmp/pixelelated-m7-qa-16/qa-overlay/tools/council/node_modules/@aws-sdk/core/dist-es/submodules/httpAuthSchemes/utils/getBearerTokenEnvKey.js: OK
/workspace/tmp/pixelelated-m7-qa-16/qa-overlay/tools/council/node_modules/@aws-sdk/core/dist-es/submodules/httpAuthSchemes/utils/getDateHeader.js: OK
/workspace/tmp/pixelelated-m7-qa-16/qa-overlay/tools/council/node_modules/@aws-sdk/core/dist-es/submodules/httpAuthSchemes/utils/getSkewCorrectedDate.js: OK
/workspace/tmp/pixelelated-m7-qa-16/qa-overlay/tools/council/node_modules/@aws-sdk/core/dist-es/submodules/httpAuthSchemes/utils/getUpdatedSystemClockOffset.js: OK
/workspace/tmp/pixelelated-m7-qa-16/qa-overlay/tools/council/node_modules/@aws-sdk/core/dist-es/submodules/httpAuthSchemes/utils/index.js: OK
/workspace/tmp/pixelelated-m7-qa-16/qa-overlay/tools/council/node_modules/@aws-sdk/core/dist-es/submodules/httpAuthSchemes/utils/isClockSkewed.js: OK
/workspace/tmp/pixelelated-m7-qa-16/qa-overlay/tools/council/node_modules/@aws-sdk/core/dist-es/submodules/protocols/ConfigurableSerdeContext.js: OK
/workspace/tmp/pixelelated-m7-qa-16/qa-overlay/tools/council/node_modules/@aws-sdk/core/dist-es/submodules/protocols/ProtocolLib.js: OK
/workspace/tmp/pixelelated-m7-qa-16/qa-overlay/tools/council/node_modules/@aws-sdk/core/dist-es/submodules/protocols/UnionSerde.js: OK
/workspace/tmp/pixelelated-m7-qa-16/qa-overlay/tools/council/node_modules/@aws-sdk/core/dist-es/submodules/protocols/cbor/AwsSmithyRpcV2CborProtocol.js: OK
/workspace/tmp/pixelelated-m7-qa-16/qa-overlay/tools/council/node_modules/@aws-sdk/core/dist-es/submodules/protocols/coercing-serializers.js: OK
/workspace/tmp/pixelelated-m7-qa-16/qa-overlay/tools/council/node_modules/@aws-sdk/core/dist-es/submodules/protocols/common.js: OK
/workspace/tmp/pixelelated-m7-qa-16/qa-overlay/tools/council/node_modules/@aws-sdk/core/dist-es/submodules/protocols/index.js: OK
/workspace/tmp/pixelelated-m7-qa-16/qa-overlay/tools/council/node_modules/@aws-sdk/core/dist-es/submodules/protocols/json/AwsJson1_0Protocol.js: OK
/workspace/tmp/pixelelated-m7-qa-16/qa-overlay/tools/council/node_modules/@aws-sdk/core/dist-es/submodules/protocols/json/AwsJson1_1Protocol.js: OK
/workspace/tmp/pixelelated-m7-qa-16/qa-overlay/tools/council/node_modules/@aws-sdk/core/dist-es/submodules/protocols/json/AwsJsonRpcProtocol.js: OK
/workspace/tmp/pixelelated-m7-qa-16/qa-overlay/tools/council/node_modules/@aws-sdk/core/dist-es/submodules/protocols/json/AwsRestJsonProtocol.js: OK
/workspace/tmp/pixelelated-m7-qa-16/qa-overlay/tools/council/node_modules/@aws-sdk/core/dist-es/submodules/protocols/json/JsonSettings.js: OK
/workspace/tmp/pixelelated-m7-qa-16/qa-overlay/tools/council/node_modules/@aws-sdk/core/dist-es/submodules/protocols/json/awsExpectUnion.js: OK
/workspace/tmp/pixelelated-m7-qa-16/qa-overlay/tools/council/node_modules/@aws-sdk/core/dist-es/submodules/protocols/json/codec-v1/JsonCodec.js: OK
/workspace/tmp/pixelelated-m7-qa-16/qa-overlay/tools/council/node_modules/@aws-sdk/core/dist-es/submodules/protocols/json/codec-v1/JsonSettings.js: OK
/workspace/tmp/pixelelated-m7-qa-16/qa-overlay/tools/council/node_modules/@aws-sdk/core/dist-es/submodules/protocols/json/codec-v1/JsonShapeDeserializer.js: OK
/workspace/tmp/pixelelated-m7-qa-16/qa-overlay/tools/council/node_modules/@aws-sdk/core/dist-es/submodules/protocols/json/codec-v1/JsonShapeSerializer.js: OK
/workspace/tmp/pixelelated-m7-qa-16/qa-overlay/tools/council/node_modules/@aws-sdk/core/dist-es/submodules/protocols/json/codec-v2/JsonBytesStringAdapter.js: OK
/workspace/tmp/pixelelated-m7-qa-16/qa-overlay/tools/council/node_modules/@aws-sdk/core/dist-es/submodules/protocols/json/codec-v2/JsonCodec2.js: OK
/workspace/tmp/pixelelated-m7-qa-16/qa-overlay/tools/council/node_modules/@aws-sdk/core/dist-es/submodules/protocols/json/codec-v2/JsonShapeDeserializer2.js: OK
/workspace/tmp/pixelelated-m7-qa-16/qa-overlay/tools/council/node_modules/@aws-sdk/core/dist-es/submodules/protocols/json/codec-v2/JsonShapeSerializer2.js: OK
/workspace/tmp/pixelelated-m7-qa-16/qa-overlay/tools/council/node_modules/@aws-sdk/core/dist-es/submodules/protocols/json/detectBufferParsing.js: OK
/workspace/tmp/pixelelated-m7-qa-16/qa-overlay/tools/council/node_modules/@aws-sdk/core/dist-es/submodules/protocols/json/jsonReplacer.js: OK
/workspace/tmp/pixelelated-m7-qa-16/qa-overlay/tools/council/node_modules/@aws-sdk/core/dist-es/submodules/protocols/json/jsonReviver.js: OK
/workspace/tmp/pixelelated-m7-qa-16/qa-overlay/tools/council/node_modules/@aws-sdk/core/dist-es/submodules/protocols/json/needsReviver.js: OK
/workspace/tmp/pixelelated-m7-qa-16/qa-overlay/tools/council/node_modules/@aws-sdk/core/dist-es/submodules/protocols/json/parseJsonBody.js: OK
/workspace/tmp/pixelelated-m7-qa-16/qa-overlay/tools/council/node_modules/@aws-sdk/core/dist-es/submodules/protocols/query/AwsEc2QueryProtocol.js: OK
/workspace/tmp/pixelelated-m7-qa-16/qa-overlay/tools/council/node_modules/@aws-sdk/core/dist-es/submodules/protocols/query/AwsQueryProtocol.js: OK
/workspace/tmp/pixelelated-m7-qa-16/qa-overlay/tools/council/node_modules/@aws-sdk/core/dist-es/submodules/protocols/query/QuerySerializerSettings.js: OK
/workspace/tmp/pixelelated-m7-qa-16/qa-overlay/tools/council/node_modules/@aws-sdk/core/dist-es/submodules/protocols/query/QueryShapeSerializer.js: OK
/workspace/tmp/pixelelated-m7-qa-16/qa-overlay/tools/council/node_modules/@aws-sdk/core/dist-es/submodules/protocols/writeKey.js: OK
/workspace/tmp/pixelelated-m7-qa-16/qa-overlay/tools/council/node_modules/@aws-sdk/core/dist-es/submodules/protocols/xml/AwsRestXmlProtocol.js: OK
/workspace/tmp/pixelelated-m7-qa-16/qa-overlay/tools/council/node_modules/@aws-sdk/core/dist-es/submodules/protocols/xml/XmlCodec.js: OK
/workspace/tmp/pixelelated-m7-qa-16/qa-overlay/tools/council/node_modules/@aws-sdk/core/dist-es/submodules/protocols/xml/XmlShapeDeserializer.js: OK
/workspace/tmp/pixelelated-m7-qa-16/qa-overlay/tools/council/node_modules/@aws-sdk/core/dist-es/submodules/protocols/xml/XmlShapeSerializer.js: OK
/workspace/tmp/pixelelated-m7-qa-16/qa-overlay/tools/council/node_modules/@aws-sdk/core/dist-es/submodules/protocols/xml/parseXmlBody.js: OK
/workspace/tmp/pixelelated-m7-qa-16/qa-overlay/tools/council/node_modules/@aws-sdk/core/dist-es/submodules/protocols/xml/simpleFormatXml.js: OK
/workspace/tmp/pixelelated-m7-qa-16/qa-overlay/tools/council/node_modules/@aws-sdk/core/dist-es/submodules/util/index.js: OK
/workspace/tmp/pixelelated-m7-qa-16/qa-overlay/tools/council/node_modules/@aws-sdk/core/dist-es/submodules/util/util-arn-parser/arn.js: OK
/workspace/tmp/pixelelated-m7-qa-16/qa-overlay/tools/council/node_modules/@aws-sdk/core/dist-es/submodules/util/util-format-url/format-url.js: OK
/workspace/tmp/pixelelated-m7-qa-16/qa-overlay/tools/council/node_modules/@aws-sdk/core/dist-types/api-extractor-type-index.d.ts: OK
/workspace/tmp/pixelelated-m7-qa-16/qa-overlay/tools/council/node_modules/@aws-sdk/core/dist-types/index.d.ts: OK
/workspace/tmp/pixelelated-m7-qa-16/qa-overlay/tools/council/node_modules/@aws-sdk/core/dist-types/submodules/account-id-endpoint/AccountIdEndpointModeConfigResolver.d.ts: OK
/workspace/tmp/pixelelated-m7-qa-16/qa-overlay/tools/council/node_modules/@aws-sdk/core/dist-types/submodules/account-id-endpoint/AccountIdEndpointModeConstants.d.ts: OK
/workspace/tmp/pixelelated-m7-qa-16/qa-overlay/tools/council/node_modules/@aws-sdk/core/dist-types/submodules/account-id-endpoint/NodeAccountIdEndpointModeConfigOptions.d.ts: OK
/workspace/tmp/pixelelated-m7-qa-16/qa-overlay/tools/council/node_modules/@aws-sdk/core/dist-types/submodules/account-id-endpoint/index.d.ts: OK
/workspace/tmp/pixelelated-m7-qa-16/qa-overlay/tools/council/node_modules/@aws-sdk/core/dist-types/submodules/client/emitWarningIfUnsupportedVersion.d.ts: OK
/workspace/tmp/pixelelated-m7-qa-16/qa-overlay/tools/council/node_modules/@aws-sdk/core/dist-types/submodules/client/index.browser.d.ts: OK
/workspace/tmp/pixelelated-m7-qa-16/qa-overlay/tools/council/node_modules/@aws-sdk/core/dist-types/submodules/client/index.d.ts: OK
/workspace/tmp/pixelelated-m7-qa-16/qa-overlay/tools/council/node_modules/@aws-sdk/core/dist-types/submodules/client/index.native.d.ts: OK
/workspace/tmp/pixelelated-m7-qa-16/qa-overlay/tools/council/node_modules/@aws-sdk/core/dist-types/submodules/client/longPollMiddleware.d.ts: OK
/workspace/tmp/pixelelated-m7-qa-16/qa-overlay/tools/council/node_modules/@aws-sdk/core/dist-types/submodules/client/middleware-host-header/hostHeaderMiddleware.d.ts: OK
/workspace/tmp/pixelelated-m7-qa-16/qa-overlay/tools/council/node_modules/@aws-sdk/core/dist-types/submodules/client/middleware-logger/loggerMiddleware.d.ts: OK
/workspace/tmp/pixelelated-m7-qa-16/qa-overlay/tools/council/node_modules/@aws-sdk/core/dist-types/submodules/client/middleware-recursion-detection/configuration.d.ts: OK
/workspace/tmp/pixelelated-m7-qa-16/qa-overlay/tools/council/node_modules/@aws-sdk/core/dist-types/submodules/client/middleware-recursion-detection/getRecursionDetectionPlugin.browser.d.ts: OK
/workspace/tmp/pixelelated-m7-qa-16/qa-overlay/tools/council/node_modules/@aws-sdk/core/dist-types/submodules/client/middleware-recursion-detection/getRecursionDetectionPlugin.d.ts: OK
/workspace/tmp/pixelelated-m7-qa-16/qa-overlay/tools/council/node_modules/@aws-sdk/core/dist-types/submodules/client/middleware-recursion-detection/recursionDetectionMiddleware.browser.d.ts: OK
/workspace/tmp/pixelelated-m7-qa-16/qa-overlay/tools/council/node_modules/@aws-sdk/core/dist-types/submodules/client/middleware-recursion-detection/recursionDetectionMiddleware.d.ts: OK
/workspace/tmp/pixelelated-m7-qa-16/qa-overlay/tools/council/node_modules/@aws-sdk/core/dist-types/submodules/client/middleware-recursion-detection/recursionDetectionMiddleware.native.d.ts: OK
/workspace/tmp/pixelelated-m7-qa-16/qa-overlay/tools/council/node_modules/@aws-sdk/core/dist-types/submodules/client/middleware-user-agent/check-features.d.ts: OK
/workspace/tmp/pixelelated-m7-qa-16/qa-overlay/tools/council/node_modules/@aws-sdk/core/dist-types/submodules/client/middleware-user-agent/configurations.d.ts: OK
/workspace/tmp/pixelelated-m7-qa-16/qa-overlay/tools/council/node_modules/@aws-sdk/core/dist-types/submodules/client/middleware-user-agent/constants.d.ts: OK
/workspace/tmp/pixelelated-m7-qa-16/qa-overlay/tools/council/node_modules/@aws-sdk/core/dist-types/submodules/client/middleware-user-agent/encode-features.d.ts: OK
/workspace/tmp/pixelelated-m7-qa-16/qa-overlay/tools/council/node_modules/@aws-sdk/core/dist-types/submodules/client/middleware-user-agent/user-agent-middleware.d.ts: OK
/workspace/tmp/pixelelated-m7-qa-16/qa-overlay/tools/council/node_modules/@aws-sdk/core/dist-types/submodules/client/region-config-resolver/awsRegionConfig.d.ts: OK
/workspace/tmp/pixelelated-m7-qa-16/qa-overlay/tools/council/node_modules/@aws-sdk/core/dist-types/submodules/client/region-config-resolver/extensions.d.ts: OK
/workspace/tmp/pixelelated-m7-qa-16/qa-overlay/tools/council/node_modules/@aws-sdk/core/dist-types/submodules/client/region-config-resolver/stsRegionDefaultResolver.browser.d.ts: OK
/workspace/tmp/pixelelated-m7-qa-16/qa-overlay/tools/council/node_modules/@aws-sdk/core/dist-types/submodules/client/region-config-resolver/stsRegionDefaultResolver.d.ts: OK
/workspace/tmp/pixelelated-m7-qa-16/qa-overlay/tools/council/node_modules/@aws-sdk/core/dist-types/submodules/client/region-config-resolver/stsRegionDefaultResolver.native.d.ts: OK
/workspace/tmp/pixelelated-m7-qa-16/qa-overlay/tools/council/node_modules/@aws-sdk/core/dist-types/submodules/client/setCredentialFeature.d.ts: OK
/workspace/tmp/pixelelated-m7-qa-16/qa-overlay/tools/council/node_modules/@aws-sdk/core/dist-types/submodules/client/setFeature.d.ts: OK
/workspace/tmp/pixelelated-m7-qa-16/qa-overlay/tools/council/node_modules/@aws-sdk/core/dist-types/submodules/client/setTokenFeature.d.ts: OK
/workspace/tmp/pixelelated-m7-qa-16/qa-overlay/tools/council/node_modules/@aws-sdk/core/dist-types/submodules/client/util-endpoints/aws.d.ts: OK
/workspace/tmp/pixelelated-m7-qa-16/qa-overlay/tools/council/node_modules/@aws-sdk/core/dist-types/submodules/client/util-endpoints/lib/aws/isVirtualHostableS3Bucket.d.ts: OK
/workspace/tmp/pixelelated-m7-qa-16/qa-overlay/tools/council/node_modules/@aws-sdk/core/dist-types/submodules/client/util-endpoints/lib/aws/parseArn.d.ts: OK
/workspace/tmp/pixelelated-m7-qa-16/qa-overlay/tools/council/node_modules/@aws-sdk/core/dist-types/submodules/client/util-endpoints/lib/aws/partition.d.ts: OK
/workspace/tmp/pixelelated-m7-qa-16/qa-overlay/tools/council/node_modules/@aws-sdk/core/dist-types/submodules/client/util-endpoints/lib/aws/partitions.d.ts: OK
/workspace/tmp/pixelelated-m7-qa-16/qa-overlay/tools/council/node_modules/@aws-sdk/core/dist-types/submodules/client/util-endpoints/lib/isIpAddress.d.ts: OK
/workspace/tmp/pixelelated-m7-qa-16/qa-overlay/tools/council/node_modules/@aws-sdk/core/dist-types/submodules/client/util-endpoints/resolveDefaultAwsRegionalEndpointsConfig.d.ts: OK
/workspace/tmp/pixelelated-m7-qa-16/qa-overlay/tools/council/node_modules/@aws-sdk/core/dist-types/submodules/client/util-endpoints/resolveEndpoint.d.ts: OK
/workspace/tmp/pixelelated-m7-qa-16/qa-overlay/tools/council/node_modules/@aws-sdk/core/dist-types/submodules/client/util-endpoints/types/EndpointError.d.ts: OK
/workspace/tmp/pixelelated-m7-qa-16/qa-overlay/tools/council/node_modules/@aws-sdk/core/dist-types/submodules/client/util-endpoints/types/EndpointRuleObject.d.ts: OK
/workspace/tmp/pixelelated-m7-qa-16/qa-overlay/tools/council/node_modules/@aws-sdk/core/dist-types/submodules/client/util-endpoints/types/ErrorRuleObject.d.ts: OK
/workspace/tmp/pixelelated-m7-qa-16/qa-overlay/tools/council/node_modules/@aws-sdk/core/dist-types/submodules/client/util-endpoints/types/RuleSetObject.d.ts: OK
/workspace/tmp/pixelelated-m7-qa-16/qa-overlay/tools/council/node_modules/@aws-sdk/core/dist-types/submodules/client/util-endpoints/types/TreeRuleObject.d.ts: OK
/workspace/tmp/pixelelated-m7-qa-16/qa-overlay/tools/council/node_modules/@aws-sdk/core/dist-types/submodules/client/util-endpoints/types/shared.d.ts: OK
/workspace/tmp/pixelelated-m7-qa-16/qa-overlay/tools/council/node_modules/@aws-sdk/core/dist-types/submodules/client/util-user-agent-browser/configurations.d.ts: OK
/workspace/tmp/pixelelated-m7-qa-16/qa-overlay/tools/council/node_modules/@aws-sdk/core/dist-types/submodules/client/util-user-agent-browser/createUserAgentStringParsingProvider.d.ts: OK
/workspace/tmp/pixelelated-m7-qa-16/qa-overlay/tools/council/node_modules/@aws-sdk/core/dist-types/submodules/client/util-user-agent-browser/defaultUserAgent.browser.d.ts: OK
/workspace/tmp/pixelelated-m7-qa-16/qa-overlay/tools/council/node_modules/@aws-sdk/core/dist-types/submodules/client/util-user-agent-browser/defaultUserAgent.d.ts: OK
/workspace/tmp/pixelelated-m7-qa-16/qa-overlay/tools/council/node_modules/@aws-sdk/core/dist-types/submodules/client/util-user-agent-browser/defaultUserAgent.native.d.ts: OK
/workspace/tmp/pixelelated-m7-qa-16/qa-overlay/tools/council/node_modules/@aws-sdk/core/dist-types/submodules/client/util-user-agent-node/crt-availability.d.ts: OK
/workspace/tmp/pixelelated-m7-qa-16/qa-overlay/tools/council/node_modules/@aws-sdk/core/dist-types/submodules/client/util-user-agent-node/defaultUserAgent.d.ts: OK
/workspace/tmp/pixelelated-m7-qa-16/qa-overlay/tools/council/node_modules/@aws-sdk/core/dist-types/submodules/client/util-user-agent-node/getRuntimeUserAgentPair.d.ts: OK
/workspace/tmp/pixelelated-m7-qa-16/qa-overlay/tools/council/node_modules/@aws-sdk/core/dist-types/submodules/client/util-user-agent-node/is-crt-available.d.ts: OK
/workspace/tmp/pixelelated-m7-qa-16/qa-overlay/tools/council/node_modules/@aws-sdk/core/dist-types/submodules/client/util-user-agent-node/nodeAppIdConfigOptions.d.ts: OK
/workspace/tmp/pixelelated-m7-qa-16/qa-overlay/tools/council/node_modules/@aws-sdk/core/dist-types/submodules/httpAuthSchemes/aws_sdk/AwsSdkSigV4ASigner.d.ts: OK
/workspace/tmp/pixelelated-m7-qa-16/qa-overlay/tools/council/node_modules/@aws-sdk/core/dist-types/submodules/httpAuthSchemes/aws_sdk/AwsSdkSigV4Signer.d.ts: OK
/workspace/tmp/pixelelated-m7-qa-16/qa-overlay/tools/council/node_modules/@aws-sdk/core/dist-types/submodules/httpAuthSchemes/aws_sdk/NODE_AUTH_SCHEME_PREFERENCE_OPTIONS.d.ts: OK
/workspace/tmp/pixelelated-m7-qa-16/qa-overlay/tools/council/node_modules/@aws-sdk/core/dist-types/submodules/httpAuthSchemes/aws_sdk/clock-skew-defaults.browser.d.ts: OK
/workspace/tmp/pixelelated-m7-qa-16/qa-overlay/tools/council/node_modules/@aws-sdk/core/dist-types/submodules/httpAuthSchemes/aws_sdk/clock-skew-defaults.d.ts: OK
/workspace/tmp/pixelelated-m7-qa-16/qa-overlay/tools/council/node_modules/@aws-sdk/core/dist-types/submodules/httpAuthSchemes/aws_sdk/clock-skew-node-config.d.ts: OK
/workspace/tmp/pixelelated-m7-qa-16/qa-overlay/tools/council/node_modules/@aws-sdk/core/dist-types/submodules/httpAuthSchemes/aws_sdk/index.d.ts: OK
/workspace/tmp/pixelelated-m7-qa-16/qa-overlay/tools/council/node_modules/@aws-sdk/core/dist-types/submodules/httpAuthSchemes/aws_sdk/resolveAwsSdkSigV4AConfig.d.ts: OK
/workspace/tmp/pixelelated-m7-qa-16/qa-overlay/tools/council/node_modules/@aws-sdk/core/dist-types/submodules/httpAuthSchemes/aws_sdk/resolveAwsSdkSigV4Config.d.ts: OK
/workspace/tmp/pixelelated-m7-qa-16/qa-overlay/tools/council/node_modules/@aws-sdk/core/dist-types/submodules/httpAuthSchemes/index.browser.d.ts: OK
/workspace/tmp/pixelelated-m7-qa-16/qa-overlay/tools/council/node_modules/@aws-sdk/core/dist-types/submodules/httpAuthSchemes/index.d.ts: OK
/workspace/tmp/pixelelated-m7-qa-16/qa-overlay/tools/council/node_modules/@aws-sdk/core/dist-types/submodules/httpAuthSchemes/utils/getArrayForCommaSeparatedString.d.ts: OK
/workspace/tmp/pixelelated-m7-qa-16/qa-overlay/tools/council/node_modules/@aws-sdk/core/dist-types/submodules/httpAuthSchemes/utils/getBearerTokenEnvKey.d.ts: OK
/workspace/tmp/pixelelated-m7-qa-16/qa-overlay/tools/council/node_modules/@aws-sdk/core/dist-types/submodules/httpAuthSchemes/utils/getDateHeader.d.ts: OK
/workspace/tmp/pixelelated-m7-qa-16/qa-overlay/tools/council/node_modules/@aws-sdk/core/dist-types/submodules/httpAuthSchemes/utils/getSkewCorrectedDate.d.ts: OK
/workspace/tmp/pixelelated-m7-qa-16/qa-overlay/tools/council/node_modules/@aws-sdk/core/dist-types/submodules/httpAuthSchemes/utils/getUpdatedSystemClockOffset.d.ts: OK
/workspace/tmp/pixelelated-m7-qa-16/qa-overlay/tools/council/node_modules/@aws-sdk/core/dist-types/submodules/httpAuthSchemes/utils/index.d.ts: OK
/workspace/tmp/pixelelated-m7-qa-16/qa-overlay/tools/council/node_modules/@aws-sdk/core/dist-types/submodules/httpAuthSchemes/utils/isClockSkewed.d.ts: OK
/workspace/tmp/pixelelated-m7-qa-16/qa-overlay/tools/council/node_modules/@aws-sdk/core/dist-types/submodules/protocols/ConfigurableSerdeContext.d.ts: OK
/workspace/tmp/pixelelated-m7-qa-16/qa-overlay/tools/council/node_modules/@aws-sdk/core/dist-types/submodules/protocols/ProtocolLib.d.ts: OK
/workspace/tmp/pixelelated-m7-qa-16/qa-overlay/tools/council/node_modules/@aws-sdk/core/dist-types/submodules/protocols/UnionSerde.d.ts: OK
/workspace/tmp/pixelelated-m7-qa-16/qa-overlay/tools/council/node_modules/@aws-sdk/core/dist-types/submodules/protocols/cbor/AwsSmithyRpcV2CborProtocol.d.ts: OK
/workspace/tmp/pixelelated-m7-qa-16/qa-overlay/tools/council/node_modules/@aws-sdk/core/dist-types/submodules/protocols/coercing-serializers.d.ts: OK
/workspace/tmp/pixelelated-m7-qa-16/qa-overlay/tools/council/node_modules/@aws-sdk/core/dist-types/submodules/protocols/common.d.ts: OK
/workspace/tmp/pixelelated-m7-qa-16/qa-overlay/tools/council/node_modules/@aws-sdk/core/dist-types/submodules/protocols/index.d.ts: OK
/workspace/tmp/pixelelated-m7-qa-16/qa-overlay/tools/council/node_modules/@aws-sdk/core/dist-types/submodules/protocols/json/AwsJson1_0Protocol.d.ts: OK
/workspace/tmp/pixelelated-m7-qa-16/qa-overlay/tools/council/node_modules/@aws-sdk/core/dist-types/submodules/protocols/json/AwsJson1_1Protocol.d.ts: OK
/workspace/tmp/pixelelated-m7-qa-16/qa-overlay/tools/council/node_modules/@aws-sdk/core/dist-types/submodules/protocols/json/AwsJsonRpcProtocol.d.ts: OK
/workspace/tmp/pixelelated-m7-qa-16/qa-overlay/tools/council/node_modules/@aws-sdk/core/dist-types/submodules/protocols/json/AwsRestJsonProtocol.d.ts: OK
/workspace/tmp/pixelelated-m7-qa-16/qa-overlay/tools/council/node_modules/@aws-sdk/core/dist-types/submodules/protocols/json/JsonSettings.d.ts: OK
/workspace/tmp/pixelelated-m7-qa-16/qa-overlay/tools/council/node_modules/@aws-sdk/core/dist-types/submodules/protocols/json/awsExpectUnion.d.ts: OK
/workspace/tmp/pixelelated-m7-qa-16/qa-overlay/tools/council/node_modules/@aws-sdk/core/dist-types/submodules/protocols/json/codec-v1/JsonCodec.d.ts: OK
/workspace/tmp/pixelelated-m7-qa-16/qa-overlay/tools/council/node_modules/@aws-sdk/core/dist-types/submodules/protocols/json/codec-v1/JsonSettings.d.ts: OK
/workspace/tmp/pixelelated-m7-qa-16/qa-overlay/tools/council/node_modules/@aws-sdk/core/dist-types/submodules/protocols/json/codec-v1/JsonShapeDeserializer.d.ts: OK
/workspace/tmp/pixelelated-m7-qa-16/qa-overlay/tools/council/node_modules/@aws-sdk/core/dist-types/submodules/protocols/json/codec-v1/JsonShapeSerializer.d.ts: OK
/workspace/tmp/pixelelated-m7-qa-16/qa-overlay/tools/council/node_modules/@aws-sdk/core/dist-types/submodules/protocols/json/codec-v2/JsonBytesStringAdapter.d.ts: OK
/workspace/tmp/pixelelated-m7-qa-16/qa-overlay/tools/council/node_modules/@aws-sdk/core/dist-types/submodules/protocols/json/codec-v2/JsonCodec2.d.ts: OK
/workspace/tmp/pixelelated-m7-qa-16/qa-overlay/tools/council/node_modules/@aws-sdk/core/dist-types/submodules/protocols/json/codec-v2/JsonShapeDeserializer2.d.ts: OK
/workspace/tmp/pixelelated-m7-qa-16/qa-overlay/tools/council/node_modules/@aws-sdk/core/dist-types/submodules/protocols/json/codec-v2/JsonShapeSerializer2.d.ts: OK
/workspace/tmp/pixelelated-m7-qa-16/qa-overlay/tools/council/node_modules/@aws-sdk/core/dist-types/submodules/protocols/json/detectBufferParsing.d.ts: OK
/workspace/tmp/pixelelated-m7-qa-16/qa-overlay/tools/council/node_modules/@aws-sdk/core/dist-types/submodules/protocols/json/jsonReplacer.d.ts: OK
/workspace/tmp/pixelelated-m7-qa-16/qa-overlay/tools/council/node_modules/@aws-sdk/core/dist-types/submodules/protocols/json/jsonReviver.d.ts: OK
/workspace/tmp/pixelelated-m7-qa-16/qa-overlay/tools/council/node_modules/@aws-sdk/core/dist-types/submodules/protocols/json/needsReviver.d.ts: OK
/workspace/tmp/pixelelated-m7-qa-16/qa-overlay/tools/council/node_modules/@aws-sdk/core/dist-types/submodules/protocols/json/parseJsonBody.d.ts: OK
/workspace/tmp/pixelelated-m7-qa-16/qa-overlay/tools/council/node_modules/@aws-sdk/core/dist-types/submodules/protocols/query/AwsEc2QueryProtocol.d.ts: OK
/workspace/tmp/pixelelated-m7-qa-16/qa-overlay/tools/council/node_modules/@aws-sdk/core/dist-types/submodules/protocols/query/AwsQueryProtocol.d.ts: OK
/workspace/tmp/pixelelated-m7-qa-16/qa-overlay/tools/council/node_modules/@aws-sdk/core/dist-types/submodules/protocols/query/QuerySerializerSettings.d.ts: OK
/workspace/tmp/pixelelated-m7-qa-16/qa-overlay/tools/council/node_modules/@aws-sdk/core/dist-types/submodules/protocols/query/QueryShapeSerializer.d.ts: OK
/workspace/tmp/pixelelated-m7-qa-16/qa-overlay/tools/council/node_modules/@aws-sdk/core/dist-types/submodules/protocols/writeKey.d.ts: OK
/workspace/tmp/pixelelated-m7-qa-16/qa-overlay/tools/council/node_modules/@aws-sdk/core/dist-types/submodules/protocols/xml/AwsRestXmlProtocol.d.ts: OK
/workspace/tmp/pixelelated-m7-qa-16/qa-overlay/tools/council/node_modules/@aws-sdk/core/dist-types/submodules/protocols/xml/XmlCodec.d.ts: OK
/workspace/tmp/pixelelated-m7-qa-16/qa-overlay/tools/council/node_modules/@aws-sdk/core/dist-types/submodules/protocols/xml/XmlShapeDeserializer.d.ts: OK
/workspace/tmp/pixelelated-m7-qa-16/qa-overlay/tools/council/node_modules/@aws-sdk/core/dist-types/submodules/protocols/xml/XmlShapeSerializer.d.ts: OK
/workspace/tmp/pixelelated-m7-qa-16/qa-overlay/tools/council/node_modules/@aws-sdk/core/dist-types/submodules/protocols/xml/parseXmlBody.d.ts: OK
/workspace/tmp/pixelelated-m7-qa-16/qa-overlay/tools/council/node_modules/@aws-sdk/core/dist-types/submodules/protocols/xml/simpleFormatXml.d.ts: OK
/workspace/tmp/pixelelated-m7-qa-16/qa-overlay/tools/council/node_modules/@aws-sdk/core/dist-types/submodules/util/index.d.ts: OK
/workspace/tmp/pixelelated-m7-qa-16/qa-overlay/tools/council/node_modules/@aws-sdk/core/dist-types/submodules/util/util-arn-parser/arn.d.ts: OK
/workspace/tmp/pixelelated-m7-qa-16/qa-overlay/tools/council/node_modules/@aws-sdk/core/dist-types/submodules/util/util-format-url/format-url.d.ts: OK
/workspace/tmp/pixelelated-m7-qa-16/qa-overlay/tools/council/node_modules/@aws-sdk/core/dist-types/ts3.4/api-extractor-type-index.d.ts: OK
/workspace/tmp/pixelelated-m7-qa-16/qa-overlay/tools/council/node_modules/@aws-sdk/core/dist-types/ts3.4/index.d.ts: OK
/workspace/tmp/pixelelated-m7-qa-16/qa-overlay/tools/council/node_modules/@aws-sdk/core/dist-types/ts3.4/submodules/account-id-endpoint/AccountIdEndpointModeConfigResolver.d.ts: OK
/workspace/tmp/pixelelated-m7-qa-16/qa-overlay/tools/council/node_modules/@aws-sdk/core/dist-types/ts3.4/submodules/account-id-endpoint/AccountIdEndpointModeConstants.d.ts: OK
/workspace/tmp/pixelelated-m7-qa-16/qa-overlay/tools/council/node_modules/@aws-sdk/core/dist-types/ts3.4/submodules/account-id-endpoint/NodeAccountIdEndpointModeConfigOptions.d.ts: OK
/workspace/tmp/pixelelated-m7-qa-16/qa-overlay/tools/council/node_modules/@aws-sdk/core/dist-types/ts3.4/submodules/account-id-endpoint/index.d.ts: OK
/workspace/tmp/pixelelated-m7-qa-16/qa-overlay/tools/council/node_modules/@aws-sdk/core/dist-types/ts3.4/submodules/client/emitWarningIfUnsupportedVersion.d.ts: OK
/workspace/tmp/pixelelated-m7-qa-16/qa-overlay/tools/council/node_modules/@aws-sdk/core/dist-types/ts3.4/submodules/client/index.browser.d.ts: OK
/workspace/tmp/pixelelated-m7-qa-16/qa-overlay/tools/council/node_modules/@aws-sdk/core/dist-types/ts3.4/submodules/client/index.d.ts: OK
/workspace/tmp/pixelelated-m7-qa-16/qa-overlay/tools/council/node_modules/@aws-sdk/core/dist-types/ts3.4/submodules/client/index.native.d.ts: OK
/workspace/tmp/pixelelated-m7-qa-16/qa-overlay/tools/council/node_modules/@aws-sdk/core/dist-types/ts3.4/submodules/client/longPollMiddleware.d.ts: OK
/workspace/tmp/pixelelated-m7-qa-16/qa-overlay/tools/council/node_modules/@aws-sdk/core/dist-types/ts3.4/submodules/client/middleware-host-header/hostHeaderMiddleware.d.ts: OK
/workspace/tmp/pixelelated-m7-qa-16/qa-overlay/tools/council/node_modules/@aws-sdk/core/dist-types/ts3.4/submodules/client/middleware-logger/loggerMiddleware.d.ts: OK
/workspace/tmp/pixelelated-m7-qa-16/qa-overlay/tools/council/node_modules/@aws-sdk/core/dist-types/ts3.4/submodules/client/middleware-recursion-detection/configuration.d.ts: OK
/workspace/tmp/pixelelated-m7-qa-16/qa-overlay/tools/council/node_modules/@aws-sdk/core/dist-types/ts3.4/submodules/client/middleware-recursion-detection/getRecursionDetectionPlugin.browser.d.ts: OK
/workspace/tmp/pixelelated-m7-qa-16/qa-overlay/tools/council/node_modules/@aws-sdk/core/dist-types/ts3.4/submodules/client/middleware-recursion-detection/getRecursionDetectionPlugin.d.ts: OK
/workspace/tmp/pixelelated-m7-qa-16/qa-overlay/tools/council/node_modules/@aws-sdk/core/dist-types/ts3.4/submodules/client/middleware-recursion-detection/recursionDetectionMiddleware.browser.d.ts: OK
/workspace/tmp/pixelelated-m7-qa-16/qa-overlay/tools/council/node_modules/@aws-sdk/core/dist-types/ts3.4/submodules/client/middleware-recursion-detection/recursionDetectionMiddleware.d.ts: OK
/workspace/tmp/pixelelated-m7-qa-16/qa-overlay/tools/council/node_modules/@aws-sdk/core/dist-types/ts3.4/submodules/client/middleware-recursion-detection/recursionDetectionMiddleware.native.d.ts: OK
/workspace/tmp/pixelelated-m7-qa-16/qa-overlay/tools/council/node_modules/@aws-sdk/core/dist-types/ts3.4/submodules/client/middleware-user-agent/check-features.d.ts: OK
/workspace/tmp/pixelelated-m7-qa-16/qa-overlay/tools/council/node_modules/@aws-sdk/core/dist-types/ts3.4/submodules/client/middleware-user-agent/configurations.d.ts: OK
/workspace/tmp/pixelelated-m7-qa-16/qa-overlay/tools/council/node_modules/@aws-sdk/core/dist-types/ts3.4/submodules/client/middleware-user-agent/constants.d.ts: OK
/workspace/tmp/pixelelated-m7-qa-16/qa-overlay/tools/council/node_modules/@aws-sdk/core/dist-types/ts3.4/submodules/client/middleware-user-agent/encode-features.d.ts: OK
/workspace/tmp/pixelelated-m7-qa-16/qa-overlay/tools/council/node_modules/@aws-sdk/core/dist-types/ts3.4/submodules/client/middleware-user-agent/user-agent-middleware.d.ts: OK
/workspace/tmp/pixelelated-m7-qa-16/qa-overlay/tools/council/node_modules/@aws-sdk/core/dist-types/ts3.4/submodules/client/region-config-resolver/awsRegionConfig.d.ts: OK
/workspace/tmp/pixelelated-m7-qa-16/qa-overlay/tools/council/node_modules/@aws-sdk/core/dist-types/ts3.4/submodules/client/region-config-resolver/extensions.d.ts: OK
/workspace/tmp/pixelelated-m7-qa-16/qa-overlay/tools/council/node_modules/@aws-sdk/core/dist-types/ts3.4/submodules/client/region-config-resolver/stsRegionDefaultResolver.browser.d.ts: OK
/workspace/tmp/pixelelated-m7-qa-16/qa-overlay/tools/council/node_modules/@aws-sdk/core/dist-types/ts3.4/submodules/client/region-config-resolver/stsRegionDefaultResolver.d.ts: OK
/workspace/tmp/pixelelated-m7-qa-16/qa-overlay/tools/council/node_modules/@aws-sdk/core/dist-types/ts3.4/submodules/client/region-config-resolver/stsRegionDefaultResolver.native.d.ts: OK
/workspace/tmp/pixelelated-m7-qa-16/qa-overlay/tools/council/node_modules/@aws-sdk/core/dist-types/ts3.4/submodules/client/setCredentialFeature.d.ts: OK
/workspace/tmp/pixelelated-m7-qa-16/qa-overlay/tools/council/node_modules/@aws-sdk/core/dist-types/ts3.4/submodules/client/setFeature.d.ts: OK
/workspace/tmp/pixelelated-m7-qa-16/qa-overlay/tools/council/node_modules/@aws-sdk/core/dist-types/ts3.4/submodules/client/setTokenFeature.d.ts: OK
/workspace/tmp/pixelelated-m7-qa-16/qa-overlay/tools/council/node_modules/@aws-sdk/core/dist-types/ts3.4/submodules/client/util-endpoints/aws.d.ts: OK
/workspace/tmp/pixelelated-m7-qa-16/qa-overlay/tools/council/node_modules/@aws-sdk/core/dist-types/ts3.4/submodules/client/util-endpoints/lib/aws/isVirtualHostableS3Bucket.d.ts: OK
/workspace/tmp/pixelelated-m7-qa-16/qa-overlay/tools/council/node_modules/@aws-sdk/core/dist-types/ts3.4/submodules/client/util-endpoints/lib/aws/parseArn.d.ts: OK
/workspace/tmp/pixelelated-m7-qa-16/qa-overlay/tools/council/node_modules/@aws-sdk/core/dist-types/ts3.4/submodules/client/util-endpoints/lib/aws/partition.d.ts: OK
/workspace/tmp/pixelelated-m7-qa-16/qa-overlay/tools/council/node_modules/@aws-sdk/core/dist-types/ts3.4/submodules/client/util-endpoints/lib/aws/partitions.d.ts: OK
/workspace/tmp/pixelelated-m7-qa-16/qa-overlay/tools/council/node_modules/@aws-sdk/core/dist-types/ts3.4/submodules/client/util-endpoints/lib/isIpAddress.d.ts: OK
/workspace/tmp/pixelelated-m7-qa-16/qa-overlay/tools/council/node_modules/@aws-sdk/core/dist-types/ts3.4/submodules/client/util-endpoints/resolveDefaultAwsRegionalEndpointsConfig.d.ts: OK
/workspace/tmp/pixelelated-m7-qa-16/qa-overlay/tools/council/node_modules/@aws-sdk/core/dist-types/ts3.4/submodules/client/util-endpoints/resolveEndpoint.d.ts: OK
/workspace/tmp/pixelelated-m7-qa-16/qa-overlay/tools/council/node_modules/@aws-sdk/core/dist-types/ts3.4/submodules/client/util-endpoints/types/EndpointError.d.ts: OK
/workspace/tmp/pixelelated-m7-qa-16/qa-overlay/tools/council/node_modules/@aws-sdk/core/dist-types/ts3.4/submodules/client/util-endpoints/types/EndpointRuleObject.d.ts: OK
/workspace/tmp/pixelelated-m7-qa-16/qa-overlay/tools/council/node_modules/@aws-sdk/core/dist-types/ts3.4/submodules/client/util-endpoints/types/ErrorRuleObject.d.ts: OK
/workspace/tmp/pixelelated-m7-qa-16/qa-overlay/tools/council/node_modules/@aws-sdk/core/dist-types/ts3.4/submodules/client/util-endpoints/types/RuleSetObject.d.ts: OK
/workspace/tmp/pixelelated-m7-qa-16/qa-overlay/tools/council/node_modules/@aws-sdk/core/dist-types/ts3.4/submodules/client/util-endpoints/types/TreeRuleObject.d.ts: OK
/workspace/tmp/pixelelated-m7-qa-16/qa-overlay/tools/council/node_modules/@aws-sdk/core/dist-types/ts3.4/submodules/client/util-endpoints/types/shared.d.ts: OK
/workspace/tmp/pixelelated-m7-qa-16/qa-overlay/tools/council/node_modules/@aws-sdk/core/dist-types/ts3.4/submodules/client/util-user-agent-browser/configurations.d.ts: OK
/workspace/tmp/pixelelated-m7-qa-16/qa-overlay/tools/council/node_modules/@aws-sdk/core/dist-types/ts3.4/submodules/client/util-user-agent-browser/createUserAgentStringParsingProvider.d.ts: OK
/workspace/tmp/pixelelated-m7-qa-16/qa-overlay/tools/council/node_modules/@aws-sdk/core/dist-types/ts3.4/submodules/client/util-user-agent-browser/defaultUserAgent.browser.d.ts: OK
/workspace/tmp/pixelelated-m7-qa-16/qa-overlay/tools/council/node_modules/@aws-sdk/core/dist-types/ts3.4/submodules/client/util-user-agent-browser/defaultUserAgent.d.ts: OK
/workspace/tmp/pixelelated-m7-qa-16/qa-overlay/tools/council/node_modules/@aws-sdk/core/dist-types/ts3.4/submodules/client/util-user-agent-browser/defaultUserAgent.native.d.ts: OK
/workspace/tmp/pixelelated-m7-qa-16/qa-overlay/tools/council/node_modules/@aws-sdk/core/dist-types/ts3.4/submodules/client/util-user-agent-node/crt-availability.d.ts: OK
/workspace/tmp/pixelelated-m7-qa-16/qa-overlay/tools/council/node_modules/@aws-sdk/core/dist-types/ts3.4/submodules/client/util-user-agent-node/defaultUserAgent.d.ts: OK
/workspace/tmp/pixelelated-m7-qa-16/qa-overlay/tools/council/node_modules/@aws-sdk/core/dist-types/ts3.4/submodules/client/util-user-agent-node/getRuntimeUserAgentPair.d.ts: OK
/workspace/tmp/pixelelated-m7-qa-16/qa-overlay/tools/council/node_modules/@aws-sdk/core/dist-types/ts3.4/submodules/client/util-user-agent-node/is-crt-available.d.ts: OK
/workspace/tmp/pixelelated-m7-qa-16/qa-overlay/tools/council/node_modules/@aws-sdk/core/dist-types/ts3.4/submodules/client/util-user-agent-node/nodeAppIdConfigOptions.d.ts: OK
/workspace/tmp/pixelelated-m7-qa-16/qa-overlay/tools/council/node_modules/@aws-sdk/core/dist-types/ts3.4/submodules/httpAuthSchemes/aws_sdk/AwsSdkSigV4ASigner.d.ts: OK
/workspace/tmp/pixelelated-m7-qa-16/qa-overlay/tools/council/node_modules/@aws-sdk/core/dist-types/ts3.4/submodules/httpAuthSchemes/aws_sdk/AwsSdkSigV4Signer.d.ts: OK
/workspace/tmp/pixelelated-m7-qa-16/qa-overlay/tools/council/node_modules/@aws-sdk/core/dist-types/ts3.4/submodules/httpAuthSchemes/aws_sdk/NODE_AUTH_SCHEME_PREFERENCE_OPTIONS.d.ts: OK
/workspace/tmp/pixelelated-m7-qa-16/qa-overlay/tools/council/node_modules/@aws-sdk/core/dist-types/ts3.4/submodules/httpAuthSchemes/aws_sdk/clock-skew-defaults.browser.d.ts: OK
/workspace/tmp/pixelelated-m7-qa-16/qa-overlay/tools/council/node_modules/@aws-sdk/core/dist-types/ts3.4/submodules/httpAuthSchemes/aws_sdk/clock-skew-defaults.d.ts: OK
/workspace/tmp/pixelelated-m7-qa-16/qa-overlay/tools/council/node_modules/@aws-sdk/core/dist-types/ts3.4/submodules/httpAuthSchemes/aws_sdk/clock-skew-node-config.d.ts: OK
/workspace/tmp/pixelelated-m7-qa-16/qa-overlay/tools/council/node_modules/@aws-sdk/core/dist-types/ts3.4/submodules/httpAuthSchemes/aws_sdk/index.d.ts: OK
/workspace/tmp/pixelelated-m7-qa-16/qa-overlay/tools/council/node_modules/@aws-sdk/core/dist-types/ts3.4/submodules/httpAuthSchemes/aws_sdk/resolveAwsSdkSigV4AConfig.d.ts: OK
/workspace/tmp/pixelelated-m7-qa-16/qa-overlay/tools/council/node_modules/@aws-sdk/core/dist-types/ts3.4/submodules/httpAuthSchemes/aws_sdk/resolveAwsSdkSigV4Config.d.ts: OK
/workspace/tmp/pixelelated-m7-qa-16/qa-overlay/tools/council/node_modules/@aws-sdk/core/dist-types/ts3.4/submodules/httpAuthSchemes/index.browser.d.ts: OK
/workspace/tmp/pixelelated-m7-qa-16/qa-overlay/tools/council/node_modules/@aws-sdk/core/dist-types/ts3.4/submodules/httpAuthSchemes/index.d.ts: OK
/workspace/tmp/pixelelated-m7-qa-16/qa-overlay/tools/council/node_modules/@aws-sdk/core/dist-types/ts3.4/submodules/httpAuthSchemes/utils/getArrayForCommaSeparatedString.d.ts: OK
/workspace/tmp/pixelelated-m7-qa-16/qa-overlay/tools/council/node_modules/@aws-sdk/core/dist-types/ts3.4/submodules/httpAuthSchemes/utils/getBearerTokenEnvKey.d.ts: OK
/workspace/tmp/pixelelated-m7-qa-16/qa-overlay/tools/council/node_modules/@aws-sdk/core/dist-types/ts3.4/submodules/httpAuthSchemes/utils/getDateHeader.d.ts: OK
/workspace/tmp/pixelelated-m7-qa-16/qa-overlay/tools/council/node_modules/@aws-sdk/core/dist-types/ts3.4/submodules/httpAuthSchemes/utils/getSkewCorrectedDate.d.ts: OK
/workspace/tmp/pixelelated-m7-qa-16/qa-overlay/tools/council/node_modules/@aws-sdk/core/dist-types/ts3.4/submodules/httpAuthSchemes/utils/getUpdatedSystemClockOffset.d.ts: OK
/workspace/tmp/pixelelated-m7-qa-16/qa-overlay/tools/council/node_modules/@aws-sdk/core/dist-types/ts3.4/submodules/httpAuthSchemes/utils/index.d.ts: OK
/workspace/tmp/pixelelated-m7-qa-16/qa-overlay/tools/council/node_modules/@aws-sdk/core/dist-types/ts3.4/submodules/httpAuthSchemes/utils/isClockSkewed.d.ts: OK
/workspace/tmp/pixelelated-m7-qa-16/qa-overlay/tools/council/node_modules/@aws-sdk/core/dist-types/ts3.4/submodules/protocols/ConfigurableSerdeContext.d.ts: OK
/workspace/tmp/pixelelated-m7-qa-16/qa-overlay/tools/council/node_modules/@aws-sdk/core/dist-types/ts3.4/submodules/protocols/ProtocolLib.d.ts: OK
/workspace/tmp/pixelelated-m7-qa-16/qa-overlay/tools/council/node_modules/@aws-sdk/core/dist-types/ts3.4/submodules/protocols/UnionSerde.d.ts: OK
/workspace/tmp/pixelelated-m7-qa-16/qa-overlay/tools/council/node_modules/@aws-sdk/core/dist-types/ts3.4/submodules/protocols/cbor/AwsSmithyRpcV2CborProtocol.d.ts: OK
/workspace/tmp/pixelelated-m7-qa-16/qa-overlay/tools/council/node_modules/@aws-sdk/core/dist-types/ts3.4/submodules/protocols/coercing-serializers.d.ts: OK
/workspace/tmp/pixelelated-m7-qa-16/qa-overlay/tools/council/node_modules/@aws-sdk/core/dist-types/ts3.4/submodules/protocols/common.d.ts: OK
/workspace/tmp/pixelelated-m7-qa-16/qa-overlay/tools/council/node_modules/@aws-sdk/core/dist-types/ts3.4/submodules/protocols/index.d.ts: OK
/workspace/tmp/pixelelated-m7-qa-16/qa-overlay/tools/council/node_modules/@aws-sdk/core/dist-types/ts3.4/submodules/protocols/json/AwsJson1_0Protocol.d.ts: OK
/workspace/tmp/pixelelated-m7-qa-16/qa-overlay/tools/council/node_modules/@aws-sdk/core/dist-types/ts3.4/submodules/protocols/json/AwsJson1_1Protocol.d.ts: OK
/workspace/tmp/pixelelated-m7-qa-16/qa-overlay/tools/council/node_modules/@aws-sdk/core/dist-types/ts3.4/submodules/protocols/json/AwsJsonRpcProtocol.d.ts: OK
/workspace/tmp/pixelelated-m7-qa-16/qa-overlay/tools/council/node_modules/@aws-sdk/core/dist-types/ts3.4/submodules/protocols/json/AwsRestJsonProtocol.d.ts: OK
/workspace/tmp/pixelelated-m7-qa-16/qa-overlay/tools/council/node_modules/@aws-sdk/core/dist-types/ts3.4/submodules/protocols/json/JsonSettings.d.ts: OK
/workspace/tmp/pixelelated-m7-qa-16/qa-overlay/tools/council/node_modules/@aws-sdk/core/dist-types/ts3.4/submodules/protocols/json/awsExpectUnion.d.ts: OK
/workspace/tmp/pixelelated-m7-qa-16/qa-overlay/tools/council/node_modules/@aws-sdk/core/dist-types/ts3.4/submodules/protocols/json/codec-v1/JsonCodec.d.ts: OK
/workspace/tmp/pixelelated-m7-qa-16/qa-overlay/tools/council/node_modules/@aws-sdk/core/dist-types/ts3.4/submodules/protocols/json/codec-v1/JsonSettings.d.ts: OK
/workspace/tmp/pixelelated-m7-qa-16/qa-overlay/tools/council/node_modules/@aws-sdk/core/dist-types/ts3.4/submodules/protocols/json/codec-v1/JsonShapeDeserializer.d.ts: OK
/workspace/tmp/pixelelated-m7-qa-16/qa-overlay/tools/council/node_modules/@aws-sdk/core/dist-types/ts3.4/submodules/protocols/json/codec-v1/JsonShapeSerializer.d.ts: OK
/workspace/tmp/pixelelated-m7-qa-16/qa-overlay/tools/council/node_modules/@aws-sdk/core/dist-types/ts3.4/submodules/protocols/json/codec-v2/JsonBytesStringAdapter.d.ts: OK
/workspace/tmp/pixelelated-m7-qa-16/qa-overlay/tools/council/node_modules/@aws-sdk/core/dist-types/ts3.4/submodules/protocols/json/codec-v2/JsonCodec2.d.ts: OK
/workspace/tmp/pixelelated-m7-qa-16/qa-overlay/tools/council/node_modules/@aws-sdk/core/dist-types/ts3.4/submodules/protocols/json/codec-v2/JsonShapeDeserializer2.d.ts: OK
/workspace/tmp/pixelelated-m7-qa-16/qa-overlay/tools/council/node_modules/@aws-sdk/core/dist-types/ts3.4/submodules/protocols/json/codec-v2/JsonShapeSerializer2.d.ts: OK
/workspace/tmp/pixelelated-m7-qa-16/qa-overlay/tools/council/node_modules/@aws-sdk/core/dist-types/ts3.4/submodules/protocols/json/detectBufferParsing.d.ts: OK
/workspace/tmp/pixelelated-m7-qa-16/qa-overlay/tools/council/node_modules/@aws-sdk/core/dist-types/ts3.4/submodules/protocols/json/jsonReplacer.d.ts: OK
/workspace/tmp/pixelelated-m7-qa-16/qa-overlay/tools/council/node_modules/@aws-sdk/core/dist-types/ts3.4/submodules/protocols/json/jsonReviver.d.ts: OK
/workspace/tmp/pixelelated-m7-qa-16/qa-overlay/tools/council/node_modules/@aws-sdk/core/dist-types/ts3.4/submodules/protocols/json/needsReviver.d.ts: OK
/workspace/tmp/pixelelated-m7-qa-16/qa-overlay/tools/council/node_modules/@aws-sdk/core/dist-types/ts3.4/submodules/protocols/json/parseJsonBody.d.ts: OK
/workspace/tmp/pixelelated-m7-qa-16/qa-overlay/tools/council/node_modules/@aws-sdk/core/dist-types/ts3.4/submodules/protocols/query/AwsEc2QueryProtocol.d.ts: OK
/workspace/tmp/pixelelated-m7-qa-16/qa-overlay/tools/council/node_modules/@aws-sdk/core/dist-types/ts3.4/submodules/protocols/query/AwsQueryProtocol.d.ts: OK
/workspace/tmp/pixelelated-m7-qa-16/qa-overlay/tools/council/node_modules/@aws-sdk/core/dist-types/ts3.4/submodules/protocols/query/QuerySerializerSettings.d.ts: OK
/workspace/tmp/pixelelated-m7-qa-16/qa-overlay/tools/council/node_modules/@aws-sdk/core/dist-types/ts3.4/submodules/protocols/query/QueryShapeSerializer.d.ts: OK
/workspace/tmp/pixelelated-m7-qa-16/qa-overlay/tools/council/node_modules/@aws-sdk/core/dist-types/ts3.4/submodules/protocols/writeKey.d.ts: OK
/workspace/tmp/pixelelated-m7-qa-16/qa-overlay/tools/council/node_modules/@aws-sdk/core/dist-types/ts3.4/submodules/protocols/xml/AwsRestXmlProtocol.d.ts: OK
/workspace/tmp/pixelelated-m7-qa-16/qa-overlay/tools/council/node_modules/@aws-sdk/core/dist-types/ts3.4/submodules/protocols/xml/XmlCodec.d.ts: OK
/workspace/tmp/pixelelated-m7-qa-16/qa-overlay/tools/council/node_modules/@aws-sdk/core/dist-types/ts3.4/submodules/protocols/xml/XmlShapeDeserializer.d.ts: OK
/workspace/tmp/pixelelated-m7-qa-16/qa-overlay/tools/council/node_modules/@aws-sdk/core/dist-types/ts3.4/submodules/protocols/xml/XmlShapeSerializer.d.ts: OK
/workspace/tmp/pixelelated-m7-qa-16/qa-overlay/tools/council/node_modules/@aws-sdk/core/dist-types/ts3.4/submodules/protocols/xml/parseXmlBody.d.ts: OK
/workspace/tmp/pixelelated-m7-qa-16/qa-overlay/tools/council/node_modules/@aws-sdk/core/dist-types/ts3.4/submodules/protocols/xml/simpleFormatXml.d.ts: OK
/workspace/tmp/pixelelated-m7-qa-16/qa-overlay/tools/council/node_modules/@aws-sdk/core/dist-types/ts3.4/submodules/util/index.d.ts: OK
/workspace/tmp/pixelelated-m7-qa-16/qa-overlay/tools/council/node_modules/@aws-sdk/core/dist-types/ts3.4/submodules/util/util-arn-parser/arn.d.ts: OK
/workspace/tmp/pixelelated-m7-qa-16/qa-overlay/tools/council/node_modules/@aws-sdk/core/dist-types/ts3.4/submodules/util/util-format-url/format-url.d.ts: OK
/workspace/tmp/pixelelated-m7-qa-16/qa-overlay/tools/council/node_modules/@aws-sdk/core/httpAuthSchemes.d.ts: OK
/workspace/tmp/pixelelated-m7-qa-16/qa-overlay/tools/council/node_modules/@aws-sdk/core/httpAuthSchemes.js: OK
/workspace/tmp/pixelelated-m7-qa-16/qa-overlay/tools/council/node_modules/@aws-sdk/core/package.json: OK
/workspace/tmp/pixelelated-m7-qa-16/qa-overlay/tools/council/node_modules/@aws-sdk/core/protocols.d.ts: OK
/workspace/tmp/pixelelated-m7-qa-16/qa-overlay/tools/council/node_modules/@aws-sdk/core/protocols.js: OK
/workspace/tmp/pixelelated-m7-qa-16/qa-overlay/tools/council/node_modules/@aws-sdk/core/util.d.ts: OK
/workspace/tmp/pixelelated-m7-qa-16/qa-overlay/tools/council/node_modules/@aws-sdk/core/util.js: OK
/workspace/tmp/pixelelated-m7-qa-16/qa-overlay/tools/council/node_modules/@aws-sdk/credential-provider-env/LICENSE: OK
/workspace/tmp/pixelelated-m7-qa-16/qa-overlay/tools/council/node_modules/@aws-sdk/credential-provider-env/README.md: OK
/workspace/tmp/pixelelated-m7-qa-16/qa-overlay/tools/council/node_modules/@aws-sdk/credential-provider-env/dist-cjs/index.js: OK
/workspace/tmp/pixelelated-m7-qa-16/qa-overlay/tools/council/node_modules/@aws-sdk/credential-provider-env/dist-es/fromEnv.js: OK
/workspace/tmp/pixelelated-m7-qa-16/qa-overlay/tools/council/node_modules/@aws-sdk/credential-provider-env/dist-es/index.js: OK
/workspace/tmp/pixelelated-m7-qa-16/qa-overlay/tools/council/node_modules/@aws-sdk/credential-provider-env/dist-types/fromEnv.d.ts: OK
/workspace/tmp/pixelelated-m7-qa-16/qa-overlay/tools/council/node_modules/@aws-sdk/credential-provider-env/dist-types/index.d.ts: OK
/workspace/tmp/pixelelated-m7-qa-16/qa-overlay/tools/council/node_modules/@aws-sdk/credential-provider-env/dist-types/ts3.4/fromEnv.d.ts: OK
/workspace/tmp/pixelelated-m7-qa-16/qa-overlay/tools/council/node_modules/@aws-sdk/credential-provider-env/dist-types/ts3.4/index.d.ts: OK
/workspace/tmp/pixelelated-m7-qa-16/qa-overlay/tools/council/node_modules/@aws-sdk/credential-provider-env/package.json: OK
/workspace/tmp/pixelelated-m7-qa-16/qa-overlay/tools/council/node_modules/@aws-sdk/credential-provider-http/README.md: OK
/workspace/tmp/pixelelated-m7-qa-16/qa-overlay/tools/council/node_modules/@aws-sdk/credential-provider-http/dist-cjs/index.js: OK
/workspace/tmp/pixelelated-m7-qa-16/qa-overlay/tools/council/node_modules/@aws-sdk/credential-provider-http/dist-es/fromHttp/checkUrl.js: OK
/workspace/tmp/pixelelated-m7-qa-16/qa-overlay/tools/council/node_modules/@aws-sdk/credential-provider-http/dist-es/fromHttp/fromHttp.browser.js: OK
/workspace/tmp/pixelelated-m7-qa-16/qa-overlay/tools/council/node_modules/@aws-sdk/credential-provider-http/dist-es/fromHttp/fromHttp.js: OK
/workspace/tmp/pixelelated-m7-qa-16/qa-overlay/tools/council/node_modules/@aws-sdk/credential-provider-http/dist-es/fromHttp/fromHttpTypes.js: OK
/workspace/tmp/pixelelated-m7-qa-16/qa-overlay/tools/council/node_modules/@aws-sdk/credential-provider-http/dist-es/fromHttp/requestHelpers.js: OK
/workspace/tmp/pixelelated-m7-qa-16/qa-overlay/tools/council/node_modules/@aws-sdk/credential-provider-http/dist-es/fromHttp/retry-wrapper.js: OK
/workspace/tmp/pixelelated-m7-qa-16/qa-overlay/tools/council/node_modules/@aws-sdk/credential-provider-http/dist-es/index.browser.js: OK
/workspace/tmp/pixelelated-m7-qa-16/qa-overlay/tools/council/node_modules/@aws-sdk/credential-provider-http/dist-es/index.js: OK
/workspace/tmp/pixelelated-m7-qa-16/qa-overlay/tools/council/node_modules/@aws-sdk/credential-provider-http/dist-types/fromHttp/checkUrl.d.ts: OK
/workspace/tmp/pixelelated-m7-qa-16/qa-overlay/tools/council/node_modules/@aws-sdk/credential-provider-http/dist-types/fromHttp/fromHttp.browser.d.ts: OK
/workspace/tmp/pixelelated-m7-qa-16/qa-overlay/tools/council/node_modules/@aws-sdk/credential-provider-http/dist-types/fromHttp/fromHttp.d.ts: OK
/workspace/tmp/pixelelated-m7-qa-16/qa-overlay/tools/council/node_modules/@aws-sdk/credential-provider-http/dist-types/fromHttp/fromHttpTypes.d.ts: OK
/workspace/tmp/pixelelated-m7-qa-16/qa-overlay/tools/council/node_modules/@aws-sdk/credential-provider-http/dist-types/fromHttp/requestHelpers.d.ts: OK
/workspace/tmp/pixelelated-m7-qa-16/qa-overlay/tools/council/node_modules/@aws-sdk/credential-provider-http/dist-types/fromHttp/retry-wrapper.d.ts: OK
/workspace/tmp/pixelelated-m7-qa-16/qa-overlay/tools/council/node_modules/@aws-sdk/credential-provider-http/dist-types/index.browser.d.ts: OK
/workspace/tmp/pixelelated-m7-qa-16/qa-overlay/tools/council/node_modules/@aws-sdk/credential-provider-http/dist-types/index.d.ts: OK
/workspace/tmp/pixelelated-m7-qa-16/qa-overlay/tools/council/node_modules/@aws-sdk/credential-provider-http/dist-types/ts3.4/fromHttp/checkUrl.d.ts: OK
/workspace/tmp/pixelelated-m7-qa-16/qa-overlay/tools/council/node_modules/@aws-sdk/credential-provider-http/dist-types/ts3.4/fromHttp/fromHttp.browser.d.ts: OK
/workspace/tmp/pixelelated-m7-qa-16/qa-overlay/tools/council/node_modules/@aws-sdk/credential-provider-http/dist-types/ts3.4/fromHttp/fromHttp.d.ts: OK
/workspace/tmp/pixelelated-m7-qa-16/qa-overlay/tools/council/node_modules/@aws-sdk/credential-provider-http/dist-types/ts3.4/fromHttp/fromHttpTypes.d.ts: OK
/workspace/tmp/pixelelated-m7-qa-16/qa-overlay/tools/council/node_modules/@aws-sdk/credential-provider-http/dist-types/ts3.4/fromHttp/requestHelpers.d.ts: OK
/workspace/tmp/pixelelated-m7-qa-16/qa-overlay/tools/council/node_modules/@aws-sdk/credential-provider-http/dist-types/ts3.4/fromHttp/retry-wrapper.d.ts: OK
/workspace/tmp/pixelelated-m7-qa-16/qa-overlay/tools/council/node_modules/@aws-sdk/credential-provider-http/dist-types/ts3.4/index.browser.d.ts: OK
/workspace/tmp/pixelelated-m7-qa-16/qa-overlay/tools/council/node_modules/@aws-sdk/credential-provider-http/dist-types/ts3.4/index.d.ts: OK
/workspace/tmp/pixelelated-m7-qa-16/qa-overlay/tools/council/node_modules/@aws-sdk/credential-provider-http/package.json: OK
/workspace/tmp/pixelelated-m7-qa-16/qa-overlay/tools/council/node_modules/@aws-sdk/credential-provider-ini/LICENSE: OK
/workspace/tmp/pixelelated-m7-qa-16/qa-overlay/tools/council/node_modules/@aws-sdk/credential-provider-ini/README.md: OK
/workspace/tmp/pixelelated-m7-qa-16/qa-overlay/tools/council/node_modules/@aws-sdk/credential-provider-ini/dist-cjs/index.js: OK
/workspace/tmp/pixelelated-m7-qa-16/qa-overlay/tools/council/node_modules/@aws-sdk/credential-provider-ini/dist-es/fromIni.js: OK
/workspace/tmp/pixelelated-m7-qa-16/qa-overlay/tools/council/node_modules/@aws-sdk/credential-provider-ini/dist-es/index.js: OK
/workspace/tmp/pixelelated-m7-qa-16/qa-overlay/tools/council/node_modules/@aws-sdk/credential-provider-ini/dist-es/resolveAssumeRoleCredentials.js: OK
/workspace/tmp/pixelelated-m7-qa-16/qa-overlay/tools/council/node_modules/@aws-sdk/credential-provider-ini/dist-es/resolveCredentialSource.js: OK
/workspace/tmp/pixelelated-m7-qa-16/qa-overlay/tools/council/node_modules/@aws-sdk/credential-provider-ini/dist-es/resolveLoginCredentials.js: OK
/workspace/tmp/pixelelated-m7-qa-16/qa-overlay/tools/council/node_modules/@aws-sdk/credential-provider-ini/dist-es/resolveProcessCredentials.js: OK
/workspace/tmp/pixelelated-m7-qa-16/qa-overlay/tools/council/node_modules/@aws-sdk/credential-provider-ini/dist-es/resolveProfileData.js: OK
/workspace/tmp/pixelelated-m7-qa-16/qa-overlay/tools/council/node_modules/@aws-sdk/credential-provider-ini/dist-es/resolveSsoCredentials.js: OK
/workspace/tmp/pixelelated-m7-qa-16/qa-overlay/tools/council/node_modules/@aws-sdk/credential-provider-ini/dist-es/resolveStaticCredentials.js: OK
/workspace/tmp/pixelelated-m7-qa-16/qa-overlay/tools/council/node_modules/@aws-sdk/credential-provider-ini/dist-es/resolveWebIdentityCredentials.js: OK
/workspace/tmp/pixelelated-m7-qa-16/qa-overlay/tools/council/node_modules/@aws-sdk/credential-provider-ini/dist-types/fromIni.d.ts: OK
/workspace/tmp/pixelelated-m7-qa-16/qa-overlay/tools/council/node_modules/@aws-sdk/credential-provider-ini/dist-types/index.d.ts: OK
/workspace/tmp/pixelelated-m7-qa-16/qa-overlay/tools/council/node_modules/@aws-sdk/credential-provider-ini/dist-types/resolveAssumeRoleCredentials.d.ts: OK
/workspace/tmp/pixelelated-m7-qa-16/qa-overlay/tools/council/node_modules/@aws-sdk/credential-provider-ini/dist-types/resolveCredentialSource.d.ts: OK
/workspace/tmp/pixelelated-m7-qa-16/qa-overlay/tools/council/node_modules/@aws-sdk/credential-provider-ini/dist-types/resolveLoginCredentials.d.ts: OK
/workspace/tmp/pixelelated-m7-qa-16/qa-overlay/tools/council/node_modules/@aws-sdk/credential-provider-ini/dist-types/resolveProcessCredentials.d.ts: OK
/workspace/tmp/pixelelated-m7-qa-16/qa-overlay/tools/council/node_modules/@aws-sdk/credential-provider-ini/dist-types/resolveProfileData.d.ts: OK
/workspace/tmp/pixelelated-m7-qa-16/qa-overlay/tools/council/node_modules/@aws-sdk/credential-provider-ini/dist-types/resolveSsoCredentials.d.ts: OK
/workspace/tmp/pixelelated-m7-qa-16/qa-overlay/tools/council/node_modules/@aws-sdk/credential-provider-ini/dist-types/resolveStaticCredentials.d.ts: OK
/workspace/tmp/pixelelated-m7-qa-16/qa-overlay/tools/council/node_modules/@aws-sdk/credential-provider-ini/dist-types/resolveWebIdentityCredentials.d.ts: OK
/workspace/tmp/pixelelated-m7-qa-16/qa-overlay/tools/council/node_modules/@aws-sdk/credential-provider-ini/dist-types/ts3.4/fromIni.d.ts: OK
/workspace/tmp/pixelelated-m7-qa-16/qa-overlay/tools/council/node_modules/@aws-sdk/credential-provider-ini/dist-types/ts3.4/index.d.ts: OK
/workspace/tmp/pixelelated-m7-qa-16/qa-overlay/tools/council/node_modules/@aws-sdk/credential-provider-ini/dist-types/ts3.4/resolveAssumeRoleCredentials.d.ts: OK
/workspace/tmp/pixelelated-m7-qa-16/qa-overlay/tools/council/node_modules/@aws-sdk/credential-provider-ini/dist-types/ts3.4/resolveCredentialSource.d.ts: OK
/workspace/tmp/pixelelated-m7-qa-16/qa-overlay/tools/council/node_modules/@aws-sdk/credential-provider-ini/dist-types/ts3.4/resolveLoginCredentials.d.ts: OK
/workspace/tmp/pixelelated-m7-qa-16/qa-overlay/tools/council/node_modules/@aws-sdk/credential-provider-ini/dist-types/ts3.4/resolveProcessCredentials.d.ts: OK
/workspace/tmp/pixelelated-m7-qa-16/qa-overlay/tools/council/node_modules/@aws-sdk/credential-provider-ini/dist-types/ts3.4/resolveProfileData.d.ts: OK
/workspace/tmp/pixelelated-m7-qa-16/qa-overlay/tools/council/node_modules/@aws-sdk/credential-provider-ini/dist-types/ts3.4/resolveSsoCredentials.d.ts: OK
/workspace/tmp/pixelelated-m7-qa-16/qa-overlay/tools/council/node_modules/@aws-sdk/credential-provider-ini/dist-types/ts3.4/resolveStaticCredentials.d.ts: OK
/workspace/tmp/pixelelated-m7-qa-16/qa-overlay/tools/council/node_modules/@aws-sdk/credential-provider-ini/dist-types/ts3.4/resolveWebIdentityCredentials.d.ts: OK
/workspace/tmp/pixelelated-m7-qa-16/qa-overlay/tools/council/node_modules/@aws-sdk/credential-provider-ini/package.json: OK
/workspace/tmp/pixelelated-m7-qa-16/qa-overlay/tools/council/node_modules/@aws-sdk/credential-provider-login/README.md: OK
/workspace/tmp/pixelelated-m7-qa-16/qa-overlay/tools/council/node_modules/@aws-sdk/credential-provider-login/dist-cjs/index.js: OK
/workspace/tmp/pixelelated-m7-qa-16/qa-overlay/tools/council/node_modules/@aws-sdk/credential-provider-login/dist-es/LoginCredentialsFetcher.js: OK
/workspace/tmp/pixelelated-m7-qa-16/qa-overlay/tools/council/node_modules/@aws-sdk/credential-provider-login/dist-es/fromLoginCredentials.js: OK
/workspace/tmp/pixelelated-m7-qa-16/qa-overlay/tools/council/node_modules/@aws-sdk/credential-provider-login/dist-es/index.js: OK
/workspace/tmp/pixelelated-m7-qa-16/qa-overlay/tools/council/node_modules/@aws-sdk/credential-provider-login/dist-es/types.js: OK
/workspace/tmp/pixelelated-m7-qa-16/qa-overlay/tools/council/node_modules/@aws-sdk/credential-provider-login/dist-types/LoginCredentialsFetcher.d.ts: OK
/workspace/tmp/pixelelated-m7-qa-16/qa-overlay/tools/council/node_modules/@aws-sdk/credential-provider-login/dist-types/fromLoginCredentials.d.ts: OK
/workspace/tmp/pixelelated-m7-qa-16/qa-overlay/tools/council/node_modules/@aws-sdk/credential-provider-login/dist-types/index.d.ts: OK
/workspace/tmp/pixelelated-m7-qa-16/qa-overlay/tools/council/node_modules/@aws-sdk/credential-provider-login/dist-types/ts3.4/LoginCredentialsFetcher.d.ts: OK
/workspace/tmp/pixelelated-m7-qa-16/qa-overlay/tools/council/node_modules/@aws-sdk/credential-provider-login/dist-types/ts3.4/fromLoginCredentials.d.ts: OK
/workspace/tmp/pixelelated-m7-qa-16/qa-overlay/tools/council/node_modules/@aws-sdk/credential-provider-login/dist-types/ts3.4/index.d.ts: OK
/workspace/tmp/pixelelated-m7-qa-16/qa-overlay/tools/council/node_modules/@aws-sdk/credential-provider-login/dist-types/ts3.4/types.d.ts: OK
/workspace/tmp/pixelelated-m7-qa-16/qa-overlay/tools/council/node_modules/@aws-sdk/credential-provider-login/dist-types/types.d.ts: OK
/workspace/tmp/pixelelated-m7-qa-16/qa-overlay/tools/council/node_modules/@aws-sdk/credential-provider-login/package.json: OK
/workspace/tmp/pixelelated-m7-qa-16/qa-overlay/tools/council/node_modules/@aws-sdk/credential-provider-node/LICENSE: OK
/workspace/tmp/pixelelated-m7-qa-16/qa-overlay/tools/council/node_modules/@aws-sdk/credential-provider-node/README.md: OK
/workspace/tmp/pixelelated-m7-qa-16/qa-overlay/tools/council/node_modules/@aws-sdk/credential-provider-node/dist-cjs/index.js: OK
/workspace/tmp/pixelelated-m7-qa-16/qa-overlay/tools/council/node_modules/@aws-sdk/credential-provider-node/dist-es/defaultProvider.js: OK
/workspace/tmp/pixelelated-m7-qa-16/qa-overlay/tools/council/node_modules/@aws-sdk/credential-provider-node/dist-es/index.js: OK
/workspace/tmp/pixelelated-m7-qa-16/qa-overlay/tools/council/node_modules/@aws-sdk/credential-provider-node/dist-es/remoteProvider.js: OK
/workspace/tmp/pixelelated-m7-qa-16/qa-overlay/tools/council/node_modules/@aws-sdk/credential-provider-node/dist-es/runtime/memoize-chain.js: OK
/workspace/tmp/pixelelated-m7-qa-16/qa-overlay/tools/council/node_modules/@aws-sdk/credential-provider-node/dist-types/defaultProvider.d.ts: OK
/workspace/tmp/pixelelated-m7-qa-16/qa-overlay/tools/council/node_modules/@aws-sdk/credential-provider-node/dist-types/index.d.ts: OK
/workspace/tmp/pixelelated-m7-qa-16/qa-overlay/tools/council/node_modules/@aws-sdk/credential-provider-node/dist-types/remoteProvider.d.ts: OK
/workspace/tmp/pixelelated-m7-qa-16/qa-overlay/tools/council/node_modules/@aws-sdk/credential-provider-node/dist-types/runtime/memoize-chain.d.ts: OK
/workspace/tmp/pixelelated-m7-qa-16/qa-overlay/tools/council/node_modules/@aws-sdk/credential-provider-node/dist-types/ts3.4/defaultProvider.d.ts: OK
/workspace/tmp/pixelelated-m7-qa-16/qa-overlay/tools/council/node_modules/@aws-sdk/credential-provider-node/dist-types/ts3.4/index.d.ts: OK
/workspace/tmp/pixelelated-m7-qa-16/qa-overlay/tools/council/node_modules/@aws-sdk/credential-provider-node/dist-types/ts3.4/remoteProvider.d.ts: OK
/workspace/tmp/pixelelated-m7-qa-16/qa-overlay/tools/council/node_modules/@aws-sdk/credential-provider-node/dist-types/ts3.4/runtime/memoize-chain.d.ts: OK
/workspace/tmp/pixelelated-m7-qa-16/qa-overlay/tools/council/node_modules/@aws-sdk/credential-provider-node/package.json: OK
/workspace/tmp/pixelelated-m7-qa-16/qa-overlay/tools/council/node_modules/@aws-sdk/credential-provider-process/LICENSE: OK
/workspace/tmp/pixelelated-m7-qa-16/qa-overlay/tools/council/node_modules/@aws-sdk/credential-provider-process/README.md: OK
/workspace/tmp/pixelelated-m7-qa-16/qa-overlay/tools/council/node_modules/@aws-sdk/credential-provider-process/dist-cjs/index.js: OK
/workspace/tmp/pixelelated-m7-qa-16/qa-overlay/tools/council/node_modules/@aws-sdk/credential-provider-process/dist-es/ProcessCredentials.js: OK
/workspace/tmp/pixelelated-m7-qa-16/qa-overlay/tools/council/node_modules/@aws-sdk/credential-provider-process/dist-es/fromProcess.js: OK
/workspace/tmp/pixelelated-m7-qa-16/qa-overlay/tools/council/node_modules/@aws-sdk/credential-provider-process/dist-es/getValidatedProcessCredentials.js: OK
/workspace/tmp/pixelelated-m7-qa-16/qa-overlay/tools/council/node_modules/@aws-sdk/credential-provider-process/dist-es/index.js: OK
/workspace/tmp/pixelelated-m7-qa-16/qa-overlay/tools/council/node_modules/@aws-sdk/credential-provider-process/dist-es/resolveProcessCredentials.js: OK
/workspace/tmp/pixelelated-m7-qa-16/qa-overlay/tools/council/node_modules/@aws-sdk/credential-provider-process/dist-types/ProcessCredentials.d.ts: OK
/workspace/tmp/pixelelated-m7-qa-16/qa-overlay/tools/council/node_modules/@aws-sdk/credential-provider-process/dist-types/fromProcess.d.ts: OK
/workspace/tmp/pixelelated-m7-qa-16/qa-overlay/tools/council/node_modules/@aws-sdk/credential-provider-process/dist-types/getValidatedProcessCredentials.d.ts: OK
/workspace/tmp/pixelelated-m7-qa-16/qa-overlay/tools/council/node_modules/@aws-sdk/credential-provider-process/dist-types/index.d.ts: OK
/workspace/tmp/pixelelated-m7-qa-16/qa-overlay/tools/council/node_modules/@aws-sdk/credential-provider-process/dist-types/resolveProcessCredentials.d.ts: OK
/workspace/tmp/pixelelated-m7-qa-16/qa-overlay/tools/council/node_modules/@aws-sdk/credential-provider-process/dist-types/ts3.4/ProcessCredentials.d.ts: OK
/workspace/tmp/pixelelated-m7-qa-16/qa-overlay/tools/council/node_modules/@aws-sdk/credential-provider-process/dist-types/ts3.4/fromProcess.d.ts: OK
/workspace/tmp/pixelelated-m7-qa-16/qa-overlay/tools/council/node_modules/@aws-sdk/credential-provider-process/dist-types/ts3.4/getValidatedProcessCredentials.d.ts: OK
/workspace/tmp/pixelelated-m7-qa-16/qa-overlay/tools/council/node_modules/@aws-sdk/credential-provider-process/dist-types/ts3.4/index.d.ts: OK
/workspace/tmp/pixelelated-m7-qa-16/qa-overlay/tools/council/node_modules/@aws-sdk/credential-provider-process/dist-types/ts3.4/resolveProcessCredentials.d.ts: OK
/workspace/tmp/pixelelated-m7-qa-16/qa-overlay/tools/council/node_modules/@aws-sdk/credential-provider-process/package.json: OK
/workspace/tmp/pixelelated-m7-qa-16/qa-overlay/tools/council/node_modules/@aws-sdk/credential-provider-sso/LICENSE: OK
/workspace/tmp/pixelelated-m7-qa-16/qa-overlay/tools/council/node_modules/@aws-sdk/credential-provider-sso/README.md: OK
/workspace/tmp/pixelelated-m7-qa-16/qa-overlay/tools/council/node_modules/@aws-sdk/credential-provider-sso/dist-cjs/index.js: OK
/workspace/tmp/pixelelated-m7-qa-16/qa-overlay/tools/council/node_modules/@aws-sdk/credential-provider-sso/dist-cjs/loadSso-BGYXHf8s.js: OK
/workspace/tmp/pixelelated-m7-qa-16/qa-overlay/tools/council/node_modules/@aws-sdk/credential-provider-sso/dist-es/fromSSO.js: OK
/workspace/tmp/pixelelated-m7-qa-16/qa-overlay/tools/council/node_modules/@aws-sdk/credential-provider-sso/dist-es/index.js: OK
/workspace/tmp/pixelelated-m7-qa-16/qa-overlay/tools/council/node_modules/@aws-sdk/credential-provider-sso/dist-es/isSsoProfile.js: OK
/workspace/tmp/pixelelated-m7-qa-16/qa-overlay/tools/council/node_modules/@aws-sdk/credential-provider-sso/dist-es/loadSso.js: OK
/workspace/tmp/pixelelated-m7-qa-16/qa-overlay/tools/council/node_modules/@aws-sdk/credential-provider-sso/dist-es/resolveSSOCredentials.js: OK
/workspace/tmp/pixelelated-m7-qa-16/qa-overlay/tools/council/node_modules/@aws-sdk/credential-provider-sso/dist-es/types.js: OK
/workspace/tmp/pixelelated-m7-qa-16/qa-overlay/tools/council/node_modules/@aws-sdk/credential-provider-sso/dist-es/validateSsoProfile.js: OK
/workspace/tmp/pixelelated-m7-qa-16/qa-overlay/tools/council/node_modules/@aws-sdk/credential-provider-sso/dist-types/fromSSO.d.ts: OK
/workspace/tmp/pixelelated-m7-qa-16/qa-overlay/tools/council/node_modules/@aws-sdk/credential-provider-sso/dist-types/index.d.ts: OK
/workspace/tmp/pixelelated-m7-qa-16/qa-overlay/tools/council/node_modules/@aws-sdk/credential-provider-sso/dist-types/isSsoProfile.d.ts: OK
/workspace/tmp/pixelelated-m7-qa-16/qa-overlay/tools/council/node_modules/@aws-sdk/credential-provider-sso/dist-types/loadSso.d.ts: OK
/workspace/tmp/pixelelated-m7-qa-16/qa-overlay/tools/council/node_modules/@aws-sdk/credential-provider-sso/dist-types/resolveSSOCredentials.d.ts: OK
/workspace/tmp/pixelelated-m7-qa-16/qa-overlay/tools/council/node_modules/@aws-sdk/credential-provider-sso/dist-types/ts3.4/fromSSO.d.ts: OK
/workspace/tmp/pixelelated-m7-qa-16/qa-overlay/tools/council/node_modules/@aws-sdk/credential-provider-sso/dist-types/ts3.4/index.d.ts: OK
/workspace/tmp/pixelelated-m7-qa-16/qa-overlay/tools/council/node_modules/@aws-sdk/credential-provider-sso/dist-types/ts3.4/isSsoProfile.d.ts: OK
/workspace/tmp/pixelelated-m7-qa-16/qa-overlay/tools/council/node_modules/@aws-sdk/credential-provider-sso/dist-types/ts3.4/loadSso.d.ts: OK
/workspace/tmp/pixelelated-m7-qa-16/qa-overlay/tools/council/node_modules/@aws-sdk/credential-provider-sso/dist-types/ts3.4/resolveSSOCredentials.d.ts: OK
/workspace/tmp/pixelelated-m7-qa-16/qa-overlay/tools/council/node_modules/@aws-sdk/credential-provider-sso/dist-types/ts3.4/types.d.ts: OK
/workspace/tmp/pixelelated-m7-qa-16/qa-overlay/tools/council/node_modules/@aws-sdk/credential-provider-sso/dist-types/ts3.4/validateSsoProfile.d.ts: OK
/workspace/tmp/pixelelated-m7-qa-16/qa-overlay/tools/council/node_modules/@aws-sdk/credential-provider-sso/dist-types/types.d.ts: OK
/workspace/tmp/pixelelated-m7-qa-16/qa-overlay/tools/council/node_modules/@aws-sdk/credential-provider-sso/dist-types/validateSsoProfile.d.ts: OK
/workspace/tmp/pixelelated-m7-qa-16/qa-overlay/tools/council/node_modules/@aws-sdk/credential-provider-sso/node_modules/@aws-sdk/token-providers/LICENSE: OK
/workspace/tmp/pixelelated-m7-qa-16/qa-overlay/tools/council/node_modules/@aws-sdk/credential-provider-sso/node_modules/@aws-sdk/token-providers/README.md: OK
/workspace/tmp/pixelelated-m7-qa-16/qa-overlay/tools/council/node_modules/@aws-sdk/credential-provider-sso/node_modules/@aws-sdk/token-providers/dist-cjs/index.js: OK
/workspace/tmp/pixelelated-m7-qa-16/qa-overlay/tools/council/node_modules/@aws-sdk/credential-provider-sso/node_modules/@aws-sdk/token-providers/dist-es/constants.js: OK
/workspace/tmp/pixelelated-m7-qa-16/qa-overlay/tools/council/node_modules/@aws-sdk/credential-provider-sso/node_modules/@aws-sdk/token-providers/dist-es/fromEnvSigningName.js: OK
/workspace/tmp/pixelelated-m7-qa-16/qa-overlay/tools/council/node_modules/@aws-sdk/credential-provider-sso/node_modules/@aws-sdk/token-providers/dist-es/fromSso.js: OK
/workspace/tmp/pixelelated-m7-qa-16/qa-overlay/tools/council/node_modules/@aws-sdk/credential-provider-sso/node_modules/@aws-sdk/token-providers/dist-es/fromStatic.js: OK
/workspace/tmp/pixelelated-m7-qa-16/qa-overlay/tools/council/node_modules/@aws-sdk/credential-provider-sso/node_modules/@aws-sdk/token-providers/dist-es/getNewSsoOidcToken.js: OK
/workspace/tmp/pixelelated-m7-qa-16/qa-overlay/tools/council/node_modules/@aws-sdk/credential-provider-sso/node_modules/@aws-sdk/token-providers/dist-es/getSsoOidcClient.js: OK
/workspace/tmp/pixelelated-m7-qa-16/qa-overlay/tools/council/node_modules/@aws-sdk/credential-provider-sso/node_modules/@aws-sdk/token-providers/dist-es/index.js: OK
/workspace/tmp/pixelelated-m7-qa-16/qa-overlay/tools/council/node_modules/@aws-sdk/credential-provider-sso/node_modules/@aws-sdk/token-providers/dist-es/nodeProvider.js: OK
/workspace/tmp/pixelelated-m7-qa-16/qa-overlay/tools/council/node_modules/@aws-sdk/credential-provider-sso/node_modules/@aws-sdk/token-providers/dist-es/validateTokenExpiry.js: OK
/workspace/tmp/pixelelated-m7-qa-16/qa-overlay/tools/council/node_modules/@aws-sdk/credential-provider-sso/node_modules/@aws-sdk/token-providers/dist-es/validateTokenKey.js: OK
/workspace/tmp/pixelelated-m7-qa-16/qa-overlay/tools/council/node_modules/@aws-sdk/credential-provider-sso/node_modules/@aws-sdk/token-providers/dist-es/writeSSOTokenToFile.js: OK
/workspace/tmp/pixelelated-m7-qa-16/qa-overlay/tools/council/node_modules/@aws-sdk/credential-provider-sso/node_modules/@aws-sdk/token-providers/dist-types/constants.d.ts: OK
/workspace/tmp/pixelelated-m7-qa-16/qa-overlay/tools/council/node_modules/@aws-sdk/credential-provider-sso/node_modules/@aws-sdk/token-providers/dist-types/fromEnvSigningName.d.ts: OK
/workspace/tmp/pixelelated-m7-qa-16/qa-overlay/tools/council/node_modules/@aws-sdk/credential-provider-sso/node_modules/@aws-sdk/token-providers/dist-types/fromSso.d.ts: OK
/workspace/tmp/pixelelated-m7-qa-16/qa-overlay/tools/council/node_modules/@aws-sdk/credential-provider-sso/node_modules/@aws-sdk/token-providers/dist-types/fromStatic.d.ts: OK
/workspace/tmp/pixelelated-m7-qa-16/qa-overlay/tools/council/node_modules/@aws-sdk/credential-provider-sso/node_modules/@aws-sdk/token-providers/dist-types/getNewSsoOidcToken.d.ts: OK
/workspace/tmp/pixelelated-m7-qa-16/qa-overlay/tools/council/node_modules/@aws-sdk/credential-provider-sso/node_modules/@aws-sdk/token-providers/dist-types/getSsoOidcClient.d.ts: OK
/workspace/tmp/pixelelated-m7-qa-16/qa-overlay/tools/council/node_modules/@aws-sdk/credential-provider-sso/node_modules/@aws-sdk/token-providers/dist-types/index.d.ts: OK
/workspace/tmp/pixelelated-m7-qa-16/qa-overlay/tools/council/node_modules/@aws-sdk/credential-provider-sso/node_modules/@aws-sdk/token-providers/dist-types/nodeProvider.d.ts: OK
/workspace/tmp/pixelelated-m7-qa-16/qa-overlay/tools/council/node_modules/@aws-sdk/credential-provider-sso/node_modules/@aws-sdk/token-providers/dist-types/ts3.4/constants.d.ts: OK
/workspace/tmp/pixelelated-m7-qa-16/qa-overlay/tools/council/node_modules/@aws-sdk/credential-provider-sso/node_modules/@aws-sdk/token-providers/dist-types/ts3.4/fromEnvSigningName.d.ts: OK
/workspace/tmp/pixelelated-m7-qa-16/qa-overlay/tools/council/node_modules/@aws-sdk/credential-provider-sso/node_modules/@aws-sdk/token-providers/dist-types/ts3.4/fromSso.d.ts: OK
/workspace/tmp/pixelelated-m7-qa-16/qa-overlay/tools/council/node_modules/@aws-sdk/credential-provider-sso/node_modules/@aws-sdk/token-providers/dist-types/ts3.4/fromStatic.d.ts: OK
/workspace/tmp/pixelelated-m7-qa-16/qa-overlay/tools/council/node_modules/@aws-sdk/credential-provider-sso/node_modules/@aws-sdk/token-providers/dist-types/ts3.4/getNewSsoOidcToken.d.ts: OK
/workspace/tmp/pixelelated-m7-qa-16/qa-overlay/tools/council/node_modules/@aws-sdk/credential-provider-sso/node_modules/@aws-sdk/token-providers/dist-types/ts3.4/getSsoOidcClient.d.ts: OK
/workspace/tmp/pixelelated-m7-qa-16/qa-overlay/tools/council/node_modules/@aws-sdk/credential-provider-sso/node_modules/@aws-sdk/token-providers/dist-types/ts3.4/index.d.ts: OK
/workspace/tmp/pixelelated-m7-qa-16/qa-overlay/tools/council/node_modules/@aws-sdk/credential-provider-sso/node_modules/@aws-sdk/token-providers/dist-types/ts3.4/nodeProvider.d.ts: OK
/workspace/tmp/pixelelated-m7-qa-16/qa-overlay/tools/council/node_modules/@aws-sdk/credential-provider-sso/node_modules/@aws-sdk/token-providers/dist-types/ts3.4/validateTokenExpiry.d.ts: OK
/workspace/tmp/pixelelated-m7-qa-16/qa-overlay/tools/council/node_modules/@aws-sdk/credential-provider-sso/node_modules/@aws-sdk/token-providers/dist-types/ts3.4/validateTokenKey.d.ts: OK
/workspace/tmp/pixelelated-m7-qa-16/qa-overlay/tools/council/node_modules/@aws-sdk/credential-provider-sso/node_modules/@aws-sdk/token-providers/dist-types/ts3.4/writeSSOTokenToFile.d.ts: OK
/workspace/tmp/pixelelated-m7-qa-16/qa-overlay/tools/council/node_modules/@aws-sdk/credential-provider-sso/node_modules/@aws-sdk/token-providers/dist-types/validateTokenExpiry.d.ts: OK
/workspace/tmp/pixelelated-m7-qa-16/qa-overlay/tools/council/node_modules/@aws-sdk/credential-provider-sso/node_modules/@aws-sdk/token-providers/dist-types/validateTokenKey.d.ts: OK
/workspace/tmp/pixelelated-m7-qa-16/qa-overlay/tools/council/node_modules/@aws-sdk/credential-provider-sso/node_modules/@aws-sdk/token-providers/dist-types/writeSSOTokenToFile.d.ts: OK
/workspace/tmp/pixelelated-m7-qa-16/qa-overlay/tools/council/node_modules/@aws-sdk/credential-provider-sso/node_modules/@aws-sdk/token-providers/package.json: OK
/workspace/tmp/pixelelated-m7-qa-16/qa-overlay/tools/council/node_modules/@aws-sdk/credential-provider-sso/package.json: OK
/workspace/tmp/pixelelated-m7-qa-16/qa-overlay/tools/council/node_modules/@aws-sdk/credential-provider-web-identity/LICENSE: OK
/workspace/tmp/pixelelated-m7-qa-16/qa-overlay/tools/council/node_modules/@aws-sdk/credential-provider-web-identity/README.md: OK
/workspace/tmp/pixelelated-m7-qa-16/qa-overlay/tools/council/node_modules/@aws-sdk/credential-provider-web-identity/dist-cjs/index.js: OK
/workspace/tmp/pixelelated-m7-qa-16/qa-overlay/tools/council/node_modules/@aws-sdk/credential-provider-web-identity/dist-es/fromTokenFile.js: OK
/workspace/tmp/pixelelated-m7-qa-16/qa-overlay/tools/council/node_modules/@aws-sdk/credential-provider-web-identity/dist-es/fromWebToken.js: OK
/workspace/tmp/pixelelated-m7-qa-16/qa-overlay/tools/council/node_modules/@aws-sdk/credential-provider-web-identity/dist-es/index.js: OK
/workspace/tmp/pixelelated-m7-qa-16/qa-overlay/tools/council/node_modules/@aws-sdk/credential-provider-web-identity/dist-types/fromTokenFile.d.ts: OK
/workspace/tmp/pixelelated-m7-qa-16/qa-overlay/tools/council/node_modules/@aws-sdk/credential-provider-web-identity/dist-types/fromWebToken.d.ts: OK
/workspace/tmp/pixelelated-m7-qa-16/qa-overlay/tools/council/node_modules/@aws-sdk/credential-provider-web-identity/dist-types/index.d.ts: OK
/workspace/tmp/pixelelated-m7-qa-16/qa-overlay/tools/council/node_modules/@aws-sdk/credential-provider-web-identity/dist-types/ts3.4/fromTokenFile.d.ts: OK
/workspace/tmp/pixelelated-m7-qa-16/qa-overlay/tools/council/node_modules/@aws-sdk/credential-provider-web-identity/dist-types/ts3.4/fromWebToken.d.ts: OK
/workspace/tmp/pixelelated-m7-qa-16/qa-overlay/tools/council/node_modules/@aws-sdk/credential-provider-web-identity/dist-types/ts3.4/index.d.ts: OK
/workspace/tmp/pixelelated-m7-qa-16/qa-overlay/tools/council/node_modules/@aws-sdk/credential-provider-web-identity/package.json: OK
/workspace/tmp/pixelelated-m7-qa-16/qa-overlay/tools/council/node_modules/@aws-sdk/eventstream-handler-node/LICENSE: OK
/workspace/tmp/pixelelated-m7-qa-16/qa-overlay/tools/council/node_modules/@aws-sdk/eventstream-handler-node/README.md: OK
/workspace/tmp/pixelelated-m7-qa-16/qa-overlay/tools/council/node_modules/@aws-sdk/eventstream-handler-node/dist-cjs/index.js: OK
/workspace/tmp/pixelelated-m7-qa-16/qa-overlay/tools/council/node_modules/@aws-sdk/eventstream-handler-node/dist-es/EventSigningTransformStream.js: OK
/workspace/tmp/pixelelated-m7-qa-16/qa-overlay/tools/council/node_modules/@aws-sdk/eventstream-handler-node/dist-es/EventStreamPayloadHandler.js: OK
/workspace/tmp/pixelelated-m7-qa-16/qa-overlay/tools/council/node_modules/@aws-sdk/eventstream-handler-node/dist-es/eventStreamPayloadHandlerProvider.js: OK
/workspace/tmp/pixelelated-m7-qa-16/qa-overlay/tools/council/node_modules/@aws-sdk/eventstream-handler-node/dist-es/index.js: OK
/workspace/tmp/pixelelated-m7-qa-16/qa-overlay/tools/council/node_modules/@aws-sdk/eventstream-handler-node/dist-types/EventSigningTransformStream.d.ts: OK
/workspace/tmp/pixelelated-m7-qa-16/qa-overlay/tools/council/node_modules/@aws-sdk/eventstream-handler-node/dist-types/EventStreamPayloadHandler.d.ts: OK
/workspace/tmp/pixelelated-m7-qa-16/qa-overlay/tools/council/node_modules/@aws-sdk/eventstream-handler-node/dist-types/eventStreamPayloadHandlerProvider.d.ts: OK
/workspace/tmp/pixelelated-m7-qa-16/qa-overlay/tools/council/node_modules/@aws-sdk/eventstream-handler-node/dist-types/index.d.ts: OK
/workspace/tmp/pixelelated-m7-qa-16/qa-overlay/tools/council/node_modules/@aws-sdk/eventstream-handler-node/dist-types/ts3.4/EventSigningTransformStream.d.ts: OK
/workspace/tmp/pixelelated-m7-qa-16/qa-overlay/tools/council/node_modules/@aws-sdk/eventstream-handler-node/dist-types/ts3.4/EventStreamPayloadHandler.d.ts: OK
/workspace/tmp/pixelelated-m7-qa-16/qa-overlay/tools/council/node_modules/@aws-sdk/eventstream-handler-node/dist-types/ts3.4/eventStreamPayloadHandlerProvider.d.ts: OK
/workspace/tmp/pixelelated-m7-qa-16/qa-overlay/tools/council/node_modules/@aws-sdk/eventstream-handler-node/dist-types/ts3.4/index.d.ts: OK
/workspace/tmp/pixelelated-m7-qa-16/qa-overlay/tools/council/node_modules/@aws-sdk/eventstream-handler-node/package.json: OK
/workspace/tmp/pixelelated-m7-qa-16/qa-overlay/tools/council/node_modules/@aws-sdk/middleware-eventstream/LICENSE: OK
/workspace/tmp/pixelelated-m7-qa-16/qa-overlay/tools/council/node_modules/@aws-sdk/middleware-eventstream/README.md: OK
/workspace/tmp/pixelelated-m7-qa-16/qa-overlay/tools/council/node_modules/@aws-sdk/middleware-eventstream/dist-cjs/index.js: OK
/workspace/tmp/pixelelated-m7-qa-16/qa-overlay/tools/council/node_modules/@aws-sdk/middleware-eventstream/dist-es/eventStreamConfiguration.js: OK
/workspace/tmp/pixelelated-m7-qa-16/qa-overlay/tools/council/node_modules/@aws-sdk/middleware-eventstream/dist-es/eventStreamHandlingMiddleware.js: OK
/workspace/tmp/pixelelated-m7-qa-16/qa-overlay/tools/council/node_modules/@aws-sdk/middleware-eventstream/dist-es/eventStreamHeaderMiddleware.js: OK
/workspace/tmp/pixelelated-m7-qa-16/qa-overlay/tools/council/node_modules/@aws-sdk/middleware-eventstream/dist-es/getEventStreamPlugin.js: OK
/workspace/tmp/pixelelated-m7-qa-16/qa-overlay/tools/council/node_modules/@aws-sdk/middleware-eventstream/dist-es/index.js: OK
/workspace/tmp/pixelelated-m7-qa-16/qa-overlay/tools/council/node_modules/@aws-sdk/middleware-eventstream/dist-types/eventStreamConfiguration.d.ts: OK
/workspace/tmp/pixelelated-m7-qa-16/qa-overlay/tools/council/node_modules/@aws-sdk/middleware-eventstream/dist-types/eventStreamHandlingMiddleware.d.ts: OK
/workspace/tmp/pixelelated-m7-qa-16/qa-overlay/tools/council/node_modules/@aws-sdk/middleware-eventstream/dist-types/eventStreamHeaderMiddleware.d.ts: OK
/workspace/tmp/pixelelated-m7-qa-16/qa-overlay/tools/council/node_modules/@aws-sdk/middleware-eventstream/dist-types/getEventStreamPlugin.d.ts: OK
/workspace/tmp/pixelelated-m7-qa-16/qa-overlay/tools/council/node_modules/@aws-sdk/middleware-eventstream/dist-types/index.d.ts: OK
/workspace/tmp/pixelelated-m7-qa-16/qa-overlay/tools/council/node_modules/@aws-sdk/middleware-eventstream/dist-types/ts3.4/eventStreamConfiguration.d.ts: OK
/workspace/tmp/pixelelated-m7-qa-16/qa-overlay/tools/council/node_modules/@aws-sdk/middleware-eventstream/dist-types/ts3.4/eventStreamHandlingMiddleware.d.ts: OK
/workspace/tmp/pixelelated-m7-qa-16/qa-overlay/tools/council/node_modules/@aws-sdk/middleware-eventstream/dist-types/ts3.4/eventStreamHeaderMiddleware.d.ts: OK
/workspace/tmp/pixelelated-m7-qa-16/qa-overlay/tools/council/node_modules/@aws-sdk/middleware-eventstream/dist-types/ts3.4/getEventStreamPlugin.d.ts: OK
/workspace/tmp/pixelelated-m7-qa-16/qa-overlay/tools/council/node_modules/@aws-sdk/middleware-eventstream/dist-types/ts3.4/index.d.ts: OK
/workspace/tmp/pixelelated-m7-qa-16/qa-overlay/tools/council/node_modules/@aws-sdk/middleware-eventstream/package.json: OK
/workspace/tmp/pixelelated-m7-qa-16/qa-overlay/tools/council/node_modules/@aws-sdk/middleware-websocket/LICENSE: OK
/workspace/tmp/pixelelated-m7-qa-16/qa-overlay/tools/council/node_modules/@aws-sdk/middleware-websocket/README.md: OK
/workspace/tmp/pixelelated-m7-qa-16/qa-overlay/tools/council/node_modules/@aws-sdk/middleware-websocket/dist-cjs/index.js: OK
/workspace/tmp/pixelelated-m7-qa-16/qa-overlay/tools/council/node_modules/@aws-sdk/middleware-websocket/dist-es/WebSocketFetchHandler.js: OK
/workspace/tmp/pixelelated-m7-qa-16/qa-overlay/tools/council/node_modules/@aws-sdk/middleware-websocket/dist-es/WebsocketSignatureV4.js: OK
/workspace/tmp/pixelelated-m7-qa-16/qa-overlay/tools/council/node_modules/@aws-sdk/middleware-websocket/dist-es/getWebSocketPlugin.js: OK
/workspace/tmp/pixelelated-m7-qa-16/qa-overlay/tools/council/node_modules/@aws-sdk/middleware-websocket/dist-es/index.js: OK
/workspace/tmp/pixelelated-m7-qa-16/qa-overlay/tools/council/node_modules/@aws-sdk/middleware-websocket/dist-es/middlewares/websocketEndpointMiddleware.js: OK
/workspace/tmp/pixelelated-m7-qa-16/qa-overlay/tools/council/node_modules/@aws-sdk/middleware-websocket/dist-es/middlewares/websocketInjectSessionIdMiddleware.js: OK
/workspace/tmp/pixelelated-m7-qa-16/qa-overlay/tools/council/node_modules/@aws-sdk/middleware-websocket/dist-es/resolveWebSocketConfig.js: OK
/workspace/tmp/pixelelated-m7-qa-16/qa-overlay/tools/council/node_modules/@aws-sdk/middleware-websocket/dist-es/utils.js: OK
/workspace/tmp/pixelelated-m7-qa-16/qa-overlay/tools/council/node_modules/@aws-sdk/middleware-websocket/dist-es/ws-eventstream/EventSigningTransformStream.js: OK
/workspace/tmp/pixelelated-m7-qa-16/qa-overlay/tools/council/node_modules/@aws-sdk/middleware-websocket/dist-es/ws-eventstream/EventStreamPayloadHandler.js: OK
/workspace/tmp/pixelelated-m7-qa-16/qa-overlay/tools/council/node_modules/@aws-sdk/middleware-websocket/dist-es/ws-eventstream/eventStreamPayloadHandlerProvider.js: OK
/workspace/tmp/pixelelated-m7-qa-16/qa-overlay/tools/council/node_modules/@aws-sdk/middleware-websocket/dist-types/WebSocketFetchHandler.d.ts: OK
/workspace/tmp/pixelelated-m7-qa-16/qa-overlay/tools/council/node_modules/@aws-sdk/middleware-websocket/dist-types/WebsocketSignatureV4.d.ts: OK
/workspace/tmp/pixelelated-m7-qa-16/qa-overlay/tools/council/node_modules/@aws-sdk/middleware-websocket/dist-types/getWebSocketPlugin.d.ts: OK
/workspace/tmp/pixelelated-m7-qa-16/qa-overlay/tools/council/node_modules/@aws-sdk/middleware-websocket/dist-types/index.d.ts: OK
/workspace/tmp/pixelelated-m7-qa-16/qa-overlay/tools/council/node_modules/@aws-sdk/middleware-websocket/dist-types/middlewares/websocketEndpointMiddleware.d.ts: OK
/workspace/tmp/pixelelated-m7-qa-16/qa-overlay/tools/council/node_modules/@aws-sdk/middleware-websocket/dist-types/middlewares/websocketInjectSessionIdMiddleware.d.ts: OK
/workspace/tmp/pixelelated-m7-qa-16/qa-overlay/tools/council/node_modules/@aws-sdk/middleware-websocket/dist-types/resolveWebSocketConfig.d.ts: OK
/workspace/tmp/pixelelated-m7-qa-16/qa-overlay/tools/council/node_modules/@aws-sdk/middleware-websocket/dist-types/ts3.4/WebSocketFetchHandler.d.ts: OK
/workspace/tmp/pixelelated-m7-qa-16/qa-overlay/tools/council/node_modules/@aws-sdk/middleware-websocket/dist-types/ts3.4/WebsocketSignatureV4.d.ts: OK
/workspace/tmp/pixelelated-m7-qa-16/qa-overlay/tools/council/node_modules/@aws-sdk/middleware-websocket/dist-types/ts3.4/getWebSocketPlugin.d.ts: OK
/workspace/tmp/pixelelated-m7-qa-16/qa-overlay/tools/council/node_modules/@aws-sdk/middleware-websocket/dist-types/ts3.4/index.d.ts: OK
/workspace/tmp/pixelelated-m7-qa-16/qa-overlay/tools/council/node_modules/@aws-sdk/middleware-websocket/dist-types/ts3.4/middlewares/websocketEndpointMiddleware.d.ts: OK
/workspace/tmp/pixelelated-m7-qa-16/qa-overlay/tools/council/node_modules/@aws-sdk/middleware-websocket/dist-types/ts3.4/middlewares/websocketInjectSessionIdMiddleware.d.ts: OK
/workspace/tmp/pixelelated-m7-qa-16/qa-overlay/tools/council/node_modules/@aws-sdk/middleware-websocket/dist-types/ts3.4/resolveWebSocketConfig.d.ts: OK
/workspace/tmp/pixelelated-m7-qa-16/qa-overlay/tools/council/node_modules/@aws-sdk/middleware-websocket/dist-types/ts3.4/utils.d.ts: OK
/workspace/tmp/pixelelated-m7-qa-16/qa-overlay/tools/council/node_modules/@aws-sdk/middleware-websocket/dist-types/ts3.4/ws-eventstream/EventSigningTransformStream.d.ts: OK
/workspace/tmp/pixelelated-m7-qa-16/qa-overlay/tools/council/node_modules/@aws-sdk/middleware-websocket/dist-types/ts3.4/ws-eventstream/EventStreamPayloadHandler.d.ts: OK
/workspace/tmp/pixelelated-m7-qa-16/qa-overlay/tools/council/node_modules/@aws-sdk/middleware-websocket/dist-types/ts3.4/ws-eventstream/eventStreamPayloadHandlerProvider.d.ts: OK
/workspace/tmp/pixelelated-m7-qa-16/qa-overlay/tools/council/node_modules/@aws-sdk/middleware-websocket/dist-types/utils.d.ts: OK
/workspace/tmp/pixelelated-m7-qa-16/qa-overlay/tools/council/node_modules/@aws-sdk/middleware-websocket/dist-types/ws-eventstream/EventSigningTransformStream.d.ts: OK
/workspace/tmp/pixelelated-m7-qa-16/qa-overlay/tools/council/node_modules/@aws-sdk/middleware-websocket/dist-types/ws-eventstream/EventStreamPayloadHandler.d.ts: OK
/workspace/tmp/pixelelated-m7-qa-16/qa-overlay/tools/council/node_modules/@aws-sdk/middleware-websocket/dist-types/ws-eventstream/eventStreamPayloadHandlerProvider.d.ts: OK
/workspace/tmp/pixelelated-m7-qa-16/qa-overlay/tools/council/node_modules/@aws-sdk/middleware-websocket/package.json: OK
/workspace/tmp/pixelelated-m7-qa-16/qa-overlay/tools/council/node_modules/@aws-sdk/nested-clients/README.md: OK
/workspace/tmp/pixelelated-m7-qa-16/qa-overlay/tools/council/node_modules/@aws-sdk/nested-clients/cognito-identity.d.ts: OK
/workspace/tmp/pixelelated-m7-qa-16/qa-overlay/tools/council/node_modules/@aws-sdk/nested-clients/cognito-identity.js: OK
/workspace/tmp/pixelelated-m7-qa-16/qa-overlay/tools/council/node_modules/@aws-sdk/nested-clients/dist-cjs/index.js: OK
/workspace/tmp/pixelelated-m7-qa-16/qa-overlay/tools/council/node_modules/@aws-sdk/nested-clients/dist-cjs/submodules/cognito-identity/index.js: OK
/workspace/tmp/pixelelated-m7-qa-16/qa-overlay/tools/council/node_modules/@aws-sdk/nested-clients/dist-cjs/submodules/signin/index.js: OK
/workspace/tmp/pixelelated-m7-qa-16/qa-overlay/tools/council/node_modules/@aws-sdk/nested-clients/dist-cjs/submodules/sso/index.js: OK
/workspace/tmp/pixelelated-m7-qa-16/qa-overlay/tools/council/node_modules/@aws-sdk/nested-clients/dist-cjs/submodules/sso-oidc/index.js: OK
/workspace/tmp/pixelelated-m7-qa-16/qa-overlay/tools/council/node_modules/@aws-sdk/nested-clients/dist-cjs/submodules/sts/index.js: OK
/workspace/tmp/pixelelated-m7-qa-16/qa-overlay/tools/council/node_modules/@aws-sdk/nested-clients/dist-es/index.js: OK
/workspace/tmp/pixelelated-m7-qa-16/qa-overlay/tools/council/node_modules/@aws-sdk/nested-clients/dist-es/submodules/cognito-identity/CognitoIdentity.js: OK
/workspace/tmp/pixelelated-m7-qa-16/qa-overlay/tools/council/node_modules/@aws-sdk/nested-clients/dist-es/submodules/cognito-identity/CognitoIdentityClient.js: OK
/workspace/tmp/pixelelated-m7-qa-16/qa-overlay/tools/council/node_modules/@aws-sdk/nested-clients/dist-es/submodules/cognito-identity/auth/httpAuthExtensionConfiguration.js: OK
/workspace/tmp/pixelelated-m7-qa-16/qa-overlay/tools/council/node_modules/@aws-sdk/nested-clients/dist-es/submodules/cognito-identity/auth/httpAuthSchemeProvider.js: OK
/workspace/tmp/pixelelated-m7-qa-16/qa-overlay/tools/council/node_modules/@aws-sdk/nested-clients/dist-es/submodules/cognito-identity/commandBuilder.js: OK
/workspace/tmp/pixelelated-m7-qa-16/qa-overlay/tools/council/node_modules/@aws-sdk/nested-clients/dist-es/submodules/cognito-identity/commands/GetCredentialsForIdentityCommand.js: OK
/workspace/tmp/pixelelated-m7-qa-16/qa-overlay/tools/council/node_modules/@aws-sdk/nested-clients/dist-es/submodules/cognito-identity/commands/GetIdCommand.js: OK
/workspace/tmp/pixelelated-m7-qa-16/qa-overlay/tools/council/node_modules/@aws-sdk/nested-clients/dist-es/submodules/cognito-identity/commands/index.js: OK
/workspace/tmp/pixelelated-m7-qa-16/qa-overlay/tools/council/node_modules/@aws-sdk/nested-clients/dist-es/submodules/cognito-identity/endpoint/EndpointParameters.js: OK
/workspace/tmp/pixelelated-m7-qa-16/qa-overlay/tools/council/node_modules/@aws-sdk/nested-clients/dist-es/submodules/cognito-identity/endpoint/bdd.js: OK
/workspace/tmp/pixelelated-m7-qa-16/qa-overlay/tools/council/node_modules/@aws-sdk/nested-clients/dist-es/submodules/cognito-identity/endpoint/endpointResolver.js: OK
/workspace/tmp/pixelelated-m7-qa-16/qa-overlay/tools/council/node_modules/@aws-sdk/nested-clients/dist-es/submodules/cognito-identity/extensionConfiguration.js: OK
/workspace/tmp/pixelelated-m7-qa-16/qa-overlay/tools/council/node_modules/@aws-sdk/nested-clients/dist-es/submodules/cognito-identity/index.js: OK
/workspace/tmp/pixelelated-m7-qa-16/qa-overlay/tools/council/node_modules/@aws-sdk/nested-clients/dist-es/submodules/cognito-identity/models/CognitoIdentityServiceException.js: OK
/workspace/tmp/pixelelated-m7-qa-16/qa-overlay/tools/council/node_modules/@aws-sdk/nested-clients/dist-es/submodules/cognito-identity/models/errors.js: OK
/workspace/tmp/pixelelated-m7-qa-16/qa-overlay/tools/council/node_modules/@aws-sdk/nested-clients/dist-es/submodules/cognito-identity/models/models_0.js: OK
/workspace/tmp/pixelelated-m7-qa-16/qa-overlay/tools/council/node_modules/@aws-sdk/nested-clients/dist-es/submodules/cognito-identity/runtimeConfig.browser.js: OK
/workspace/tmp/pixelelated-m7-qa-16/qa-overlay/tools/council/node_modules/@aws-sdk/nested-clients/dist-es/submodules/cognito-identity/runtimeConfig.js: OK
/workspace/tmp/pixelelated-m7-qa-16/qa-overlay/tools/council/node_modules/@aws-sdk/nested-clients/dist-es/submodules/cognito-identity/runtimeConfig.native.js: OK
/workspace/tmp/pixelelated-m7-qa-16/qa-overlay/tools/council/node_modules/@aws-sdk/nested-clients/dist-es/submodules/cognito-identity/runtimeConfig.shared.js: OK
/workspace/tmp/pixelelated-m7-qa-16/qa-overlay/tools/council/node_modules/@aws-sdk/nested-clients/dist-es/submodules/cognito-identity/runtimeExtensions.js: OK
/workspace/tmp/pixelelated-m7-qa-16/qa-overlay/tools/council/node_modules/@aws-sdk/nested-clients/dist-es/submodules/cognito-identity/schemas/schemas_0.js: OK
/workspace/tmp/pixelelated-m7-qa-16/qa-overlay/tools/council/node_modules/@aws-sdk/nested-clients/dist-es/submodules/signin/Signin.js: OK
/workspace/tmp/pixelelated-m7-qa-16/qa-overlay/tools/council/node_modules/@aws-sdk/nested-clients/dist-es/submodules/signin/SigninClient.js: OK
/workspace/tmp/pixelelated-m7-qa-16/qa-overlay/tools/council/node_modules/@aws-sdk/nested-clients/dist-es/submodules/signin/auth/httpAuthExtensionConfiguration.js: OK
/workspace/tmp/pixelelated-m7-qa-16/qa-overlay/tools/council/node_modules/@aws-sdk/nested-clients/dist-es/submodules/signin/auth/httpAuthSchemeProvider.js: OK
/workspace/tmp/pixelelated-m7-qa-16/qa-overlay/tools/council/node_modules/@aws-sdk/nested-clients/dist-es/submodules/signin/commandBuilder.js: OK
/workspace/tmp/pixelelated-m7-qa-16/qa-overlay/tools/council/node_modules/@aws-sdk/nested-clients/dist-es/submodules/signin/commands/CreateOAuth2TokenCommand.js: OK
/workspace/tmp/pixelelated-m7-qa-16/qa-overlay/tools/council/node_modules/@aws-sdk/nested-clients/dist-es/submodules/signin/commands/CreateOAuth2TokenWithIAMCommand.js: OK
/workspace/tmp/pixelelated-m7-qa-16/qa-overlay/tools/council/node_modules/@aws-sdk/nested-clients/dist-es/submodules/signin/commands/index.js: OK
/workspace/tmp/pixelelated-m7-qa-16/qa-overlay/tools/council/node_modules/@aws-sdk/nested-clients/dist-es/submodules/signin/endpoint/EndpointParameters.js: OK
/workspace/tmp/pixelelated-m7-qa-16/qa-overlay/tools/council/node_modules/@aws-sdk/nested-clients/dist-es/submodules/signin/endpoint/bdd.js: OK
/workspace/tmp/pixelelated-m7-qa-16/qa-overlay/tools/council/node_modules/@aws-sdk/nested-clients/dist-es/submodules/signin/endpoint/endpointResolver.js: OK
/workspace/tmp/pixelelated-m7-qa-16/qa-overlay/tools/council/node_modules/@aws-sdk/nested-clients/dist-es/submodules/signin/extensionConfiguration.js: OK
/workspace/tmp/pixelelated-m7-qa-16/qa-overlay/tools/council/node_modules/@aws-sdk/nested-clients/dist-es/submodules/signin/index.js: OK
/workspace/tmp/pixelelated-m7-qa-16/qa-overlay/tools/council/node_modules/@aws-sdk/nested-clients/dist-es/submodules/signin/models/SigninServiceException.js: OK
/workspace/tmp/pixelelated-m7-qa-16/qa-overlay/tools/council/node_modules/@aws-sdk/nested-clients/dist-es/submodules/signin/models/enums.js: OK
/workspace/tmp/pixelelated-m7-qa-16/qa-overlay/tools/council/node_modules/@aws-sdk/nested-clients/dist-es/submodules/signin/models/errors.js: OK
/workspace/tmp/pixelelated-m7-qa-16/qa-overlay/tools/council/node_modules/@aws-sdk/nested-clients/dist-es/submodules/signin/models/models_0.js: OK
/workspace/tmp/pixelelated-m7-qa-16/qa-overlay/tools/council/node_modules/@aws-sdk/nested-clients/dist-es/submodules/signin/runtimeConfig.browser.js: OK
/workspace/tmp/pixelelated-m7-qa-16/qa-overlay/tools/council/node_modules/@aws-sdk/nested-clients/dist-es/submodules/signin/runtimeConfig.js: OK
/workspace/tmp/pixelelated-m7-qa-16/qa-overlay/tools/council/node_modules/@aws-sdk/nested-clients/dist-es/submodules/signin/runtimeConfig.native.js: OK
/workspace/tmp/pixelelated-m7-qa-16/qa-overlay/tools/council/node_modules/@aws-sdk/nested-clients/dist-es/submodules/signin/runtimeConfig.shared.js: OK
/workspace/tmp/pixelelated-m7-qa-16/qa-overlay/tools/council/node_modules/@aws-sdk/nested-clients/dist-es/submodules/signin/runtimeExtensions.js: OK
/workspace/tmp/pixelelated-m7-qa-16/qa-overlay/tools/council/node_modules/@aws-sdk/nested-clients/dist-es/submodules/signin/schemas/schemas_0.js: OK
/workspace/tmp/pixelelated-m7-qa-16/qa-overlay/tools/council/node_modules/@aws-sdk/nested-clients/dist-es/submodules/sso/SSO.js: OK
/workspace/tmp/pixelelated-m7-qa-16/qa-overlay/tools/council/node_modules/@aws-sdk/nested-clients/dist-es/submodules/sso/SSOClient.js: OK
/workspace/tmp/pixelelated-m7-qa-16/qa-overlay/tools/council/node_modules/@aws-sdk/nested-clients/dist-es/submodules/sso/auth/httpAuthExtensionConfiguration.js: OK
/workspace/tmp/pixelelated-m7-qa-16/qa-overlay/tools/council/node_modules/@aws-sdk/nested-clients/dist-es/submodules/sso/auth/httpAuthSchemeProvider.js: OK
/workspace/tmp/pixelelated-m7-qa-16/qa-overlay/tools/council/node_modules/@aws-sdk/nested-clients/dist-es/submodules/sso/commandBuilder.js: OK
/workspace/tmp/pixelelated-m7-qa-16/qa-overlay/tools/council/node_modules/@aws-sdk/nested-clients/dist-es/submodules/sso/commands/GetRoleCredentialsCommand.js: OK
/workspace/tmp/pixelelated-m7-qa-16/qa-overlay/tools/council/node_modules/@aws-sdk/nested-clients/dist-es/submodules/sso/commands/index.js: OK
/workspace/tmp/pixelelated-m7-qa-16/qa-overlay/tools/council/node_modules/@aws-sdk/nested-clients/dist-es/submodules/sso/endpoint/EndpointParameters.js: OK
/workspace/tmp/pixelelated-m7-qa-16/qa-overlay/tools/council/node_modules/@aws-sdk/nested-clients/dist-es/submodules/sso/endpoint/bdd.js: OK
/workspace/tmp/pixelelated-m7-qa-16/qa-overlay/tools/council/node_modules/@aws-sdk/nested-clients/dist-es/submodules/sso/endpoint/endpointResolver.js: OK
/workspace/tmp/pixelelated-m7-qa-16/qa-overlay/tools/council/node_modules/@aws-sdk/nested-clients/dist-es/submodules/sso/extensionConfiguration.js: OK
/workspace/tmp/pixelelated-m7-qa-16/qa-overlay/tools/council/node_modules/@aws-sdk/nested-clients/dist-es/submodules/sso/index.js: OK
/workspace/tmp/pixelelated-m7-qa-16/qa-overlay/tools/council/node_modules/@aws-sdk/nested-clients/dist-es/submodules/sso/models/SSOServiceException.js: OK
/workspace/tmp/pixelelated-m7-qa-16/qa-overlay/tools/council/node_modules/@aws-sdk/nested-clients/dist-es/submodules/sso/models/errors.js: OK
/workspace/tmp/pixelelated-m7-qa-16/qa-overlay/tools/council/node_modules/@aws-sdk/nested-clients/dist-es/submodules/sso/models/models_0.js: OK
/workspace/tmp/pixelelated-m7-qa-16/qa-overlay/tools/council/node_modules/@aws-sdk/nested-clients/dist-es/submodules/sso/runtimeConfig.browser.js: OK
/workspace/tmp/pixelelated-m7-qa-16/qa-overlay/tools/council/node_modules/@aws-sdk/nested-clients/dist-es/submodules/sso/runtimeConfig.js: OK
/workspace/tmp/pixelelated-m7-qa-16/qa-overlay/tools/council/node_modules/@aws-sdk/nested-clients/dist-es/submodules/sso/runtimeConfig.native.js: OK
/workspace/tmp/pixelelated-m7-qa-16/qa-overlay/tools/council/node_modules/@aws-sdk/nested-clients/dist-es/submodules/sso/runtimeConfig.shared.js: OK
/workspace/tmp/pixelelated-m7-qa-16/qa-overlay/tools/council/node_modules/@aws-sdk/nested-clients/dist-es/submodules/sso/runtimeExtensions.js: OK
/workspace/tmp/pixelelated-m7-qa-16/qa-overlay/tools/council/node_modules/@aws-sdk/nested-clients/dist-es/submodules/sso/schemas/schemas_0.js: OK
/workspace/tmp/pixelelated-m7-qa-16/qa-overlay/tools/council/node_modules/@aws-sdk/nested-clients/dist-es/submodules/sso-oidc/SSOOIDC.js: OK
/workspace/tmp/pixelelated-m7-qa-16/qa-overlay/tools/council/node_modules/@aws-sdk/nested-clients/dist-es/submodules/sso-oidc/SSOOIDCClient.js: OK
/workspace/tmp/pixelelated-m7-qa-16/qa-overlay/tools/council/node_modules/@aws-sdk/nested-clients/dist-es/submodules/sso-oidc/auth/httpAuthExtensionConfiguration.js: OK
/workspace/tmp/pixelelated-m7-qa-16/qa-overlay/tools/council/node_modules/@aws-sdk/nested-clients/dist-es/submodules/sso-oidc/auth/httpAuthSchemeProvider.js: OK
/workspace/tmp/pixelelated-m7-qa-16/qa-overlay/tools/council/node_modules/@aws-sdk/nested-clients/dist-es/submodules/sso-oidc/commandBuilder.js: OK
/workspace/tmp/pixelelated-m7-qa-16/qa-overlay/tools/council/node_modules/@aws-sdk/nested-clients/dist-es/submodules/sso-oidc/commands/CreateTokenCommand.js: OK
/workspace/tmp/pixelelated-m7-qa-16/qa-overlay/tools/council/node_modules/@aws-sdk/nested-clients/dist-es/submodules/sso-oidc/commands/index.js: OK
/workspace/tmp/pixelelated-m7-qa-16/qa-overlay/tools/council/node_modules/@aws-sdk/nested-clients/dist-es/submodules/sso-oidc/endpoint/EndpointParameters.js: OK
/workspace/tmp/pixelelated-m7-qa-16/qa-overlay/tools/council/node_modules/@aws-sdk/nested-clients/dist-es/submodules/sso-oidc/endpoint/bdd.js: OK
/workspace/tmp/pixelelated-m7-qa-16/qa-overlay/tools/council/node_modules/@aws-sdk/nested-clients/dist-es/submodules/sso-oidc/endpoint/endpointResolver.js: OK
/workspace/tmp/pixelelated-m7-qa-16/qa-overlay/tools/council/node_modules/@aws-sdk/nested-clients/dist-es/submodules/sso-oidc/extensionConfiguration.js: OK
/workspace/tmp/pixelelated-m7-qa-16/qa-overlay/tools/council/node_modules/@aws-sdk/nested-clients/dist-es/submodules/sso-oidc/index.js: OK
/workspace/tmp/pixelelated-m7-qa-16/qa-overlay/tools/council/node_modules/@aws-sdk/nested-clients/dist-es/submodules/sso-oidc/models/SSOOIDCServiceException.js: OK
/workspace/tmp/pixelelated-m7-qa-16/qa-overlay/tools/council/node_modules/@aws-sdk/nested-clients/dist-es/submodules/sso-oidc/models/enums.js: OK
/workspace/tmp/pixelelated-m7-qa-16/qa-overlay/tools/council/node_modules/@aws-sdk/nested-clients/dist-es/submodules/sso-oidc/models/errors.js: OK
/workspace/tmp/pixelelated-m7-qa-16/qa-overlay/tools/council/node_modules/@aws-sdk/nested-clients/dist-es/submodules/sso-oidc/models/models_0.js: OK
/workspace/tmp/pixelelated-m7-qa-16/qa-overlay/tools/council/node_modules/@aws-sdk/nested-clients/dist-es/submodules/sso-oidc/runtimeConfig.browser.js: OK
/workspace/tmp/pixelelated-m7-qa-16/qa-overlay/tools/council/node_modules/@aws-sdk/nested-clients/dist-es/submodules/sso-oidc/runtimeConfig.js: OK
/workspace/tmp/pixelelated-m7-qa-16/qa-overlay/tools/council/node_modules/@aws-sdk/nested-clients/dist-es/submodules/sso-oidc/runtimeConfig.native.js: OK
/workspace/tmp/pixelelated-m7-qa-16/qa-overlay/tools/council/node_modules/@aws-sdk/nested-clients/dist-es/submodules/sso-oidc/runtimeConfig.shared.js: OK
/workspace/tmp/pixelelated-m7-qa-16/qa-overlay/tools/council/node_modules/@aws-sdk/nested-clients/dist-es/submodules/sso-oidc/runtimeExtensions.js: OK
/workspace/tmp/pixelelated-m7-qa-16/qa-overlay/tools/council/node_modules/@aws-sdk/nested-clients/dist-es/submodules/sso-oidc/schemas/schemas_0.js: OK
/workspace/tmp/pixelelated-m7-qa-16/qa-overlay/tools/council/node_modules/@aws-sdk/nested-clients/dist-es/submodules/sts/STS.js: OK
/workspace/tmp/pixelelated-m7-qa-16/qa-overlay/tools/council/node_modules/@aws-sdk/nested-clients/dist-es/submodules/sts/STSClient.js: OK
/workspace/tmp/pixelelated-m7-qa-16/qa-overlay/tools/council/node_modules/@aws-sdk/nested-clients/dist-es/submodules/sts/auth/httpAuthExtensionConfiguration.js: OK
/workspace/tmp/pixelelated-m7-qa-16/qa-overlay/tools/council/node_modules/@aws-sdk/nested-clients/dist-es/submodules/sts/auth/httpAuthSchemeProvider.js: OK
/workspace/tmp/pixelelated-m7-qa-16/qa-overlay/tools/council/node_modules/@aws-sdk/nested-clients/dist-es/submodules/sts/commandBuilder.js: OK
/workspace/tmp/pixelelated-m7-qa-16/qa-overlay/tools/council/node_modules/@aws-sdk/nested-clients/dist-es/submodules/sts/commands/AssumeRoleCommand.js: OK
/workspace/tmp/pixelelated-m7-qa-16/qa-overlay/tools/council/node_modules/@aws-sdk/nested-clients/dist-es/submodules/sts/commands/AssumeRoleWithWebIdentityCommand.js: OK
/workspace/tmp/pixelelated-m7-qa-16/qa-overlay/tools/council/node_modules/@aws-sdk/nested-clients/dist-es/submodules/sts/commands/index.js: OK
/workspace/tmp/pixelelated-m7-qa-16/qa-overlay/tools/council/node_modules/@aws-sdk/nested-clients/dist-es/submodules/sts/defaultRoleAssumers.js: OK
/workspace/tmp/pixelelated-m7-qa-16/qa-overlay/tools/council/node_modules/@aws-sdk/nested-clients/dist-es/submodules/sts/defaultStsRoleAssumers.js: OK
/workspace/tmp/pixelelated-m7-qa-16/qa-overlay/tools/council/node_modules/@aws-sdk/nested-clients/dist-es/submodules/sts/endpoint/EndpointParameters.js: OK
/workspace/tmp/pixelelated-m7-qa-16/qa-overlay/tools/council/node_modules/@aws-sdk/nested-clients/dist-es/submodules/sts/endpoint/bdd.js: OK
/workspace/tmp/pixelelated-m7-qa-16/qa-overlay/tools/council/node_modules/@aws-sdk/nested-clients/dist-es/submodules/sts/endpoint/endpointResolver.js: OK
/workspace/tmp/pixelelated-m7-qa-16/qa-overlay/tools/council/node_modules/@aws-sdk/nested-clients/dist-es/submodules/sts/extensionConfiguration.js: OK
/workspace/tmp/pixelelated-m7-qa-16/qa-overlay/tools/council/node_modules/@aws-sdk/nested-clients/dist-es/submodules/sts/index.js: OK
/workspace/tmp/pixelelated-m7-qa-16/qa-overlay/tools/council/node_modules/@aws-sdk/nested-clients/dist-es/submodules/sts/models/STSServiceException.js: OK
/workspace/tmp/pixelelated-m7-qa-16/qa-overlay/tools/council/node_modules/@aws-sdk/nested-clients/dist-es/submodules/sts/models/errors.js: OK
/workspace/tmp/pixelelated-m7-qa-16/qa-overlay/tools/council/node_modules/@aws-sdk/nested-clients/dist-es/submodules/sts/models/models_0.js: OK
/workspace/tmp/pixelelated-m7-qa-16/qa-overlay/tools/council/node_modules/@aws-sdk/nested-clients/dist-es/submodules/sts/runtimeConfig.browser.js: OK
/workspace/tmp/pixelelated-m7-qa-16/qa-overlay/tools/council/node_modules/@aws-sdk/nested-clients/dist-es/submodules/sts/runtimeConfig.js: OK
/workspace/tmp/pixelelated-m7-qa-16/qa-overlay/tools/council/node_modules/@aws-sdk/nested-clients/dist-es/submodules/sts/runtimeConfig.native.js: OK
/workspace/tmp/pixelelated-m7-qa-16/qa-overlay/tools/council/node_modules/@aws-sdk/nested-clients/dist-es/submodules/sts/runtimeConfig.shared.js: OK
/workspace/tmp/pixelelated-m7-qa-16/qa-overlay/tools/council/node_modules/@aws-sdk/nested-clients/dist-es/submodules/sts/runtimeExtensions.js: OK
/workspace/tmp/pixelelated-m7-qa-16/qa-overlay/tools/council/node_modules/@aws-sdk/nested-clients/dist-es/submodules/sts/schemas/schemas_0.js: OK
/workspace/tmp/pixelelated-m7-qa-16/qa-overlay/tools/council/node_modules/@aws-sdk/nested-clients/dist-types/index.d.ts: OK
/workspace/tmp/pixelelated-m7-qa-16/qa-overlay/tools/council/node_modules/@aws-sdk/nested-clients/dist-types/submodules/cognito-identity/CognitoIdentity.d.ts: OK
/workspace/tmp/pixelelated-m7-qa-16/qa-overlay/tools/council/node_modules/@aws-sdk/nested-clients/dist-types/submodules/cognito-identity/CognitoIdentityClient.d.ts: OK
/workspace/tmp/pixelelated-m7-qa-16/qa-overlay/tools/council/node_modules/@aws-sdk/nested-clients/dist-types/submodules/cognito-identity/auth/httpAuthExtensionConfiguration.d.ts: OK
/workspace/tmp/pixelelated-m7-qa-16/qa-overlay/tools/council/node_modules/@aws-sdk/nested-clients/dist-types/submodules/cognito-identity/auth/httpAuthSchemeProvider.d.ts: OK
/workspace/tmp/pixelelated-m7-qa-16/qa-overlay/tools/council/node_modules/@aws-sdk/nested-clients/dist-types/submodules/cognito-identity/commandBuilder.d.ts: OK
/workspace/tmp/pixelelated-m7-qa-16/qa-overlay/tools/council/node_modules/@aws-sdk/nested-clients/dist-types/submodules/cognito-identity/commands/GetCredentialsForIdentityCommand.d.ts: OK
/workspace/tmp/pixelelated-m7-qa-16/qa-overlay/tools/council/node_modules/@aws-sdk/nested-clients/dist-types/submodules/cognito-identity/commands/GetIdCommand.d.ts: OK
/workspace/tmp/pixelelated-m7-qa-16/qa-overlay/tools/council/node_modules/@aws-sdk/nested-clients/dist-types/submodules/cognito-identity/commands/index.d.ts: OK
/workspace/tmp/pixelelated-m7-qa-16/qa-overlay/tools/council/node_modules/@aws-sdk/nested-clients/dist-types/submodules/cognito-identity/endpoint/EndpointParameters.d.ts: OK
/workspace/tmp/pixelelated-m7-qa-16/qa-overlay/tools/council/node_modules/@aws-sdk/nested-clients/dist-types/submodules/cognito-identity/endpoint/bdd.d.ts: OK
/workspace/tmp/pixelelated-m7-qa-16/qa-overlay/tools/council/node_modules/@aws-sdk/nested-clients/dist-types/submodules/cognito-identity/endpoint/endpointResolver.d.ts: OK
/workspace/tmp/pixelelated-m7-qa-16/qa-overlay/tools/council/node_modules/@aws-sdk/nested-clients/dist-types/submodules/cognito-identity/extensionConfiguration.d.ts: OK
/workspace/tmp/pixelelated-m7-qa-16/qa-overlay/tools/council/node_modules/@aws-sdk/nested-clients/dist-types/submodules/cognito-identity/index.d.ts: OK
/workspace/tmp/pixelelated-m7-qa-16/qa-overlay/tools/council/node_modules/@aws-sdk/nested-clients/dist-types/submodules/cognito-identity/models/CognitoIdentityServiceException.d.ts: OK
/workspace/tmp/pixelelated-m7-qa-16/qa-overlay/tools/council/node_modules/@aws-sdk/nested-clients/dist-types/submodules/cognito-identity/models/errors.d.ts: OK
/workspace/tmp/pixelelated-m7-qa-16/qa-overlay/tools/council/node_modules/@aws-sdk/nested-clients/dist-types/submodules/cognito-identity/models/models_0.d.ts: OK
/workspace/tmp/pixelelated-m7-qa-16/qa-overlay/tools/council/node_modules/@aws-sdk/nested-clients/dist-types/submodules/cognito-identity/runtimeConfig.browser.d.ts: OK
/workspace/tmp/pixelelated-m7-qa-16/qa-overlay/tools/council/node_modules/@aws-sdk/nested-clients/dist-types/submodules/cognito-identity/runtimeConfig.d.ts: OK
/workspace/tmp/pixelelated-m7-qa-16/qa-overlay/tools/council/node_modules/@aws-sdk/nested-clients/dist-types/submodules/cognito-identity/runtimeConfig.native.d.ts: OK
/workspace/tmp/pixelelated-m7-qa-16/qa-overlay/tools/council/node_modules/@aws-sdk/nested-clients/dist-types/submodules/cognito-identity/runtimeConfig.shared.d.ts: OK
/workspace/tmp/pixelelated-m7-qa-16/qa-overlay/tools/council/node_modules/@aws-sdk/nested-clients/dist-types/submodules/cognito-identity/runtimeExtensions.d.ts: OK
/workspace/tmp/pixelelated-m7-qa-16/qa-overlay/tools/council/node_modules/@aws-sdk/nested-clients/dist-types/submodules/cognito-identity/schemas/schemas_0.d.ts: OK
/workspace/tmp/pixelelated-m7-qa-16/qa-overlay/tools/council/node_modules/@aws-sdk/nested-clients/dist-types/submodules/signin/Signin.d.ts: OK
/workspace/tmp/pixelelated-m7-qa-16/qa-overlay/tools/council/node_modules/@aws-sdk/nested-clients/dist-types/submodules/signin/SigninClient.d.ts: OK
/workspace/tmp/pixelelated-m7-qa-16/qa-overlay/tools/council/node_modules/@aws-sdk/nested-clients/dist-types/submodules/signin/auth/httpAuthExtensionConfiguration.d.ts: OK
/workspace/tmp/pixelelated-m7-qa-16/qa-overlay/tools/council/node_modules/@aws-sdk/nested-clients/dist-types/submodules/signin/auth/httpAuthSchemeProvider.d.ts: OK
/workspace/tmp/pixelelated-m7-qa-16/qa-overlay/tools/council/node_modules/@aws-sdk/nested-clients/dist-types/submodules/signin/commandBuilder.d.ts: OK
/workspace/tmp/pixelelated-m7-qa-16/qa-overlay/tools/council/node_modules/@aws-sdk/nested-clients/dist-types/submodules/signin/commands/CreateOAuth2TokenCommand.d.ts: OK
/workspace/tmp/pixelelated-m7-qa-16/qa-overlay/tools/council/node_modules/@aws-sdk/nested-clients/dist-types/submodules/signin/commands/CreateOAuth2TokenWithIAMCommand.d.ts: OK
/workspace/tmp/pixelelated-m7-qa-16/qa-overlay/tools/council/node_modules/@aws-sdk/nested-clients/dist-types/submodules/signin/commands/index.d.ts: OK
/workspace/tmp/pixelelated-m7-qa-16/qa-overlay/tools/council/node_modules/@aws-sdk/nested-clients/dist-types/submodules/signin/endpoint/EndpointParameters.d.ts: OK
/workspace/tmp/pixelelated-m7-qa-16/qa-overlay/tools/council/node_modules/@aws-sdk/nested-clients/dist-types/submodules/signin/endpoint/bdd.d.ts: OK
/workspace/tmp/pixelelated-m7-qa-16/qa-overlay/tools/council/node_modules/@aws-sdk/nested-clients/dist-types/submodules/signin/endpoint/endpointResolver.d.ts: OK
/workspace/tmp/pixelelated-m7-qa-16/qa-overlay/tools/council/node_modules/@aws-sdk/nested-clients/dist-types/submodules/signin/extensionConfiguration.d.ts: OK
/workspace/tmp/pixelelated-m7-qa-16/qa-overlay/tools/council/node_modules/@aws-sdk/nested-clients/dist-types/submodules/signin/index.d.ts: OK
/workspace/tmp/pixelelated-m7-qa-16/qa-overlay/tools/council/node_modules/@aws-sdk/nested-clients/dist-types/submodules/signin/models/SigninServiceException.d.ts: OK
/workspace/tmp/pixelelated-m7-qa-16/qa-overlay/tools/council/node_modules/@aws-sdk/nested-clients/dist-types/submodules/signin/models/enums.d.ts: OK
/workspace/tmp/pixelelated-m7-qa-16/qa-overlay/tools/council/node_modules/@aws-sdk/nested-clients/dist-types/submodules/signin/models/errors.d.ts: OK
/workspace/tmp/pixelelated-m7-qa-16/qa-overlay/tools/council/node_modules/@aws-sdk/nested-clients/dist-types/submodules/signin/models/models_0.d.ts: OK
/workspace/tmp/pixelelated-m7-qa-16/qa-overlay/tools/council/node_modules/@aws-sdk/nested-clients/dist-types/submodules/signin/runtimeConfig.browser.d.ts: OK
/workspace/tmp/pixelelated-m7-qa-16/qa-overlay/tools/council/node_modules/@aws-sdk/nested-clients/dist-types/submodules/signin/runtimeConfig.d.ts: OK
/workspace/tmp/pixelelated-m7-qa-16/qa-overlay/tools/council/node_modules/@aws-sdk/nested-clients/dist-types/submodules/signin/runtimeConfig.native.d.ts: OK
/workspace/tmp/pixelelated-m7-qa-16/qa-overlay/tools/council/node_modules/@aws-sdk/nested-clients/dist-types/submodules/signin/runtimeConfig.shared.d.ts: OK
/workspace/tmp/pixelelated-m7-qa-16/qa-overlay/tools/council/node_modules/@aws-sdk/nested-clients/dist-types/submodules/signin/runtimeExtensions.d.ts: OK
/workspace/tmp/pixelelated-m7-qa-16/qa-overlay/tools/council/node_modules/@aws-sdk/nested-clients/dist-types/submodules/signin/schemas/schemas_0.d.ts: OK
/workspace/tmp/pixelelated-m7-qa-16/qa-overlay/tools/council/node_modules/@aws-sdk/nested-clients/dist-types/submodules/sso/SSO.d.ts: OK
/workspace/tmp/pixelelated-m7-qa-16/qa-overlay/tools/council/node_modules/@aws-sdk/nested-clients/dist-types/submodules/sso/SSOClient.d.ts: OK
/workspace/tmp/pixelelated-m7-qa-16/qa-overlay/tools/council/node_modules/@aws-sdk/nested-clients/dist-types/submodules/sso/auth/httpAuthExtensionConfiguration.d.ts: OK
/workspace/tmp/pixelelated-m7-qa-16/qa-overlay/tools/council/node_modules/@aws-sdk/nested-clients/dist-types/submodules/sso/auth/httpAuthSchemeProvider.d.ts: OK
/workspace/tmp/pixelelated-m7-qa-16/qa-overlay/tools/council/node_modules/@aws-sdk/nested-clients/dist-types/submodules/sso/commandBuilder.d.ts: OK
/workspace/tmp/pixelelated-m7-qa-16/qa-overlay/tools/council/node_modules/@aws-sdk/nested-clients/dist-types/submodules/sso/commands/GetRoleCredentialsCommand.d.ts: OK
/workspace/tmp/pixelelated-m7-qa-16/qa-overlay/tools/council/node_modules/@aws-sdk/nested-clients/dist-types/submodules/sso/commands/index.d.ts: OK
/workspace/tmp/pixelelated-m7-qa-16/qa-overlay/tools/council/node_modules/@aws-sdk/nested-clients/dist-types/submodules/sso/endpoint/EndpointParameters.d.ts: OK
/workspace/tmp/pixelelated-m7-qa-16/qa-overlay/tools/council/node_modules/@aws-sdk/nested-clients/dist-types/submodules/sso/endpoint/bdd.d.ts: OK
/workspace/tmp/pixelelated-m7-qa-16/qa-overlay/tools/council/node_modules/@aws-sdk/nested-clients/dist-types/submodules/sso/endpoint/endpointResolver.d.ts: OK
/workspace/tmp/pixelelated-m7-qa-16/qa-overlay/tools/council/node_modules/@aws-sdk/nested-clients/dist-types/submodules/sso/extensionConfiguration.d.ts: OK
/workspace/tmp/pixelelated-m7-qa-16/qa-overlay/tools/council/node_modules/@aws-sdk/nested-clients/dist-types/submodules/sso/index.d.ts: OK
/workspace/tmp/pixelelated-m7-qa-16/qa-overlay/tools/council/node_modules/@aws-sdk/nested-clients/dist-types/submodules/sso/models/SSOServiceException.d.ts: OK
/workspace/tmp/pixelelated-m7-qa-16/qa-overlay/tools/council/node_modules/@aws-sdk/nested-clients/dist-types/submodules/sso/models/errors.d.ts: OK
/workspace/tmp/pixelelated-m7-qa-16/qa-overlay/tools/council/node_modules/@aws-sdk/nested-clients/dist-types/submodules/sso/models/models_0.d.ts: OK
/workspace/tmp/pixelelated-m7-qa-16/qa-overlay/tools/council/node_modules/@aws-sdk/nested-clients/dist-types/submodules/sso/runtimeConfig.browser.d.ts: OK
/workspace/tmp/pixelelated-m7-qa-16/qa-overlay/tools/council/node_modules/@aws-sdk/nested-clients/dist-types/submodules/sso/runtimeConfig.d.ts: OK
/workspace/tmp/pixelelated-m7-qa-16/qa-overlay/tools/council/node_modules/@aws-sdk/nested-clients/dist-types/submodules/sso/runtimeConfig.native.d.ts: OK
/workspace/tmp/pixelelated-m7-qa-16/qa-overlay/tools/council/node_modules/@aws-sdk/nested-clients/dist-types/submodules/sso/runtimeConfig.shared.d.ts: OK
/workspace/tmp/pixelelated-m7-qa-16/qa-overlay/tools/council/node_modules/@aws-sdk/nested-clients/dist-types/submodules/sso/runtimeExtensions.d.ts: OK
/workspace/tmp/pixelelated-m7-qa-16/qa-overlay/tools/council/node_modules/@aws-sdk/nested-clients/dist-types/submodules/sso/schemas/schemas_0.d.ts: OK
/workspace/tmp/pixelelated-m7-qa-16/qa-overlay/tools/council/node_modules/@aws-sdk/nested-clients/dist-types/submodules/sso-oidc/SSOOIDC.d.ts: OK
/workspace/tmp/pixelelated-m7-qa-16/qa-overlay/tools/council/node_modules/@aws-sdk/nested-clients/dist-types/submodules/sso-oidc/SSOOIDCClient.d.ts: OK
/workspace/tmp/pixelelated-m7-qa-16/qa-overlay/tools/council/node_modules/@aws-sdk/nested-clients/dist-types/submodules/sso-oidc/auth/httpAuthExtensionConfiguration.d.ts: OK
/workspace/tmp/pixelelated-m7-qa-16/qa-overlay/tools/council/node_modules/@aws-sdk/nested-clients/dist-types/submodules/sso-oidc/auth/httpAuthSchemeProvider.d.ts: OK
/workspace/tmp/pixelelated-m7-qa-16/qa-overlay/tools/council/node_modules/@aws-sdk/nested-clients/dist-types/submodules/sso-oidc/commandBuilder.d.ts: OK
/workspace/tmp/pixelelated-m7-qa-16/qa-overlay/tools/council/node_modules/@aws-sdk/nested-clients/dist-types/submodules/sso-oidc/commands/CreateTokenCommand.d.ts: OK
/workspace/tmp/pixelelated-m7-qa-16/qa-overlay/tools/council/node_modules/@aws-sdk/nested-clients/dist-types/submodules/sso-oidc/commands/index.d.ts: OK
/workspace/tmp/pixelelated-m7-qa-16/qa-overlay/tools/council/node_modules/@aws-sdk/nested-clients/dist-types/submodules/sso-oidc/endpoint/EndpointParameters.d.ts: OK
/workspace/tmp/pixelelated-m7-qa-16/qa-overlay/tools/council/node_modules/@aws-sdk/nested-clients/dist-types/submodules/sso-oidc/endpoint/bdd.d.ts: OK
/workspace/tmp/pixelelated-m7-qa-16/qa-overlay/tools/council/node_modules/@aws-sdk/nested-clients/dist-types/submodules/sso-oidc/endpoint/endpointResolver.d.ts: OK
/workspace/tmp/pixelelated-m7-qa-16/qa-overlay/tools/council/node_modules/@aws-sdk/nested-clients/dist-types/submodules/sso-oidc/extensionConfiguration.d.ts: OK
/workspace/tmp/pixelelated-m7-qa-16/qa-overlay/tools/council/node_modules/@aws-sdk/nested-clients/dist-types/submodules/sso-oidc/index.d.ts: OK
/workspace/tmp/pixelelated-m7-qa-16/qa-overlay/tools/council/node_modules/@aws-sdk/nested-clients/dist-types/submodules/sso-oidc/models/SSOOIDCServiceException.d.ts: OK
/workspace/tmp/pixelelated-m7-qa-16/qa-overlay/tools/council/node_modules/@aws-sdk/nested-clients/dist-types/submodules/sso-oidc/models/enums.d.ts: OK
/workspace/tmp/pixelelated-m7-qa-16/qa-overlay/tools/council/node_modules/@aws-sdk/nested-clients/dist-types/submodules/sso-oidc/models/errors.d.ts: OK
/workspace/tmp/pixelelated-m7-qa-16/qa-overlay/tools/council/node_modules/@aws-sdk/nested-clients/dist-types/submodules/sso-oidc/models/models_0.d.ts: OK
/workspace/tmp/pixelelated-m7-qa-16/qa-overlay/tools/council/node_modules/@aws-sdk/nested-clients/dist-types/submodules/sso-oidc/runtimeConfig.browser.d.ts: OK
/workspace/tmp/pixelelated-m7-qa-16/qa-overlay/tools/council/node_modules/@aws-sdk/nested-clients/dist-types/submodules/sso-oidc/runtimeConfig.d.ts: OK
/workspace/tmp/pixelelated-m7-qa-16/qa-overlay/tools/council/node_modules/@aws-sdk/nested-clients/dist-types/submodules/sso-oidc/runtimeConfig.native.d.ts: OK
/workspace/tmp/pixelelated-m7-qa-16/qa-overlay/tools/council/node_modules/@aws-sdk/nested-clients/dist-types/submodules/sso-oidc/runtimeConfig.shared.d.ts: OK
/workspace/tmp/pixelelated-m7-qa-16/qa-overlay/tools/council/node_modules/@aws-sdk/nested-clients/dist-types/submodules/sso-oidc/runtimeExtensions.d.ts: OK
/workspace/tmp/pixelelated-m7-qa-16/qa-overlay/tools/council/node_modules/@aws-sdk/nested-clients/dist-types/submodules/sso-oidc/schemas/schemas_0.d.ts: OK
/workspace/tmp/pixelelated-m7-qa-16/qa-overlay/tools/council/node_modules/@aws-sdk/nested-clients/dist-types/submodules/sts/STS.d.ts: OK
/workspace/tmp/pixelelated-m7-qa-16/qa-overlay/tools/council/node_modules/@aws-sdk/nested-clients/dist-types/submodules/sts/STSClient.d.ts: OK
/workspace/tmp/pixelelated-m7-qa-16/qa-overlay/tools/council/node_modules/@aws-sdk/nested-clients/dist-types/submodules/sts/auth/httpAuthExtensionConfiguration.d.ts: OK
/workspace/tmp/pixelelated-m7-qa-16/qa-overlay/tools/council/node_modules/@aws-sdk/nested-clients/dist-types/submodules/sts/auth/httpAuthSchemeProvider.d.ts: OK
/workspace/tmp/pixelelated-m7-qa-16/qa-overlay/tools/council/node_modules/@aws-sdk/nested-clients/dist-types/submodules/sts/commandBuilder.d.ts: OK
/workspace/tmp/pixelelated-m7-qa-16/qa-overlay/tools/council/node_modules/@aws-sdk/nested-clients/dist-types/submodules/sts/commands/AssumeRoleCommand.d.ts: OK
/workspace/tmp/pixelelated-m7-qa-16/qa-overlay/tools/council/node_modules/@aws-sdk/nested-clients/dist-types/submodules/sts/commands/AssumeRoleWithWebIdentityCommand.d.ts: OK
/workspace/tmp/pixelelated-m7-qa-16/qa-overlay/tools/council/node_modules/@aws-sdk/nested-clients/dist-types/submodules/sts/commands/index.d.ts: OK
/workspace/tmp/pixelelated-m7-qa-16/qa-overlay/tools/council/node_modules/@aws-sdk/nested-clients/dist-types/submodules/sts/defaultRoleAssumers.d.ts: OK
/workspace/tmp/pixelelated-m7-qa-16/qa-overlay/tools/council/node_modules/@aws-sdk/nested-clients/dist-types/submodules/sts/defaultStsRoleAssumers.d.ts: OK
/workspace/tmp/pixelelated-m7-qa-16/qa-overlay/tools/council/node_modules/@aws-sdk/nested-clients/dist-types/submodules/sts/endpoint/EndpointParameters.d.ts: OK
/workspace/tmp/pixelelated-m7-qa-16/qa-overlay/tools/council/node_modules/@aws-sdk/nested-clients/dist-types/submodules/sts/endpoint/bdd.d.ts: OK
/workspace/tmp/pixelelated-m7-qa-16/qa-overlay/tools/council/node_modules/@aws-sdk/nested-clients/dist-types/submodules/sts/endpoint/endpointResolver.d.ts: OK
/workspace/tmp/pixelelated-m7-qa-16/qa-overlay/tools/council/node_modules/@aws-sdk/nested-clients/dist-types/submodules/sts/extensionConfiguration.d.ts: OK
/workspace/tmp/pixelelated-m7-qa-16/qa-overlay/tools/council/node_modules/@aws-sdk/nested-clients/dist-types/submodules/sts/index.d.ts: OK
/workspace/tmp/pixelelated-m7-qa-16/qa-overlay/tools/council/node_modules/@aws-sdk/nested-clients/dist-types/submodules/sts/models/STSServiceException.d.ts: OK
/workspace/tmp/pixelelated-m7-qa-16/qa-overlay/tools/council/node_modules/@aws-sdk/nested-clients/dist-types/submodules/sts/models/errors.d.ts: OK
/workspace/tmp/pixelelated-m7-qa-16/qa-overlay/tools/council/node_modules/@aws-sdk/nested-clients/dist-types/submodules/sts/models/models_0.d.ts: OK
/workspace/tmp/pixelelated-m7-qa-16/qa-overlay/tools/council/node_modules/@aws-sdk/nested-clients/dist-types/submodules/sts/runtimeConfig.browser.d.ts: OK
/workspace/tmp/pixelelated-m7-qa-16/qa-overlay/tools/council/node_modules/@aws-sdk/nested-clients/dist-types/submodules/sts/runtimeConfig.d.ts: OK
/workspace/tmp/pixelelated-m7-qa-16/qa-overlay/tools/council/node_modules/@aws-sdk/nested-clients/dist-types/submodules/sts/runtimeConfig.native.d.ts: OK
/workspace/tmp/pixelelated-m7-qa-16/qa-overlay/tools/council/node_modules/@aws-sdk/nested-clients/dist-types/submodules/sts/runtimeConfig.shared.d.ts: OK
/workspace/tmp/pixelelated-m7-qa-16/qa-overlay/tools/council/node_modules/@aws-sdk/nested-clients/dist-types/submodules/sts/runtimeExtensions.d.ts: OK
/workspace/tmp/pixelelated-m7-qa-16/qa-overlay/tools/council/node_modules/@aws-sdk/nested-clients/dist-types/submodules/sts/schemas/schemas_0.d.ts: OK
/workspace/tmp/pixelelated-m7-qa-16/qa-overlay/tools/council/node_modules/@aws-sdk/nested-clients/dist-types/ts3.4/index.d.ts: OK
/workspace/tmp/pixelelated-m7-qa-16/qa-overlay/tools/council/node_modules/@aws-sdk/nested-clients/dist-types/ts3.4/submodules/cognito-identity/CognitoIdentity.d.ts: OK
/workspace/tmp/pixelelated-m7-qa-16/qa-overlay/tools/council/node_modules/@aws-sdk/nested-clients/dist-types/ts3.4/submodules/cognito-identity/CognitoIdentityClient.d.ts: OK
/workspace/tmp/pixelelated-m7-qa-16/qa-overlay/tools/council/node_modules/@aws-sdk/nested-clients/dist-types/ts3.4/submodules/cognito-identity/auth/httpAuthExtensionConfiguration.d.ts: OK
/workspace/tmp/pixelelated-m7-qa-16/qa-overlay/tools/council/node_modules/@aws-sdk/nested-clients/dist-types/ts3.4/submodules/cognito-identity/auth/httpAuthSchemeProvider.d.ts: OK
/workspace/tmp/pixelelated-m7-qa-16/qa-overlay/tools/council/node_modules/@aws-sdk/nested-clients/dist-types/ts3.4/submodules/cognito-identity/commandBuilder.d.ts: OK
/workspace/tmp/pixelelated-m7-qa-16/qa-overlay/tools/council/node_modules/@aws-sdk/nested-clients/dist-types/ts3.4/submodules/cognito-identity/commands/GetCredentialsForIdentityCommand.d.ts: OK
/workspace/tmp/pixelelated-m7-qa-16/qa-overlay/tools/council/node_modules/@aws-sdk/nested-clients/dist-types/ts3.4/submodules/cognito-identity/commands/GetIdCommand.d.ts: OK
/workspace/tmp/pixelelated-m7-qa-16/qa-overlay/tools/council/node_modules/@aws-sdk/nested-clients/dist-types/ts3.4/submodules/cognito-identity/commands/index.d.ts: OK
/workspace/tmp/pixelelated-m7-qa-16/qa-overlay/tools/council/node_modules/@aws-sdk/nested-clients/dist-types/ts3.4/submodules/cognito-identity/endpoint/EndpointParameters.d.ts: OK
/workspace/tmp/pixelelated-m7-qa-16/qa-overlay/tools/council/node_modules/@aws-sdk/nested-clients/dist-types/ts3.4/submodules/cognito-identity/endpoint/bdd.d.ts: OK
/workspace/tmp/pixelelated-m7-qa-16/qa-overlay/tools/council/node_modules/@aws-sdk/nested-clients/dist-types/ts3.4/submodules/cognito-identity/endpoint/endpointResolver.d.ts: OK
/workspace/tmp/pixelelated-m7-qa-16/qa-overlay/tools/council/node_modules/@aws-sdk/nested-clients/dist-types/ts3.4/submodules/cognito-identity/extensionConfiguration.d.ts: OK
/workspace/tmp/pixelelated-m7-qa-16/qa-overlay/tools/council/node_modules/@aws-sdk/nested-clients/dist-types/ts3.4/submodules/cognito-identity/index.d.ts: OK
/workspace/tmp/pixelelated-m7-qa-16/qa-overlay/tools/council/node_modules/@aws-sdk/nested-clients/dist-types/ts3.4/submodules/cognito-identity/models/CognitoIdentityServiceException.d.ts: OK
/workspace/tmp/pixelelated-m7-qa-16/qa-overlay/tools/council/node_modules/@aws-sdk/nested-clients/dist-types/ts3.4/submodules/cognito-identity/models/errors.d.ts: OK
/workspace/tmp/pixelelated-m7-qa-16/qa-overlay/tools/council/node_modules/@aws-sdk/nested-clients/dist-types/ts3.4/submodules/cognito-identity/models/models_0.d.ts: OK
/workspace/tmp/pixelelated-m7-qa-16/qa-overlay/tools/council/node_modules/@aws-sdk/nested-clients/dist-types/ts3.4/submodules/cognito-identity/runtimeConfig.browser.d.ts: OK
/workspace/tmp/pixelelated-m7-qa-16/qa-overlay/tools/council/node_modules/@aws-sdk/nested-clients/dist-types/ts3.4/submodules/cognito-identity/runtimeConfig.d.ts: OK
/workspace/tmp/pixelelated-m7-qa-16/qa-overlay/tools/council/node_modules/@aws-sdk/nested-clients/dist-types/ts3.4/submodules/cognito-identity/runtimeConfig.native.d.ts: OK
/workspace/tmp/pixelelated-m7-qa-16/qa-overlay/tools/council/node_modules/@aws-sdk/nested-clients/dist-types/ts3.4/submodules/cognito-identity/runtimeConfig.shared.d.ts: OK
/workspace/tmp/pixelelated-m7-qa-16/qa-overlay/tools/council/node_modules/@aws-sdk/nested-clients/dist-types/ts3.4/submodules/cognito-identity/runtimeExtensions.d.ts: OK
/workspace/tmp/pixelelated-m7-qa-16/qa-overlay/tools/council/node_modules/@aws-sdk/nested-clients/dist-types/ts3.4/submodules/cognito-identity/schemas/schemas_0.d.ts: OK
/workspace/tmp/pixelelated-m7-qa-16/qa-overlay/tools/council/node_modules/@aws-sdk/nested-clients/dist-types/ts3.4/submodules/signin/Signin.d.ts: OK
/workspace/tmp/pixelelated-m7-qa-16/qa-overlay/tools/council/node_modules/@aws-sdk/nested-clients/dist-types/ts3.4/submodules/signin/SigninClient.d.ts: OK
/workspace/tmp/pixelelated-m7-qa-16/qa-overlay/tools/council/node_modules/@aws-sdk/nested-clients/dist-types/ts3.4/submodules/signin/auth/httpAuthExtensionConfiguration.d.ts: OK
/workspace/tmp/pixelelated-m7-qa-16/qa-overlay/tools/council/node_modules/@aws-sdk/nested-clients/dist-types/ts3.4/submodules/signin/auth/httpAuthSchemeProvider.d.ts: OK
/workspace/tmp/pixelelated-m7-qa-16/qa-overlay/tools/council/node_modules/@aws-sdk/nested-clients/dist-types/ts3.4/submodules/signin/commandBuilder.d.ts: OK
/workspace/tmp/pixelelated-m7-qa-16/qa-overlay/tools/council/node_modules/@aws-sdk/nested-clients/dist-types/ts3.4/submodules/signin/commands/CreateOAuth2TokenCommand.d.ts: OK
/workspace/tmp/pixelelated-m7-qa-16/qa-overlay/tools/council/node_modules/@aws-sdk/nested-clients/dist-types/ts3.4/submodules/signin/commands/CreateOAuth2TokenWithIAMCommand.d.ts: OK
/workspace/tmp/pixelelated-m7-qa-16/qa-overlay/tools/council/node_modules/@aws-sdk/nested-clients/dist-types/ts3.4/submodules/signin/commands/index.d.ts: OK
/workspace/tmp/pixelelated-m7-qa-16/qa-overlay/tools/council/node_modules/@aws-sdk/nested-clients/dist-types/ts3.4/submodules/signin/endpoint/EndpointParameters.d.ts: OK
/workspace/tmp/pixelelated-m7-qa-16/qa-overlay/tools/council/node_modules/@aws-sdk/nested-clients/dist-types/ts3.4/submodules/signin/endpoint/bdd.d.ts: OK
/workspace/tmp/pixelelated-m7-qa-16/qa-overlay/tools/council/node_modules/@aws-sdk/nested-clients/dist-types/ts3.4/submodules/signin/endpoint/endpointResolver.d.ts: OK
/workspace/tmp/pixelelated-m7-qa-16/qa-overlay/tools/council/node_modules/@aws-sdk/nested-clients/dist-types/ts3.4/submodules/signin/extensionConfiguration.d.ts: OK
/workspace/tmp/pixelelated-m7-qa-16/qa-overlay/tools/council/node_modules/@aws-sdk/nested-clients/dist-types/ts3.4/submodules/signin/index.d.ts: OK
/workspace/tmp/pixelelated-m7-qa-16/qa-overlay/tools/council/node_modules/@aws-sdk/nested-clients/dist-types/ts3.4/submodules/signin/models/SigninServiceException.d.ts: OK
/workspace/tmp/pixelelated-m7-qa-16/qa-overlay/tools/council/node_modules/@aws-sdk/nested-clients/dist-types/ts3.4/submodules/signin/models/enums.d.ts: OK
/workspace/tmp/pixelelated-m7-qa-16/qa-overlay/tools/council/node_modules/@aws-sdk/nested-clients/dist-types/ts3.4/submodules/signin/models/errors.d.ts: OK
/workspace/tmp/pixelelated-m7-qa-16/qa-overlay/tools/council/node_modules/@aws-sdk/nested-clients/dist-types/ts3.4/submodules/signin/models/models_0.d.ts: OK
/workspace/tmp/pixelelated-m7-qa-16/qa-overlay/tools/council/node_modules/@aws-sdk/nested-clients/dist-types/ts3.4/submodules/signin/runtimeConfig.browser.d.ts: OK
/workspace/tmp/pixelelated-m7-qa-16/qa-overlay/tools/council/node_modules/@aws-sdk/nested-clients/dist-types/ts3.4/submodules/signin/runtimeConfig.d.ts: OK
/workspace/tmp/pixelelated-m7-qa-16/qa-overlay/tools/council/node_modules/@aws-sdk/nested-clients/dist-types/ts3.4/submodules/signin/runtimeConfig.native.d.ts: OK
/workspace/tmp/pixelelated-m7-qa-16/qa-overlay/tools/council/node_modules/@aws-sdk/nested-clients/dist-types/ts3.4/submodules/signin/runtimeConfig.shared.d.ts: OK
/workspace/tmp/pixelelated-m7-qa-16/qa-overlay/tools/council/node_modules/@aws-sdk/nested-clients/dist-types/ts3.4/submodules/signin/runtimeExtensions.d.ts: OK
/workspace/tmp/pixelelated-m7-qa-16/qa-overlay/tools/council/node_modules/@aws-sdk/nested-clients/dist-types/ts3.4/submodules/signin/schemas/schemas_0.d.ts: OK
/workspace/tmp/pixelelated-m7-qa-16/qa-overlay/tools/council/node_modules/@aws-sdk/nested-clients/dist-types/ts3.4/submodules/sso/SSO.d.ts: OK
/workspace/tmp/pixelelated-m7-qa-16/qa-overlay/tools/council/node_modules/@aws-sdk/nested-clients/dist-types/ts3.4/submodules/sso/SSOClient.d.ts: OK
/workspace/tmp/pixelelated-m7-qa-16/qa-overlay/tools/council/node_modules/@aws-sdk/nested-clients/dist-types/ts3.4/submodules/sso/auth/httpAuthExtensionConfiguration.d.ts: OK
/workspace/tmp/pixelelated-m7-qa-16/qa-overlay/tools/council/node_modules/@aws-sdk/nested-clients/dist-types/ts3.4/submodules/sso/auth/httpAuthSchemeProvider.d.ts: OK
/workspace/tmp/pixelelated-m7-qa-16/qa-overlay/tools/council/node_modules/@aws-sdk/nested-clients/dist-types/ts3.4/submodules/sso/commandBuilder.d.ts: OK
/workspace/tmp/pixelelated-m7-qa-16/qa-overlay/tools/council/node_modules/@aws-sdk/nested-clients/dist-types/ts3.4/submodules/sso/commands/GetRoleCredentialsCommand.d.ts: OK
/workspace/tmp/pixelelated-m7-qa-16/qa-overlay/tools/council/node_modules/@aws-sdk/nested-clients/dist-types/ts3.4/submodules/sso/commands/index.d.ts: OK
/workspace/tmp/pixelelated-m7-qa-16/qa-overlay/tools/council/node_modules/@aws-sdk/nested-clients/dist-types/ts3.4/submodules/sso/endpoint/EndpointParameters.d.ts: OK
/workspace/tmp/pixelelated-m7-qa-16/qa-overlay/tools/council/node_modules/@aws-sdk/nested-clients/dist-types/ts3.4/submodules/sso/endpoint/bdd.d.ts: OK
/workspace/tmp/pixelelated-m7-qa-16/qa-overlay/tools/council/node_modules/@aws-sdk/nested-clients/dist-types/ts3.4/submodules/sso/endpoint/endpointResolver.d.ts: OK
/workspace/tmp/pixelelated-m7-qa-16/qa-overlay/tools/council/node_modules/@aws-sdk/nested-clients/dist-types/ts3.4/submodules/sso/extensionConfiguration.d.ts: OK
/workspace/tmp/pixelelated-m7-qa-16/qa-overlay/tools/council/node_modules/@aws-sdk/nested-clients/dist-types/ts3.4/submodules/sso/index.d.ts: OK
/workspace/tmp/pixelelated-m7-qa-16/qa-overlay/tools/council/node_modules/@aws-sdk/nested-clients/dist-types/ts3.4/submodules/sso/models/SSOServiceException.d.ts: OK
/workspace/tmp/pixelelated-m7-qa-16/qa-overlay/tools/council/node_modules/@aws-sdk/nested-clients/dist-types/ts3.4/submodules/sso/models/errors.d.ts: OK
/workspace/tmp/pixelelated-m7-qa-16/qa-overlay/tools/council/node_modules/@aws-sdk/nested-clients/dist-types/ts3.4/submodules/sso/models/models_0.d.ts: OK
/workspace/tmp/pixelelated-m7-qa-16/qa-overlay/tools/council/node_modules/@aws-sdk/nested-clients/dist-types/ts3.4/submodules/sso/runtimeConfig.browser.d.ts: OK
/workspace/tmp/pixelelated-m7-qa-16/qa-overlay/tools/council/node_modules/@aws-sdk/nested-clients/dist-types/ts3.4/submodules/sso/runtimeConfig.d.ts: OK
/workspace/tmp/pixelelated-m7-qa-16/qa-overlay/tools/council/node_modules/@aws-sdk/nested-clients/dist-types/ts3.4/submodules/sso/runtimeConfig.native.d.ts: OK
/workspace/tmp/pixelelated-m7-qa-16/qa-overlay/tools/council/node_modules/@aws-sdk/nested-clients/dist-types/ts3.4/submodules/sso/runtimeConfig.shared.d.ts: OK
/workspace/tmp/pixelelated-m7-qa-16/qa-overlay/tools/council/node_modules/@aws-sdk/nested-clients/dist-types/ts3.4/submodules/sso/runtimeExtensions.d.ts: OK
/workspace/tmp/pixelelated-m7-qa-16/qa-overlay/tools/council/node_modules/@aws-sdk/nested-clients/dist-types/ts3.4/submodules/sso/schemas/schemas_0.d.ts: OK
/workspace/tmp/pixelelated-m7-qa-16/qa-overlay/tools/council/node_modules/@aws-sdk/nested-clients/dist-types/ts3.4/submodules/sso-oidc/SSOOIDC.d.ts: OK
/workspace/tmp/pixelelated-m7-qa-16/qa-overlay/tools/council/node_modules/@aws-sdk/nested-clients/dist-types/ts3.4/submodules/sso-oidc/SSOOIDCClient.d.ts: OK
/workspace/tmp/pixelelated-m7-qa-16/qa-overlay/tools/council/node_modules/@aws-sdk/nested-clients/dist-types/ts3.4/submodules/sso-oidc/auth/httpAuthExtensionConfiguration.d.ts: OK
/workspace/tmp/pixelelated-m7-qa-16/qa-overlay/tools/council/node_modules/@aws-sdk/nested-clients/dist-types/ts3.4/submodules/sso-oidc/auth/httpAuthSchemeProvider.d.ts: OK
/workspace/tmp/pixelelated-m7-qa-16/qa-overlay/tools/council/node_modules/@aws-sdk/nested-clients/dist-types/ts3.4/submodules/sso-oidc/commandBuilder.d.ts: OK
/workspace/tmp/pixelelated-m7-qa-16/qa-overlay/tools/council/node_modules/@aws-sdk/nested-clients/dist-types/ts3.4/submodules/sso-oidc/commands/CreateTokenCommand.d.ts: OK
/workspace/tmp/pixelelated-m7-qa-16/qa-overlay/tools/council/node_modules/@aws-sdk/nested-clients/dist-types/ts3.4/submodules/sso-oidc/commands/index.d.ts: OK
/workspace/tmp/pixelelated-m7-qa-16/qa-overlay/tools/council/node_modules/@aws-sdk/nested-clients/dist-types/ts3.4/submodules/sso-oidc/endpoint/EndpointParameters.d.ts: OK
/workspace/tmp/pixelelated-m7-qa-16/qa-overlay/tools/council/node_modules/@aws-sdk/nested-clients/dist-types/ts3.4/submodules/sso-oidc/endpoint/bdd.d.ts: OK
/workspace/tmp/pixelelated-m7-qa-16/qa-overlay/tools/council/node_modules/@aws-sdk/nested-clients/dist-types/ts3.4/submodules/sso-oidc/endpoint/endpointResolver.d.ts: OK
/workspace/tmp/pixelelated-m7-qa-16/qa-overlay/tools/council/node_modules/@aws-sdk/nested-clients/dist-types/ts3.4/submodules/sso-oidc/extensionConfiguration.d.ts: OK
/workspace/tmp/pixelelated-m7-qa-16/qa-overlay/tools/council/node_modules/@aws-sdk/nested-clients/dist-types/ts3.4/submodules/sso-oidc/index.d.ts: OK
/workspace/tmp/pixelelated-m7-qa-16/qa-overlay/tools/council/node_modules/@aws-sdk/nested-clients/dist-types/ts3.4/submodules/sso-oidc/models/SSOOIDCServiceException.d.ts: OK
/workspace/tmp/pixelelated-m7-qa-16/qa-overlay/tools/council/node_modules/@aws-sdk/nested-clients/dist-types/ts3.4/submodules/sso-oidc/models/enums.d.ts: OK
/workspace/tmp/pixelelated-m7-qa-16/qa-overlay/tools/council/node_modules/@aws-sdk/nested-clients/dist-types/ts3.4/submodules/sso-oidc/models/errors.d.ts: OK
/workspace/tmp/pixelelated-m7-qa-16/qa-overlay/tools/council/node_modules/@aws-sdk/nested-clients/dist-types/ts3.4/submodules/sso-oidc/models/models_0.d.ts: OK
/workspace/tmp/pixelelated-m7-qa-16/qa-overlay/tools/council/node_modules/@aws-sdk/nested-clients/dist-types/ts3.4/submodules/sso-oidc/runtimeConfig.browser.d.ts: OK
/workspace/tmp/pixelelated-m7-qa-16/qa-overlay/tools/council/node_modules/@aws-sdk/nested-clients/dist-types/ts3.4/submodules/sso-oidc/runtimeConfig.d.ts: OK
/workspace/tmp/pixelelated-m7-qa-16/qa-overlay/tools/council/node_modules/@aws-sdk/nested-clients/dist-types/ts3.4/submodules/sso-oidc/runtimeConfig.native.d.ts: OK
/workspace/tmp/pixelelated-m7-qa-16/qa-overlay/tools/council/node_modules/@aws-sdk/nested-clients/dist-types/ts3.4/submodules/sso-oidc/runtimeConfig.shared.d.ts: OK
/workspace/tmp/pixelelated-m7-qa-16/qa-overlay/tools/council/node_modules/@aws-sdk/nested-clients/dist-types/ts3.4/submodules/sso-oidc/runtimeExtensions.d.ts: OK
/workspace/tmp/pixelelated-m7-qa-16/qa-overlay/tools/council/node_modules/@aws-sdk/nested-clients/dist-types/ts3.4/submodules/sso-oidc/schemas/schemas_0.d.ts: OK
/workspace/tmp/pixelelated-m7-qa-16/qa-overlay/tools/council/node_modules/@aws-sdk/nested-clients/dist-types/ts3.4/submodules/sts/STS.d.ts: OK
/workspace/tmp/pixelelated-m7-qa-16/qa-overlay/tools/council/node_modules/@aws-sdk/nested-clients/dist-types/ts3.4/submodules/sts/STSClient.d.ts: OK
/workspace/tmp/pixelelated-m7-qa-16/qa-overlay/tools/council/node_modules/@aws-sdk/nested-clients/dist-types/ts3.4/submodules/sts/auth/httpAuthExtensionConfiguration.d.ts: OK
/workspace/tmp/pixelelated-m7-qa-16/qa-overlay/tools/council/node_modules/@aws-sdk/nested-clients/dist-types/ts3.4/submodules/sts/auth/httpAuthSchemeProvider.d.ts: OK
/workspace/tmp/pixelelated-m7-qa-16/qa-overlay/tools/council/node_modules/@aws-sdk/nested-clients/dist-types/ts3.4/submodules/sts/commandBuilder.d.ts: OK
/workspace/tmp/pixelelated-m7-qa-16/qa-overlay/tools/council/node_modules/@aws-sdk/nested-clients/dist-types/ts3.4/submodules/sts/commands/AssumeRoleCommand.d.ts: OK
/workspace/tmp/pixelelated-m7-qa-16/qa-overlay/tools/council/node_modules/@aws-sdk/nested-clients/dist-types/ts3.4/submodules/sts/commands/AssumeRoleWithWebIdentityCommand.d.ts: OK
/workspace/tmp/pixelelated-m7-qa-16/qa-overlay/tools/council/node_modules/@aws-sdk/nested-clients/dist-types/ts3.4/submodules/sts/commands/index.d.ts: OK
/workspace/tmp/pixelelated-m7-qa-16/qa-overlay/tools/council/node_modules/@aws-sdk/nested-clients/dist-types/ts3.4/submodules/sts/defaultRoleAssumers.d.ts: OK
/workspace/tmp/pixelelated-m7-qa-16/qa-overlay/tools/council/node_modules/@aws-sdk/nested-clients/dist-types/ts3.4/submodules/sts/defaultStsRoleAssumers.d.ts: OK
/workspace/tmp/pixelelated-m7-qa-16/qa-overlay/tools/council/node_modules/@aws-sdk/nested-clients/dist-types/ts3.4/submodules/sts/endpoint/EndpointParameters.d.ts: OK
/workspace/tmp/pixelelated-m7-qa-16/qa-overlay/tools/council/node_modules/@aws-sdk/nested-clients/dist-types/ts3.4/submodules/sts/endpoint/bdd.d.ts: OK
/workspace/tmp/pixelelated-m7-qa-16/qa-overlay/tools/council/node_modules/@aws-sdk/nested-clients/dist-types/ts3.4/submodules/sts/endpoint/endpointResolver.d.ts: OK
/workspace/tmp/pixelelated-m7-qa-16/qa-overlay/tools/council/node_modules/@aws-sdk/nested-clients/dist-types/ts3.4/submodules/sts/extensionConfiguration.d.ts: OK
/workspace/tmp/pixelelated-m7-qa-16/qa-overlay/tools/council/node_modules/@aws-sdk/nested-clients/dist-types/ts3.4/submodules/sts/index.d.ts: OK
/workspace/tmp/pixelelated-m7-qa-16/qa-overlay/tools/council/node_modules/@aws-sdk/nested-clients/dist-types/ts3.4/submodules/sts/models/STSServiceException.d.ts: OK
/workspace/tmp/pixelelated-m7-qa-16/qa-overlay/tools/council/node_modules/@aws-sdk/nested-clients/dist-types/ts3.4/submodules/sts/models/errors.d.ts: OK
/workspace/tmp/pixelelated-m7-qa-16/qa-overlay/tools/council/node_modules/@aws-sdk/nested-clients/dist-types/ts3.4/submodules/sts/models/models_0.d.ts: OK
/workspace/tmp/pixelelated-m7-qa-16/qa-overlay/tools/council/node_modules/@aws-sdk/nested-clients/dist-types/ts3.4/submodules/sts/runtimeConfig.browser.d.ts: OK
/workspace/tmp/pixelelated-m7-qa-16/qa-overlay/tools/council/node_modules/@aws-sdk/nested-clients/dist-types/ts3.4/submodules/sts/runtimeConfig.d.ts: OK
/workspace/tmp/pixelelated-m7-qa-16/qa-overlay/tools/council/node_modules/@aws-sdk/nested-clients/dist-types/ts3.4/submodules/sts/runtimeConfig.native.d.ts: OK
/workspace/tmp/pixelelated-m7-qa-16/qa-overlay/tools/council/node_modules/@aws-sdk/nested-clients/dist-types/ts3.4/submodules/sts/runtimeConfig.shared.d.ts: OK
/workspace/tmp/pixelelated-m7-qa-16/qa-overlay/tools/council/node_modules/@aws-sdk/nested-clients/dist-types/ts3.4/submodules/sts/runtimeExtensions.d.ts: OK
/workspace/tmp/pixelelated-m7-qa-16/qa-overlay/tools/council/node_modules/@aws-sdk/nested-clients/dist-types/ts3.4/submodules/sts/schemas/schemas_0.d.ts: OK
/workspace/tmp/pixelelated-m7-qa-16/qa-overlay/tools/council/node_modules/@aws-sdk/nested-clients/package.json: OK
/workspace/tmp/pixelelated-m7-qa-16/qa-overlay/tools/council/node_modules/@aws-sdk/nested-clients/signin.d.ts: OK
/workspace/tmp/pixelelated-m7-qa-16/qa-overlay/tools/council/node_modules/@aws-sdk/nested-clients/signin.js: OK
/workspace/tmp/pixelelated-m7-qa-16/qa-overlay/tools/council/node_modules/@aws-sdk/nested-clients/sso-oidc.d.ts: OK
/workspace/tmp/pixelelated-m7-qa-16/qa-overlay/tools/council/node_modules/@aws-sdk/nested-clients/sso-oidc.js: OK
/workspace/tmp/pixelelated-m7-qa-16/qa-overlay/tools/council/node_modules/@aws-sdk/nested-clients/sso.d.ts: OK
/workspace/tmp/pixelelated-m7-qa-16/qa-overlay/tools/council/node_modules/@aws-sdk/nested-clients/sso.js: OK
/workspace/tmp/pixelelated-m7-qa-16/qa-overlay/tools/council/node_modules/@aws-sdk/nested-clients/sts.d.ts: OK
/workspace/tmp/pixelelated-m7-qa-16/qa-overlay/tools/council/node_modules/@aws-sdk/nested-clients/sts.js: OK
/workspace/tmp/pixelelated-m7-qa-16/qa-overlay/tools/council/node_modules/@aws-sdk/signature-v4-multi-region/LICENSE: OK
/workspace/tmp/pixelelated-m7-qa-16/qa-overlay/tools/council/node_modules/@aws-sdk/signature-v4-multi-region/README.md: OK
/workspace/tmp/pixelelated-m7-qa-16/qa-overlay/tools/council/node_modules/@aws-sdk/signature-v4-multi-region/dist-cjs/index.js: OK
/workspace/tmp/pixelelated-m7-qa-16/qa-overlay/tools/council/node_modules/@aws-sdk/signature-v4-multi-region/dist-es/SignatureV4MultiRegion.js: OK
/workspace/tmp/pixelelated-m7-qa-16/qa-overlay/tools/council/node_modules/@aws-sdk/signature-v4-multi-region/dist-es/SignatureV4SignWithCredentials.js: OK
/workspace/tmp/pixelelated-m7-qa-16/qa-overlay/tools/council/node_modules/@aws-sdk/signature-v4-multi-region/dist-es/index.js: OK
/workspace/tmp/pixelelated-m7-qa-16/qa-overlay/tools/council/node_modules/@aws-sdk/signature-v4-multi-region/dist-es/signature-v4-crt-container.js: OK
/workspace/tmp/pixelelated-m7-qa-16/qa-overlay/tools/council/node_modules/@aws-sdk/signature-v4-multi-region/dist-types/SignatureV4MultiRegion.d.ts: OK
/workspace/tmp/pixelelated-m7-qa-16/qa-overlay/tools/council/node_modules/@aws-sdk/signature-v4-multi-region/dist-types/SignatureV4SignWithCredentials.d.ts: OK
/workspace/tmp/pixelelated-m7-qa-16/qa-overlay/tools/council/node_modules/@aws-sdk/signature-v4-multi-region/dist-types/index.d.ts: OK
/workspace/tmp/pixelelated-m7-qa-16/qa-overlay/tools/council/node_modules/@aws-sdk/signature-v4-multi-region/dist-types/signature-v4-crt-container.d.ts: OK
/workspace/tmp/pixelelated-m7-qa-16/qa-overlay/tools/council/node_modules/@aws-sdk/signature-v4-multi-region/dist-types/ts3.4/SignatureV4MultiRegion.d.ts: OK
/workspace/tmp/pixelelated-m7-qa-16/qa-overlay/tools/council/node_modules/@aws-sdk/signature-v4-multi-region/dist-types/ts3.4/SignatureV4SignWithCredentials.d.ts: OK
/workspace/tmp/pixelelated-m7-qa-16/qa-overlay/tools/council/node_modules/@aws-sdk/signature-v4-multi-region/dist-types/ts3.4/index.d.ts: OK
/workspace/tmp/pixelelated-m7-qa-16/qa-overlay/tools/council/node_modules/@aws-sdk/signature-v4-multi-region/dist-types/ts3.4/signature-v4-crt-container.d.ts: OK
/workspace/tmp/pixelelated-m7-qa-16/qa-overlay/tools/council/node_modules/@aws-sdk/signature-v4-multi-region/package.json: OK
/workspace/tmp/pixelelated-m7-qa-16/qa-overlay/tools/council/node_modules/@aws-sdk/token-providers/LICENSE: OK
/workspace/tmp/pixelelated-m7-qa-16/qa-overlay/tools/council/node_modules/@aws-sdk/token-providers/README.md: OK
/workspace/tmp/pixelelated-m7-qa-16/qa-overlay/tools/council/node_modules/@aws-sdk/token-providers/dist-cjs/index.js: OK
/workspace/tmp/pixelelated-m7-qa-16/qa-overlay/tools/council/node_modules/@aws-sdk/token-providers/dist-es/constants.js: OK
/workspace/tmp/pixelelated-m7-qa-16/qa-overlay/tools/council/node_modules/@aws-sdk/token-providers/dist-es/fromEnvSigningName.js: OK
/workspace/tmp/pixelelated-m7-qa-16/qa-overlay/tools/council/node_modules/@aws-sdk/token-providers/dist-es/fromSso.js: OK
/workspace/tmp/pixelelated-m7-qa-16/qa-overlay/tools/council/node_modules/@aws-sdk/token-providers/dist-es/fromStatic.js: OK
/workspace/tmp/pixelelated-m7-qa-16/qa-overlay/tools/council/node_modules/@aws-sdk/token-providers/dist-es/getNewSsoOidcToken.js: OK
/workspace/tmp/pixelelated-m7-qa-16/qa-overlay/tools/council/node_modules/@aws-sdk/token-providers/dist-es/getSsoOidcClient.js: OK
/workspace/tmp/pixelelated-m7-qa-16/qa-overlay/tools/council/node_modules/@aws-sdk/token-providers/dist-es/index.js: OK
/workspace/tmp/pixelelated-m7-qa-16/qa-overlay/tools/council/node_modules/@aws-sdk/token-providers/dist-es/nodeProvider.js: OK
/workspace/tmp/pixelelated-m7-qa-16/qa-overlay/tools/council/node_modules/@aws-sdk/token-providers/dist-es/validateTokenExpiry.js: OK
/workspace/tmp/pixelelated-m7-qa-16/qa-overlay/tools/council/node_modules/@aws-sdk/token-providers/dist-es/validateTokenKey.js: OK
/workspace/tmp/pixelelated-m7-qa-16/qa-overlay/tools/council/node_modules/@aws-sdk/token-providers/dist-es/writeSSOTokenToFile.js: OK
/workspace/tmp/pixelelated-m7-qa-16/qa-overlay/tools/council/node_modules/@aws-sdk/token-providers/dist-types/constants.d.ts: OK
/workspace/tmp/pixelelated-m7-qa-16/qa-overlay/tools/council/node_modules/@aws-sdk/token-providers/dist-types/fromEnvSigningName.d.ts: OK
/workspace/tmp/pixelelated-m7-qa-16/qa-overlay/tools/council/node_modules/@aws-sdk/token-providers/dist-types/fromSso.d.ts: OK
/workspace/tmp/pixelelated-m7-qa-16/qa-overlay/tools/council/node_modules/@aws-sdk/token-providers/dist-types/fromStatic.d.ts: OK
/workspace/tmp/pixelelated-m7-qa-16/qa-overlay/tools/council/node_modules/@aws-sdk/token-providers/dist-types/getNewSsoOidcToken.d.ts: OK
/workspace/tmp/pixelelated-m7-qa-16/qa-overlay/tools/council/node_modules/@aws-sdk/token-providers/dist-types/getSsoOidcClient.d.ts: OK
/workspace/tmp/pixelelated-m7-qa-16/qa-overlay/tools/council/node_modules/@aws-sdk/token-providers/dist-types/index.d.ts: OK
/workspace/tmp/pixelelated-m7-qa-16/qa-overlay/tools/council/node_modules/@aws-sdk/token-providers/dist-types/nodeProvider.d.ts: OK
/workspace/tmp/pixelelated-m7-qa-16/qa-overlay/tools/council/node_modules/@aws-sdk/token-providers/dist-types/ts3.4/constants.d.ts: OK
/workspace/tmp/pixelelated-m7-qa-16/qa-overlay/tools/council/node_modules/@aws-sdk/token-providers/dist-types/ts3.4/fromEnvSigningName.d.ts: OK
/workspace/tmp/pixelelated-m7-qa-16/qa-overlay/tools/council/node_modules/@aws-sdk/token-providers/dist-types/ts3.4/fromSso.d.ts: OK
/workspace/tmp/pixelelated-m7-qa-16/qa-overlay/tools/council/node_modules/@aws-sdk/token-providers/dist-types/ts3.4/fromStatic.d.ts: OK
/workspace/tmp/pixelelated-m7-qa-16/qa-overlay/tools/council/node_modules/@aws-sdk/token-providers/dist-types/ts3.4/getNewSsoOidcToken.d.ts: OK
/workspace/tmp/pixelelated-m7-qa-16/qa-overlay/tools/council/node_modules/@aws-sdk/token-providers/dist-types/ts3.4/getSsoOidcClient.d.ts: OK
/workspace/tmp/pixelelated-m7-qa-16/qa-overlay/tools/council/node_modules/@aws-sdk/token-providers/dist-types/ts3.4/index.d.ts: OK
/workspace/tmp/pixelelated-m7-qa-16/qa-overlay/tools/council/node_modules/@aws-sdk/token-providers/dist-types/ts3.4/nodeProvider.d.ts: OK
/workspace/tmp/pixelelated-m7-qa-16/qa-overlay/tools/council/node_modules/@aws-sdk/token-providers/dist-types/ts3.4/validateTokenExpiry.d.ts: OK
/workspace/tmp/pixelelated-m7-qa-16/qa-overlay/tools/council/node_modules/@aws-sdk/token-providers/dist-types/ts3.4/validateTokenKey.d.ts: OK
/workspace/tmp/pixelelated-m7-qa-16/qa-overlay/tools/council/node_modules/@aws-sdk/token-providers/dist-types/ts3.4/writeSSOTokenToFile.d.ts: OK
/workspace/tmp/pixelelated-m7-qa-16/qa-overlay/tools/council/node_modules/@aws-sdk/token-providers/dist-types/validateTokenExpiry.d.ts: OK
/workspace/tmp/pixelelated-m7-qa-16/qa-overlay/tools/council/node_modules/@aws-sdk/token-providers/dist-types/validateTokenKey.d.ts: OK
/workspace/tmp/pixelelated-m7-qa-16/qa-overlay/tools/council/node_modules/@aws-sdk/token-providers/dist-types/writeSSOTokenToFile.d.ts: OK
/workspace/tmp/pixelelated-m7-qa-16/qa-overlay/tools/council/node_modules/@aws-sdk/token-providers/package.json: OK
/workspace/tmp/pixelelated-m7-qa-16/qa-overlay/tools/council/node_modules/@aws-sdk/types/LICENSE: OK
/workspace/tmp/pixelelated-m7-qa-16/qa-overlay/tools/council/node_modules/@aws-sdk/types/README.md: OK
/workspace/tmp/pixelelated-m7-qa-16/qa-overlay/tools/council/node_modules/@aws-sdk/types/dist-cjs/index.js: OK
/workspace/tmp/pixelelated-m7-qa-16/qa-overlay/tools/council/node_modules/@aws-sdk/types/dist-es/abort.js: OK
/workspace/tmp/pixelelated-m7-qa-16/qa-overlay/tools/council/node_modules/@aws-sdk/types/dist-es/auth.js: OK
/workspace/tmp/pixelelated-m7-qa-16/qa-overlay/tools/council/node_modules/@aws-sdk/types/dist-es/blob/blob-types.js: OK
/workspace/tmp/pixelelated-m7-qa-16/qa-overlay/tools/council/node_modules/@aws-sdk/types/dist-es/checksum.js: OK
/workspace/tmp/pixelelated-m7-qa-16/qa-overlay/tools/council/node_modules/@aws-sdk/types/dist-es/client.js: OK
/workspace/tmp/pixelelated-m7-qa-16/qa-overlay/tools/council/node_modules/@aws-sdk/types/dist-es/command.js: OK
/workspace/tmp/pixelelated-m7-qa-16/qa-overlay/tools/council/node_modules/@aws-sdk/types/dist-es/connection.js: OK
/workspace/tmp/pixelelated-m7-qa-16/qa-overlay/tools/council/node_modules/@aws-sdk/types/dist-es/credentials.js: OK
/workspace/tmp/pixelelated-m7-qa-16/qa-overlay/tools/council/node_modules/@aws-sdk/types/dist-es/crypto.js: OK
/workspace/tmp/pixelelated-m7-qa-16/qa-overlay/tools/council/node_modules/@aws-sdk/types/dist-es/dns.js: OK
/workspace/tmp/pixelelated-m7-qa-16/qa-overlay/tools/council/node_modules/@aws-sdk/types/dist-es/encode.js: OK
/workspace/tmp/pixelelated-m7-qa-16/qa-overlay/tools/council/node_modules/@aws-sdk/types/dist-es/endpoint.js: OK
/workspace/tmp/pixelelated-m7-qa-16/qa-overlay/tools/council/node_modules/@aws-sdk/types/dist-es/eventStream.js: OK
/workspace/tmp/pixelelated-m7-qa-16/qa-overlay/tools/council/node_modules/@aws-sdk/types/dist-es/extensions/index.js: OK
/workspace/tmp/pixelelated-m7-qa-16/qa-overlay/tools/council/node_modules/@aws-sdk/types/dist-es/feature-ids.js: OK
/workspace/tmp/pixelelated-m7-qa-16/qa-overlay/tools/council/node_modules/@aws-sdk/types/dist-es/function.js: OK
/workspace/tmp/pixelelated-m7-qa-16/qa-overlay/tools/council/node_modules/@aws-sdk/types/dist-es/http.js: OK
/workspace/tmp/pixelelated-m7-qa-16/qa-overlay/tools/council/node_modules/@aws-sdk/types/dist-es/identity/AnonymousIdentity.js: OK
/workspace/tmp/pixelelated-m7-qa-16/qa-overlay/tools/council/node_modules/@aws-sdk/types/dist-es/identity/AwsCredentialIdentity.js: OK
/workspace/tmp/pixelelated-m7-qa-16/qa-overlay/tools/council/node_modules/@aws-sdk/types/dist-es/identity/Identity.js: OK
/workspace/tmp/pixelelated-m7-qa-16/qa-overlay/tools/council/node_modules/@aws-sdk/types/dist-es/identity/LoginIdentity.js: OK
/workspace/tmp/pixelelated-m7-qa-16/qa-overlay/tools/council/node_modules/@aws-sdk/types/dist-es/identity/TokenIdentity.js: OK
/workspace/tmp/pixelelated-m7-qa-16/qa-overlay/tools/council/node_modules/@aws-sdk/types/dist-es/identity/index.js: OK
/workspace/tmp/pixelelated-m7-qa-16/qa-overlay/tools/council/node_modules/@aws-sdk/types/dist-es/index.js: OK
/workspace/tmp/pixelelated-m7-qa-16/qa-overlay/tools/council/node_modules/@aws-sdk/types/dist-es/logger.js: OK
/workspace/tmp/pixelelated-m7-qa-16/qa-overlay/tools/council/node_modules/@aws-sdk/types/dist-es/middleware.js: OK
/workspace/tmp/pixelelated-m7-qa-16/qa-overlay/tools/council/node_modules/@aws-sdk/types/dist-es/pagination.js: OK
/workspace/tmp/pixelelated-m7-qa-16/qa-overlay/tools/council/node_modules/@aws-sdk/types/dist-es/profile.js: OK
/workspace/tmp/pixelelated-m7-qa-16/qa-overlay/tools/council/node_modules/@aws-sdk/types/dist-es/request.js: OK
/workspace/tmp/pixelelated-m7-qa-16/qa-overlay/tools/council/node_modules/@aws-sdk/types/dist-es/response.js: OK
/workspace/tmp/pixelelated-m7-qa-16/qa-overlay/tools/council/node_modules/@aws-sdk/types/dist-es/retry.js: OK
/workspace/tmp/pixelelated-m7-qa-16/qa-overlay/tools/council/node_modules/@aws-sdk/types/dist-es/serde.js: OK
/workspace/tmp/pixelelated-m7-qa-16/qa-overlay/tools/council/node_modules/@aws-sdk/types/dist-es/shapes.js: OK
/workspace/tmp/pixelelated-m7-qa-16/qa-overlay/tools/council/node_modules/@aws-sdk/types/dist-es/signature.js: OK
/workspace/tmp/pixelelated-m7-qa-16/qa-overlay/tools/council/node_modules/@aws-sdk/types/dist-es/stream.js: OK
/workspace/tmp/pixelelated-m7-qa-16/qa-overlay/tools/council/node_modules/@aws-sdk/types/dist-es/token.js: OK
/workspace/tmp/pixelelated-m7-qa-16/qa-overlay/tools/council/node_modules/@aws-sdk/types/dist-es/transfer.js: OK
/workspace/tmp/pixelelated-m7-qa-16/qa-overlay/tools/council/node_modules/@aws-sdk/types/dist-es/uri.js: OK
/workspace/tmp/pixelelated-m7-qa-16/qa-overlay/tools/council/node_modules/@aws-sdk/types/dist-es/util.js: OK
/workspace/tmp/pixelelated-m7-qa-16/qa-overlay/tools/council/node_modules/@aws-sdk/types/dist-es/waiter.js: OK
/workspace/tmp/pixelelated-m7-qa-16/qa-overlay/tools/council/node_modules/@aws-sdk/types/dist-types/abort.d.ts: OK
/workspace/tmp/pixelelated-m7-qa-16/qa-overlay/tools/council/node_modules/@aws-sdk/types/dist-types/auth.d.ts: OK
/workspace/tmp/pixelelated-m7-qa-16/qa-overlay/tools/council/node_modules/@aws-sdk/types/dist-types/blob/blob-types.d.ts: OK
/workspace/tmp/pixelelated-m7-qa-16/qa-overlay/tools/council/node_modules/@aws-sdk/types/dist-types/checksum.d.ts: OK
/workspace/tmp/pixelelated-m7-qa-16/qa-overlay/tools/council/node_modules/@aws-sdk/types/dist-types/client.d.ts: OK
/workspace/tmp/pixelelated-m7-qa-16/qa-overlay/tools/council/node_modules/@aws-sdk/types/dist-types/command.d.ts: OK
/workspace/tmp/pixelelated-m7-qa-16/qa-overlay/tools/council/node_modules/@aws-sdk/types/dist-types/connection.d.ts: OK
/workspace/tmp/pixelelated-m7-qa-16/qa-overlay/tools/council/node_modules/@aws-sdk/types/dist-types/credentials.d.ts: OK
/workspace/tmp/pixelelated-m7-qa-16/qa-overlay/tools/council/node_modules/@aws-sdk/types/dist-types/crypto.d.ts: OK
/workspace/tmp/pixelelated-m7-qa-16/qa-overlay/tools/council/node_modules/@aws-sdk/types/dist-types/dns.d.ts: OK
/workspace/tmp/pixelelated-m7-qa-16/qa-overlay/tools/council/node_modules/@aws-sdk/types/dist-types/encode.d.ts: OK
/workspace/tmp/pixelelated-m7-qa-16/qa-overlay/tools/council/node_modules/@aws-sdk/types/dist-types/endpoint.d.ts: OK
/workspace/tmp/pixelelated-m7-qa-16/qa-overlay/tools/council/node_modules/@aws-sdk/types/dist-types/eventStream.d.ts: OK
/workspace/tmp/pixelelated-m7-qa-16/qa-overlay/tools/council/node_modules/@aws-sdk/types/dist-types/extensions/index.d.ts: OK
/workspace/tmp/pixelelated-m7-qa-16/qa-overlay/tools/council/node_modules/@aws-sdk/types/dist-types/feature-ids.d.ts: OK
/workspace/tmp/pixelelated-m7-qa-16/qa-overlay/tools/council/node_modules/@aws-sdk/types/dist-types/function.d.ts: OK
/workspace/tmp/pixelelated-m7-qa-16/qa-overlay/tools/council/node_modules/@aws-sdk/types/dist-types/http.d.ts: OK
/workspace/tmp/pixelelated-m7-qa-16/qa-overlay/tools/council/node_modules/@aws-sdk/types/dist-types/identity/AnonymousIdentity.d.ts: OK
/workspace/tmp/pixelelated-m7-qa-16/qa-overlay/tools/council/node_modules/@aws-sdk/types/dist-types/identity/AwsCredentialIdentity.d.ts: OK
/workspace/tmp/pixelelated-m7-qa-16/qa-overlay/tools/council/node_modules/@aws-sdk/types/dist-types/identity/Identity.d.ts: OK
/workspace/tmp/pixelelated-m7-qa-16/qa-overlay/tools/council/node_modules/@aws-sdk/types/dist-types/identity/LoginIdentity.d.ts: OK
/workspace/tmp/pixelelated-m7-qa-16/qa-overlay/tools/council/node_modules/@aws-sdk/types/dist-types/identity/TokenIdentity.d.ts: OK
/workspace/tmp/pixelelated-m7-qa-16/qa-overlay/tools/council/node_modules/@aws-sdk/types/dist-types/identity/index.d.ts: OK
/workspace/tmp/pixelelated-m7-qa-16/qa-overlay/tools/council/node_modules/@aws-sdk/types/dist-types/index.d.ts: OK
/workspace/tmp/pixelelated-m7-qa-16/qa-overlay/tools/council/node_modules/@aws-sdk/types/dist-types/logger.d.ts: OK
/workspace/tmp/pixelelated-m7-qa-16/qa-overlay/tools/council/node_modules/@aws-sdk/types/dist-types/middleware.d.ts: OK
/workspace/tmp/pixelelated-m7-qa-16/qa-overlay/tools/council/node_modules/@aws-sdk/types/dist-types/pagination.d.ts: OK
/workspace/tmp/pixelelated-m7-qa-16/qa-overlay/tools/council/node_modules/@aws-sdk/types/dist-types/profile.d.ts: OK
/workspace/tmp/pixelelated-m7-qa-16/qa-overlay/tools/council/node_modules/@aws-sdk/types/dist-types/request.d.ts: OK
/workspace/tmp/pixelelated-m7-qa-16/qa-overlay/tools/council/node_modules/@aws-sdk/types/dist-types/response.d.ts: OK
/workspace/tmp/pixelelated-m7-qa-16/qa-overlay/tools/council/node_modules/@aws-sdk/types/dist-types/retry.d.ts: OK
/workspace/tmp/pixelelated-m7-qa-16/qa-overlay/tools/council/node_modules/@aws-sdk/types/dist-types/serde.d.ts: OK
/workspace/tmp/pixelelated-m7-qa-16/qa-overlay/tools/council/node_modules/@aws-sdk/types/dist-types/shapes.d.ts: OK
/workspace/tmp/pixelelated-m7-qa-16/qa-overlay/tools/council/node_modules/@aws-sdk/types/dist-types/signature.d.ts: OK
/workspace/tmp/pixelelated-m7-qa-16/qa-overlay/tools/council/node_modules/@aws-sdk/types/dist-types/stream.d.ts: OK
/workspace/tmp/pixelelated-m7-qa-16/qa-overlay/tools/council/node_modules/@aws-sdk/types/dist-types/token.d.ts: OK
/workspace/tmp/pixelelated-m7-qa-16/qa-overlay/tools/council/node_modules/@aws-sdk/types/dist-types/transfer.d.ts: OK
/workspace/tmp/pixelelated-m7-qa-16/qa-overlay/tools/council/node_modules/@aws-sdk/types/dist-types/ts3.4/abort.d.ts: OK
/workspace/tmp/pixelelated-m7-qa-16/qa-overlay/tools/council/node_modules/@aws-sdk/types/dist-types/ts3.4/auth.d.ts: OK
/workspace/tmp/pixelelated-m7-qa-16/qa-overlay/tools/council/node_modules/@aws-sdk/types/dist-types/ts3.4/blob/blob-types.d.ts: OK
/workspace/tmp/pixelelated-m7-qa-16/qa-overlay/tools/council/node_modules/@aws-sdk/types/dist-types/ts3.4/checksum.d.ts: OK
/workspace/tmp/pixelelated-m7-qa-16/qa-overlay/tools/council/node_modules/@aws-sdk/types/dist-types/ts3.4/client.d.ts: OK
/workspace/tmp/pixelelated-m7-qa-16/qa-overlay/tools/council/node_modules/@aws-sdk/types/dist-types/ts3.4/command.d.ts: OK
/workspace/tmp/pixelelated-m7-qa-16/qa-overlay/tools/council/node_modules/@aws-sdk/types/dist-types/ts3.4/connection.d.ts: OK
/workspace/tmp/pixelelated-m7-qa-16/qa-overlay/tools/council/node_modules/@aws-sdk/types/dist-types/ts3.4/credentials.d.ts: OK
/workspace/tmp/pixelelated-m7-qa-16/qa-overlay/tools/council/node_modules/@aws-sdk/types/dist-types/ts3.4/crypto.d.ts: OK
/workspace/tmp/pixelelated-m7-qa-16/qa-overlay/tools/council/node_modules/@aws-sdk/types/dist-types/ts3.4/dns.d.ts: OK
/workspace/tmp/pixelelated-m7-qa-16/qa-overlay/tools/council/node_modules/@aws-sdk/types/dist-types/ts3.4/encode.d.ts: OK
/workspace/tmp/pixelelated-m7-qa-16/qa-overlay/tools/council/node_modules/@aws-sdk/types/dist-types/ts3.4/endpoint.d.ts: OK
/workspace/tmp/pixelelated-m7-qa-16/qa-overlay/tools/council/node_modules/@aws-sdk/types/dist-types/ts3.4/eventStream.d.ts: OK
/workspace/tmp/pixelelated-m7-qa-16/qa-overlay/tools/council/node_modules/@aws-sdk/types/dist-types/ts3.4/extensions/index.d.ts: OK
/workspace/tmp/pixelelated-m7-qa-16/qa-overlay/tools/council/node_modules/@aws-sdk/types/dist-types/ts3.4/feature-ids.d.ts: OK
/workspace/tmp/pixelelated-m7-qa-16/qa-overlay/tools/council/node_modules/@aws-sdk/types/dist-types/ts3.4/function.d.ts: OK
/workspace/tmp/pixelelated-m7-qa-16/qa-overlay/tools/council/node_modules/@aws-sdk/types/dist-types/ts3.4/http.d.ts: OK
/workspace/tmp/pixelelated-m7-qa-16/qa-overlay/tools/council/node_modules/@aws-sdk/types/dist-types/ts3.4/identity/AnonymousIdentity.d.ts: OK
/workspace/tmp/pixelelated-m7-qa-16/qa-overlay/tools/council/node_modules/@aws-sdk/types/dist-types/ts3.4/identity/AwsCredentialIdentity.d.ts: OK
/workspace/tmp/pixelelated-m7-qa-16/qa-overlay/tools/council/node_modules/@aws-sdk/types/dist-types/ts3.4/identity/Identity.d.ts: OK
/workspace/tmp/pixelelated-m7-qa-16/qa-overlay/tools/council/node_modules/@aws-sdk/types/dist-types/ts3.4/identity/LoginIdentity.d.ts: OK
/workspace/tmp/pixelelated-m7-qa-16/qa-overlay/tools/council/node_modules/@aws-sdk/types/dist-types/ts3.4/identity/TokenIdentity.d.ts: OK
/workspace/tmp/pixelelated-m7-qa-16/qa-overlay/tools/council/node_modules/@aws-sdk/types/dist-types/ts3.4/identity/index.d.ts: OK
/workspace/tmp/pixelelated-m7-qa-16/qa-overlay/tools/council/node_modules/@aws-sdk/types/dist-types/ts3.4/index.d.ts: OK
/workspace/tmp/pixelelated-m7-qa-16/qa-overlay/tools/council/node_modules/@aws-sdk/types/dist-types/ts3.4/logger.d.ts: OK
/workspace/tmp/pixelelated-m7-qa-16/qa-overlay/tools/council/node_modules/@aws-sdk/types/dist-types/ts3.4/middleware.d.ts: OK
/workspace/tmp/pixelelated-m7-qa-16/qa-overlay/tools/council/node_modules/@aws-sdk/types/dist-types/ts3.4/pagination.d.ts: OK
/workspace/tmp/pixelelated-m7-qa-16/qa-overlay/tools/council/node_modules/@aws-sdk/types/dist-types/ts3.4/profile.d.ts: OK
/workspace/tmp/pixelelated-m7-qa-16/qa-overlay/tools/council/node_modules/@aws-sdk/types/dist-types/ts3.4/request.d.ts: OK
/workspace/tmp/pixelelated-m7-qa-16/qa-overlay/tools/council/node_modules/@aws-sdk/types/dist-types/ts3.4/response.d.ts: OK
/workspace/tmp/pixelelated-m7-qa-16/qa-overlay/tools/council/node_modules/@aws-sdk/types/dist-types/ts3.4/retry.d.ts: OK
/workspace/tmp/pixelelated-m7-qa-16/qa-overlay/tools/council/node_modules/@aws-sdk/types/dist-types/ts3.4/serde.d.ts: OK
/workspace/tmp/pixelelated-m7-qa-16/qa-overlay/tools/council/node_modules/@aws-sdk/types/dist-types/ts3.4/shapes.d.ts: OK
/workspace/tmp/pixelelated-m7-qa-16/qa-overlay/tools/council/node_modules/@aws-sdk/types/dist-types/ts3.4/signature.d.ts: OK
/workspace/tmp/pixelelated-m7-qa-16/qa-overlay/tools/council/node_modules/@aws-sdk/types/dist-types/ts3.4/stream.d.ts: OK
/workspace/tmp/pixelelated-m7-qa-16/qa-overlay/tools/council/node_modules/@aws-sdk/types/dist-types/ts3.4/token.d.ts: OK
/workspace/tmp/pixelelated-m7-qa-16/qa-overlay/tools/council/node_modules/@aws-sdk/types/dist-types/ts3.4/transfer.d.ts: OK
/workspace/tmp/pixelelated-m7-qa-16/qa-overlay/tools/council/node_modules/@aws-sdk/types/dist-types/ts3.4/uri.d.ts: OK
/workspace/tmp/pixelelated-m7-qa-16/qa-overlay/tools/council/node_modules/@aws-sdk/types/dist-types/ts3.4/util.d.ts: OK
/workspace/tmp/pixelelated-m7-qa-16/qa-overlay/tools/council/node_modules/@aws-sdk/types/dist-types/ts3.4/waiter.d.ts: OK
/workspace/tmp/pixelelated-m7-qa-16/qa-overlay/tools/council/node_modules/@aws-sdk/types/dist-types/uri.d.ts: OK
/workspace/tmp/pixelelated-m7-qa-16/qa-overlay/tools/council/node_modules/@aws-sdk/types/dist-types/util.d.ts: OK
/workspace/tmp/pixelelated-m7-qa-16/qa-overlay/tools/council/node_modules/@aws-sdk/types/dist-types/waiter.d.ts: OK
/workspace/tmp/pixelelated-m7-qa-16/qa-overlay/tools/council/node_modules/@aws-sdk/types/package.json: OK
/workspace/tmp/pixelelated-m7-qa-16/qa-overlay/tools/council/node_modules/@aws-sdk/xml-builder/LICENSE: OK
/workspace/tmp/pixelelated-m7-qa-16/qa-overlay/tools/council/node_modules/@aws-sdk/xml-builder/README.md: OK
/workspace/tmp/pixelelated-m7-qa-16/qa-overlay/tools/council/node_modules/@aws-sdk/xml-builder/dist-cjs/index.js: OK
/workspace/tmp/pixelelated-m7-qa-16/qa-overlay/tools/council/node_modules/@aws-sdk/xml-builder/dist-es/XmlNode.js: OK
/workspace/tmp/pixelelated-m7-qa-16/qa-overlay/tools/council/node_modules/@aws-sdk/xml-builder/dist-es/XmlText.js: OK
/workspace/tmp/pixelelated-m7-qa-16/qa-overlay/tools/council/node_modules/@aws-sdk/xml-builder/dist-es/escape-attribute.js: OK
/workspace/tmp/pixelelated-m7-qa-16/qa-overlay/tools/council/node_modules/@aws-sdk/xml-builder/dist-es/escape-element.js: OK
/workspace/tmp/pixelelated-m7-qa-16/qa-overlay/tools/council/node_modules/@aws-sdk/xml-builder/dist-es/index.js: OK
/workspace/tmp/pixelelated-m7-qa-16/qa-overlay/tools/council/node_modules/@aws-sdk/xml-builder/dist-es/stringable.js: OK
/workspace/tmp/pixelelated-m7-qa-16/qa-overlay/tools/council/node_modules/@aws-sdk/xml-builder/dist-es/xml-parser.browser.js: OK
/workspace/tmp/pixelelated-m7-qa-16/qa-overlay/tools/council/node_modules/@aws-sdk/xml-builder/dist-es/xml-parser.js: OK
/workspace/tmp/pixelelated-m7-qa-16/qa-overlay/tools/council/node_modules/@aws-sdk/xml-builder/dist-types/XmlNode.d.ts: OK
/workspace/tmp/pixelelated-m7-qa-16/qa-overlay/tools/council/node_modules/@aws-sdk/xml-builder/dist-types/XmlText.d.ts: OK
/workspace/tmp/pixelelated-m7-qa-16/qa-overlay/tools/council/node_modules/@aws-sdk/xml-builder/dist-types/escape-attribute.d.ts: OK
/workspace/tmp/pixelelated-m7-qa-16/qa-overlay/tools/council/node_modules/@aws-sdk/xml-builder/dist-types/escape-element.d.ts: OK
/workspace/tmp/pixelelated-m7-qa-16/qa-overlay/tools/council/node_modules/@aws-sdk/xml-builder/dist-types/index.d.ts: OK
/workspace/tmp/pixelelated-m7-qa-16/qa-overlay/tools/council/node_modules/@aws-sdk/xml-builder/dist-types/stringable.d.ts: OK
/workspace/tmp/pixelelated-m7-qa-16/qa-overlay/tools/council/node_modules/@aws-sdk/xml-builder/dist-types/ts3.4/XmlNode.d.ts: OK
/workspace/tmp/pixelelated-m7-qa-16/qa-overlay/tools/council/node_modules/@aws-sdk/xml-builder/dist-types/ts3.4/XmlText.d.ts: OK
/workspace/tmp/pixelelated-m7-qa-16/qa-overlay/tools/council/node_modules/@aws-sdk/xml-builder/dist-types/ts3.4/escape-attribute.d.ts: OK
/workspace/tmp/pixelelated-m7-qa-16/qa-overlay/tools/council/node_modules/@aws-sdk/xml-builder/dist-types/ts3.4/escape-element.d.ts: OK
/workspace/tmp/pixelelated-m7-qa-16/qa-overlay/tools/council/node_modules/@aws-sdk/xml-builder/dist-types/ts3.4/index.d.ts: OK
/workspace/tmp/pixelelated-m7-qa-16/qa-overlay/tools/council/node_modules/@aws-sdk/xml-builder/dist-types/ts3.4/stringable.d.ts: OK
/workspace/tmp/pixelelated-m7-qa-16/qa-overlay/tools/council/node_modules/@aws-sdk/xml-builder/dist-types/ts3.4/xml-parser.browser.d.ts: OK
/workspace/tmp/pixelelated-m7-qa-16/qa-overlay/tools/council/node_modules/@aws-sdk/xml-builder/dist-types/ts3.4/xml-parser.d.ts: OK
/workspace/tmp/pixelelated-m7-qa-16/qa-overlay/tools/council/node_modules/@aws-sdk/xml-builder/dist-types/xml-parser.browser.d.ts: OK
/workspace/tmp/pixelelated-m7-qa-16/qa-overlay/tools/council/node_modules/@aws-sdk/xml-builder/dist-types/xml-parser.d.ts: OK
/workspace/tmp/pixelelated-m7-qa-16/qa-overlay/tools/council/node_modules/@aws-sdk/xml-builder/package.json: OK
/workspace/tmp/pixelelated-m7-qa-16/qa-overlay/tools/council/node_modules/@esbuild/linux-x64/README.md: OK
/workspace/tmp/pixelelated-m7-qa-16/qa-overlay/tools/council/node_modules/@esbuild/linux-x64/bin/esbuild: OK
/workspace/tmp/pixelelated-m7-qa-16/qa-overlay/tools/council/node_modules/@esbuild/linux-x64/package.json: OK
/workspace/tmp/pixelelated-m7-qa-16/qa-overlay/tools/council/node_modules/@smithy/core/CHANGELOG.md: OK
/workspace/tmp/pixelelated-m7-qa-16/qa-overlay/tools/council/node_modules/@smithy/core/LICENSE: OK
/workspace/tmp/pixelelated-m7-qa-16/qa-overlay/tools/council/node_modules/@smithy/core/README.md: OK
/workspace/tmp/pixelelated-m7-qa-16/qa-overlay/tools/council/node_modules/@smithy/core/cbor.d.ts: OK
/workspace/tmp/pixelelated-m7-qa-16/qa-overlay/tools/council/node_modules/@smithy/core/cbor.js: OK
/workspace/tmp/pixelelated-m7-qa-16/qa-overlay/tools/council/node_modules/@smithy/core/checksum.d.ts: OK
/workspace/tmp/pixelelated-m7-qa-16/qa-overlay/tools/council/node_modules/@smithy/core/checksum.js: OK
/workspace/tmp/pixelelated-m7-qa-16/qa-overlay/tools/council/node_modules/@smithy/core/client.d.ts: OK
/workspace/tmp/pixelelated-m7-qa-16/qa-overlay/tools/council/node_modules/@smithy/core/client.js: OK
/workspace/tmp/pixelelated-m7-qa-16/qa-overlay/tools/council/node_modules/@smithy/core/config.d.ts: OK
/workspace/tmp/pixelelated-m7-qa-16/qa-overlay/tools/council/node_modules/@smithy/core/config.js: OK
/workspace/tmp/pixelelated-m7-qa-16/qa-overlay/tools/council/node_modules/@smithy/core/dist-cjs/index.js: OK
/workspace/tmp/pixelelated-m7-qa-16/qa-overlay/tools/council/node_modules/@smithy/core/dist-cjs/submodules/cbor/index.js: OK
/workspace/tmp/pixelelated-m7-qa-16/qa-overlay/tools/council/node_modules/@smithy/core/dist-cjs/submodules/checksum/index.browser.js: OK
/workspace/tmp/pixelelated-m7-qa-16/qa-overlay/tools/council/node_modules/@smithy/core/dist-cjs/submodules/checksum/index.js: OK
/workspace/tmp/pixelelated-m7-qa-16/qa-overlay/tools/council/node_modules/@smithy/core/dist-cjs/submodules/checksum/index.native.js: OK
/workspace/tmp/pixelelated-m7-qa-16/qa-overlay/tools/council/node_modules/@smithy/core/dist-cjs/submodules/client/index.js: OK
/workspace/tmp/pixelelated-m7-qa-16/qa-overlay/tools/council/node_modules/@smithy/core/dist-cjs/submodules/config/index.browser.js: OK
/workspace/tmp/pixelelated-m7-qa-16/qa-overlay/tools/council/node_modules/@smithy/core/dist-cjs/submodules/config/index.js: OK
/workspace/tmp/pixelelated-m7-qa-16/qa-overlay/tools/council/node_modules/@smithy/core/dist-cjs/submodules/config/index.native.js: OK
/workspace/tmp/pixelelated-m7-qa-16/qa-overlay/tools/council/node_modules/@smithy/core/dist-cjs/submodules/endpoints/index.browser.js: OK
/workspace/tmp/pixelelated-m7-qa-16/qa-overlay/tools/council/node_modules/@smithy/core/dist-cjs/submodules/endpoints/index.js: OK
/workspace/tmp/pixelelated-m7-qa-16/qa-overlay/tools/council/node_modules/@smithy/core/dist-cjs/submodules/event-streams/index.browser.js: OK
/workspace/tmp/pixelelated-m7-qa-16/qa-overlay/tools/council/node_modules/@smithy/core/dist-cjs/submodules/event-streams/index.js: OK
/workspace/tmp/pixelelated-m7-qa-16/qa-overlay/tools/council/node_modules/@smithy/core/dist-cjs/submodules/protocols/index.js: OK
/workspace/tmp/pixelelated-m7-qa-16/qa-overlay/tools/council/node_modules/@smithy/core/dist-cjs/submodules/retry/index.browser.js: OK
/workspace/tmp/pixelelated-m7-qa-16/qa-overlay/tools/council/node_modules/@smithy/core/dist-cjs/submodules/retry/index.js: OK
/workspace/tmp/pixelelated-m7-qa-16/qa-overlay/tools/council/node_modules/@smithy/core/dist-cjs/submodules/schema/index.js: OK
/workspace/tmp/pixelelated-m7-qa-16/qa-overlay/tools/council/node_modules/@smithy/core/dist-cjs/submodules/serde/index.browser.js: OK
/workspace/tmp/pixelelated-m7-qa-16/qa-overlay/tools/council/node_modules/@smithy/core/dist-cjs/submodules/serde/index.js: OK
/workspace/tmp/pixelelated-m7-qa-16/qa-overlay/tools/council/node_modules/@smithy/core/dist-cjs/submodules/serde/index.native.js: OK
/workspace/tmp/pixelelated-m7-qa-16/qa-overlay/tools/council/node_modules/@smithy/core/dist-cjs/submodules/transport/index.js: OK
/workspace/tmp/pixelelated-m7-qa-16/qa-overlay/tools/council/node_modules/@smithy/core/dist-es/index.js: OK
/workspace/tmp/pixelelated-m7-qa-16/qa-overlay/tools/council/node_modules/@smithy/core/dist-es/legacy-root-exports/middleware-http-auth-scheme/getHttpAuthSchemeEndpointRuleSetPlugin.js: OK
/workspace/tmp/pixelelated-m7-qa-16/qa-overlay/tools/council/node_modules/@smithy/core/dist-es/legacy-root-exports/middleware-http-auth-scheme/getHttpAuthSchemePlugin.js: OK
/workspace/tmp/pixelelated-m7-qa-16/qa-overlay/tools/council/node_modules/@smithy/core/dist-es/legacy-root-exports/middleware-http-auth-scheme/httpAuthSchemeMiddleware.js: OK
/workspace/tmp/pixelelated-m7-qa-16/qa-overlay/tools/council/node_modules/@smithy/core/dist-es/legacy-root-exports/middleware-http-auth-scheme/index.js: OK
/workspace/tmp/pixelelated-m7-qa-16/qa-overlay/tools/council/node_modules/@smithy/core/dist-es/legacy-root-exports/middleware-http-auth-scheme/resolveAuthOptions.js: OK
/workspace/tmp/pixelelated-m7-qa-16/qa-overlay/tools/council/node_modules/@smithy/core/dist-es/legacy-root-exports/middleware-http-signing/getHttpSigningMiddleware.js: OK
/workspace/tmp/pixelelated-m7-qa-16/qa-overlay/tools/council/node_modules/@smithy/core/dist-es/legacy-root-exports/middleware-http-signing/httpSigningMiddleware.js: OK
/workspace/tmp/pixelelated-m7-qa-16/qa-overlay/tools/council/node_modules/@smithy/core/dist-es/legacy-root-exports/middleware-http-signing/index.js: OK
/workspace/tmp/pixelelated-m7-qa-16/qa-overlay/tools/council/node_modules/@smithy/core/dist-es/legacy-root-exports/pagination/createPaginator.js: OK
/workspace/tmp/pixelelated-m7-qa-16/qa-overlay/tools/council/node_modules/@smithy/core/dist-es/legacy-root-exports/util-identity-and-auth/DefaultIdentityProviderConfig.js: OK
/workspace/tmp/pixelelated-m7-qa-16/qa-overlay/tools/council/node_modules/@smithy/core/dist-es/legacy-root-exports/util-identity-and-auth/httpAuthSchemes/httpApiKeyAuth.js: OK
/workspace/tmp/pixelelated-m7-qa-16/qa-overlay/tools/council/node_modules/@smithy/core/dist-es/legacy-root-exports/util-identity-and-auth/httpAuthSchemes/httpBearerAuth.js: OK
/workspace/tmp/pixelelated-m7-qa-16/qa-overlay/tools/council/node_modules/@smithy/core/dist-es/legacy-root-exports/util-identity-and-auth/httpAuthSchemes/index.js: OK
/workspace/tmp/pixelelated-m7-qa-16/qa-overlay/tools/council/node_modules/@smithy/core/dist-es/legacy-root-exports/util-identity-and-auth/httpAuthSchemes/noAuth.js: OK
/workspace/tmp/pixelelated-m7-qa-16/qa-overlay/tools/council/node_modules/@smithy/core/dist-es/legacy-root-exports/util-identity-and-auth/index.js: OK
/workspace/tmp/pixelelated-m7-qa-16/qa-overlay/tools/council/node_modules/@smithy/core/dist-es/legacy-root-exports/util-identity-and-auth/memoizeIdentityProvider.js: OK
/workspace/tmp/pixelelated-m7-qa-16/qa-overlay/tools/council/node_modules/@smithy/core/dist-es/normalizeProvider.js: OK
/workspace/tmp/pixelelated-m7-qa-16/qa-overlay/tools/council/node_modules/@smithy/core/dist-es/setFeature.js: OK
/workspace/tmp/pixelelated-m7-qa-16/qa-overlay/tools/council/node_modules/@smithy/core/dist-es/submodules/cbor/CborCodec.js: OK
/workspace/tmp/pixelelated-m7-qa-16/qa-overlay/tools/council/node_modules/@smithy/core/dist-es/submodules/cbor/SmithyRpcV2CborProtocol.js: OK
/workspace/tmp/pixelelated-m7-qa-16/qa-overlay/tools/council/node_modules/@smithy/core/dist-es/submodules/cbor/byte-printer.js: OK
/workspace/tmp/pixelelated-m7-qa-16/qa-overlay/tools/council/node_modules/@smithy/core/dist-es/submodules/cbor/cbor-decode.js: OK
/workspace/tmp/pixelelated-m7-qa-16/qa-overlay/tools/council/node_modules/@smithy/core/dist-es/submodules/cbor/cbor-encode.js: OK
/workspace/tmp/pixelelated-m7-qa-16/qa-overlay/tools/council/node_modules/@smithy/core/dist-es/submodules/cbor/cbor-types.js: OK
/workspace/tmp/pixelelated-m7-qa-16/qa-overlay/tools/council/node_modules/@smithy/core/dist-es/submodules/cbor/cbor.js: OK
/workspace/tmp/pixelelated-m7-qa-16/qa-overlay/tools/council/node_modules/@smithy/core/dist-es/submodules/cbor/codec-v1/CborShapeDeserializer.js: OK
/workspace/tmp/pixelelated-m7-qa-16/qa-overlay/tools/council/node_modules/@smithy/core/dist-es/submodules/cbor/codec-v1/CborShapeSerializer.js: OK
/workspace/tmp/pixelelated-m7-qa-16/qa-overlay/tools/council/node_modules/@smithy/core/dist-es/submodules/cbor/codec-v2/CborShapeDeserializer2.js: OK
/workspace/tmp/pixelelated-m7-qa-16/qa-overlay/tools/council/node_modules/@smithy/core/dist-es/submodules/cbor/codec-v2/CborShapeSerializer2.js: OK
/workspace/tmp/pixelelated-m7-qa-16/qa-overlay/tools/council/node_modules/@smithy/core/dist-es/submodules/cbor/index.js: OK
/workspace/tmp/pixelelated-m7-qa-16/qa-overlay/tools/council/node_modules/@smithy/core/dist-es/submodules/cbor/parseCborBody.js: OK
/workspace/tmp/pixelelated-m7-qa-16/qa-overlay/tools/council/node_modules/@smithy/core/dist-es/submodules/checksum/chunked-blob-reader/chunked-blob-reader.js: OK
/workspace/tmp/pixelelated-m7-qa-16/qa-overlay/tools/council/node_modules/@smithy/core/dist-es/submodules/checksum/chunked-blob-reader/chunked-blob-reader.native.js: OK
/workspace/tmp/pixelelated-m7-qa-16/qa-overlay/tools/council/node_modules/@smithy/core/dist-es/submodules/checksum/crc32/Crc32Js.js: OK
/workspace/tmp/pixelelated-m7-qa-16/qa-overlay/tools/council/node_modules/@smithy/core/dist-es/submodules/checksum/crc32/Crc32Node.js: OK
/workspace/tmp/pixelelated-m7-qa-16/qa-overlay/tools/council/node_modules/@smithy/core/dist-es/submodules/checksum/hash-blob-browser/blobHasher.js: OK
/workspace/tmp/pixelelated-m7-qa-16/qa-overlay/tools/council/node_modules/@smithy/core/dist-es/submodules/checksum/hash-stream-node/HashCalculator.js: OK
/workspace/tmp/pixelelated-m7-qa-16/qa-overlay/tools/council/node_modules/@smithy/core/dist-es/submodules/checksum/hash-stream-node/fileStreamHasher.js: OK
/workspace/tmp/pixelelated-m7-qa-16/qa-overlay/tools/council/node_modules/@smithy/core/dist-es/submodules/checksum/hash-stream-node/readableStreamHasher.js: OK
/workspace/tmp/pixelelated-m7-qa-16/qa-overlay/tools/council/node_modules/@smithy/core/dist-es/submodules/checksum/index.browser.js: OK
/workspace/tmp/pixelelated-m7-qa-16/qa-overlay/tools/council/node_modules/@smithy/core/dist-es/submodules/checksum/index.js: OK
/workspace/tmp/pixelelated-m7-qa-16/qa-overlay/tools/council/node_modules/@smithy/core/dist-es/submodules/checksum/index.native.js: OK
/workspace/tmp/pixelelated-m7-qa-16/qa-overlay/tools/council/node_modules/@smithy/core/dist-es/submodules/checksum/md5/Md5Js.js: OK
/workspace/tmp/pixelelated-m7-qa-16/qa-overlay/tools/council/node_modules/@smithy/core/dist-es/submodules/checksum/md5/Md5Node.js: OK
/workspace/tmp/pixelelated-m7-qa-16/qa-overlay/tools/council/node_modules/@smithy/core/dist-es/submodules/checksum/sha256/Sha256Js.js: OK
/workspace/tmp/pixelelated-m7-qa-16/qa-overlay/tools/council/node_modules/@smithy/core/dist-es/submodules/checksum/sha256/Sha256Node.js: OK
/workspace/tmp/pixelelated-m7-qa-16/qa-overlay/tools/council/node_modules/@smithy/core/dist-es/submodules/checksum/sha256/Sha256WebCrypto.js: OK
/workspace/tmp/pixelelated-m7-qa-16/qa-overlay/tools/council/node_modules/@smithy/core/dist-es/submodules/client/index.js: OK
/workspace/tmp/pixelelated-m7-qa-16/qa-overlay/tools/council/node_modules/@smithy/core/dist-es/submodules/client/invalid-dependency/invalidFunction.js: OK
/workspace/tmp/pixelelated-m7-qa-16/qa-overlay/tools/council/node_modules/@smithy/core/dist-es/submodules/client/invalid-dependency/invalidProvider.js: OK
/workspace/tmp/pixelelated-m7-qa-16/qa-overlay/tools/council/node_modules/@smithy/core/dist-es/submodules/client/middleware-stack/MiddlewareStack.js: OK
/workspace/tmp/pixelelated-m7-qa-16/qa-overlay/tools/council/node_modules/@smithy/core/dist-es/submodules/client/middleware-stack/types.js: OK
/workspace/tmp/pixelelated-m7-qa-16/qa-overlay/tools/council/node_modules/@smithy/core/dist-es/submodules/client/smithy-client/NoOpLogger.js: OK
/workspace/tmp/pixelelated-m7-qa-16/qa-overlay/tools/council/node_modules/@smithy/core/dist-es/submodules/client/smithy-client/client-command-builder.js: OK
/workspace/tmp/pixelelated-m7-qa-16/qa-overlay/tools/council/node_modules/@smithy/core/dist-es/submodules/client/smithy-client/client.js: OK
/workspace/tmp/pixelelated-m7-qa-16/qa-overlay/tools/council/node_modules/@smithy/core/dist-es/submodules/client/smithy-client/command.js: OK
/workspace/tmp/pixelelated-m7-qa-16/qa-overlay/tools/council/node_modules/@smithy/core/dist-es/submodules/client/smithy-client/constants.js: OK
/workspace/tmp/pixelelated-m7-qa-16/qa-overlay/tools/council/node_modules/@smithy/core/dist-es/submodules/client/smithy-client/create-aggregated-client.js: OK
/workspace/tmp/pixelelated-m7-qa-16/qa-overlay/tools/council/node_modules/@smithy/core/dist-es/submodules/client/smithy-client/default-error-handler.js: OK
/workspace/tmp/pixelelated-m7-qa-16/qa-overlay/tools/council/node_modules/@smithy/core/dist-es/submodules/client/smithy-client/defaults-mode.js: OK
/workspace/tmp/pixelelated-m7-qa-16/qa-overlay/tools/council/node_modules/@smithy/core/dist-es/submodules/client/smithy-client/emitWarningIfUnsupportedVersion.js: OK
/workspace/tmp/pixelelated-m7-qa-16/qa-overlay/tools/council/node_modules/@smithy/core/dist-es/submodules/client/smithy-client/exceptions.js: OK
/workspace/tmp/pixelelated-m7-qa-16/qa-overlay/tools/council/node_modules/@smithy/core/dist-es/submodules/client/smithy-client/extensions/checksum.js: OK
/workspace/tmp/pixelelated-m7-qa-16/qa-overlay/tools/council/node_modules/@smithy/core/dist-es/submodules/client/smithy-client/extensions/defaultExtensionConfiguration.js: OK
/workspace/tmp/pixelelated-m7-qa-16/qa-overlay/tools/council/node_modules/@smithy/core/dist-es/submodules/client/smithy-client/extensions/retry.js: OK
/workspace/tmp/pixelelated-m7-qa-16/qa-overlay/tools/council/node_modules/@smithy/core/dist-es/submodules/client/smithy-client/get-array-if-single-item.js: OK
/workspace/tmp/pixelelated-m7-qa-16/qa-overlay/tools/council/node_modules/@smithy/core/dist-es/submodules/client/smithy-client/get-value-from-text-node.js: OK
/workspace/tmp/pixelelated-m7-qa-16/qa-overlay/tools/council/node_modules/@smithy/core/dist-es/submodules/client/smithy-client/is-serializable-header-value.js: OK
/workspace/tmp/pixelelated-m7-qa-16/qa-overlay/tools/council/node_modules/@smithy/core/dist-es/submodules/client/smithy-client/object-mapping.js: OK
/workspace/tmp/pixelelated-m7-qa-16/qa-overlay/tools/council/node_modules/@smithy/core/dist-es/submodules/client/smithy-client/schemaLogFilter.js: OK
/workspace/tmp/pixelelated-m7-qa-16/qa-overlay/tools/council/node_modules/@smithy/core/dist-es/submodules/client/smithy-client/ser-utils.js: OK
/workspace/tmp/pixelelated-m7-qa-16/qa-overlay/tools/council/node_modules/@smithy/core/dist-es/submodules/client/smithy-client/serde-json.js: OK
/workspace/tmp/pixelelated-m7-qa-16/qa-overlay/tools/council/node_modules/@smithy/core/dist-es/submodules/client/util-waiter/circularReplacer.js: OK
/workspace/tmp/pixelelated-m7-qa-16/qa-overlay/tools/council/node_modules/@smithy/core/dist-es/submodules/client/util-waiter/createWaiter.js: OK
/workspace/tmp/pixelelated-m7-qa-16/qa-overlay/tools/council/node_modules/@smithy/core/dist-es/submodules/client/util-waiter/poller.js: OK
/workspace/tmp/pixelelated-m7-qa-16/qa-overlay/tools/council/node_modules/@smithy/core/dist-es/submodules/client/util-waiter/utils/sleep.js: OK
/workspace/tmp/pixelelated-m7-qa-16/qa-overlay/tools/council/node_modules/@smithy/core/dist-es/submodules/client/util-waiter/utils/validate.js: OK
/workspace/tmp/pixelelated-m7-qa-16/qa-overlay/tools/council/node_modules/@smithy/core/dist-es/submodules/client/util-waiter/waiter.js: OK
/workspace/tmp/pixelelated-m7-qa-16/qa-overlay/tools/council/node_modules/@smithy/core/dist-es/submodules/config/config-resolver/endpointsConfig/NodeUseDualstackEndpointConfigOptions.js: OK
/workspace/tmp/pixelelated-m7-qa-16/qa-overlay/tools/council/node_modules/@smithy/core/dist-es/submodules/config/config-resolver/endpointsConfig/NodeUseFipsEndpointConfigOptions.js: OK
/workspace/tmp/pixelelated-m7-qa-16/qa-overlay/tools/council/node_modules/@smithy/core/dist-es/submodules/config/config-resolver/endpointsConfig/resolveCustomEndpointsConfig.js: OK
/workspace/tmp/pixelelated-m7-qa-16/qa-overlay/tools/council/node_modules/@smithy/core/dist-es/submodules/config/config-resolver/endpointsConfig/resolveEndpointsConfig.js: OK
/workspace/tmp/pixelelated-m7-qa-16/qa-overlay/tools/council/node_modules/@smithy/core/dist-es/submodules/config/config-resolver/endpointsConfig/utils/getEndpointFromRegion.js: OK
/workspace/tmp/pixelelated-m7-qa-16/qa-overlay/tools/council/node_modules/@smithy/core/dist-es/submodules/config/config-resolver/regionConfig/checkRegion.js: OK
/workspace/tmp/pixelelated-m7-qa-16/qa-overlay/tools/council/node_modules/@smithy/core/dist-es/submodules/config/config-resolver/regionConfig/config.js: OK
/workspace/tmp/pixelelated-m7-qa-16/qa-overlay/tools/council/node_modules/@smithy/core/dist-es/submodules/config/config-resolver/regionConfig/getInstanceMetadataRegion.js: OK
/workspace/tmp/pixelelated-m7-qa-16/qa-overlay/tools/council/node_modules/@smithy/core/dist-es/submodules/config/config-resolver/regionConfig/getRealRegion.js: OK
/workspace/tmp/pixelelated-m7-qa-16/qa-overlay/tools/council/node_modules/@smithy/core/dist-es/submodules/config/config-resolver/regionConfig/isFipsRegion.js: OK
/workspace/tmp/pixelelated-m7-qa-16/qa-overlay/tools/council/node_modules/@smithy/core/dist-es/submodules/config/config-resolver/regionConfig/resolveRegionConfig.js: OK
/workspace/tmp/pixelelated-m7-qa-16/qa-overlay/tools/council/node_modules/@smithy/core/dist-es/submodules/config/config-resolver/regionInfo/EndpointVariant.js: OK
/workspace/tmp/pixelelated-m7-qa-16/qa-overlay/tools/council/node_modules/@smithy/core/dist-es/submodules/config/config-resolver/regionInfo/EndpointVariantTag.js: OK
/workspace/tmp/pixelelated-m7-qa-16/qa-overlay/tools/council/node_modules/@smithy/core/dist-es/submodules/config/config-resolver/regionInfo/PartitionHash.js: OK
/workspace/tmp/pixelelated-m7-qa-16/qa-overlay/tools/council/node_modules/@smithy/core/dist-es/submodules/config/config-resolver/regionInfo/RegionHash.js: OK
/workspace/tmp/pixelelated-m7-qa-16/qa-overlay/tools/council/node_modules/@smithy/core/dist-es/submodules/config/config-resolver/regionInfo/getHostnameFromVariants.js: OK
/workspace/tmp/pixelelated-m7-qa-16/qa-overlay/tools/council/node_modules/@smithy/core/dist-es/submodules/config/config-resolver/regionInfo/getRegionInfo.js: OK
/workspace/tmp/pixelelated-m7-qa-16/qa-overlay/tools/council/node_modules/@smithy/core/dist-es/submodules/config/config-resolver/regionInfo/getResolvedHostname.js: OK
/workspace/tmp/pixelelated-m7-qa-16/qa-overlay/tools/council/node_modules/@smithy/core/dist-es/submodules/config/config-resolver/regionInfo/getResolvedPartition.js: OK
/workspace/tmp/pixelelated-m7-qa-16/qa-overlay/tools/council/node_modules/@smithy/core/dist-es/submodules/config/config-resolver/regionInfo/getResolvedSigningRegion.js: OK
/workspace/tmp/pixelelated-m7-qa-16/qa-overlay/tools/council/node_modules/@smithy/core/dist-es/submodules/config/defaults-mode/constants.js: OK
/workspace/tmp/pixelelated-m7-qa-16/qa-overlay/tools/council/node_modules/@smithy/core/dist-es/submodules/config/defaults-mode/defaultsModeConfig.js: OK
/workspace/tmp/pixelelated-m7-qa-16/qa-overlay/tools/council/node_modules/@smithy/core/dist-es/submodules/config/defaults-mode/resolveDefaultsModeConfig.browser.js: OK
/workspace/tmp/pixelelated-m7-qa-16/qa-overlay/tools/council/node_modules/@smithy/core/dist-es/submodules/config/defaults-mode/resolveDefaultsModeConfig.js: OK
/workspace/tmp/pixelelated-m7-qa-16/qa-overlay/tools/council/node_modules/@smithy/core/dist-es/submodules/config/defaults-mode/resolveDefaultsModeConfig.native.js: OK
/workspace/tmp/pixelelated-m7-qa-16/qa-overlay/tools/council/node_modules/@smithy/core/dist-es/submodules/config/index.browser.js: OK
/workspace/tmp/pixelelated-m7-qa-16/qa-overlay/tools/council/node_modules/@smithy/core/dist-es/submodules/config/index.js: OK
/workspace/tmp/pixelelated-m7-qa-16/qa-overlay/tools/council/node_modules/@smithy/core/dist-es/submodules/config/index.native.js: OK
/workspace/tmp/pixelelated-m7-qa-16/qa-overlay/tools/council/node_modules/@smithy/core/dist-es/submodules/config/node-config-provider/configLoader.js: OK
/workspace/tmp/pixelelated-m7-qa-16/qa-overlay/tools/council/node_modules/@smithy/core/dist-es/submodules/config/node-config-provider/fromEnv.js: OK
/workspace/tmp/pixelelated-m7-qa-16/qa-overlay/tools/council/node_modules/@smithy/core/dist-es/submodules/config/node-config-provider/fromSharedConfigFiles.js: OK
/workspace/tmp/pixelelated-m7-qa-16/qa-overlay/tools/council/node_modules/@smithy/core/dist-es/submodules/config/node-config-provider/fromStatic.js: OK
/workspace/tmp/pixelelated-m7-qa-16/qa-overlay/tools/council/node_modules/@smithy/core/dist-es/submodules/config/node-config-provider/getSelectorName.js: OK
/workspace/tmp/pixelelated-m7-qa-16/qa-overlay/tools/council/node_modules/@smithy/core/dist-es/submodules/config/property-provider/CredentialsProviderError.js: OK
/workspace/tmp/pixelelated-m7-qa-16/qa-overlay/tools/council/node_modules/@smithy/core/dist-es/submodules/config/property-provider/ProviderError.js: OK
/workspace/tmp/pixelelated-m7-qa-16/qa-overlay/tools/council/node_modules/@smithy/core/dist-es/submodules/config/property-provider/TokenProviderError.js: OK
/workspace/tmp/pixelelated-m7-qa-16/qa-overlay/tools/council/node_modules/@smithy/core/dist-es/submodules/config/property-provider/chain.js: OK
/workspace/tmp/pixelelated-m7-qa-16/qa-overlay/tools/council/node_modules/@smithy/core/dist-es/submodules/config/property-provider/fromValue.js: OK
/workspace/tmp/pixelelated-m7-qa-16/qa-overlay/tools/council/node_modules/@smithy/core/dist-es/submodules/config/property-provider/memoize.js: OK
/workspace/tmp/pixelelated-m7-qa-16/qa-overlay/tools/council/node_modules/@smithy/core/dist-es/submodules/config/shared-ini-file-loader/constants.js: OK
/workspace/tmp/pixelelated-m7-qa-16/qa-overlay/tools/council/node_modules/@smithy/core/dist-es/submodules/config/shared-ini-file-loader/externalDataInterceptor.js: OK
/workspace/tmp/pixelelated-m7-qa-16/qa-overlay/tools/council/node_modules/@smithy/core/dist-es/submodules/config/shared-ini-file-loader/getConfigData.js: OK
/workspace/tmp/pixelelated-m7-qa-16/qa-overlay/tools/council/node_modules/@smithy/core/dist-es/submodules/config/shared-ini-file-loader/getConfigFilepath.js: OK
/workspace/tmp/pixelelated-m7-qa-16/qa-overlay/tools/council/node_modules/@smithy/core/dist-es/submodules/config/shared-ini-file-loader/getCredentialsFilepath.js: OK
/workspace/tmp/pixelelated-m7-qa-16/qa-overlay/tools/council/node_modules/@smithy/core/dist-es/submodules/config/shared-ini-file-loader/getHomeDir.js: OK
/workspace/tmp/pixelelated-m7-qa-16/qa-overlay/tools/council/node_modules/@smithy/core/dist-es/submodules/config/shared-ini-file-loader/getProfileName.js: OK
/workspace/tmp/pixelelated-m7-qa-16/qa-overlay/tools/council/node_modules/@smithy/core/dist-es/submodules/config/shared-ini-file-loader/getSSOTokenFilepath.js: OK
/workspace/tmp/pixelelated-m7-qa-16/qa-overlay/tools/council/node_modules/@smithy/core/dist-es/submodules/config/shared-ini-file-loader/getSSOTokenFromFile.js: OK
/workspace/tmp/pixelelated-m7-qa-16/qa-overlay/tools/council/node_modules/@smithy/core/dist-es/submodules/config/shared-ini-file-loader/getSsoSessionData.js: OK
/workspace/tmp/pixelelated-m7-qa-16/qa-overlay/tools/council/node_modules/@smithy/core/dist-es/submodules/config/shared-ini-file-loader/loadSharedConfigFiles.js: OK
/workspace/tmp/pixelelated-m7-qa-16/qa-overlay/tools/council/node_modules/@smithy/core/dist-es/submodules/config/shared-ini-file-loader/loadSsoSessionData.js: OK
/workspace/tmp/pixelelated-m7-qa-16/qa-overlay/tools/council/node_modules/@smithy/core/dist-es/submodules/config/shared-ini-file-loader/mergeConfigFiles.js: OK
/workspace/tmp/pixelelated-m7-qa-16/qa-overlay/tools/council/node_modules/@smithy/core/dist-es/submodules/config/shared-ini-file-loader/parseIni.js: OK
/workspace/tmp/pixelelated-m7-qa-16/qa-overlay/tools/council/node_modules/@smithy/core/dist-es/submodules/config/shared-ini-file-loader/parseKnownFiles.js: OK
/workspace/tmp/pixelelated-m7-qa-16/qa-overlay/tools/council/node_modules/@smithy/core/dist-es/submodules/config/shared-ini-file-loader/readFile.js: OK
/workspace/tmp/pixelelated-m7-qa-16/qa-overlay/tools/council/node_modules/@smithy/core/dist-es/submodules/config/shared-ini-file-loader/types.js: OK
/workspace/tmp/pixelelated-m7-qa-16/qa-overlay/tools/council/node_modules/@smithy/core/dist-es/submodules/config/util-config-provider/booleanSelector.js: OK
/workspace/tmp/pixelelated-m7-qa-16/qa-overlay/tools/council/node_modules/@smithy/core/dist-es/submodules/config/util-config-provider/numberSelector.js: OK
/workspace/tmp/pixelelated-m7-qa-16/qa-overlay/tools/council/node_modules/@smithy/core/dist-es/submodules/config/util-config-provider/types.js: OK
/workspace/tmp/pixelelated-m7-qa-16/qa-overlay/tools/council/node_modules/@smithy/core/dist-es/submodules/endpoints/index.browser.js: OK
/workspace/tmp/pixelelated-m7-qa-16/qa-overlay/tools/council/node_modules/@smithy/core/dist-es/submodules/endpoints/index.js: OK
/workspace/tmp/pixelelated-m7-qa-16/qa-overlay/tools/council/node_modules/@smithy/core/dist-es/submodules/endpoints/middleware-endpoint/adaptors/createConfigValueProvider.js: OK
/workspace/tmp/pixelelated-m7-qa-16/qa-overlay/tools/council/node_modules/@smithy/core/dist-es/submodules/endpoints/middleware-endpoint/adaptors/getEndpointFromConfig.browser.js: OK
/workspace/tmp/pixelelated-m7-qa-16/qa-overlay/tools/council/node_modules/@smithy/core/dist-es/submodules/endpoints/middleware-endpoint/adaptors/getEndpointFromConfig.js: OK
/workspace/tmp/pixelelated-m7-qa-16/qa-overlay/tools/council/node_modules/@smithy/core/dist-es/submodules/endpoints/middleware-endpoint/adaptors/getEndpointFromInstructions.js: OK
/workspace/tmp/pixelelated-m7-qa-16/qa-overlay/tools/council/node_modules/@smithy/core/dist-es/submodules/endpoints/middleware-endpoint/adaptors/getEndpointUrlConfig.js: OK
/workspace/tmp/pixelelated-m7-qa-16/qa-overlay/tools/council/node_modules/@smithy/core/dist-es/submodules/endpoints/middleware-endpoint/adaptors/getIgnoreConfiguredEndpointUrls.js: OK
/workspace/tmp/pixelelated-m7-qa-16/qa-overlay/tools/council/node_modules/@smithy/core/dist-es/submodules/endpoints/middleware-endpoint/adaptors/toEndpointV1.js: OK
/workspace/tmp/pixelelated-m7-qa-16/qa-overlay/tools/council/node_modules/@smithy/core/dist-es/submodules/endpoints/middleware-endpoint/endpointMiddleware.js: OK
/workspace/tmp/pixelelated-m7-qa-16/qa-overlay/tools/council/node_modules/@smithy/core/dist-es/submodules/endpoints/middleware-endpoint/getEndpointPlugin.js: OK
/workspace/tmp/pixelelated-m7-qa-16/qa-overlay/tools/council/node_modules/@smithy/core/dist-es/submodules/endpoints/middleware-endpoint/resolveEndpointConfig.js: OK
/workspace/tmp/pixelelated-m7-qa-16/qa-overlay/tools/council/node_modules/@smithy/core/dist-es/submodules/endpoints/middleware-endpoint/resolveEndpointRequiredConfig.js: OK
/workspace/tmp/pixelelated-m7-qa-16/qa-overlay/tools/council/node_modules/@smithy/core/dist-es/submodules/endpoints/middleware-endpoint/service-customizations/index.js: OK
/workspace/tmp/pixelelated-m7-qa-16/qa-overlay/tools/council/node_modules/@smithy/core/dist-es/submodules/endpoints/middleware-endpoint/service-customizations/s3.js: OK
/workspace/tmp/pixelelated-m7-qa-16/qa-overlay/tools/council/node_modules/@smithy/core/dist-es/submodules/endpoints/util-endpoints/bdd/BinaryDecisionDiagram.js: OK
/workspace/tmp/pixelelated-m7-qa-16/qa-overlay/tools/council/node_modules/@smithy/core/dist-es/submodules/endpoints/util-endpoints/cache/EndpointCache.js: OK
/workspace/tmp/pixelelated-m7-qa-16/qa-overlay/tools/council/node_modules/@smithy/core/dist-es/submodules/endpoints/util-endpoints/debug/debugId.js: OK
/workspace/tmp/pixelelated-m7-qa-16/qa-overlay/tools/council/node_modules/@smithy/core/dist-es/submodules/endpoints/util-endpoints/debug/index.js: OK
/workspace/tmp/pixelelated-m7-qa-16/qa-overlay/tools/council/node_modules/@smithy/core/dist-es/submodules/endpoints/util-endpoints/debug/toDebugString.js: OK
/workspace/tmp/pixelelated-m7-qa-16/qa-overlay/tools/council/node_modules/@smithy/core/dist-es/submodules/endpoints/util-endpoints/decideEndpoint.js: OK
/workspace/tmp/pixelelated-m7-qa-16/qa-overlay/tools/council/node_modules/@smithy/core/dist-es/submodules/endpoints/util-endpoints/lib/booleanEquals.js: OK
/workspace/tmp/pixelelated-m7-qa-16/qa-overlay/tools/council/node_modules/@smithy/core/dist-es/submodules/endpoints/util-endpoints/lib/coalesce.js: OK
/workspace/tmp/pixelelated-m7-qa-16/qa-overlay/tools/council/node_modules/@smithy/core/dist-es/submodules/endpoints/util-endpoints/lib/getAttr.js: OK
/workspace/tmp/pixelelated-m7-qa-16/qa-overlay/tools/council/node_modules/@smithy/core/dist-es/submodules/endpoints/util-endpoints/lib/getAttrPathList.js: OK
/workspace/tmp/pixelelated-m7-qa-16/qa-overlay/tools/council/node_modules/@smithy/core/dist-es/submodules/endpoints/util-endpoints/lib/index.js: OK
/workspace/tmp/pixelelated-m7-qa-16/qa-overlay/tools/council/node_modules/@smithy/core/dist-es/submodules/endpoints/util-endpoints/lib/isIpAddress.js: OK
/workspace/tmp/pixelelated-m7-qa-16/qa-overlay/tools/council/node_modules/@smithy/core/dist-es/submodules/endpoints/util-endpoints/lib/isSet.js: OK
/workspace/tmp/pixelelated-m7-qa-16/qa-overlay/tools/council/node_modules/@smithy/core/dist-es/submodules/endpoints/util-endpoints/lib/ite.js: OK
/workspace/tmp/pixelelated-m7-qa-16/qa-overlay/tools/council/node_modules/@smithy/core/dist-es/submodules/endpoints/util-endpoints/lib/not.js: OK
/workspace/tmp/pixelelated-m7-qa-16/qa-overlay/tools/council/node_modules/@smithy/core/dist-es/submodules/endpoints/util-endpoints/lib/parseURL.js: OK
/workspace/tmp/pixelelated-m7-qa-16/qa-overlay/tools/council/node_modules/@smithy/core/dist-es/submodules/endpoints/util-endpoints/lib/split.js: OK
/workspace/tmp/pixelelated-m7-qa-16/qa-overlay/tools/council/node_modules/@smithy/core/dist-es/submodules/endpoints/util-endpoints/lib/stringEquals.js: OK
/workspace/tmp/pixelelated-m7-qa-16/qa-overlay/tools/council/node_modules/@smithy/core/dist-es/submodules/endpoints/util-endpoints/lib/substring.js: OK
/workspace/tmp/pixelelated-m7-qa-16/qa-overlay/tools/council/node_modules/@smithy/core/dist-es/submodules/endpoints/util-endpoints/lib/uriEncode.js: OK
/workspace/tmp/pixelelated-m7-qa-16/qa-overlay/tools/council/node_modules/@smithy/core/dist-es/submodules/endpoints/util-endpoints/resolveEndpoint.js: OK
/workspace/tmp/pixelelated-m7-qa-16/qa-overlay/tools/council/node_modules/@smithy/core/dist-es/submodules/endpoints/util-endpoints/types/EndpointError.js: OK
/workspace/tmp/pixelelated-m7-qa-16/qa-overlay/tools/council/node_modules/@smithy/core/dist-es/submodules/endpoints/util-endpoints/types/EndpointFunctions.js: OK
/workspace/tmp/pixelelated-m7-qa-16/qa-overlay/tools/council/node_modules/@smithy/core/dist-es/submodules/endpoints/util-endpoints/types/EndpointRuleObject.js: OK
/workspace/tmp/pixelelated-m7-qa-16/qa-overlay/tools/council/node_modules/@smithy/core/dist-es/submodules/endpoints/util-endpoints/types/ErrorRuleObject.js: OK
/workspace/tmp/pixelelated-m7-qa-16/qa-overlay/tools/council/node_modules/@smithy/core/dist-es/submodules/endpoints/util-endpoints/types/RuleSetObject.js: OK
/workspace/tmp/pixelelated-m7-qa-16/qa-overlay/tools/council/node_modules/@smithy/core/dist-es/submodules/endpoints/util-endpoints/types/TreeRuleObject.js: OK
/workspace/tmp/pixelelated-m7-qa-16/qa-overlay/tools/council/node_modules/@smithy/core/dist-es/submodules/endpoints/util-endpoints/types/index.js: OK
/workspace/tmp/pixelelated-m7-qa-16/qa-overlay/tools/council/node_modules/@smithy/core/dist-es/submodules/endpoints/util-endpoints/types/shared.js: OK
/workspace/tmp/pixelelated-m7-qa-16/qa-overlay/tools/council/node_modules/@smithy/core/dist-es/submodules/endpoints/util-endpoints/utils/callFunction.js: OK
/workspace/tmp/pixelelated-m7-qa-16/qa-overlay/tools/council/node_modules/@smithy/core/dist-es/submodules/endpoints/util-endpoints/utils/customEndpointFunctions.js: OK
/workspace/tmp/pixelelated-m7-qa-16/qa-overlay/tools/council/node_modules/@smithy/core/dist-es/submodules/endpoints/util-endpoints/utils/endpointFunctions.js: OK
/workspace/tmp/pixelelated-m7-qa-16/qa-overlay/tools/council/node_modules/@smithy/core/dist-es/submodules/endpoints/util-endpoints/utils/evaluateCondition.js: OK
/workspace/tmp/pixelelated-m7-qa-16/qa-overlay/tools/council/node_modules/@smithy/core/dist-es/submodules/endpoints/util-endpoints/utils/evaluateConditions.js: OK
/workspace/tmp/pixelelated-m7-qa-16/qa-overlay/tools/council/node_modules/@smithy/core/dist-es/submodules/endpoints/util-endpoints/utils/evaluateEndpointRule.js: OK
/workspace/tmp/pixelelated-m7-qa-16/qa-overlay/tools/council/node_modules/@smithy/core/dist-es/submodules/endpoints/util-endpoints/utils/evaluateErrorRule.js: OK
/workspace/tmp/pixelelated-m7-qa-16/qa-overlay/tools/council/node_modules/@smithy/core/dist-es/submodules/endpoints/util-endpoints/utils/evaluateExpression.js: OK
/workspace/tmp/pixelelated-m7-qa-16/qa-overlay/tools/council/node_modules/@smithy/core/dist-es/submodules/endpoints/util-endpoints/utils/evaluateRules.js: OK
/workspace/tmp/pixelelated-m7-qa-16/qa-overlay/tools/council/node_modules/@smithy/core/dist-es/submodules/endpoints/util-endpoints/utils/evaluateTemplate.js: OK
/workspace/tmp/pixelelated-m7-qa-16/qa-overlay/tools/council/node_modules/@smithy/core/dist-es/submodules/endpoints/util-endpoints/utils/evaluateTreeRule.js: OK
/workspace/tmp/pixelelated-m7-qa-16/qa-overlay/tools/council/node_modules/@smithy/core/dist-es/submodules/endpoints/util-endpoints/utils/getEndpointHeaders.js: OK
/workspace/tmp/pixelelated-m7-qa-16/qa-overlay/tools/council/node_modules/@smithy/core/dist-es/submodules/endpoints/util-endpoints/utils/getEndpointProperties.js: OK
/workspace/tmp/pixelelated-m7-qa-16/qa-overlay/tools/council/node_modules/@smithy/core/dist-es/submodules/endpoints/util-endpoints/utils/getEndpointProperty.js: OK
/workspace/tmp/pixelelated-m7-qa-16/qa-overlay/tools/council/node_modules/@smithy/core/dist-es/submodules/endpoints/util-endpoints/utils/getEndpointUrl.js: OK
/workspace/tmp/pixelelated-m7-qa-16/qa-overlay/tools/council/node_modules/@smithy/core/dist-es/submodules/endpoints/util-endpoints/utils/getReferenceValue.js: OK
/workspace/tmp/pixelelated-m7-qa-16/qa-overlay/tools/council/node_modules/@smithy/core/dist-es/submodules/endpoints/util-endpoints/utils/index.js: OK
/workspace/tmp/pixelelated-m7-qa-16/qa-overlay/tools/council/node_modules/@smithy/core/dist-es/submodules/event-streams/EventStreamSerde.js: OK
/workspace/tmp/pixelelated-m7-qa-16/qa-overlay/tools/council/node_modules/@smithy/core/dist-es/submodules/event-streams/eventstream-codec/EventStreamCodec.js: OK
/workspace/tmp/pixelelated-m7-qa-16/qa-overlay/tools/council/node_modules/@smithy/core/dist-es/submodules/event-streams/eventstream-codec/HeaderMarshaller.js: OK
/workspace/tmp/pixelelated-m7-qa-16/qa-overlay/tools/council/node_modules/@smithy/core/dist-es/submodules/event-streams/eventstream-codec/Int64.js: OK
/workspace/tmp/pixelelated-m7-qa-16/qa-overlay/tools/council/node_modules/@smithy/core/dist-es/submodules/event-streams/eventstream-codec/Message.js: OK
/workspace/tmp/pixelelated-m7-qa-16/qa-overlay/tools/council/node_modules/@smithy/core/dist-es/submodules/event-streams/eventstream-codec/MessageDecoderStream.js: OK
/workspace/tmp/pixelelated-m7-qa-16/qa-overlay/tools/council/node_modules/@smithy/core/dist-es/submodules/event-streams/eventstream-codec/MessageEncoderStream.js: OK
/workspace/tmp/pixelelated-m7-qa-16/qa-overlay/tools/council/node_modules/@smithy/core/dist-es/submodules/event-streams/eventstream-codec/SmithyMessageDecoderStream.js: OK
/workspace/tmp/pixelelated-m7-qa-16/qa-overlay/tools/council/node_modules/@smithy/core/dist-es/submodules/event-streams/eventstream-codec/SmithyMessageEncoderStream.js: OK
/workspace/tmp/pixelelated-m7-qa-16/qa-overlay/tools/council/node_modules/@smithy/core/dist-es/submodules/event-streams/eventstream-codec/splitMessage.js: OK
/workspace/tmp/pixelelated-m7-qa-16/qa-overlay/tools/council/node_modules/@smithy/core/dist-es/submodules/event-streams/eventstream-serde/EventStreamMarshaller.browser.js: OK
/workspace/tmp/pixelelated-m7-qa-16/qa-overlay/tools/council/node_modules/@smithy/core/dist-es/submodules/event-streams/eventstream-serde/EventStreamMarshaller.js: OK
/workspace/tmp/pixelelated-m7-qa-16/qa-overlay/tools/council/node_modules/@smithy/core/dist-es/submodules/event-streams/eventstream-serde/utils.js: OK
/workspace/tmp/pixelelated-m7-qa-16/qa-overlay/tools/council/node_modules/@smithy/core/dist-es/submodules/event-streams/eventstream-serde-config-resolver/EventStreamSerdeConfig.js: OK
/workspace/tmp/pixelelated-m7-qa-16/qa-overlay/tools/council/node_modules/@smithy/core/dist-es/submodules/event-streams/eventstream-serde-universal/EventStreamMarshaller.js: OK
/workspace/tmp/pixelelated-m7-qa-16/qa-overlay/tools/council/node_modules/@smithy/core/dist-es/submodules/event-streams/eventstream-serde-universal/getChunkedStream.js: OK
/workspace/tmp/pixelelated-m7-qa-16/qa-overlay/tools/council/node_modules/@smithy/core/dist-es/submodules/event-streams/eventstream-serde-universal/getUnmarshalledStream.js: OK
/workspace/tmp/pixelelated-m7-qa-16/qa-overlay/tools/council/node_modules/@smithy/core/dist-es/submodules/event-streams/index.browser.js: OK
/workspace/tmp/pixelelated-m7-qa-16/qa-overlay/tools/council/node_modules/@smithy/core/dist-es/submodules/event-streams/index.js: OK
/workspace/tmp/pixelelated-m7-qa-16/qa-overlay/tools/council/node_modules/@smithy/core/dist-es/submodules/protocols/HttpBindingProtocol.js: OK
/workspace/tmp/pixelelated-m7-qa-16/qa-overlay/tools/council/node_modules/@smithy/core/dist-es/submodules/protocols/HttpProtocol.js: OK
/workspace/tmp/pixelelated-m7-qa-16/qa-overlay/tools/council/node_modules/@smithy/core/dist-es/submodules/protocols/RpcProtocol.js: OK
/workspace/tmp/pixelelated-m7-qa-16/qa-overlay/tools/council/node_modules/@smithy/core/dist-es/submodules/protocols/SerdeContext.js: OK
/workspace/tmp/pixelelated-m7-qa-16/qa-overlay/tools/council/node_modules/@smithy/core/dist-es/submodules/protocols/collect-stream-body.js: OK
/workspace/tmp/pixelelated-m7-qa-16/qa-overlay/tools/council/node_modules/@smithy/core/dist-es/submodules/protocols/extended-encode-uri-component.js: OK
/workspace/tmp/pixelelated-m7-qa-16/qa-overlay/tools/council/node_modules/@smithy/core/dist-es/submodules/protocols/index.js: OK
/workspace/tmp/pixelelated-m7-qa-16/qa-overlay/tools/council/node_modules/@smithy/core/dist-es/submodules/protocols/middleware-content-length/contentLengthMiddleware.js: OK
/workspace/tmp/pixelelated-m7-qa-16/qa-overlay/tools/council/node_modules/@smithy/core/dist-es/submodules/protocols/protocol-http/Field.js: OK
/workspace/tmp/pixelelated-m7-qa-16/qa-overlay/tools/council/node_modules/@smithy/core/dist-es/submodules/protocols/protocol-http/Fields.js: OK
/workspace/tmp/pixelelated-m7-qa-16/qa-overlay/tools/council/node_modules/@smithy/core/dist-es/submodules/protocols/protocol-http/extensions/httpExtensionConfiguration.js: OK
/workspace/tmp/pixelelated-m7-qa-16/qa-overlay/tools/council/node_modules/@smithy/core/dist-es/submodules/protocols/protocol-http/httpHandler.js: OK
/workspace/tmp/pixelelated-m7-qa-16/qa-overlay/tools/council/node_modules/@smithy/core/dist-es/submodules/protocols/protocol-http/types.js: OK
/workspace/tmp/pixelelated-m7-qa-16/qa-overlay/tools/council/node_modules/@smithy/core/dist-es/submodules/protocols/querystring-builder/buildQueryString.js: OK
/workspace/tmp/pixelelated-m7-qa-16/qa-overlay/tools/council/node_modules/@smithy/core/dist-es/submodules/protocols/requestBuilder.js: OK
/workspace/tmp/pixelelated-m7-qa-16/qa-overlay/tools/council/node_modules/@smithy/core/dist-es/submodules/protocols/resolve-path.js: OK
/workspace/tmp/pixelelated-m7-qa-16/qa-overlay/tools/council/node_modules/@smithy/core/dist-es/submodules/protocols/serde/FromStringShapeDeserializer.js: OK
/workspace/tmp/pixelelated-m7-qa-16/qa-overlay/tools/council/node_modules/@smithy/core/dist-es/submodules/protocols/serde/HttpInterceptingShapeDeserializer.js: OK
/workspace/tmp/pixelelated-m7-qa-16/qa-overlay/tools/council/node_modules/@smithy/core/dist-es/submodules/protocols/serde/HttpInterceptingShapeSerializer.js: OK
/workspace/tmp/pixelelated-m7-qa-16/qa-overlay/tools/council/node_modules/@smithy/core/dist-es/submodules/protocols/serde/ToStringShapeSerializer.js: OK
/workspace/tmp/pixelelated-m7-qa-16/qa-overlay/tools/council/node_modules/@smithy/core/dist-es/submodules/protocols/serde/determineTimestampFormat.js: OK
/workspace/tmp/pixelelated-m7-qa-16/qa-overlay/tools/council/node_modules/@smithy/core/dist-es/submodules/protocols/util-uri-escape/escape-uri-path.js: OK
/workspace/tmp/pixelelated-m7-qa-16/qa-overlay/tools/council/node_modules/@smithy/core/dist-es/submodules/protocols/util-uri-escape/escape-uri.js: OK
/workspace/tmp/pixelelated-m7-qa-16/qa-overlay/tools/council/node_modules/@smithy/core/dist-es/submodules/retry/index.browser.js: OK
/workspace/tmp/pixelelated-m7-qa-16/qa-overlay/tools/council/node_modules/@smithy/core/dist-es/submodules/retry/index.js: OK
/workspace/tmp/pixelelated-m7-qa-16/qa-overlay/tools/council/node_modules/@smithy/core/dist-es/submodules/retry/middleware-retry/configurations.js: OK
/workspace/tmp/pixelelated-m7-qa-16/qa-overlay/tools/council/node_modules/@smithy/core/dist-es/submodules/retry/middleware-retry/isStreamingPayload/isStreamingPayload.browser.js: OK
/workspace/tmp/pixelelated-m7-qa-16/qa-overlay/tools/council/node_modules/@smithy/core/dist-es/submodules/retry/middleware-retry/isStreamingPayload/isStreamingPayload.js: OK
/workspace/tmp/pixelelated-m7-qa-16/qa-overlay/tools/council/node_modules/@smithy/core/dist-es/submodules/retry/middleware-retry/longPollMiddleware.js: OK
/workspace/tmp/pixelelated-m7-qa-16/qa-overlay/tools/council/node_modules/@smithy/core/dist-es/submodules/retry/middleware-retry/omitRetryHeadersMiddleware.js: OK
/workspace/tmp/pixelelated-m7-qa-16/qa-overlay/tools/council/node_modules/@smithy/core/dist-es/submodules/retry/middleware-retry/parseRetryAfterHeader.js: OK
/workspace/tmp/pixelelated-m7-qa-16/qa-overlay/tools/council/node_modules/@smithy/core/dist-es/submodules/retry/middleware-retry/retry-pre-sra-deprecated/AdaptiveRetryStrategy.js: OK
/workspace/tmp/pixelelated-m7-qa-16/qa-overlay/tools/council/node_modules/@smithy/core/dist-es/submodules/retry/middleware-retry/retry-pre-sra-deprecated/StandardRetryStrategy.js: OK
/workspace/tmp/pixelelated-m7-qa-16/qa-overlay/tools/council/node_modules/@smithy/core/dist-es/submodules/retry/middleware-retry/retry-pre-sra-deprecated/defaultRetryQuota.js: OK
/workspace/tmp/pixelelated-m7-qa-16/qa-overlay/tools/council/node_modules/@smithy/core/dist-es/submodules/retry/middleware-retry/retry-pre-sra-deprecated/delayDecider.js: OK
/workspace/tmp/pixelelated-m7-qa-16/qa-overlay/tools/council/node_modules/@smithy/core/dist-es/submodules/retry/middleware-retry/retry-pre-sra-deprecated/retryDecider.js: OK
/workspace/tmp/pixelelated-m7-qa-16/qa-overlay/tools/council/node_modules/@smithy/core/dist-es/submodules/retry/middleware-retry/retry-pre-sra-deprecated/types.js: OK
/workspace/tmp/pixelelated-m7-qa-16/qa-overlay/tools/council/node_modules/@smithy/core/dist-es/submodules/retry/middleware-retry/retryMiddleware.js: OK
/workspace/tmp/pixelelated-m7-qa-16/qa-overlay/tools/council/node_modules/@smithy/core/dist-es/submodules/retry/middleware-retry/util.js: OK
/workspace/tmp/pixelelated-m7-qa-16/qa-overlay/tools/council/node_modules/@smithy/core/dist-es/submodules/retry/service-error-classification/constants.js: OK
/workspace/tmp/pixelelated-m7-qa-16/qa-overlay/tools/council/node_modules/@smithy/core/dist-es/submodules/retry/service-error-classification/service-error-classification.js: OK
/workspace/tmp/pixelelated-m7-qa-16/qa-overlay/tools/council/node_modules/@smithy/core/dist-es/submodules/retry/util-retry/AdaptiveRetryStrategy.js: OK
/workspace/tmp/pixelelated-m7-qa-16/qa-overlay/tools/council/node_modules/@smithy/core/dist-es/submodules/retry/util-retry/ConfiguredRetryStrategy.js: OK
/workspace/tmp/pixelelated-m7-qa-16/qa-overlay/tools/council/node_modules/@smithy/core/dist-es/submodules/retry/util-retry/DefaultRateLimiter.js: OK
/workspace/tmp/pixelelated-m7-qa-16/qa-overlay/tools/council/node_modules/@smithy/core/dist-es/submodules/retry/util-retry/DefaultRetryBackoffStrategy.js: OK
/workspace/tmp/pixelelated-m7-qa-16/qa-overlay/tools/council/node_modules/@smithy/core/dist-es/submodules/retry/util-retry/DefaultRetryToken.js: OK
/workspace/tmp/pixelelated-m7-qa-16/qa-overlay/tools/council/node_modules/@smithy/core/dist-es/submodules/retry/util-retry/StandardRetryStrategy.js: OK
/workspace/tmp/pixelelated-m7-qa-16/qa-overlay/tools/council/node_modules/@smithy/core/dist-es/submodules/retry/util-retry/config.js: OK
/workspace/tmp/pixelelated-m7-qa-16/qa-overlay/tools/council/node_modules/@smithy/core/dist-es/submodules/retry/util-retry/constants.js: OK
/workspace/tmp/pixelelated-m7-qa-16/qa-overlay/tools/council/node_modules/@smithy/core/dist-es/submodules/retry/util-retry/retries-2026-config.js: OK
/workspace/tmp/pixelelated-m7-qa-16/qa-overlay/tools/council/node_modules/@smithy/core/dist-es/submodules/retry/util-retry/types.js: OK
/workspace/tmp/pixelelated-m7-qa-16/qa-overlay/tools/council/node_modules/@smithy/core/dist-es/submodules/schema/TypeRegistry.js: OK
/workspace/tmp/pixelelated-m7-qa-16/qa-overlay/tools/council/node_modules/@smithy/core/dist-es/submodules/schema/deref.js: OK
/workspace/tmp/pixelelated-m7-qa-16/qa-overlay/tools/council/node_modules/@smithy/core/dist-es/submodules/schema/index.js: OK
/workspace/tmp/pixelelated-m7-qa-16/qa-overlay/tools/council/node_modules/@smithy/core/dist-es/submodules/schema/middleware/getSchemaSerdePlugin.js: OK
/workspace/tmp/pixelelated-m7-qa-16/qa-overlay/tools/council/node_modules/@smithy/core/dist-es/submodules/schema/middleware/schema-middleware-types.js: OK
/workspace/tmp/pixelelated-m7-qa-16/qa-overlay/tools/council/node_modules/@smithy/core/dist-es/submodules/schema/middleware/schemaDeserializationMiddleware.js: OK
/workspace/tmp/pixelelated-m7-qa-16/qa-overlay/tools/council/node_modules/@smithy/core/dist-es/submodules/schema/middleware/schemaSerializationMiddleware.js: OK
/workspace/tmp/pixelelated-m7-qa-16/qa-overlay/tools/council/node_modules/@smithy/core/dist-es/submodules/schema/schemas/ErrorSchema.js: OK
/workspace/tmp/pixelelated-m7-qa-16/qa-overlay/tools/council/node_modules/@smithy/core/dist-es/submodules/schema/schemas/ListSchema.js: OK
/workspace/tmp/pixelelated-m7-qa-16/qa-overlay/tools/council/node_modules/@smithy/core/dist-es/submodules/schema/schemas/MapSchema.js: OK
/workspace/tmp/pixelelated-m7-qa-16/qa-overlay/tools/council/node_modules/@smithy/core/dist-es/submodules/schema/schemas/NormalizedSchema.js: OK
/workspace/tmp/pixelelated-m7-qa-16/qa-overlay/tools/council/node_modules/@smithy/core/dist-es/submodules/schema/schemas/OperationSchema.js: OK
/workspace/tmp/pixelelated-m7-qa-16/qa-overlay/tools/council/node_modules/@smithy/core/dist-es/submodules/schema/schemas/Schema.js: OK
/workspace/tmp/pixelelated-m7-qa-16/qa-overlay/tools/council/node_modules/@smithy/core/dist-es/submodules/schema/schemas/SimpleSchema.js: OK
/workspace/tmp/pixelelated-m7-qa-16/qa-overlay/tools/council/node_modules/@smithy/core/dist-es/submodules/schema/schemas/StructureSchema.js: OK
/workspace/tmp/pixelelated-m7-qa-16/qa-overlay/tools/council/node_modules/@smithy/core/dist-es/submodules/schema/schemas/operation.js: OK
/workspace/tmp/pixelelated-m7-qa-16/qa-overlay/tools/council/node_modules/@smithy/core/dist-es/submodules/schema/schemas/sentinels.js: OK
/workspace/tmp/pixelelated-m7-qa-16/qa-overlay/tools/council/node_modules/@smithy/core/dist-es/submodules/schema/schemas/translateTraits.js: OK
/workspace/tmp/pixelelated-m7-qa-16/qa-overlay/tools/council/node_modules/@smithy/core/dist-es/submodules/serde/concatBytes.js: OK
/workspace/tmp/pixelelated-m7-qa-16/qa-overlay/tools/council/node_modules/@smithy/core/dist-es/submodules/serde/copyDocumentWithTransform.js: OK
/workspace/tmp/pixelelated-m7-qa-16/qa-overlay/tools/council/node_modules/@smithy/core/dist-es/submodules/serde/date-utils.js: OK
/workspace/tmp/pixelelated-m7-qa-16/qa-overlay/tools/council/node_modules/@smithy/core/dist-es/submodules/serde/hash-node/hash-node.js: OK
/workspace/tmp/pixelelated-m7-qa-16/qa-overlay/tools/council/node_modules/@smithy/core/dist-es/submodules/serde/index.browser.js: OK
/workspace/tmp/pixelelated-m7-qa-16/qa-overlay/tools/council/node_modules/@smithy/core/dist-es/submodules/serde/index.js: OK
/workspace/tmp/pixelelated-m7-qa-16/qa-overlay/tools/council/node_modules/@smithy/core/dist-es/submodules/serde/index.native.js: OK
/workspace/tmp/pixelelated-m7-qa-16/qa-overlay/tools/council/node_modules/@smithy/core/dist-es/submodules/serde/is-array-buffer/is-array-buffer.js: OK
/workspace/tmp/pixelelated-m7-qa-16/qa-overlay/tools/council/node_modules/@smithy/core/dist-es/submodules/serde/lazy-json.js: OK
/workspace/tmp/pixelelated-m7-qa-16/qa-overlay/tools/council/node_modules/@smithy/core/dist-es/submodules/serde/middleware-serde/deserializerMiddleware.js: OK
/workspace/tmp/pixelelated-m7-qa-16/qa-overlay/tools/council/node_modules/@smithy/core/dist-es/submodules/serde/middleware-serde/serdePlugin.js: OK
/workspace/tmp/pixelelated-m7-qa-16/qa-overlay/tools/council/node_modules/@smithy/core/dist-es/submodules/serde/middleware-serde/serializerMiddleware.js: OK
/workspace/tmp/pixelelated-m7-qa-16/qa-overlay/tools/council/node_modules/@smithy/core/dist-es/submodules/serde/parse-utils.js: OK
/workspace/tmp/pixelelated-m7-qa-16/qa-overlay/tools/council/node_modules/@smithy/core/dist-es/submodules/serde/quote-header.js: OK
/workspace/tmp/pixelelated-m7-qa-16/qa-overlay/tools/council/node_modules/@smithy/core/dist-es/submodules/serde/schema-serde-lib/schema-date-utils.js: OK
/workspace/tmp/pixelelated-m7-qa-16/qa-overlay/tools/council/node_modules/@smithy/core/dist-es/submodules/serde/split-every.js: OK
/workspace/tmp/pixelelated-m7-qa-16/qa-overlay/tools/council/node_modules/@smithy/core/dist-es/submodules/serde/split-header.js: OK
/workspace/tmp/pixelelated-m7-qa-16/qa-overlay/tools/council/node_modules/@smithy/core/dist-es/submodules/serde/util-base64/constants-for-browser.js: OK
/workspace/tmp/pixelelated-m7-qa-16/qa-overlay/tools/council/node_modules/@smithy/core/dist-es/submodules/serde/util-base64/fromBase64.browser.js: OK
/workspace/tmp/pixelelated-m7-qa-16/qa-overlay/tools/council/node_modules/@smithy/core/dist-es/submodules/serde/util-base64/fromBase64.js: OK
/workspace/tmp/pixelelated-m7-qa-16/qa-overlay/tools/council/node_modules/@smithy/core/dist-es/submodules/serde/util-base64/toBase64.browser.js: OK
/workspace/tmp/pixelelated-m7-qa-16/qa-overlay/tools/council/node_modules/@smithy/core/dist-es/submodules/serde/util-base64/toBase64.js: OK
/workspace/tmp/pixelelated-m7-qa-16/qa-overlay/tools/council/node_modules/@smithy/core/dist-es/submodules/serde/util-body-length/calculateBodyLength.browser.js: OK
/workspace/tmp/pixelelated-m7-qa-16/qa-overlay/tools/council/node_modules/@smithy/core/dist-es/submodules/serde/util-body-length/calculateBodyLength.js: OK
/workspace/tmp/pixelelated-m7-qa-16/qa-overlay/tools/council/node_modules/@smithy/core/dist-es/submodules/serde/util-buffer-from/buffer-from.js: OK
/workspace/tmp/pixelelated-m7-qa-16/qa-overlay/tools/council/node_modules/@smithy/core/dist-es/submodules/serde/util-hex-encoding/hex-encoding.js: OK
/workspace/tmp/pixelelated-m7-qa-16/qa-overlay/tools/council/node_modules/@smithy/core/dist-es/submodules/serde/util-stream/ByteArrayCollector.js: OK
/workspace/tmp/pixelelated-m7-qa-16/qa-overlay/tools/council/node_modules/@smithy/core/dist-es/submodules/serde/util-stream/blob/Uint8ArrayBlobAdapter.js: OK
/workspace/tmp/pixelelated-m7-qa-16/qa-overlay/tools/council/node_modules/@smithy/core/dist-es/submodules/serde/util-stream/checksum/ChecksumStream.browser.js: OK
/workspace/tmp/pixelelated-m7-qa-16/qa-overlay/tools/council/node_modules/@smithy/core/dist-es/submodules/serde/util-stream/checksum/ChecksumStream.js: OK
/workspace/tmp/pixelelated-m7-qa-16/qa-overlay/tools/council/node_modules/@smithy/core/dist-es/submodules/serde/util-stream/checksum/createChecksumStream.browser.js: OK
/workspace/tmp/pixelelated-m7-qa-16/qa-overlay/tools/council/node_modules/@smithy/core/dist-es/submodules/serde/util-stream/checksum/createChecksumStream.js: OK
/workspace/tmp/pixelelated-m7-qa-16/qa-overlay/tools/council/node_modules/@smithy/core/dist-es/submodules/serde/util-stream/createBufferedReadable.browser.js: OK
/workspace/tmp/pixelelated-m7-qa-16/qa-overlay/tools/council/node_modules/@smithy/core/dist-es/submodules/serde/util-stream/createBufferedReadable.js: OK
/workspace/tmp/pixelelated-m7-qa-16/qa-overlay/tools/council/node_modules/@smithy/core/dist-es/submodules/serde/util-stream/getAwsChunkedEncodingStream.browser.js: OK
/workspace/tmp/pixelelated-m7-qa-16/qa-overlay/tools/council/node_modules/@smithy/core/dist-es/submodules/serde/util-stream/getAwsChunkedEncodingStream.js: OK
/workspace/tmp/pixelelated-m7-qa-16/qa-overlay/tools/council/node_modules/@smithy/core/dist-es/submodules/serde/util-stream/headStream.browser.js: OK
/workspace/tmp/pixelelated-m7-qa-16/qa-overlay/tools/council/node_modules/@smithy/core/dist-es/submodules/serde/util-stream/headStream.js: OK
/workspace/tmp/pixelelated-m7-qa-16/qa-overlay/tools/council/node_modules/@smithy/core/dist-es/submodules/serde/util-stream/sdk-stream-mixin.browser.js: OK
/workspace/tmp/pixelelated-m7-qa-16/qa-overlay/tools/council/node_modules/@smithy/core/dist-es/submodules/serde/util-stream/sdk-stream-mixin.js: OK
/workspace/tmp/pixelelated-m7-qa-16/qa-overlay/tools/council/node_modules/@smithy/core/dist-es/submodules/serde/util-stream/splitStream.browser.js: OK
/workspace/tmp/pixelelated-m7-qa-16/qa-overlay/tools/council/node_modules/@smithy/core/dist-es/submodules/serde/util-stream/splitStream.js: OK
/workspace/tmp/pixelelated-m7-qa-16/qa-overlay/tools/council/node_modules/@smithy/core/dist-es/submodules/serde/util-stream/stream-collector.browser.js: OK
/workspace/tmp/pixelelated-m7-qa-16/qa-overlay/tools/council/node_modules/@smithy/core/dist-es/submodules/serde/util-stream/stream-collector.js: OK
/workspace/tmp/pixelelated-m7-qa-16/qa-overlay/tools/council/node_modules/@smithy/core/dist-es/submodules/serde/util-stream/stream-type-check.js: OK
/workspace/tmp/pixelelated-m7-qa-16/qa-overlay/tools/council/node_modules/@smithy/core/dist-es/submodules/serde/util-utf8/fromUtf8.browser.js: OK
/workspace/tmp/pixelelated-m7-qa-16/qa-overlay/tools/council/node_modules/@smithy/core/dist-es/submodules/serde/util-utf8/fromUtf8.js: OK
/workspace/tmp/pixelelated-m7-qa-16/qa-overlay/tools/council/node_modules/@smithy/core/dist-es/submodules/serde/util-utf8/toUint8Array.browser.js: OK
/workspace/tmp/pixelelated-m7-qa-16/qa-overlay/tools/council/node_modules/@smithy/core/dist-es/submodules/serde/util-utf8/toUint8Array.js: OK
/workspace/tmp/pixelelated-m7-qa-16/qa-overlay/tools/council/node_modules/@smithy/core/dist-es/submodules/serde/util-utf8/toUtf8.browser.js: OK
/workspace/tmp/pixelelated-m7-qa-16/qa-overlay/tools/council/node_modules/@smithy/core/dist-es/submodules/serde/util-utf8/toUtf8.js: OK
/workspace/tmp/pixelelated-m7-qa-16/qa-overlay/tools/council/node_modules/@smithy/core/dist-es/submodules/serde/uuid/v4.js: OK
/workspace/tmp/pixelelated-m7-qa-16/qa-overlay/tools/council/node_modules/@smithy/core/dist-es/submodules/serde/value/NumericValue.js: OK
/workspace/tmp/pixelelated-m7-qa-16/qa-overlay/tools/council/node_modules/@smithy/core/dist-es/submodules/transport/getSmithyContext.js: OK
/workspace/tmp/pixelelated-m7-qa-16/qa-overlay/tools/council/node_modules/@smithy/core/dist-es/submodules/transport/hasOwn.js: OK
/workspace/tmp/pixelelated-m7-qa-16/qa-overlay/tools/council/node_modules/@smithy/core/dist-es/submodules/transport/httpRequest.js: OK
/workspace/tmp/pixelelated-m7-qa-16/qa-overlay/tools/council/node_modules/@smithy/core/dist-es/submodules/transport/httpResponse.js: OK
/workspace/tmp/pixelelated-m7-qa-16/qa-overlay/tools/council/node_modules/@smithy/core/dist-es/submodules/transport/index.js: OK
/workspace/tmp/pixelelated-m7-qa-16/qa-overlay/tools/council/node_modules/@smithy/core/dist-es/submodules/transport/isValidHostLabel.js: OK
/workspace/tmp/pixelelated-m7-qa-16/qa-overlay/tools/council/node_modules/@smithy/core/dist-es/submodules/transport/isValidHostname.js: OK
/workspace/tmp/pixelelated-m7-qa-16/qa-overlay/tools/council/node_modules/@smithy/core/dist-es/submodules/transport/normalizeProvider.js: OK
/workspace/tmp/pixelelated-m7-qa-16/qa-overlay/tools/council/node_modules/@smithy/core/dist-es/submodules/transport/parseQueryString.js: OK
/workspace/tmp/pixelelated-m7-qa-16/qa-overlay/tools/council/node_modules/@smithy/core/dist-es/submodules/transport/parseUrl.js: OK
/workspace/tmp/pixelelated-m7-qa-16/qa-overlay/tools/council/node_modules/@smithy/core/dist-es/submodules/transport/toEndpointV1.js: OK
/workspace/tmp/pixelelated-m7-qa-16/qa-overlay/tools/council/node_modules/@smithy/core/dist-types/index.d.ts: OK
/workspace/tmp/pixelelated-m7-qa-16/qa-overlay/tools/council/node_modules/@smithy/core/dist-types/legacy-root-exports/middleware-http-auth-scheme/getHttpAuthSchemeEndpointRuleSetPlugin.d.ts: OK
/workspace/tmp/pixelelated-m7-qa-16/qa-overlay/tools/council/node_modules/@smithy/core/dist-types/legacy-root-exports/middleware-http-auth-scheme/getHttpAuthSchemePlugin.d.ts: OK
/workspace/tmp/pixelelated-m7-qa-16/qa-overlay/tools/council/node_modules/@smithy/core/dist-types/legacy-root-exports/middleware-http-auth-scheme/httpAuthSchemeMiddleware.d.ts: OK
/workspace/tmp/pixelelated-m7-qa-16/qa-overlay/tools/council/node_modules/@smithy/core/dist-types/legacy-root-exports/middleware-http-auth-scheme/index.d.ts: OK
/workspace/tmp/pixelelated-m7-qa-16/qa-overlay/tools/council/node_modules/@smithy/core/dist-types/legacy-root-exports/middleware-http-auth-scheme/resolveAuthOptions.d.ts: OK
/workspace/tmp/pixelelated-m7-qa-16/qa-overlay/tools/council/node_modules/@smithy/core/dist-types/legacy-root-exports/middleware-http-signing/getHttpSigningMiddleware.d.ts: OK
/workspace/tmp/pixelelated-m7-qa-16/qa-overlay/tools/council/node_modules/@smithy/core/dist-types/legacy-root-exports/middleware-http-signing/httpSigningMiddleware.d.ts: OK
/workspace/tmp/pixelelated-m7-qa-16/qa-overlay/tools/council/node_modules/@smithy/core/dist-types/legacy-root-exports/middleware-http-signing/index.d.ts: OK
/workspace/tmp/pixelelated-m7-qa-16/qa-overlay/tools/council/node_modules/@smithy/core/dist-types/legacy-root-exports/pagination/createPaginator.d.ts: OK
/workspace/tmp/pixelelated-m7-qa-16/qa-overlay/tools/council/node_modules/@smithy/core/dist-types/legacy-root-exports/util-identity-and-auth/DefaultIdentityProviderConfig.d.ts: OK
/workspace/tmp/pixelelated-m7-qa-16/qa-overlay/tools/council/node_modules/@smithy/core/dist-types/legacy-root-exports/util-identity-and-auth/httpAuthSchemes/httpApiKeyAuth.d.ts: OK
/workspace/tmp/pixelelated-m7-qa-16/qa-overlay/tools/council/node_modules/@smithy/core/dist-types/legacy-root-exports/util-identity-and-auth/httpAuthSchemes/httpBearerAuth.d.ts: OK
/workspace/tmp/pixelelated-m7-qa-16/qa-overlay/tools/council/node_modules/@smithy/core/dist-types/legacy-root-exports/util-identity-and-auth/httpAuthSchemes/index.d.ts: OK
/workspace/tmp/pixelelated-m7-qa-16/qa-overlay/tools/council/node_modules/@smithy/core/dist-types/legacy-root-exports/util-identity-and-auth/httpAuthSchemes/noAuth.d.ts: OK
/workspace/tmp/pixelelated-m7-qa-16/qa-overlay/tools/council/node_modules/@smithy/core/dist-types/legacy-root-exports/util-identity-and-auth/index.d.ts: OK
/workspace/tmp/pixelelated-m7-qa-16/qa-overlay/tools/council/node_modules/@smithy/core/dist-types/legacy-root-exports/util-identity-and-auth/memoizeIdentityProvider.d.ts: OK
/workspace/tmp/pixelelated-m7-qa-16/qa-overlay/tools/council/node_modules/@smithy/core/dist-types/normalizeProvider.d.ts: OK
/workspace/tmp/pixelelated-m7-qa-16/qa-overlay/tools/council/node_modules/@smithy/core/dist-types/setFeature.d.ts: OK
/workspace/tmp/pixelelated-m7-qa-16/qa-overlay/tools/council/node_modules/@smithy/core/dist-types/submodules/cbor/CborCodec.d.ts: OK
/workspace/tmp/pixelelated-m7-qa-16/qa-overlay/tools/council/node_modules/@smithy/core/dist-types/submodules/cbor/SmithyRpcV2CborProtocol.d.ts: OK
/workspace/tmp/pixelelated-m7-qa-16/qa-overlay/tools/council/node_modules/@smithy/core/dist-types/submodules/cbor/byte-printer.d.ts: OK
/workspace/tmp/pixelelated-m7-qa-16/qa-overlay/tools/council/node_modules/@smithy/core/dist-types/submodules/cbor/cbor-decode.d.ts: OK
/workspace/tmp/pixelelated-m7-qa-16/qa-overlay/tools/council/node_modules/@smithy/core/dist-types/submodules/cbor/cbor-encode.d.ts: OK
/workspace/tmp/pixelelated-m7-qa-16/qa-overlay/tools/council/node_modules/@smithy/core/dist-types/submodules/cbor/cbor-types.d.ts: OK
/workspace/tmp/pixelelated-m7-qa-16/qa-overlay/tools/council/node_modules/@smithy/core/dist-types/submodules/cbor/cbor.d.ts: OK
/workspace/tmp/pixelelated-m7-qa-16/qa-overlay/tools/council/node_modules/@smithy/core/dist-types/submodules/cbor/codec-v1/CborShapeDeserializer.d.ts: OK
/workspace/tmp/pixelelated-m7-qa-16/qa-overlay/tools/council/node_modules/@smithy/core/dist-types/submodules/cbor/codec-v1/CborShapeSerializer.d.ts: OK
/workspace/tmp/pixelelated-m7-qa-16/qa-overlay/tools/council/node_modules/@smithy/core/dist-types/submodules/cbor/codec-v2/CborShapeDeserializer2.d.ts: OK
/workspace/tmp/pixelelated-m7-qa-16/qa-overlay/tools/council/node_modules/@smithy/core/dist-types/submodules/cbor/codec-v2/CborShapeSerializer2.d.ts: OK
/workspace/tmp/pixelelated-m7-qa-16/qa-overlay/tools/council/node_modules/@smithy/core/dist-types/submodules/cbor/index.d.ts: OK
/workspace/tmp/pixelelated-m7-qa-16/qa-overlay/tools/council/node_modules/@smithy/core/dist-types/submodules/cbor/parseCborBody.d.ts: OK
/workspace/tmp/pixelelated-m7-qa-16/qa-overlay/tools/council/node_modules/@smithy/core/dist-types/submodules/checksum/chunked-blob-reader/chunked-blob-reader.d.ts: OK
/workspace/tmp/pixelelated-m7-qa-16/qa-overlay/tools/council/node_modules/@smithy/core/dist-types/submodules/checksum/chunked-blob-reader/chunked-blob-reader.native.d.ts: OK
/workspace/tmp/pixelelated-m7-qa-16/qa-overlay/tools/council/node_modules/@smithy/core/dist-types/submodules/checksum/crc32/Crc32Js.d.ts: OK
/workspace/tmp/pixelelated-m7-qa-16/qa-overlay/tools/council/node_modules/@smithy/core/dist-types/submodules/checksum/crc32/Crc32Node.d.ts: OK
/workspace/tmp/pixelelated-m7-qa-16/qa-overlay/tools/council/node_modules/@smithy/core/dist-types/submodules/checksum/hash-blob-browser/blobHasher.d.ts: OK
/workspace/tmp/pixelelated-m7-qa-16/qa-overlay/tools/council/node_modules/@smithy/core/dist-types/submodules/checksum/hash-stream-node/HashCalculator.d.ts: OK
/workspace/tmp/pixelelated-m7-qa-16/qa-overlay/tools/council/node_modules/@smithy/core/dist-types/submodules/checksum/hash-stream-node/fileStreamHasher.d.ts: OK
/workspace/tmp/pixelelated-m7-qa-16/qa-overlay/tools/council/node_modules/@smithy/core/dist-types/submodules/checksum/hash-stream-node/readableStreamHasher.d.ts: OK
/workspace/tmp/pixelelated-m7-qa-16/qa-overlay/tools/council/node_modules/@smithy/core/dist-types/submodules/checksum/index.browser.d.ts: OK
/workspace/tmp/pixelelated-m7-qa-16/qa-overlay/tools/council/node_modules/@smithy/core/dist-types/submodules/checksum/index.d.ts: OK
/workspace/tmp/pixelelated-m7-qa-16/qa-overlay/tools/council/node_modules/@smithy/core/dist-types/submodules/checksum/index.native.d.ts: OK
/workspace/tmp/pixelelated-m7-qa-16/qa-overlay/tools/council/node_modules/@smithy/core/dist-types/submodules/checksum/md5/Md5Js.d.ts: OK
/workspace/tmp/pixelelated-m7-qa-16/qa-overlay/tools/council/node_modules/@smithy/core/dist-types/submodules/checksum/md5/Md5Node.d.ts: OK
/workspace/tmp/pixelelated-m7-qa-16/qa-overlay/tools/council/node_modules/@smithy/core/dist-types/submodules/checksum/sha256/Sha256Js.d.ts: OK
/workspace/tmp/pixelelated-m7-qa-16/qa-overlay/tools/council/node_modules/@smithy/core/dist-types/submodules/checksum/sha256/Sha256Node.d.ts: OK
/workspace/tmp/pixelelated-m7-qa-16/qa-overlay/tools/council/node_modules/@smithy/core/dist-types/submodules/checksum/sha256/Sha256WebCrypto.d.ts: OK
/workspace/tmp/pixelelated-m7-qa-16/qa-overlay/tools/council/node_modules/@smithy/core/dist-types/submodules/client/index.d.ts: OK
/workspace/tmp/pixelelated-m7-qa-16/qa-overlay/tools/council/node_modules/@smithy/core/dist-types/submodules/client/invalid-dependency/invalidFunction.d.ts: OK
/workspace/tmp/pixelelated-m7-qa-16/qa-overlay/tools/council/node_modules/@smithy/core/dist-types/submodules/client/invalid-dependency/invalidProvider.d.ts: OK
/workspace/tmp/pixelelated-m7-qa-16/qa-overlay/tools/council/node_modules/@smithy/core/dist-types/submodules/client/middleware-stack/MiddlewareStack.d.ts: OK
/workspace/tmp/pixelelated-m7-qa-16/qa-overlay/tools/council/node_modules/@smithy/core/dist-types/submodules/client/middleware-stack/types.d.ts: OK
/workspace/tmp/pixelelated-m7-qa-16/qa-overlay/tools/council/node_modules/@smithy/core/dist-types/submodules/client/smithy-client/NoOpLogger.d.ts: OK
/workspace/tmp/pixelelated-m7-qa-16/qa-overlay/tools/council/node_modules/@smithy/core/dist-types/submodules/client/smithy-client/client-command-builder.d.ts: OK
/workspace/tmp/pixelelated-m7-qa-16/qa-overlay/tools/council/node_modules/@smithy/core/dist-types/submodules/client/smithy-client/client.d.ts: OK
/workspace/tmp/pixelelated-m7-qa-16/qa-overlay/tools/council/node_modules/@smithy/core/dist-types/submodules/client/smithy-client/command.d.ts: OK
/workspace/tmp/pixelelated-m7-qa-16/qa-overlay/tools/council/node_modules/@smithy/core/dist-types/submodules/client/smithy-client/constants.d.ts: OK
/workspace/tmp/pixelelated-m7-qa-16/qa-overlay/tools/council/node_modules/@smithy/core/dist-types/submodules/client/smithy-client/create-aggregated-client.d.ts: OK
/workspace/tmp/pixelelated-m7-qa-16/qa-overlay/tools/council/node_modules/@smithy/core/dist-types/submodules/client/smithy-client/default-error-handler.d.ts: OK
/workspace/tmp/pixelelated-m7-qa-16/qa-overlay/tools/council/node_modules/@smithy/core/dist-types/submodules/client/smithy-client/defaults-mode.d.ts: OK
/workspace/tmp/pixelelated-m7-qa-16/qa-overlay/tools/council/node_modules/@smithy/core/dist-types/submodules/client/smithy-client/emitWarningIfUnsupportedVersion.d.ts: OK
/workspace/tmp/pixelelated-m7-qa-16/qa-overlay/tools/council/node_modules/@smithy/core/dist-types/submodules/client/smithy-client/exceptions.d.ts: OK
/workspace/tmp/pixelelated-m7-qa-16/qa-overlay/tools/council/node_modules/@smithy/core/dist-types/submodules/client/smithy-client/extensions/checksum.d.ts: OK
/workspace/tmp/pixelelated-m7-qa-16/qa-overlay/tools/council/node_modules/@smithy/core/dist-types/submodules/client/smithy-client/extensions/defaultExtensionConfiguration.d.ts: OK
/workspace/tmp/pixelelated-m7-qa-16/qa-overlay/tools/council/node_modules/@smithy/core/dist-types/submodules/client/smithy-client/extensions/retry.d.ts: OK
/workspace/tmp/pixelelated-m7-qa-16/qa-overlay/tools/council/node_modules/@smithy/core/dist-types/submodules/client/smithy-client/get-array-if-single-item.d.ts: OK
/workspace/tmp/pixelelated-m7-qa-16/qa-overlay/tools/council/node_modules/@smithy/core/dist-types/submodules/client/smithy-client/get-value-from-text-node.d.ts: OK
/workspace/tmp/pixelelated-m7-qa-16/qa-overlay/tools/council/node_modules/@smithy/core/dist-types/submodules/client/smithy-client/is-serializable-header-value.d.ts: OK
/workspace/tmp/pixelelated-m7-qa-16/qa-overlay/tools/council/node_modules/@smithy/core/dist-types/submodules/client/smithy-client/object-mapping.d.ts: OK
/workspace/tmp/pixelelated-m7-qa-16/qa-overlay/tools/council/node_modules/@smithy/core/dist-types/submodules/client/smithy-client/schemaLogFilter.d.ts: OK
/workspace/tmp/pixelelated-m7-qa-16/qa-overlay/tools/council/node_modules/@smithy/core/dist-types/submodules/client/smithy-client/ser-utils.d.ts: OK
/workspace/tmp/pixelelated-m7-qa-16/qa-overlay/tools/council/node_modules/@smithy/core/dist-types/submodules/client/smithy-client/serde-json.d.ts: OK
/workspace/tmp/pixelelated-m7-qa-16/qa-overlay/tools/council/node_modules/@smithy/core/dist-types/submodules/client/util-waiter/circularReplacer.d.ts: OK
/workspace/tmp/pixelelated-m7-qa-16/qa-overlay/tools/council/node_modules/@smithy/core/dist-types/submodules/client/util-waiter/createWaiter.d.ts: OK
/workspace/tmp/pixelelated-m7-qa-16/qa-overlay/tools/council/node_modules/@smithy/core/dist-types/submodules/client/util-waiter/poller.d.ts: OK
/workspace/tmp/pixelelated-m7-qa-16/qa-overlay/tools/council/node_modules/@smithy/core/dist-types/submodules/client/util-waiter/utils/sleep.d.ts: OK
/workspace/tmp/pixelelated-m7-qa-16/qa-overlay/tools/council/node_modules/@smithy/core/dist-types/submodules/client/util-waiter/utils/validate.d.ts: OK
/workspace/tmp/pixelelated-m7-qa-16/qa-overlay/tools/council/node_modules/@smithy/core/dist-types/submodules/client/util-waiter/waiter.d.ts: OK
/workspace/tmp/pixelelated-m7-qa-16/qa-overlay/tools/council/node_modules/@smithy/core/dist-types/submodules/config/config-resolver/endpointsConfig/NodeUseDualstackEndpointConfigOptions.d.ts: OK
/workspace/tmp/pixelelated-m7-qa-16/qa-overlay/tools/council/node_modules/@smithy/core/dist-types/submodules/config/config-resolver/endpointsConfig/NodeUseFipsEndpointConfigOptions.d.ts: OK
/workspace/tmp/pixelelated-m7-qa-16/qa-overlay/tools/council/node_modules/@smithy/core/dist-types/submodules/config/config-resolver/endpointsConfig/resolveCustomEndpointsConfig.d.ts: OK
/workspace/tmp/pixelelated-m7-qa-16/qa-overlay/tools/council/node_modules/@smithy/core/dist-types/submodules/config/config-resolver/endpointsConfig/resolveEndpointsConfig.d.ts: OK
/workspace/tmp/pixelelated-m7-qa-16/qa-overlay/tools/council/node_modules/@smithy/core/dist-types/submodules/config/config-resolver/endpointsConfig/utils/getEndpointFromRegion.d.ts: OK
/workspace/tmp/pixelelated-m7-qa-16/qa-overlay/tools/council/node_modules/@smithy/core/dist-types/submodules/config/config-resolver/regionConfig/checkRegion.d.ts: OK
/workspace/tmp/pixelelated-m7-qa-16/qa-overlay/tools/council/node_modules/@smithy/core/dist-types/submodules/config/config-resolver/regionConfig/config.d.ts: OK
/workspace/tmp/pixelelated-m7-qa-16/qa-overlay/tools/council/node_modules/@smithy/core/dist-types/submodules/config/config-resolver/regionConfig/getInstanceMetadataRegion.d.ts: OK
/workspace/tmp/pixelelated-m7-qa-16/qa-overlay/tools/council/node_modules/@smithy/core/dist-types/submodules/config/config-resolver/regionConfig/getRealRegion.d.ts: OK
/workspace/tmp/pixelelated-m7-qa-16/qa-overlay/tools/council/node_modules/@smithy/core/dist-types/submodules/config/config-resolver/regionConfig/isFipsRegion.d.ts: OK
/workspace/tmp/pixelelated-m7-qa-16/qa-overlay/tools/council/node_modules/@smithy/core/dist-types/submodules/config/config-resolver/regionConfig/resolveRegionConfig.d.ts: OK
/workspace/tmp/pixelelated-m7-qa-16/qa-overlay/tools/council/node_modules/@smithy/core/dist-types/submodules/config/config-resolver/regionInfo/EndpointVariant.d.ts: OK
/workspace/tmp/pixelelated-m7-qa-16/qa-overlay/tools/council/node_modules/@smithy/core/dist-types/submodules/config/config-resolver/regionInfo/EndpointVariantTag.d.ts: OK
/workspace/tmp/pixelelated-m7-qa-16/qa-overlay/tools/council/node_modules/@smithy/core/dist-types/submodules/config/config-resolver/regionInfo/PartitionHash.d.ts: OK
/workspace/tmp/pixelelated-m7-qa-16/qa-overlay/tools/council/node_modules/@smithy/core/dist-types/submodules/config/config-resolver/regionInfo/RegionHash.d.ts: OK
/workspace/tmp/pixelelated-m7-qa-16/qa-overlay/tools/council/node_modules/@smithy/core/dist-types/submodules/config/config-resolver/regionInfo/getHostnameFromVariants.d.ts: OK
/workspace/tmp/pixelelated-m7-qa-16/qa-overlay/tools/council/node_modules/@smithy/core/dist-types/submodules/config/config-resolver/regionInfo/getRegionInfo.d.ts: OK
/workspace/tmp/pixelelated-m7-qa-16/qa-overlay/tools/council/node_modules/@smithy/core/dist-types/submodules/config/config-resolver/regionInfo/getResolvedHostname.d.ts: OK
/workspace/tmp/pixelelated-m7-qa-16/qa-overlay/tools/council/node_modules/@smithy/core/dist-types/submodules/config/config-resolver/regionInfo/getResolvedPartition.d.ts: OK
/workspace/tmp/pixelelated-m7-qa-16/qa-overlay/tools/council/node_modules/@smithy/core/dist-types/submodules/config/config-resolver/regionInfo/getResolvedSigningRegion.d.ts: OK
/workspace/tmp/pixelelated-m7-qa-16/qa-overlay/tools/council/node_modules/@smithy/core/dist-types/submodules/config/defaults-mode/constants.d.ts: OK
/workspace/tmp/pixelelated-m7-qa-16/qa-overlay/tools/council/node_modules/@smithy/core/dist-types/submodules/config/defaults-mode/defaultsModeConfig.d.ts: OK
/workspace/tmp/pixelelated-m7-qa-16/qa-overlay/tools/council/node_modules/@smithy/core/dist-types/submodules/config/defaults-mode/resolveDefaultsModeConfig.browser.d.ts: OK
/workspace/tmp/pixelelated-m7-qa-16/qa-overlay/tools/council/node_modules/@smithy/core/dist-types/submodules/config/defaults-mode/resolveDefaultsModeConfig.d.ts: OK
/workspace/tmp/pixelelated-m7-qa-16/qa-overlay/tools/council/node_modules/@smithy/core/dist-types/submodules/config/defaults-mode/resolveDefaultsModeConfig.native.d.ts: OK
/workspace/tmp/pixelelated-m7-qa-16/qa-overlay/tools/council/node_modules/@smithy/core/dist-types/submodules/config/index.browser.d.ts: OK
/workspace/tmp/pixelelated-m7-qa-16/qa-overlay/tools/council/node_modules/@smithy/core/dist-types/submodules/config/index.d.ts: OK
/workspace/tmp/pixelelated-m7-qa-16/qa-overlay/tools/council/node_modules/@smithy/core/dist-types/submodules/config/index.native.d.ts: OK
/workspace/tmp/pixelelated-m7-qa-16/qa-overlay/tools/council/node_modules/@smithy/core/dist-types/submodules/config/node-config-provider/configLoader.d.ts: OK
/workspace/tmp/pixelelated-m7-qa-16/qa-overlay/tools/council/node_modules/@smithy/core/dist-types/submodules/config/node-config-provider/fromEnv.d.ts: OK
/workspace/tmp/pixelelated-m7-qa-16/qa-overlay/tools/council/node_modules/@smithy/core/dist-types/submodules/config/node-config-provider/fromSharedConfigFiles.d.ts: OK
/workspace/tmp/pixelelated-m7-qa-16/qa-overlay/tools/council/node_modules/@smithy/core/dist-types/submodules/config/node-config-provider/fromStatic.d.ts: OK
/workspace/tmp/pixelelated-m7-qa-16/qa-overlay/tools/council/node_modules/@smithy/core/dist-types/submodules/config/node-config-provider/getSelectorName.d.ts: OK
/workspace/tmp/pixelelated-m7-qa-16/qa-overlay/tools/council/node_modules/@smithy/core/dist-types/submodules/config/property-provider/CredentialsProviderError.d.ts: OK
/workspace/tmp/pixelelated-m7-qa-16/qa-overlay/tools/council/node_modules/@smithy/core/dist-types/submodules/config/property-provider/ProviderError.d.ts: OK
/workspace/tmp/pixelelated-m7-qa-16/qa-overlay/tools/council/node_modules/@smithy/core/dist-types/submodules/config/property-provider/TokenProviderError.d.ts: OK
/workspace/tmp/pixelelated-m7-qa-16/qa-overlay/tools/council/node_modules/@smithy/core/dist-types/submodules/config/property-provider/chain.d.ts: OK
/workspace/tmp/pixelelated-m7-qa-16/qa-overlay/tools/council/node_modules/@smithy/core/dist-types/submodules/config/property-provider/fromValue.d.ts: OK
/workspace/tmp/pixelelated-m7-qa-16/qa-overlay/tools/council/node_modules/@smithy/core/dist-types/submodules/config/property-provider/memoize.d.ts: OK
/workspace/tmp/pixelelated-m7-qa-16/qa-overlay/tools/council/node_modules/@smithy/core/dist-types/submodules/config/shared-ini-file-loader/constants.d.ts: OK
/workspace/tmp/pixelelated-m7-qa-16/qa-overlay/tools/council/node_modules/@smithy/core/dist-types/submodules/config/shared-ini-file-loader/externalDataInterceptor.d.ts: OK
/workspace/tmp/pixelelated-m7-qa-16/qa-overlay/tools/council/node_modules/@smithy/core/dist-types/submodules/config/shared-ini-file-loader/getConfigData.d.ts: OK
/workspace/tmp/pixelelated-m7-qa-16/qa-overlay/tools/council/node_modules/@smithy/core/dist-types/submodules/config/shared-ini-file-loader/getConfigFilepath.d.ts: OK
/workspace/tmp/pixelelated-m7-qa-16/qa-overlay/tools/council/node_modules/@smithy/core/dist-types/submodules/config/shared-ini-file-loader/getCredentialsFilepath.d.ts: OK
/workspace/tmp/pixelelated-m7-qa-16/qa-overlay/tools/council/node_modules/@smithy/core/dist-types/submodules/config/shared-ini-file-loader/getHomeDir.d.ts: OK
/workspace/tmp/pixelelated-m7-qa-16/qa-overlay/tools/council/node_modules/@smithy/core/dist-types/submodules/config/shared-ini-file-loader/getProfileName.d.ts: OK
/workspace/tmp/pixelelated-m7-qa-16/qa-overlay/tools/council/node_modules/@smithy/core/dist-types/submodules/config/shared-ini-file-loader/getSSOTokenFilepath.d.ts: OK
/workspace/tmp/pixelelated-m7-qa-16/qa-overlay/tools/council/node_modules/@smithy/core/dist-types/submodules/config/shared-ini-file-loader/getSSOTokenFromFile.d.ts: OK
/workspace/tmp/pixelelated-m7-qa-16/qa-overlay/tools/council/node_modules/@smithy/core/dist-types/submodules/config/shared-ini-file-loader/getSsoSessionData.d.ts: OK
/workspace/tmp/pixelelated-m7-qa-16/qa-overlay/tools/council/node_modules/@smithy/core/dist-types/submodules/config/shared-ini-file-loader/loadSharedConfigFiles.d.ts: OK
/workspace/tmp/pixelelated-m7-qa-16/qa-overlay/tools/council/node_modules/@smithy/core/dist-types/submodules/config/shared-ini-file-loader/loadSsoSessionData.d.ts: OK
/workspace/tmp/pixelelated-m7-qa-16/qa-overlay/tools/council/node_modules/@smithy/core/dist-types/submodules/config/shared-ini-file-loader/mergeConfigFiles.d.ts: OK
/workspace/tmp/pixelelated-m7-qa-16/qa-overlay/tools/council/node_modules/@smithy/core/dist-types/submodules/config/shared-ini-file-loader/parseIni.d.ts: OK
/workspace/tmp/pixelelated-m7-qa-16/qa-overlay/tools/council/node_modules/@smithy/core/dist-types/submodules/config/shared-ini-file-loader/parseKnownFiles.d.ts: OK
/workspace/tmp/pixelelated-m7-qa-16/qa-overlay/tools/council/node_modules/@smithy/core/dist-types/submodules/config/shared-ini-file-loader/readFile.d.ts: OK
/workspace/tmp/pixelelated-m7-qa-16/qa-overlay/tools/council/node_modules/@smithy/core/dist-types/submodules/config/shared-ini-file-loader/types.d.ts: OK
/workspace/tmp/pixelelated-m7-qa-16/qa-overlay/tools/council/node_modules/@smithy/core/dist-types/submodules/config/util-config-provider/booleanSelector.d.ts: OK
/workspace/tmp/pixelelated-m7-qa-16/qa-overlay/tools/council/node_modules/@smithy/core/dist-types/submodules/config/util-config-provider/numberSelector.d.ts: OK
/workspace/tmp/pixelelated-m7-qa-16/qa-overlay/tools/council/node_modules/@smithy/core/dist-types/submodules/config/util-config-provider/types.d.ts: OK
/workspace/tmp/pixelelated-m7-qa-16/qa-overlay/tools/council/node_modules/@smithy/core/dist-types/submodules/endpoints/index.browser.d.ts: OK
/workspace/tmp/pixelelated-m7-qa-16/qa-overlay/tools/council/node_modules/@smithy/core/dist-types/submodules/endpoints/index.d.ts: OK
/workspace/tmp/pixelelated-m7-qa-16/qa-overlay/tools/council/node_modules/@smithy/core/dist-types/submodules/endpoints/middleware-endpoint/adaptors/createConfigValueProvider.d.ts: OK
/workspace/tmp/pixelelated-m7-qa-16/qa-overlay/tools/council/node_modules/@smithy/core/dist-types/submodules/endpoints/middleware-endpoint/adaptors/getEndpointFromConfig.browser.d.ts: OK
/workspace/tmp/pixelelated-m7-qa-16/qa-overlay/tools/council/node_modules/@smithy/core/dist-types/submodules/endpoints/middleware-endpoint/adaptors/getEndpointFromConfig.d.ts: OK
/workspace/tmp/pixelelated-m7-qa-16/qa-overlay/tools/council/node_modules/@smithy/core/dist-types/submodules/endpoints/middleware-endpoint/adaptors/getEndpointFromInstructions.d.ts: OK
/workspace/tmp/pixelelated-m7-qa-16/qa-overlay/tools/council/node_modules/@smithy/core/dist-types/submodules/endpoints/middleware-endpoint/adaptors/getEndpointUrlConfig.d.ts: OK
/workspace/tmp/pixelelated-m7-qa-16/qa-overlay/tools/council/node_modules/@smithy/core/dist-types/submodules/endpoints/middleware-endpoint/adaptors/getIgnoreConfiguredEndpointUrls.d.ts: OK
/workspace/tmp/pixelelated-m7-qa-16/qa-overlay/tools/council/node_modules/@smithy/core/dist-types/submodules/endpoints/middleware-endpoint/adaptors/toEndpointV1.d.ts: OK
/workspace/tmp/pixelelated-m7-qa-16/qa-overlay/tools/council/node_modules/@smithy/core/dist-types/submodules/endpoints/middleware-endpoint/endpointMiddleware.d.ts: OK
/workspace/tmp/pixelelated-m7-qa-16/qa-overlay/tools/council/node_modules/@smithy/core/dist-types/submodules/endpoints/middleware-endpoint/getEndpointPlugin.d.ts: OK
/workspace/tmp/pixelelated-m7-qa-16/qa-overlay/tools/council/node_modules/@smithy/core/dist-types/submodules/endpoints/middleware-endpoint/resolveEndpointConfig.d.ts: OK
/workspace/tmp/pixelelated-m7-qa-16/qa-overlay/tools/council/node_modules/@smithy/core/dist-types/submodules/endpoints/middleware-endpoint/resolveEndpointRequiredConfig.d.ts: OK
/workspace/tmp/pixelelated-m7-qa-16/qa-overlay/tools/council/node_modules/@smithy/core/dist-types/submodules/endpoints/middleware-endpoint/service-customizations/index.d.ts: OK
/workspace/tmp/pixelelated-m7-qa-16/qa-overlay/tools/council/node_modules/@smithy/core/dist-types/submodules/endpoints/middleware-endpoint/service-customizations/s3.d.ts: OK
/workspace/tmp/pixelelated-m7-qa-16/qa-overlay/tools/council/node_modules/@smithy/core/dist-types/submodules/endpoints/util-endpoints/bdd/BinaryDecisionDiagram.d.ts: OK
/workspace/tmp/pixelelated-m7-qa-16/qa-overlay/tools/council/node_modules/@smithy/core/dist-types/submodules/endpoints/util-endpoints/cache/EndpointCache.d.ts: OK
/workspace/tmp/pixelelated-m7-qa-16/qa-overlay/tools/council/node_modules/@smithy/core/dist-types/submodules/endpoints/util-endpoints/debug/debugId.d.ts: OK
/workspace/tmp/pixelelated-m7-qa-16/qa-overlay/tools/council/node_modules/@smithy/core/dist-types/submodules/endpoints/util-endpoints/debug/index.d.ts: OK
/workspace/tmp/pixelelated-m7-qa-16/qa-overlay/tools/council/node_modules/@smithy/core/dist-types/submodules/endpoints/util-endpoints/debug/toDebugString.d.ts: OK
/workspace/tmp/pixelelated-m7-qa-16/qa-overlay/tools/council/node_modules/@smithy/core/dist-types/submodules/endpoints/util-endpoints/decideEndpoint.d.ts: OK
/workspace/tmp/pixelelated-m7-qa-16/qa-overlay/tools/council/node_modules/@smithy/core/dist-types/submodules/endpoints/util-endpoints/lib/booleanEquals.d.ts: OK
/workspace/tmp/pixelelated-m7-qa-16/qa-overlay/tools/council/node_modules/@smithy/core/dist-types/submodules/endpoints/util-endpoints/lib/coalesce.d.ts: OK
/workspace/tmp/pixelelated-m7-qa-16/qa-overlay/tools/council/node_modules/@smithy/core/dist-types/submodules/endpoints/util-endpoints/lib/getAttr.d.ts: OK
/workspace/tmp/pixelelated-m7-qa-16/qa-overlay/tools/council/node_modules/@smithy/core/dist-types/submodules/endpoints/util-endpoints/lib/getAttrPathList.d.ts: OK
/workspace/tmp/pixelelated-m7-qa-16/qa-overlay/tools/council/node_modules/@smithy/core/dist-types/submodules/endpoints/util-endpoints/lib/index.d.ts: OK
/workspace/tmp/pixelelated-m7-qa-16/qa-overlay/tools/council/node_modules/@smithy/core/dist-types/submodules/endpoints/util-endpoints/lib/isIpAddress.d.ts: OK
/workspace/tmp/pixelelated-m7-qa-16/qa-overlay/tools/council/node_modules/@smithy/core/dist-types/submodules/endpoints/util-endpoints/lib/isSet.d.ts: OK
/workspace/tmp/pixelelated-m7-qa-16/qa-overlay/tools/council/node_modules/@smithy/core/dist-types/submodules/endpoints/util-endpoints/lib/ite.d.ts: OK
/workspace/tmp/pixelelated-m7-qa-16/qa-overlay/tools/council/node_modules/@smithy/core/dist-types/submodules/endpoints/util-endpoints/lib/not.d.ts: OK
/workspace/tmp/pixelelated-m7-qa-16/qa-overlay/tools/council/node_modules/@smithy/core/dist-types/submodules/endpoints/util-endpoints/lib/parseURL.d.ts: OK
/workspace/tmp/pixelelated-m7-qa-16/qa-overlay/tools/council/node_modules/@smithy/core/dist-types/submodules/endpoints/util-endpoints/lib/split.d.ts: OK
/workspace/tmp/pixelelated-m7-qa-16/qa-overlay/tools/council/node_modules/@smithy/core/dist-types/submodules/endpoints/util-endpoints/lib/stringEquals.d.ts: OK
/workspace/tmp/pixelelated-m7-qa-16/qa-overlay/tools/council/node_modules/@smithy/core/dist-types/submodules/endpoints/util-endpoints/lib/substring.d.ts: OK
/workspace/tmp/pixelelated-m7-qa-16/qa-overlay/tools/council/node_modules/@smithy/core/dist-types/submodules/endpoints/util-endpoints/lib/uriEncode.d.ts: OK
/workspace/tmp/pixelelated-m7-qa-16/qa-overlay/tools/council/node_modules/@smithy/core/dist-types/submodules/endpoints/util-endpoints/resolveEndpoint.d.ts: OK
/workspace/tmp/pixelelated-m7-qa-16/qa-overlay/tools/council/node_modules/@smithy/core/dist-types/submodules/endpoints/util-endpoints/types/EndpointError.d.ts: OK
/workspace/tmp/pixelelated-m7-qa-16/qa-overlay/tools/council/node_modules/@smithy/core/dist-types/submodules/endpoints/util-endpoints/types/EndpointFunctions.d.ts: OK
/workspace/tmp/pixelelated-m7-qa-16/qa-overlay/tools/council/node_modules/@smithy/core/dist-types/submodules/endpoints/util-endpoints/types/EndpointRuleObject.d.ts: OK
/workspace/tmp/pixelelated-m7-qa-16/qa-overlay/tools/council/node_modules/@smithy/core/dist-types/submodules/endpoints/util-endpoints/types/ErrorRuleObject.d.ts: OK
/workspace/tmp/pixelelated-m7-qa-16/qa-overlay/tools/council/node_modules/@smithy/core/dist-types/submodules/endpoints/util-endpoints/types/RuleSetObject.d.ts: OK
/workspace/tmp/pixelelated-m7-qa-16/qa-overlay/tools/council/node_modules/@smithy/core/dist-types/submodules/endpoints/util-endpoints/types/TreeRuleObject.d.ts: OK
/workspace/tmp/pixelelated-m7-qa-16/qa-overlay/tools/council/node_modules/@smithy/core/dist-types/submodules/endpoints/util-endpoints/types/index.d.ts: OK
/workspace/tmp/pixelelated-m7-qa-16/qa-overlay/tools/council/node_modules/@smithy/core/dist-types/submodules/endpoints/util-endpoints/types/shared.d.ts: OK
/workspace/tmp/pixelelated-m7-qa-16/qa-overlay/tools/council/node_modules/@smithy/core/dist-types/submodules/endpoints/util-endpoints/utils/callFunction.d.ts: OK
/workspace/tmp/pixelelated-m7-qa-16/qa-overlay/tools/council/node_modules/@smithy/core/dist-types/submodules/endpoints/util-endpoints/utils/customEndpointFunctions.d.ts: OK
/workspace/tmp/pixelelated-m7-qa-16/qa-overlay/tools/council/node_modules/@smithy/core/dist-types/submodules/endpoints/util-endpoints/utils/endpointFunctions.d.ts: OK
/workspace/tmp/pixelelated-m7-qa-16/qa-overlay/tools/council/node_modules/@smithy/core/dist-types/submodules/endpoints/util-endpoints/utils/evaluateCondition.d.ts: OK
/workspace/tmp/pixelelated-m7-qa-16/qa-overlay/tools/council/node_modules/@smithy/core/dist-types/submodules/endpoints/util-endpoints/utils/evaluateConditions.d.ts: OK
/workspace/tmp/pixelelated-m7-qa-16/qa-overlay/tools/council/node_modules/@smithy/core/dist-types/submodules/endpoints/util-endpoints/utils/evaluateEndpointRule.d.ts: OK
/workspace/tmp/pixelelated-m7-qa-16/qa-overlay/tools/council/node_modules/@smithy/core/dist-types/submodules/endpoints/util-endpoints/utils/evaluateErrorRule.d.ts: OK
/workspace/tmp/pixelelated-m7-qa-16/qa-overlay/tools/council/node_modules/@smithy/core/dist-types/submodules/endpoints/util-endpoints/utils/evaluateExpression.d.ts: OK
/workspace/tmp/pixelelated-m7-qa-16/qa-overlay/tools/council/node_modules/@smithy/core/dist-types/submodules/endpoints/util-endpoints/utils/evaluateRules.d.ts: OK
/workspace/tmp/pixelelated-m7-qa-16/qa-overlay/tools/council/node_modules/@smithy/core/dist-types/submodules/endpoints/util-endpoints/utils/evaluateTemplate.d.ts: OK
/workspace/tmp/pixelelated-m7-qa-16/qa-overlay/tools/council/node_modules/@smithy/core/dist-types/submodules/endpoints/util-endpoints/utils/evaluateTreeRule.d.ts: OK
/workspace/tmp/pixelelated-m7-qa-16/qa-overlay/tools/council/node_modules/@smithy/core/dist-types/submodules/endpoints/util-endpoints/utils/getEndpointHeaders.d.ts: OK
/workspace/tmp/pixelelated-m7-qa-16/qa-overlay/tools/council/node_modules/@smithy/core/dist-types/submodules/endpoints/util-endpoints/utils/getEndpointProperties.d.ts: OK
/workspace/tmp/pixelelated-m7-qa-16/qa-overlay/tools/council/node_modules/@smithy/core/dist-types/submodules/endpoints/util-endpoints/utils/getEndpointProperty.d.ts: OK
/workspace/tmp/pixelelated-m7-qa-16/qa-overlay/tools/council/node_modules/@smithy/core/dist-types/submodules/endpoints/util-endpoints/utils/getEndpointUrl.d.ts: OK
/workspace/tmp/pixelelated-m7-qa-16/qa-overlay/tools/council/node_modules/@smithy/core/dist-types/submodules/endpoints/util-endpoints/utils/getReferenceValue.d.ts: OK
/workspace/tmp/pixelelated-m7-qa-16/qa-overlay/tools/council/node_modules/@smithy/core/dist-types/submodules/endpoints/util-endpoints/utils/index.d.ts: OK
/workspace/tmp/pixelelated-m7-qa-16/qa-overlay/tools/council/node_modules/@smithy/core/dist-types/submodules/event-streams/EventStreamSerde.d.ts: OK
/workspace/tmp/pixelelated-m7-qa-16/qa-overlay/tools/council/node_modules/@smithy/core/dist-types/submodules/event-streams/eventstream-codec/EventStreamCodec.d.ts: OK
/workspace/tmp/pixelelated-m7-qa-16/qa-overlay/tools/council/node_modules/@smithy/core/dist-types/submodules/event-streams/eventstream-codec/HeaderMarshaller.d.ts: OK
/workspace/tmp/pixelelated-m7-qa-16/qa-overlay/tools/council/node_modules/@smithy/core/dist-types/submodules/event-streams/eventstream-codec/Int64.d.ts: OK
/workspace/tmp/pixelelated-m7-qa-16/qa-overlay/tools/council/node_modules/@smithy/core/dist-types/submodules/event-streams/eventstream-codec/Message.d.ts: OK
/workspace/tmp/pixelelated-m7-qa-16/qa-overlay/tools/council/node_modules/@smithy/core/dist-types/submodules/event-streams/eventstream-codec/MessageDecoderStream.d.ts: OK
/workspace/tmp/pixelelated-m7-qa-16/qa-overlay/tools/council/node_modules/@smithy/core/dist-types/submodules/event-streams/eventstream-codec/MessageEncoderStream.d.ts: OK
/workspace/tmp/pixelelated-m7-qa-16/qa-overlay/tools/council/node_modules/@smithy/core/dist-types/submodules/event-streams/eventstream-codec/SmithyMessageDecoderStream.d.ts: OK
/workspace/tmp/pixelelated-m7-qa-16/qa-overlay/tools/council/node_modules/@smithy/core/dist-types/submodules/event-streams/eventstream-codec/SmithyMessageEncoderStream.d.ts: OK
/workspace/tmp/pixelelated-m7-qa-16/qa-overlay/tools/council/node_modules/@smithy/core/dist-types/submodules/event-streams/eventstream-codec/splitMessage.d.ts: OK
/workspace/tmp/pixelelated-m7-qa-16/qa-overlay/tools/council/node_modules/@smithy/core/dist-types/submodules/event-streams/eventstream-serde/EventStreamMarshaller.browser.d.ts: OK
/workspace/tmp/pixelelated-m7-qa-16/qa-overlay/tools/council/node_modules/@smithy/core/dist-types/submodules/event-streams/eventstream-serde/EventStreamMarshaller.d.ts: OK
/workspace/tmp/pixelelated-m7-qa-16/qa-overlay/tools/council/node_modules/@smithy/core/dist-types/submodules/event-streams/eventstream-serde/utils.d.ts: OK
/workspace/tmp/pixelelated-m7-qa-16/qa-overlay/tools/council/node_modules/@smithy/core/dist-types/submodules/event-streams/eventstream-serde-config-resolver/EventStreamSerdeConfig.d.ts: OK
/workspace/tmp/pixelelated-m7-qa-16/qa-overlay/tools/council/node_modules/@smithy/core/dist-types/submodules/event-streams/eventstream-serde-universal/EventStreamMarshaller.d.ts: OK
/workspace/tmp/pixelelated-m7-qa-16/qa-overlay/tools/council/node_modules/@smithy/core/dist-types/submodules/event-streams/eventstream-serde-universal/getChunkedStream.d.ts: OK
/workspace/tmp/pixelelated-m7-qa-16/qa-overlay/tools/council/node_modules/@smithy/core/dist-types/submodules/event-streams/eventstream-serde-universal/getUnmarshalledStream.d.ts: OK
/workspace/tmp/pixelelated-m7-qa-16/qa-overlay/tools/council/node_modules/@smithy/core/dist-types/submodules/event-streams/index.browser.d.ts: OK
/workspace/tmp/pixelelated-m7-qa-16/qa-overlay/tools/council/node_modules/@smithy/core/dist-types/submodules/event-streams/index.d.ts: OK
/workspace/tmp/pixelelated-m7-qa-16/qa-overlay/tools/council/node_modules/@smithy/core/dist-types/submodules/protocols/HttpBindingProtocol.d.ts: OK
/workspace/tmp/pixelelated-m7-qa-16/qa-overlay/tools/council/node_modules/@smithy/core/dist-types/submodules/protocols/HttpProtocol.d.ts: OK
/workspace/tmp/pixelelated-m7-qa-16/qa-overlay/tools/council/node_modules/@smithy/core/dist-types/submodules/protocols/RpcProtocol.d.ts: OK
/workspace/tmp/pixelelated-m7-qa-16/qa-overlay/tools/council/node_modules/@smithy/core/dist-types/submodules/protocols/SerdeContext.d.ts: OK
/workspace/tmp/pixelelated-m7-qa-16/qa-overlay/tools/council/node_modules/@smithy/core/dist-types/submodules/protocols/collect-stream-body.d.ts: OK
/workspace/tmp/pixelelated-m7-qa-16/qa-overlay/tools/council/node_modules/@smithy/core/dist-types/submodules/protocols/extended-encode-uri-component.d.ts: OK
/workspace/tmp/pixelelated-m7-qa-16/qa-overlay/tools/council/node_modules/@smithy/core/dist-types/submodules/protocols/index.d.ts: OK
/workspace/tmp/pixelelated-m7-qa-16/qa-overlay/tools/council/node_modules/@smithy/core/dist-types/submodules/protocols/middleware-content-length/contentLengthMiddleware.d.ts: OK
/workspace/tmp/pixelelated-m7-qa-16/qa-overlay/tools/council/node_modules/@smithy/core/dist-types/submodules/protocols/protocol-http/Field.d.ts: OK
/workspace/tmp/pixelelated-m7-qa-16/qa-overlay/tools/council/node_modules/@smithy/core/dist-types/submodules/protocols/protocol-http/Fields.d.ts: OK
/workspace/tmp/pixelelated-m7-qa-16/qa-overlay/tools/council/node_modules/@smithy/core/dist-types/submodules/protocols/protocol-http/extensions/httpExtensionConfiguration.d.ts: OK
/workspace/tmp/pixelelated-m7-qa-16/qa-overlay/tools/council/node_modules/@smithy/core/dist-types/submodules/protocols/protocol-http/httpHandler.d.ts: OK
/workspace/tmp/pixelelated-m7-qa-16/qa-overlay/tools/council/node_modules/@smithy/core/dist-types/submodules/protocols/protocol-http/types.d.ts: OK
/workspace/tmp/pixelelated-m7-qa-16/qa-overlay/tools/council/node_modules/@smithy/core/dist-types/submodules/protocols/querystring-builder/buildQueryString.d.ts: OK
/workspace/tmp/pixelelated-m7-qa-16/qa-overlay/tools/council/node_modules/@smithy/core/dist-types/submodules/protocols/requestBuilder.d.ts: OK
/workspace/tmp/pixelelated-m7-qa-16/qa-overlay/tools/council/node_modules/@smithy/core/dist-types/submodules/protocols/resolve-path.d.ts: OK
/workspace/tmp/pixelelated-m7-qa-16/qa-overlay/tools/council/node_modules/@smithy/core/dist-types/submodules/protocols/serde/FromStringShapeDeserializer.d.ts: OK
/workspace/tmp/pixelelated-m7-qa-16/qa-overlay/tools/council/node_modules/@smithy/core/dist-types/submodules/protocols/serde/HttpInterceptingShapeDeserializer.d.ts: OK
/workspace/tmp/pixelelated-m7-qa-16/qa-overlay/tools/council/node_modules/@smithy/core/dist-types/submodules/protocols/serde/HttpInterceptingShapeSerializer.d.ts: OK
/workspace/tmp/pixelelated-m7-qa-16/qa-overlay/tools/council/node_modules/@smithy/core/dist-types/submodules/protocols/serde/ToStringShapeSerializer.d.ts: OK
/workspace/tmp/pixelelated-m7-qa-16/qa-overlay/tools/council/node_modules/@smithy/core/dist-types/submodules/protocols/serde/determineTimestampFormat.d.ts: OK
/workspace/tmp/pixelelated-m7-qa-16/qa-overlay/tools/council/node_modules/@smithy/core/dist-types/submodules/protocols/util-uri-escape/escape-uri-path.d.ts: OK
/workspace/tmp/pixelelated-m7-qa-16/qa-overlay/tools/council/node_modules/@smithy/core/dist-types/submodules/protocols/util-uri-escape/escape-uri.d.ts: OK
/workspace/tmp/pixelelated-m7-qa-16/qa-overlay/tools/council/node_modules/@smithy/core/dist-types/submodules/retry/index.browser.d.ts: OK
/workspace/tmp/pixelelated-m7-qa-16/qa-overlay/tools/council/node_modules/@smithy/core/dist-types/submodules/retry/index.d.ts: OK
/workspace/tmp/pixelelated-m7-qa-16/qa-overlay/tools/council/node_modules/@smithy/core/dist-types/submodules/retry/middleware-retry/configurations.d.ts: OK
/workspace/tmp/pixelelated-m7-qa-16/qa-overlay/tools/council/node_modules/@smithy/core/dist-types/submodules/retry/middleware-retry/isStreamingPayload/isStreamingPayload.browser.d.ts: OK
/workspace/tmp/pixelelated-m7-qa-16/qa-overlay/tools/council/node_modules/@smithy/core/dist-types/submodules/retry/middleware-retry/isStreamingPayload/isStreamingPayload.d.ts: OK
/workspace/tmp/pixelelated-m7-qa-16/qa-overlay/tools/council/node_modules/@smithy/core/dist-types/submodules/retry/middleware-retry/longPollMiddleware.d.ts: OK
/workspace/tmp/pixelelated-m7-qa-16/qa-overlay/tools/council/node_modules/@smithy/core/dist-types/submodules/retry/middleware-retry/omitRetryHeadersMiddleware.d.ts: OK
/workspace/tmp/pixelelated-m7-qa-16/qa-overlay/tools/council/node_modules/@smithy/core/dist-types/submodules/retry/middleware-retry/parseRetryAfterHeader.d.ts: OK
/workspace/tmp/pixelelated-m7-qa-16/qa-overlay/tools/council/node_modules/@smithy/core/dist-types/submodules/retry/middleware-retry/retry-pre-sra-deprecated/AdaptiveRetryStrategy.d.ts: OK
/workspace/tmp/pixelelated-m7-qa-16/qa-overlay/tools/council/node_modules/@smithy/core/dist-types/submodules/retry/middleware-retry/retry-pre-sra-deprecated/StandardRetryStrategy.d.ts: OK
/workspace/tmp/pixelelated-m7-qa-16/qa-overlay/tools/council/node_modules/@smithy/core/dist-types/submodules/retry/middleware-retry/retry-pre-sra-deprecated/defaultRetryQuota.d.ts: OK
/workspace/tmp/pixelelated-m7-qa-16/qa-overlay/tools/council/node_modules/@smithy/core/dist-types/submodules/retry/middleware-retry/retry-pre-sra-deprecated/delayDecider.d.ts: OK
/workspace/tmp/pixelelated-m7-qa-16/qa-overlay/tools/council/node_modules/@smithy/core/dist-types/submodules/retry/middleware-retry/retry-pre-sra-deprecated/retryDecider.d.ts: OK
/workspace/tmp/pixelelated-m7-qa-16/qa-overlay/tools/council/node_modules/@smithy/core/dist-types/submodules/retry/middleware-retry/retry-pre-sra-deprecated/types.d.ts: OK
/workspace/tmp/pixelelated-m7-qa-16/qa-overlay/tools/council/node_modules/@smithy/core/dist-types/submodules/retry/middleware-retry/retryMiddleware.d.ts: OK
/workspace/tmp/pixelelated-m7-qa-16/qa-overlay/tools/council/node_modules/@smithy/core/dist-types/submodules/retry/middleware-retry/util.d.ts: OK
/workspace/tmp/pixelelated-m7-qa-16/qa-overlay/tools/council/node_modules/@smithy/core/dist-types/submodules/retry/service-error-classification/constants.d.ts: OK
/workspace/tmp/pixelelated-m7-qa-16/qa-overlay/tools/council/node_modules/@smithy/core/dist-types/submodules/retry/service-error-classification/service-error-classification.d.ts: OK
/workspace/tmp/pixelelated-m7-qa-16/qa-overlay/tools/council/node_modules/@smithy/core/dist-types/submodules/retry/util-retry/AdaptiveRetryStrategy.d.ts: OK
/workspace/tmp/pixelelated-m7-qa-16/qa-overlay/tools/council/node_modules/@smithy/core/dist-types/submodules/retry/util-retry/ConfiguredRetryStrategy.d.ts: OK
/workspace/tmp/pixelelated-m7-qa-16/qa-overlay/tools/council/node_modules/@smithy/core/dist-types/submodules/retry/util-retry/DefaultRateLimiter.d.ts: OK
/workspace/tmp/pixelelated-m7-qa-16/qa-overlay/tools/council/node_modules/@smithy/core/dist-types/submodules/retry/util-retry/DefaultRetryBackoffStrategy.d.ts: OK
/workspace/tmp/pixelelated-m7-qa-16/qa-overlay/tools/council/node_modules/@smithy/core/dist-types/submodules/retry/util-retry/DefaultRetryToken.d.ts: OK
/workspace/tmp/pixelelated-m7-qa-16/qa-overlay/tools/council/node_modules/@smithy/core/dist-types/submodules/retry/util-retry/StandardRetryStrategy.d.ts: OK
/workspace/tmp/pixelelated-m7-qa-16/qa-overlay/tools/council/node_modules/@smithy/core/dist-types/submodules/retry/util-retry/config.d.ts: OK
/workspace/tmp/pixelelated-m7-qa-16/qa-overlay/tools/council/node_modules/@smithy/core/dist-types/submodules/retry/util-retry/constants.d.ts: OK
/workspace/tmp/pixelelated-m7-qa-16/qa-overlay/tools/council/node_modules/@smithy/core/dist-types/submodules/retry/util-retry/retries-2026-config.d.ts: OK
/workspace/tmp/pixelelated-m7-qa-16/qa-overlay/tools/council/node_modules/@smithy/core/dist-types/submodules/retry/util-retry/types.d.ts: OK
/workspace/tmp/pixelelated-m7-qa-16/qa-overlay/tools/council/node_modules/@smithy/core/dist-types/submodules/schema/TypeRegistry.d.ts: OK
/workspace/tmp/pixelelated-m7-qa-16/qa-overlay/tools/council/node_modules/@smithy/core/dist-types/submodules/schema/deref.d.ts: OK
/workspace/tmp/pixelelated-m7-qa-16/qa-overlay/tools/council/node_modules/@smithy/core/dist-types/submodules/schema/index.d.ts: OK
/workspace/tmp/pixelelated-m7-qa-16/qa-overlay/tools/council/node_modules/@smithy/core/dist-types/submodules/schema/middleware/getSchemaSerdePlugin.d.ts: OK
/workspace/tmp/pixelelated-m7-qa-16/qa-overlay/tools/council/node_modules/@smithy/core/dist-types/submodules/schema/middleware/schema-middleware-types.d.ts: OK
/workspace/tmp/pixelelated-m7-qa-16/qa-overlay/tools/council/node_modules/@smithy/core/dist-types/submodules/schema/middleware/schemaDeserializationMiddleware.d.ts: OK
/workspace/tmp/pixelelated-m7-qa-16/qa-overlay/tools/council/node_modules/@smithy/core/dist-types/submodules/schema/middleware/schemaSerializationMiddleware.d.ts: OK
/workspace/tmp/pixelelated-m7-qa-16/qa-overlay/tools/council/node_modules/@smithy/core/dist-types/submodules/schema/schemas/ErrorSchema.d.ts: OK
/workspace/tmp/pixelelated-m7-qa-16/qa-overlay/tools/council/node_modules/@smithy/core/dist-types/submodules/schema/schemas/ListSchema.d.ts: OK
/workspace/tmp/pixelelated-m7-qa-16/qa-overlay/tools/council/node_modules/@smithy/core/dist-types/submodules/schema/schemas/MapSchema.d.ts: OK
/workspace/tmp/pixelelated-m7-qa-16/qa-overlay/tools/council/node_modules/@smithy/core/dist-types/submodules/schema/schemas/NormalizedSchema.d.ts: OK
/workspace/tmp/pixelelated-m7-qa-16/qa-overlay/tools/council/node_modules/@smithy/core/dist-types/submodules/schema/schemas/OperationSchema.d.ts: OK
/workspace/tmp/pixelelated-m7-qa-16/qa-overlay/tools/council/node_modules/@smithy/core/dist-types/submodules/schema/schemas/Schema.d.ts: OK
/workspace/tmp/pixelelated-m7-qa-16/qa-overlay/tools/council/node_modules/@smithy/core/dist-types/submodules/schema/schemas/SimpleSchema.d.ts: OK
/workspace/tmp/pixelelated-m7-qa-16/qa-overlay/tools/council/node_modules/@smithy/core/dist-types/submodules/schema/schemas/StructureSchema.d.ts: OK
/workspace/tmp/pixelelated-m7-qa-16/qa-overlay/tools/council/node_modules/@smithy/core/dist-types/submodules/schema/schemas/operation.d.ts: OK
/workspace/tmp/pixelelated-m7-qa-16/qa-overlay/tools/council/node_modules/@smithy/core/dist-types/submodules/schema/schemas/sentinels.d.ts: OK
/workspace/tmp/pixelelated-m7-qa-16/qa-overlay/tools/council/node_modules/@smithy/core/dist-types/submodules/schema/schemas/translateTraits.d.ts: OK
/workspace/tmp/pixelelated-m7-qa-16/qa-overlay/tools/council/node_modules/@smithy/core/dist-types/submodules/serde/concatBytes.d.ts: OK
/workspace/tmp/pixelelated-m7-qa-16/qa-overlay/tools/council/node_modules/@smithy/core/dist-types/submodules/serde/copyDocumentWithTransform.d.ts: OK
/workspace/tmp/pixelelated-m7-qa-16/qa-overlay/tools/council/node_modules/@smithy/core/dist-types/submodules/serde/date-utils.d.ts: OK
/workspace/tmp/pixelelated-m7-qa-16/qa-overlay/tools/council/node_modules/@smithy/core/dist-types/submodules/serde/hash-node/hash-node.d.ts: OK
/workspace/tmp/pixelelated-m7-qa-16/qa-overlay/tools/council/node_modules/@smithy/core/dist-types/submodules/serde/index.browser.d.ts: OK
/workspace/tmp/pixelelated-m7-qa-16/qa-overlay/tools/council/node_modules/@smithy/core/dist-types/submodules/serde/index.d.ts: OK
/workspace/tmp/pixelelated-m7-qa-16/qa-overlay/tools/council/node_modules/@smithy/core/dist-types/submodules/serde/index.native.d.ts: OK
/workspace/tmp/pixelelated-m7-qa-16/qa-overlay/tools/council/node_modules/@smithy/core/dist-types/submodules/serde/is-array-buffer/is-array-buffer.d.ts: OK
/workspace/tmp/pixelelated-m7-qa-16/qa-overlay/tools/council/node_modules/@smithy/core/dist-types/submodules/serde/lazy-json.d.ts: OK
/workspace/tmp/pixelelated-m7-qa-16/qa-overlay/tools/council/node_modules/@smithy/core/dist-types/submodules/serde/middleware-serde/deserializerMiddleware.d.ts: OK
/workspace/tmp/pixelelated-m7-qa-16/qa-overlay/tools/council/node_modules/@smithy/core/dist-types/submodules/serde/middleware-serde/serdePlugin.d.ts: OK
/workspace/tmp/pixelelated-m7-qa-16/qa-overlay/tools/council/node_modules/@smithy/core/dist-types/submodules/serde/middleware-serde/serializerMiddleware.d.ts: OK
/workspace/tmp/pixelelated-m7-qa-16/qa-overlay/tools/council/node_modules/@smithy/core/dist-types/submodules/serde/parse-utils.d.ts: OK
/workspace/tmp/pixelelated-m7-qa-16/qa-overlay/tools/council/node_modules/@smithy/core/dist-types/submodules/serde/quote-header.d.ts: OK
/workspace/tmp/pixelelated-m7-qa-16/qa-overlay/tools/council/node_modules/@smithy/core/dist-types/submodules/serde/schema-serde-lib/schema-date-utils.d.ts: OK
/workspace/tmp/pixelelated-m7-qa-16/qa-overlay/tools/council/node_modules/@smithy/core/dist-types/submodules/serde/split-every.d.ts: OK
/workspace/tmp/pixelelated-m7-qa-16/qa-overlay/tools/council/node_modules/@smithy/core/dist-types/submodules/serde/split-header.d.ts: OK
/workspace/tmp/pixelelated-m7-qa-16/qa-overlay/tools/council/node_modules/@smithy/core/dist-types/submodules/serde/util-base64/constants-for-browser.d.ts: OK
/workspace/tmp/pixelelated-m7-qa-16/qa-overlay/tools/council/node_modules/@smithy/core/dist-types/submodules/serde/util-base64/fromBase64.browser.d.ts: OK
/workspace/tmp/pixelelated-m7-qa-16/qa-overlay/tools/council/node_modules/@smithy/core/dist-types/submodules/serde/util-base64/fromBase64.d.ts: OK
/workspace/tmp/pixelelated-m7-qa-16/qa-overlay/tools/council/node_modules/@smithy/core/dist-types/submodules/serde/util-base64/toBase64.browser.d.ts: OK
/workspace/tmp/pixelelated-m7-qa-16/qa-overlay/tools/council/node_modules/@smithy/core/dist-types/submodules/serde/util-base64/toBase64.d.ts: OK
/workspace/tmp/pixelelated-m7-qa-16/qa-overlay/tools/council/node_modules/@smithy/core/dist-types/submodules/serde/util-body-length/calculateBodyLength.browser.d.ts: OK
/workspace/tmp/pixelelated-m7-qa-16/qa-overlay/tools/council/node_modules/@smithy/core/dist-types/submodules/serde/util-body-length/calculateBodyLength.d.ts: OK
/workspace/tmp/pixelelated-m7-qa-16/qa-overlay/tools/council/node_modules/@smithy/core/dist-types/submodules/serde/util-buffer-from/buffer-from.d.ts: OK
/workspace/tmp/pixelelated-m7-qa-16/qa-overlay/tools/council/node_modules/@smithy/core/dist-types/submodules/serde/util-hex-encoding/hex-encoding.d.ts: OK
/workspace/tmp/pixelelated-m7-qa-16/qa-overlay/tools/council/node_modules/@smithy/core/dist-types/submodules/serde/util-stream/ByteArrayCollector.d.ts: OK
/workspace/tmp/pixelelated-m7-qa-16/qa-overlay/tools/council/node_modules/@smithy/core/dist-types/submodules/serde/util-stream/blob/Uint8ArrayBlobAdapter.d.ts: OK
/workspace/tmp/pixelelated-m7-qa-16/qa-overlay/tools/council/node_modules/@smithy/core/dist-types/submodules/serde/util-stream/checksum/ChecksumStream.browser.d.ts: OK
/workspace/tmp/pixelelated-m7-qa-16/qa-overlay/tools/council/node_modules/@smithy/core/dist-types/submodules/serde/util-stream/checksum/ChecksumStream.d.ts: OK
/workspace/tmp/pixelelated-m7-qa-16/qa-overlay/tools/council/node_modules/@smithy/core/dist-types/submodules/serde/util-stream/checksum/createChecksumStream.browser.d.ts: OK
/workspace/tmp/pixelelated-m7-qa-16/qa-overlay/tools/council/node_modules/@smithy/core/dist-types/submodules/serde/util-stream/checksum/createChecksumStream.d.ts: OK
/workspace/tmp/pixelelated-m7-qa-16/qa-overlay/tools/council/node_modules/@smithy/core/dist-types/submodules/serde/util-stream/createBufferedReadable.browser.d.ts: OK
/workspace/tmp/pixelelated-m7-qa-16/qa-overlay/tools/council/node_modules/@smithy/core/dist-types/submodules/serde/util-stream/createBufferedReadable.d.ts: OK
/workspace/tmp/pixelelated-m7-qa-16/qa-overlay/tools/council/node_modules/@smithy/core/dist-types/submodules/serde/util-stream/getAwsChunkedEncodingStream.browser.d.ts: OK
/workspace/tmp/pixelelated-m7-qa-16/qa-overlay/tools/council/node_modules/@smithy/core/dist-types/submodules/serde/util-stream/getAwsChunkedEncodingStream.d.ts: OK
/workspace/tmp/pixelelated-m7-qa-16/qa-overlay/tools/council/node_modules/@smithy/core/dist-types/submodules/serde/util-stream/headStream.browser.d.ts: OK
/workspace/tmp/pixelelated-m7-qa-16/qa-overlay/tools/council/node_modules/@smithy/core/dist-types/submodules/serde/util-stream/headStream.d.ts: OK
/workspace/tmp/pixelelated-m7-qa-16/qa-overlay/tools/council/node_modules/@smithy/core/dist-types/submodules/serde/util-stream/sdk-stream-mixin.browser.d.ts: OK
/workspace/tmp/pixelelated-m7-qa-16/qa-overlay/tools/council/node_modules/@smithy/core/dist-types/submodules/serde/util-stream/sdk-stream-mixin.d.ts: OK
/workspace/tmp/pixelelated-m7-qa-16/qa-overlay/tools/council/node_modules/@smithy/core/dist-types/submodules/serde/util-stream/splitStream.browser.d.ts: OK
/workspace/tmp/pixelelated-m7-qa-16/qa-overlay/tools/council/node_modules/@smithy/core/dist-types/submodules/serde/util-stream/splitStream.d.ts: OK
/workspace/tmp/pixelelated-m7-qa-16/qa-overlay/tools/council/node_modules/@smithy/core/dist-types/submodules/serde/util-stream/stream-collector.browser.d.ts: OK
/workspace/tmp/pixelelated-m7-qa-16/qa-overlay/tools/council/node_modules/@smithy/core/dist-types/submodules/serde/util-stream/stream-collector.d.ts: OK
/workspace/tmp/pixelelated-m7-qa-16/qa-overlay/tools/council/node_modules/@smithy/core/dist-types/submodules/serde/util-stream/stream-type-check.d.ts: OK
/workspace/tmp/pixelelated-m7-qa-16/qa-overlay/tools/council/node_modules/@smithy/core/dist-types/submodules/serde/util-utf8/fromUtf8.browser.d.ts: OK
/workspace/tmp/pixelelated-m7-qa-16/qa-overlay/tools/council/node_modules/@smithy/core/dist-types/submodules/serde/util-utf8/fromUtf8.d.ts: OK
/workspace/tmp/pixelelated-m7-qa-16/qa-overlay/tools/council/node_modules/@smithy/core/dist-types/submodules/serde/util-utf8/toUint8Array.browser.d.ts: OK
/workspace/tmp/pixelelated-m7-qa-16/qa-overlay/tools/council/node_modules/@smithy/core/dist-types/submodules/serde/util-utf8/toUint8Array.d.ts: OK
/workspace/tmp/pixelelated-m7-qa-16/qa-overlay/tools/council/node_modules/@smithy/core/dist-types/submodules/serde/util-utf8/toUtf8.browser.d.ts: OK
/workspace/tmp/pixelelated-m7-qa-16/qa-overlay/tools/council/node_modules/@smithy/core/dist-types/submodules/serde/util-utf8/toUtf8.d.ts: OK
/workspace/tmp/pixelelated-m7-qa-16/qa-overlay/tools/council/node_modules/@smithy/core/dist-types/submodules/serde/uuid/v4.d.ts: OK
/workspace/tmp/pixelelated-m7-qa-16/qa-overlay/tools/council/node_modules/@smithy/core/dist-types/submodules/serde/value/NumericValue.d.ts: OK
/workspace/tmp/pixelelated-m7-qa-16/qa-overlay/tools/council/node_modules/@smithy/core/dist-types/submodules/transport/getSmithyContext.d.ts: OK
/workspace/tmp/pixelelated-m7-qa-16/qa-overlay/tools/council/node_modules/@smithy/core/dist-types/submodules/transport/hasOwn.d.ts: OK
/workspace/tmp/pixelelated-m7-qa-16/qa-overlay/tools/council/node_modules/@smithy/core/dist-types/submodules/transport/httpRequest.d.ts: OK
/workspace/tmp/pixelelated-m7-qa-16/qa-overlay/tools/council/node_modules/@smithy/core/dist-types/submodules/transport/httpResponse.d.ts: OK
/workspace/tmp/pixelelated-m7-qa-16/qa-overlay/tools/council/node_modules/@smithy/core/dist-types/submodules/transport/index.d.ts: OK
/workspace/tmp/pixelelated-m7-qa-16/qa-overlay/tools/council/node_modules/@smithy/core/dist-types/submodules/transport/isValidHostLabel.d.ts: OK
/workspace/tmp/pixelelated-m7-qa-16/qa-overlay/tools/council/node_modules/@smithy/core/dist-types/submodules/transport/isValidHostname.d.ts: OK
/workspace/tmp/pixelelated-m7-qa-16/qa-overlay/tools/council/node_modules/@smithy/core/dist-types/submodules/transport/normalizeProvider.d.ts: OK
/workspace/tmp/pixelelated-m7-qa-16/qa-overlay/tools/council/node_modules/@smithy/core/dist-types/submodules/transport/parseQueryString.d.ts: OK
/workspace/tmp/pixelelated-m7-qa-16/qa-overlay/tools/council/node_modules/@smithy/core/dist-types/submodules/transport/parseUrl.d.ts: OK
/workspace/tmp/pixelelated-m7-qa-16/qa-overlay/tools/council/node_modules/@smithy/core/dist-types/submodules/transport/toEndpointV1.d.ts: OK
/workspace/tmp/pixelelated-m7-qa-16/qa-overlay/tools/council/node_modules/@smithy/core/dist-types/ts3.4/index.d.ts: OK
/workspace/tmp/pixelelated-m7-qa-16/qa-overlay/tools/council/node_modules/@smithy/core/dist-types/ts3.4/legacy-root-exports/middleware-http-auth-scheme/getHttpAuthSchemeEndpointRuleSetPlugin.d.ts: OK
/workspace/tmp/pixelelated-m7-qa-16/qa-overlay/tools/council/node_modules/@smithy/core/dist-types/ts3.4/legacy-root-exports/middleware-http-auth-scheme/getHttpAuthSchemePlugin.d.ts: OK
/workspace/tmp/pixelelated-m7-qa-16/qa-overlay/tools/council/node_modules/@smithy/core/dist-types/ts3.4/legacy-root-exports/middleware-http-auth-scheme/httpAuthSchemeMiddleware.d.ts: OK
/workspace/tmp/pixelelated-m7-qa-16/qa-overlay/tools/council/node_modules/@smithy/core/dist-types/ts3.4/legacy-root-exports/middleware-http-auth-scheme/index.d.ts: OK
/workspace/tmp/pixelelated-m7-qa-16/qa-overlay/tools/council/node_modules/@smithy/core/dist-types/ts3.4/legacy-root-exports/middleware-http-auth-scheme/resolveAuthOptions.d.ts: OK
/workspace/tmp/pixelelated-m7-qa-16/qa-overlay/tools/council/node_modules/@smithy/core/dist-types/ts3.4/legacy-root-exports/middleware-http-signing/getHttpSigningMiddleware.d.ts: OK
/workspace/tmp/pixelelated-m7-qa-16/qa-overlay/tools/council/node_modules/@smithy/core/dist-types/ts3.4/legacy-root-exports/middleware-http-signing/httpSigningMiddleware.d.ts: OK
/workspace/tmp/pixelelated-m7-qa-16/qa-overlay/tools/council/node_modules/@smithy/core/dist-types/ts3.4/legacy-root-exports/middleware-http-signing/index.d.ts: OK
/workspace/tmp/pixelelated-m7-qa-16/qa-overlay/tools/council/node_modules/@smithy/core/dist-types/ts3.4/legacy-root-exports/pagination/createPaginator.d.ts: OK
/workspace/tmp/pixelelated-m7-qa-16/qa-overlay/tools/council/node_modules/@smithy/core/dist-types/ts3.4/legacy-root-exports/util-identity-and-auth/DefaultIdentityProviderConfig.d.ts: OK
/workspace/tmp/pixelelated-m7-qa-16/qa-overlay/tools/council/node_modules/@smithy/core/dist-types/ts3.4/legacy-root-exports/util-identity-and-auth/httpAuthSchemes/httpApiKeyAuth.d.ts: OK
/workspace/tmp/pixelelated-m7-qa-16/qa-overlay/tools/council/node_modules/@smithy/core/dist-types/ts3.4/legacy-root-exports/util-identity-and-auth/httpAuthSchemes/httpBearerAuth.d.ts: OK
/workspace/tmp/pixelelated-m7-qa-16/qa-overlay/tools/council/node_modules/@smithy/core/dist-types/ts3.4/legacy-root-exports/util-identity-and-auth/httpAuthSchemes/index.d.ts: OK
/workspace/tmp/pixelelated-m7-qa-16/qa-overlay/tools/council/node_modules/@smithy/core/dist-types/ts3.4/legacy-root-exports/util-identity-and-auth/httpAuthSchemes/noAuth.d.ts: OK
/workspace/tmp/pixelelated-m7-qa-16/qa-overlay/tools/council/node_modules/@smithy/core/dist-types/ts3.4/legacy-root-exports/util-identity-and-auth/index.d.ts: OK
/workspace/tmp/pixelelated-m7-qa-16/qa-overlay/tools/council/node_modules/@smithy/core/dist-types/ts3.4/legacy-root-exports/util-identity-and-auth/memoizeIdentityProvider.d.ts: OK
/workspace/tmp/pixelelated-m7-qa-16/qa-overlay/tools/council/node_modules/@smithy/core/dist-types/ts3.4/normalizeProvider.d.ts: OK
/workspace/tmp/pixelelated-m7-qa-16/qa-overlay/tools/council/node_modules/@smithy/core/dist-types/ts3.4/setFeature.d.ts: OK
/workspace/tmp/pixelelated-m7-qa-16/qa-overlay/tools/council/node_modules/@smithy/core/dist-types/ts3.4/submodules/cbor/CborCodec.d.ts: OK
/workspace/tmp/pixelelated-m7-qa-16/qa-overlay/tools/council/node_modules/@smithy/core/dist-types/ts3.4/submodules/cbor/SmithyRpcV2CborProtocol.d.ts: OK
/workspace/tmp/pixelelated-m7-qa-16/qa-overlay/tools/council/node_modules/@smithy/core/dist-types/ts3.4/submodules/cbor/byte-printer.d.ts: OK
/workspace/tmp/pixelelated-m7-qa-16/qa-overlay/tools/council/node_modules/@smithy/core/dist-types/ts3.4/submodules/cbor/cbor-decode.d.ts: OK
/workspace/tmp/pixelelated-m7-qa-16/qa-overlay/tools/council/node_modules/@smithy/core/dist-types/ts3.4/submodules/cbor/cbor-encode.d.ts: OK
/workspace/tmp/pixelelated-m7-qa-16/qa-overlay/tools/council/node_modules/@smithy/core/dist-types/ts3.4/submodules/cbor/cbor-types.d.ts: OK
/workspace/tmp/pixelelated-m7-qa-16/qa-overlay/tools/council/node_modules/@smithy/core/dist-types/ts3.4/submodules/cbor/cbor.d.ts: OK
/workspace/tmp/pixelelated-m7-qa-16/qa-overlay/tools/council/node_modules/@smithy/core/dist-types/ts3.4/submodules/cbor/codec-v1/CborShapeDeserializer.d.ts: OK
/workspace/tmp/pixelelated-m7-qa-16/qa-overlay/tools/council/node_modules/@smithy/core/dist-types/ts3.4/submodules/cbor/codec-v1/CborShapeSerializer.d.ts: OK
/workspace/tmp/pixelelated-m7-qa-16/qa-overlay/tools/council/node_modules/@smithy/core/dist-types/ts3.4/submodules/cbor/codec-v2/CborShapeDeserializer2.d.ts: OK
/workspace/tmp/pixelelated-m7-qa-16/qa-overlay/tools/council/node_modules/@smithy/core/dist-types/ts3.4/submodules/cbor/codec-v2/CborShapeSerializer2.d.ts: OK
/workspace/tmp/pixelelated-m7-qa-16/qa-overlay/tools/council/node_modules/@smithy/core/dist-types/ts3.4/submodules/cbor/index.d.ts: OK
/workspace/tmp/pixelelated-m7-qa-16/qa-overlay/tools/council/node_modules/@smithy/core/dist-types/ts3.4/submodules/cbor/parseCborBody.d.ts: OK
/workspace/tmp/pixelelated-m7-qa-16/qa-overlay/tools/council/node_modules/@smithy/core/dist-types/ts3.4/submodules/checksum/chunked-blob-reader/chunked-blob-reader.d.ts: OK
/workspace/tmp/pixelelated-m7-qa-16/qa-overlay/tools/council/node_modules/@smithy/core/dist-types/ts3.4/submodules/checksum/chunked-blob-reader/chunked-blob-reader.native.d.ts: OK
/workspace/tmp/pixelelated-m7-qa-16/qa-overlay/tools/council/node_modules/@smithy/core/dist-types/ts3.4/submodules/checksum/crc32/Crc32Js.d.ts: OK
/workspace/tmp/pixelelated-m7-qa-16/qa-overlay/tools/council/node_modules/@smithy/core/dist-types/ts3.4/submodules/checksum/crc32/Crc32Node.d.ts: OK
/workspace/tmp/pixelelated-m7-qa-16/qa-overlay/tools/council/node_modules/@smithy/core/dist-types/ts3.4/submodules/checksum/hash-blob-browser/blobHasher.d.ts: OK
/workspace/tmp/pixelelated-m7-qa-16/qa-overlay/tools/council/node_modules/@smithy/core/dist-types/ts3.4/submodules/checksum/hash-stream-node/HashCalculator.d.ts: OK
/workspace/tmp/pixelelated-m7-qa-16/qa-overlay/tools/council/node_modules/@smithy/core/dist-types/ts3.4/submodules/checksum/hash-stream-node/fileStreamHasher.d.ts: OK
/workspace/tmp/pixelelated-m7-qa-16/qa-overlay/tools/council/node_modules/@smithy/core/dist-types/ts3.4/submodules/checksum/hash-stream-node/readableStreamHasher.d.ts: OK
/workspace/tmp/pixelelated-m7-qa-16/qa-overlay/tools/council/node_modules/@smithy/core/dist-types/ts3.4/submodules/checksum/index.browser.d.ts: OK
/workspace/tmp/pixelelated-m7-qa-16/qa-overlay/tools/council/node_modules/@smithy/core/dist-types/ts3.4/submodules/checksum/index.d.ts: OK
/workspace/tmp/pixelelated-m7-qa-16/qa-overlay/tools/council/node_modules/@smithy/core/dist-types/ts3.4/submodules/checksum/index.native.d.ts: OK
/workspace/tmp/pixelelated-m7-qa-16/qa-overlay/tools/council/node_modules/@smithy/core/dist-types/ts3.4/submodules/checksum/md5/Md5Js.d.ts: OK
/workspace/tmp/pixelelated-m7-qa-16/qa-overlay/tools/council/node_modules/@smithy/core/dist-types/ts3.4/submodules/checksum/md5/Md5Node.d.ts: OK
/workspace/tmp/pixelelated-m7-qa-16/qa-overlay/tools/council/node_modules/@smithy/core/dist-types/ts3.4/submodules/checksum/sha256/Sha256Js.d.ts: OK
/workspace/tmp/pixelelated-m7-qa-16/qa-overlay/tools/council/node_modules/@smithy/core/dist-types/ts3.4/submodules/checksum/sha256/Sha256Node.d.ts: OK
/workspace/tmp/pixelelated-m7-qa-16/qa-overlay/tools/council/node_modules/@smithy/core/dist-types/ts3.4/submodules/checksum/sha256/Sha256WebCrypto.d.ts: OK
/workspace/tmp/pixelelated-m7-qa-16/qa-overlay/tools/council/node_modules/@smithy/core/dist-types/ts3.4/submodules/client/index.d.ts: OK
/workspace/tmp/pixelelated-m7-qa-16/qa-overlay/tools/council/node_modules/@smithy/core/dist-types/ts3.4/submodules/client/invalid-dependency/invalidFunction.d.ts: OK
/workspace/tmp/pixelelated-m7-qa-16/qa-overlay/tools/council/node_modules/@smithy/core/dist-types/ts3.4/submodules/client/invalid-dependency/invalidProvider.d.ts: OK
/workspace/tmp/pixelelated-m7-qa-16/qa-overlay/tools/council/node_modules/@smithy/core/dist-types/ts3.4/submodules/client/middleware-stack/MiddlewareStack.d.ts: OK
/workspace/tmp/pixelelated-m7-qa-16/qa-overlay/tools/council/node_modules/@smithy/core/dist-types/ts3.4/submodules/client/middleware-stack/types.d.ts: OK
/workspace/tmp/pixelelated-m7-qa-16/qa-overlay/tools/council/node_modules/@smithy/core/dist-types/ts3.4/submodules/client/smithy-client/NoOpLogger.d.ts: OK
/workspace/tmp/pixelelated-m7-qa-16/qa-overlay/tools/council/node_modules/@smithy/core/dist-types/ts3.4/submodules/client/smithy-client/client-command-builder.d.ts: OK
/workspace/tmp/pixelelated-m7-qa-16/qa-overlay/tools/council/node_modules/@smithy/core/dist-types/ts3.4/submodules/client/smithy-client/client.d.ts: OK
/workspace/tmp/pixelelated-m7-qa-16/qa-overlay/tools/council/node_modules/@smithy/core/dist-types/ts3.4/submodules/client/smithy-client/command.d.ts: OK
/workspace/tmp/pixelelated-m7-qa-16/qa-overlay/tools/council/node_modules/@smithy/core/dist-types/ts3.4/submodules/client/smithy-client/constants.d.ts: OK
/workspace/tmp/pixelelated-m7-qa-16/qa-overlay/tools/council/node_modules/@smithy/core/dist-types/ts3.4/submodules/client/smithy-client/create-aggregated-client.d.ts: OK
/workspace/tmp/pixelelated-m7-qa-16/qa-overlay/tools/council/node_modules/@smithy/core/dist-types/ts3.4/submodules/client/smithy-client/default-error-handler.d.ts: OK
/workspace/tmp/pixelelated-m7-qa-16/qa-overlay/tools/council/node_modules/@smithy/core/dist-types/ts3.4/submodules/client/smithy-client/defaults-mode.d.ts: OK
/workspace/tmp/pixelelated-m7-qa-16/qa-overlay/tools/council/node_modules/@smithy/core/dist-types/ts3.4/submodules/client/smithy-client/emitWarningIfUnsupportedVersion.d.ts: OK
/workspace/tmp/pixelelated-m7-qa-16/qa-overlay/tools/council/node_modules/@smithy/core/dist-types/ts3.4/submodules/client/smithy-client/exceptions.d.ts: OK
/workspace/tmp/pixelelated-m7-qa-16/qa-overlay/tools/council/node_modules/@smithy/core/dist-types/ts3.4/submodules/client/smithy-client/extensions/checksum.d.ts: OK
/workspace/tmp/pixelelated-m7-qa-16/qa-overlay/tools/council/node_modules/@smithy/core/dist-types/ts3.4/submodules/client/smithy-client/extensions/defaultExtensionConfiguration.d.ts: OK
/workspace/tmp/pixelelated-m7-qa-16/qa-overlay/tools/council/node_modules/@smithy/core/dist-types/ts3.4/submodules/client/smithy-client/extensions/retry.d.ts: OK
/workspace/tmp/pixelelated-m7-qa-16/qa-overlay/tools/council/node_modules/@smithy/core/dist-types/ts3.4/submodules/client/smithy-client/get-array-if-single-item.d.ts: OK
/workspace/tmp/pixelelated-m7-qa-16/qa-overlay/tools/council/node_modules/@smithy/core/dist-types/ts3.4/submodules/client/smithy-client/get-value-from-text-node.d.ts: OK
/workspace/tmp/pixelelated-m7-qa-16/qa-overlay/tools/council/node_modules/@smithy/core/dist-types/ts3.4/submodules/client/smithy-client/is-serializable-header-value.d.ts: OK
/workspace/tmp/pixelelated-m7-qa-16/qa-overlay/tools/council/node_modules/@smithy/core/dist-types/ts3.4/submodules/client/smithy-client/object-mapping.d.ts: OK
/workspace/tmp/pixelelated-m7-qa-16/qa-overlay/tools/council/node_modules/@smithy/core/dist-types/ts3.4/submodules/client/smithy-client/schemaLogFilter.d.ts: OK
/workspace/tmp/pixelelated-m7-qa-16/qa-overlay/tools/council/node_modules/@smithy/core/dist-types/ts3.4/submodules/client/smithy-client/ser-utils.d.ts: OK
/workspace/tmp/pixelelated-m7-qa-16/qa-overlay/tools/council/node_modules/@smithy/core/dist-types/ts3.4/submodules/client/smithy-client/serde-json.d.ts: OK
/workspace/tmp/pixelelated-m7-qa-16/qa-overlay/tools/council/node_modules/@smithy/core/dist-types/ts3.4/submodules/client/util-waiter/circularReplacer.d.ts: OK
/workspace/tmp/pixelelated-m7-qa-16/qa-overlay/tools/council/node_modules/@smithy/core/dist-types/ts3.4/submodules/client/util-waiter/createWaiter.d.ts: OK
/workspace/tmp/pixelelated-m7-qa-16/qa-overlay/tools/council/node_modules/@smithy/core/dist-types/ts3.4/submodules/client/util-waiter/poller.d.ts: OK
/workspace/tmp/pixelelated-m7-qa-16/qa-overlay/tools/council/node_modules/@smithy/core/dist-types/ts3.4/submodules/client/util-waiter/utils/sleep.d.ts: OK
/workspace/tmp/pixelelated-m7-qa-16/qa-overlay/tools/council/node_modules/@smithy/core/dist-types/ts3.4/submodules/client/util-waiter/utils/validate.d.ts: OK
/workspace/tmp/pixelelated-m7-qa-16/qa-overlay/tools/council/node_modules/@smithy/core/dist-types/ts3.4/submodules/client/util-waiter/waiter.d.ts: OK
/workspace/tmp/pixelelated-m7-qa-16/qa-overlay/tools/council/node_modules/@smithy/core/dist-types/ts3.4/submodules/config/config-resolver/endpointsConfig/NodeUseDualstackEndpointConfigOptions.d.ts: OK
/workspace/tmp/pixelelated-m7-qa-16/qa-overlay/tools/council/node_modules/@smithy/core/dist-types/ts3.4/submodules/config/config-resolver/endpointsConfig/NodeUseFipsEndpointConfigOptions.d.ts: OK
/workspace/tmp/pixelelated-m7-qa-16/qa-overlay/tools/council/node_modules/@smithy/core/dist-types/ts3.4/submodules/config/config-resolver/endpointsConfig/resolveCustomEndpointsConfig.d.ts: OK
/workspace/tmp/pixelelated-m7-qa-16/qa-overlay/tools/council/node_modules/@smithy/core/dist-types/ts3.4/submodules/config/config-resolver/endpointsConfig/resolveEndpointsConfig.d.ts: OK
/workspace/tmp/pixelelated-m7-qa-16/qa-overlay/tools/council/node_modules/@smithy/core/dist-types/ts3.4/submodules/config/config-resolver/endpointsConfig/utils/getEndpointFromRegion.d.ts: OK
/workspace/tmp/pixelelated-m7-qa-16/qa-overlay/tools/council/node_modules/@smithy/core/dist-types/ts3.4/submodules/config/config-resolver/regionConfig/checkRegion.d.ts: OK
/workspace/tmp/pixelelated-m7-qa-16/qa-overlay/tools/council/node_modules/@smithy/core/dist-types/ts3.4/submodules/config/config-resolver/regionConfig/config.d.ts: OK
/workspace/tmp/pixelelated-m7-qa-16/qa-overlay/tools/council/node_modules/@smithy/core/dist-types/ts3.4/submodules/config/config-resolver/regionConfig/getInstanceMetadataRegion.d.ts: OK
/workspace/tmp/pixelelated-m7-qa-16/qa-overlay/tools/council/node_modules/@smithy/core/dist-types/ts3.4/submodules/config/config-resolver/regionConfig/getRealRegion.d.ts: OK
/workspace/tmp/pixelelated-m7-qa-16/qa-overlay/tools/council/node_modules/@smithy/core/dist-types/ts3.4/submodules/config/config-resolver/regionConfig/isFipsRegion.d.ts: OK
/workspace/tmp/pixelelated-m7-qa-16/qa-overlay/tools/council/node_modules/@smithy/core/dist-types/ts3.4/submodules/config/config-resolver/regionConfig/resolveRegionConfig.d.ts: OK
/workspace/tmp/pixelelated-m7-qa-16/qa-overlay/tools/council/node_modules/@smithy/core/dist-types/ts3.4/submodules/config/config-resolver/regionInfo/EndpointVariant.d.ts: OK
/workspace/tmp/pixelelated-m7-qa-16/qa-overlay/tools/council/node_modules/@smithy/core/dist-types/ts3.4/submodules/config/config-resolver/regionInfo/EndpointVariantTag.d.ts: OK
/workspace/tmp/pixelelated-m7-qa-16/qa-overlay/tools/council/node_modules/@smithy/core/dist-types/ts3.4/submodules/config/config-resolver/regionInfo/PartitionHash.d.ts: OK
/workspace/tmp/pixelelated-m7-qa-16/qa-overlay/tools/council/node_modules/@smithy/core/dist-types/ts3.4/submodules/config/config-resolver/regionInfo/RegionHash.d.ts: OK
/workspace/tmp/pixelelated-m7-qa-16/qa-overlay/tools/council/node_modules/@smithy/core/dist-types/ts3.4/submodules/config/config-resolver/regionInfo/getHostnameFromVariants.d.ts: OK
/workspace/tmp/pixelelated-m7-qa-16/qa-overlay/tools/council/node_modules/@smithy/core/dist-types/ts3.4/submodules/config/config-resolver/regionInfo/getRegionInfo.d.ts: OK
/workspace/tmp/pixelelated-m7-qa-16/qa-overlay/tools/council/node_modules/@smithy/core/dist-types/ts3.4/submodules/config/config-resolver/regionInfo/getResolvedHostname.d.ts: OK
/workspace/tmp/pixelelated-m7-qa-16/qa-overlay/tools/council/node_modules/@smithy/core/dist-types/ts3.4/submodules/config/config-resolver/regionInfo/getResolvedPartition.d.ts: OK
/workspace/tmp/pixelelated-m7-qa-16/qa-overlay/tools/council/node_modules/@smithy/core/dist-types/ts3.4/submodules/config/config-resolver/regionInfo/getResolvedSigningRegion.d.ts: OK
/workspace/tmp/pixelelated-m7-qa-16/qa-overlay/tools/council/node_modules/@smithy/core/dist-types/ts3.4/submodules/config/defaults-mode/constants.d.ts: OK
/workspace/tmp/pixelelated-m7-qa-16/qa-overlay/tools/council/node_modules/@smithy/core/dist-types/ts3.4/submodules/config/defaults-mode/defaultsModeConfig.d.ts: OK
/workspace/tmp/pixelelated-m7-qa-16/qa-overlay/tools/council/node_modules/@smithy/core/dist-types/ts3.4/submodules/config/defaults-mode/resolveDefaultsModeConfig.browser.d.ts: OK
/workspace/tmp/pixelelated-m7-qa-16/qa-overlay/tools/council/node_modules/@smithy/core/dist-types/ts3.4/submodules/config/defaults-mode/resolveDefaultsModeConfig.d.ts: OK
/workspace/tmp/pixelelated-m7-qa-16/qa-overlay/tools/council/node_modules/@smithy/core/dist-types/ts3.4/submodules/config/defaults-mode/resolveDefaultsModeConfig.native.d.ts: OK
/workspace/tmp/pixelelated-m7-qa-16/qa-overlay/tools/council/node_modules/@smithy/core/dist-types/ts3.4/submodules/config/index.browser.d.ts: OK
/workspace/tmp/pixelelated-m7-qa-16/qa-overlay/tools/council/node_modules/@smithy/core/dist-types/ts3.4/submodules/config/index.d.ts: OK
/workspace/tmp/pixelelated-m7-qa-16/qa-overlay/tools/council/node_modules/@smithy/core/dist-types/ts3.4/submodules/config/index.native.d.ts: OK
/workspace/tmp/pixelelated-m7-qa-16/qa-overlay/tools/council/node_modules/@smithy/core/dist-types/ts3.4/submodules/config/node-config-provider/configLoader.d.ts: OK
/workspace/tmp/pixelelated-m7-qa-16/qa-overlay/tools/council/node_modules/@smithy/core/dist-types/ts3.4/submodules/config/node-config-provider/fromEnv.d.ts: OK
/workspace/tmp/pixelelated-m7-qa-16/qa-overlay/tools/council/node_modules/@smithy/core/dist-types/ts3.4/submodules/config/node-config-provider/fromSharedConfigFiles.d.ts: OK
/workspace/tmp/pixelelated-m7-qa-16/qa-overlay/tools/council/node_modules/@smithy/core/dist-types/ts3.4/submodules/config/node-config-provider/fromStatic.d.ts: OK
/workspace/tmp/pixelelated-m7-qa-16/qa-overlay/tools/council/node_modules/@smithy/core/dist-types/ts3.4/submodules/config/node-config-provider/getSelectorName.d.ts: OK
/workspace/tmp/pixelelated-m7-qa-16/qa-overlay/tools/council/node_modules/@smithy/core/dist-types/ts3.4/submodules/config/property-provider/CredentialsProviderError.d.ts: OK
/workspace/tmp/pixelelated-m7-qa-16/qa-overlay/tools/council/node_modules/@smithy/core/dist-types/ts3.4/submodules/config/property-provider/ProviderError.d.ts: OK
/workspace/tmp/pixelelated-m7-qa-16/qa-overlay/tools/council/node_modules/@smithy/core/dist-types/ts3.4/submodules/config/property-provider/TokenProviderError.d.ts: OK
/workspace/tmp/pixelelated-m7-qa-16/qa-overlay/tools/council/node_modules/@smithy/core/dist-types/ts3.4/submodules/config/property-provider/chain.d.ts: OK
/workspace/tmp/pixelelated-m7-qa-16/qa-overlay/tools/council/node_modules/@smithy/core/dist-types/ts3.4/submodules/config/property-provider/fromValue.d.ts: OK
/workspace/tmp/pixelelated-m7-qa-16/qa-overlay/tools/council/node_modules/@smithy/core/dist-types/ts3.4/submodules/config/property-provider/memoize.d.ts: OK
/workspace/tmp/pixelelated-m7-qa-16/qa-overlay/tools/council/node_modules/@smithy/core/dist-types/ts3.4/submodules/config/shared-ini-file-loader/constants.d.ts: OK
/workspace/tmp/pixelelated-m7-qa-16/qa-overlay/tools/council/node_modules/@smithy/core/dist-types/ts3.4/submodules/config/shared-ini-file-loader/externalDataInterceptor.d.ts: OK
/workspace/tmp/pixelelated-m7-qa-16/qa-overlay/tools/council/node_modules/@smithy/core/dist-types/ts3.4/submodules/config/shared-ini-file-loader/getConfigData.d.ts: OK
/workspace/tmp/pixelelated-m7-qa-16/qa-overlay/tools/council/node_modules/@smithy/core/dist-types/ts3.4/submodules/config/shared-ini-file-loader/getConfigFilepath.d.ts: OK
/workspace/tmp/pixelelated-m7-qa-16/qa-overlay/tools/council/node_modules/@smithy/core/dist-types/ts3.4/submodules/config/shared-ini-file-loader/getCredentialsFilepath.d.ts: OK
/workspace/tmp/pixelelated-m7-qa-16/qa-overlay/tools/council/node_modules/@smithy/core/dist-types/ts3.4/submodules/config/shared-ini-file-loader/getHomeDir.d.ts: OK
/workspace/tmp/pixelelated-m7-qa-16/qa-overlay/tools/council/node_modules/@smithy/core/dist-types/ts3.4/submodules/config/shared-ini-file-loader/getProfileName.d.ts: OK
/workspace/tmp/pixelelated-m7-qa-16/qa-overlay/tools/council/node_modules/@smithy/core/dist-types/ts3.4/submodules/config/shared-ini-file-loader/getSSOTokenFilepath.d.ts: OK
/workspace/tmp/pixelelated-m7-qa-16/qa-overlay/tools/council/node_modules/@smithy/core/dist-types/ts3.4/submodules/config/shared-ini-file-loader/getSSOTokenFromFile.d.ts: OK
/workspace/tmp/pixelelated-m7-qa-16/qa-overlay/tools/council/node_modules/@smithy/core/dist-types/ts3.4/submodules/config/shared-ini-file-loader/getSsoSessionData.d.ts: OK
/workspace/tmp/pixelelated-m7-qa-16/qa-overlay/tools/council/node_modules/@smithy/core/dist-types/ts3.4/submodules/config/shared-ini-file-loader/loadSharedConfigFiles.d.ts: OK
/workspace/tmp/pixelelated-m7-qa-16/qa-overlay/tools/council/node_modules/@smithy/core/dist-types/ts3.4/submodules/config/shared-ini-file-loader/loadSsoSessionData.d.ts: OK
/workspace/tmp/pixelelated-m7-qa-16/qa-overlay/tools/council/node_modules/@smithy/core/dist-types/ts3.4/submodules/config/shared-ini-file-loader/mergeConfigFiles.d.ts: OK
/workspace/tmp/pixelelated-m7-qa-16/qa-overlay/tools/council/node_modules/@smithy/core/dist-types/ts3.4/submodules/config/shared-ini-file-loader/parseIni.d.ts: OK
/workspace/tmp/pixelelated-m7-qa-16/qa-overlay/tools/council/node_modules/@smithy/core/dist-types/ts3.4/submodules/config/shared-ini-file-loader/parseKnownFiles.d.ts: OK
/workspace/tmp/pixelelated-m7-qa-16/qa-overlay/tools/council/node_modules/@smithy/core/dist-types/ts3.4/submodules/config/shared-ini-file-loader/readFile.d.ts: OK
/workspace/tmp/pixelelated-m7-qa-16/qa-overlay/tools/council/node_modules/@smithy/core/dist-types/ts3.4/submodules/config/shared-ini-file-loader/types.d.ts: OK
/workspace/tmp/pixelelated-m7-qa-16/qa-overlay/tools/council/node_modules/@smithy/core/dist-types/ts3.4/submodules/config/util-config-provider/booleanSelector.d.ts: OK
/workspace/tmp/pixelelated-m7-qa-16/qa-overlay/tools/council/node_modules/@smithy/core/dist-types/ts3.4/submodules/config/util-config-provider/numberSelector.d.ts: OK
/workspace/tmp/pixelelated-m7-qa-16/qa-overlay/tools/council/node_modules/@smithy/core/dist-types/ts3.4/submodules/config/util-config-provider/types.d.ts: OK
/workspace/tmp/pixelelated-m7-qa-16/qa-overlay/tools/council/node_modules/@smithy/core/dist-types/ts3.4/submodules/endpoints/index.browser.d.ts: OK
/workspace/tmp/pixelelated-m7-qa-16/qa-overlay/tools/council/node_modules/@smithy/core/dist-types/ts3.4/submodules/endpoints/index.d.ts: OK
/workspace/tmp/pixelelated-m7-qa-16/qa-overlay/tools/council/node_modules/@smithy/core/dist-types/ts3.4/submodules/endpoints/middleware-endpoint/adaptors/createConfigValueProvider.d.ts: OK
/workspace/tmp/pixelelated-m7-qa-16/qa-overlay/tools/council/node_modules/@smithy/core/dist-types/ts3.4/submodules/endpoints/middleware-endpoint/adaptors/getEndpointFromConfig.browser.d.ts: OK
/workspace/tmp/pixelelated-m7-qa-16/qa-overlay/tools/council/node_modules/@smithy/core/dist-types/ts3.4/submodules/endpoints/middleware-endpoint/adaptors/getEndpointFromConfig.d.ts: OK
/workspace/tmp/pixelelated-m7-qa-16/qa-overlay/tools/council/node_modules/@smithy/core/dist-types/ts3.4/submodules/endpoints/middleware-endpoint/adaptors/getEndpointFromInstructions.d.ts: OK
/workspace/tmp/pixelelated-m7-qa-16/qa-overlay/tools/council/node_modules/@smithy/core/dist-types/ts3.4/submodules/endpoints/middleware-endpoint/adaptors/getEndpointUrlConfig.d.ts: OK
/workspace/tmp/pixelelated-m7-qa-16/qa-overlay/tools/council/node_modules/@smithy/core/dist-types/ts3.4/submodules/endpoints/middleware-endpoint/adaptors/getIgnoreConfiguredEndpointUrls.d.ts: OK
/workspace/tmp/pixelelated-m7-qa-16/qa-overlay/tools/council/node_modules/@smithy/core/dist-types/ts3.4/submodules/endpoints/middleware-endpoint/adaptors/toEndpointV1.d.ts: OK
/workspace/tmp/pixelelated-m7-qa-16/qa-overlay/tools/council/node_modules/@smithy/core/dist-types/ts3.4/submodules/endpoints/middleware-endpoint/endpointMiddleware.d.ts: OK
/workspace/tmp/pixelelated-m7-qa-16/qa-overlay/tools/council/node_modules/@smithy/core/dist-types/ts3.4/submodules/endpoints/middleware-endpoint/getEndpointPlugin.d.ts: OK
/workspace/tmp/pixelelated-m7-qa-16/qa-overlay/tools/council/node_modules/@smithy/core/dist-types/ts3.4/submodules/endpoints/middleware-endpoint/resolveEndpointConfig.d.ts: OK
/workspace/tmp/pixelelated-m7-qa-16/qa-overlay/tools/council/node_modules/@smithy/core/dist-types/ts3.4/submodules/endpoints/middleware-endpoint/resolveEndpointRequiredConfig.d.ts: OK
/workspace/tmp/pixelelated-m7-qa-16/qa-overlay/tools/council/node_modules/@smithy/core/dist-types/ts3.4/submodules/endpoints/middleware-endpoint/service-customizations/index.d.ts: OK
/workspace/tmp/pixelelated-m7-qa-16/qa-overlay/tools/council/node_modules/@smithy/core/dist-types/ts3.4/submodules/endpoints/middleware-endpoint/service-customizations/s3.d.ts: OK
/workspace/tmp/pixelelated-m7-qa-16/qa-overlay/tools/council/node_modules/@smithy/core/dist-types/ts3.4/submodules/endpoints/util-endpoints/bdd/BinaryDecisionDiagram.d.ts: OK
/workspace/tmp/pixelelated-m7-qa-16/qa-overlay/tools/council/node_modules/@smithy/core/dist-types/ts3.4/submodules/endpoints/util-endpoints/cache/EndpointCache.d.ts: OK
/workspace/tmp/pixelelated-m7-qa-16/qa-overlay/tools/council/node_modules/@smithy/core/dist-types/ts3.4/submodules/endpoints/util-endpoints/debug/debugId.d.ts: OK
/workspace/tmp/pixelelated-m7-qa-16/qa-overlay/tools/council/node_modules/@smithy/core/dist-types/ts3.4/submodules/endpoints/util-endpoints/debug/index.d.ts: OK
/workspace/tmp/pixelelated-m7-qa-16/qa-overlay/tools/council/node_modules/@smithy/core/dist-types/ts3.4/submodules/endpoints/util-endpoints/debug/toDebugString.d.ts: OK
/workspace/tmp/pixelelated-m7-qa-16/qa-overlay/tools/council/node_modules/@smithy/core/dist-types/ts3.4/submodules/endpoints/util-endpoints/decideEndpoint.d.ts: OK
/workspace/tmp/pixelelated-m7-qa-16/qa-overlay/tools/council/node_modules/@smithy/core/dist-types/ts3.4/submodules/endpoints/util-endpoints/lib/booleanEquals.d.ts: OK
/workspace/tmp/pixelelated-m7-qa-16/qa-overlay/tools/council/node_modules/@smithy/core/dist-types/ts3.4/submodules/endpoints/util-endpoints/lib/coalesce.d.ts: OK
/workspace/tmp/pixelelated-m7-qa-16/qa-overlay/tools/council/node_modules/@smithy/core/dist-types/ts3.4/submodules/endpoints/util-endpoints/lib/getAttr.d.ts: OK
/workspace/tmp/pixelelated-m7-qa-16/qa-overlay/tools/council/node_modules/@smithy/core/dist-types/ts3.4/submodules/endpoints/util-endpoints/lib/getAttrPathList.d.ts: OK
/workspace/tmp/pixelelated-m7-qa-16/qa-overlay/tools/council/node_modules/@smithy/core/dist-types/ts3.4/submodules/endpoints/util-endpoints/lib/index.d.ts: OK
/workspace/tmp/pixelelated-m7-qa-16/qa-overlay/tools/council/node_modules/@smithy/core/dist-types/ts3.4/submodules/endpoints/util-endpoints/lib/isIpAddress.d.ts: OK
/workspace/tmp/pixelelated-m7-qa-16/qa-overlay/tools/council/node_modules/@smithy/core/dist-types/ts3.4/submodules/endpoints/util-endpoints/lib/isSet.d.ts: OK
/workspace/tmp/pixelelated-m7-qa-16/qa-overlay/tools/council/node_modules/@smithy/core/dist-types/ts3.4/submodules/endpoints/util-endpoints/lib/ite.d.ts: OK
/workspace/tmp/pixelelated-m7-qa-16/qa-overlay/tools/council/node_modules/@smithy/core/dist-types/ts3.4/submodules/endpoints/util-endpoints/lib/not.d.ts: OK
/workspace/tmp/pixelelated-m7-qa-16/qa-overlay/tools/council/node_modules/@smithy/core/dist-types/ts3.4/submodules/endpoints/util-endpoints/lib/parseURL.d.ts: OK
/workspace/tmp/pixelelated-m7-qa-16/qa-overlay/tools/council/node_modules/@smithy/core/dist-types/ts3.4/submodules/endpoints/util-endpoints/lib/split.d.ts: OK
/workspace/tmp/pixelelated-m7-qa-16/qa-overlay/tools/council/node_modules/@smithy/core/dist-types/ts3.4/submodules/endpoints/util-endpoints/lib/stringEquals.d.ts: OK
/workspace/tmp/pixelelated-m7-qa-16/qa-overlay/tools/council/node_modules/@smithy/core/dist-types/ts3.4/submodules/endpoints/util-endpoints/lib/substring.d.ts: OK
/workspace/tmp/pixelelated-m7-qa-16/qa-overlay/tools/council/node_modules/@smithy/core/dist-types/ts3.4/submodules/endpoints/util-endpoints/lib/uriEncode.d.ts: OK
/workspace/tmp/pixelelated-m7-qa-16/qa-overlay/tools/council/node_modules/@smithy/core/dist-types/ts3.4/submodules/endpoints/util-endpoints/resolveEndpoint.d.ts: OK
/workspace/tmp/pixelelated-m7-qa-16/qa-overlay/tools/council/node_modules/@smithy/core/dist-types/ts3.4/submodules/endpoints/util-endpoints/types/EndpointError.d.ts: OK
/workspace/tmp/pixelelated-m7-qa-16/qa-overlay/tools/council/node_modules/@smithy/core/dist-types/ts3.4/submodules/endpoints/util-endpoints/types/EndpointFunctions.d.ts: OK
/workspace/tmp/pixelelated-m7-qa-16/qa-overlay/tools/council/node_modules/@smithy/core/dist-types/ts3.4/submodules/endpoints/util-endpoints/types/EndpointRuleObject.d.ts: OK
/workspace/tmp/pixelelated-m7-qa-16/qa-overlay/tools/council/node_modules/@smithy/core/dist-types/ts3.4/submodules/endpoints/util-endpoints/types/ErrorRuleObject.d.ts: OK
/workspace/tmp/pixelelated-m7-qa-16/qa-overlay/tools/council/node_modules/@smithy/core/dist-types/ts3.4/submodules/endpoints/util-endpoints/types/RuleSetObject.d.ts: OK
/workspace/tmp/pixelelated-m7-qa-16/qa-overlay/tools/council/node_modules/@smithy/core/dist-types/ts3.4/submodules/endpoints/util-endpoints/types/TreeRuleObject.d.ts: OK
/workspace/tmp/pixelelated-m7-qa-16/qa-overlay/tools/council/node_modules/@smithy/core/dist-types/ts3.4/submodules/endpoints/util-endpoints/types/index.d.ts: OK
/workspace/tmp/pixelelated-m7-qa-16/qa-overlay/tools/council/node_modules/@smithy/core/dist-types/ts3.4/submodules/endpoints/util-endpoints/types/shared.d.ts: OK
/workspace/tmp/pixelelated-m7-qa-16/qa-overlay/tools/council/node_modules/@smithy/core/dist-types/ts3.4/submodules/endpoints/util-endpoints/utils/callFunction.d.ts: OK
/workspace/tmp/pixelelated-m7-qa-16/qa-overlay/tools/council/node_modules/@smithy/core/dist-types/ts3.4/submodules/endpoints/util-endpoints/utils/customEndpointFunctions.d.ts: OK
/workspace/tmp/pixelelated-m7-qa-16/qa-overlay/tools/council/node_modules/@smithy/core/dist-types/ts3.4/submodules/endpoints/util-endpoints/utils/endpointFunctions.d.ts: OK
/workspace/tmp/pixelelated-m7-qa-16/qa-overlay/tools/council/node_modules/@smithy/core/dist-types/ts3.4/submodules/endpoints/util-endpoints/utils/evaluateCondition.d.ts: OK
/workspace/tmp/pixelelated-m7-qa-16/qa-overlay/tools/council/node_modules/@smithy/core/dist-types/ts3.4/submodules/endpoints/util-endpoints/utils/evaluateConditions.d.ts: OK
/workspace/tmp/pixelelated-m7-qa-16/qa-overlay/tools/council/node_modules/@smithy/core/dist-types/ts3.4/submodules/endpoints/util-endpoints/utils/evaluateEndpointRule.d.ts: OK
/workspace/tmp/pixelelated-m7-qa-16/qa-overlay/tools/council/node_modules/@smithy/core/dist-types/ts3.4/submodules/endpoints/util-endpoints/utils/evaluateErrorRule.d.ts: OK
/workspace/tmp/pixelelated-m7-qa-16/qa-overlay/tools/council/node_modules/@smithy/core/dist-types/ts3.4/submodules/endpoints/util-endpoints/utils/evaluateExpression.d.ts: OK
/workspace/tmp/pixelelated-m7-qa-16/qa-overlay/tools/council/node_modules/@smithy/core/dist-types/ts3.4/submodules/endpoints/util-endpoints/utils/evaluateRules.d.ts: OK
/workspace/tmp/pixelelated-m7-qa-16/qa-overlay/tools/council/node_modules/@smithy/core/dist-types/ts3.4/submodules/endpoints/util-endpoints/utils/evaluateTemplate.d.ts: OK
/workspace/tmp/pixelelated-m7-qa-16/qa-overlay/tools/council/node_modules/@smithy/core/dist-types/ts3.4/submodules/endpoints/util-endpoints/utils/evaluateTreeRule.d.ts: OK
/workspace/tmp/pixelelated-m7-qa-16/qa-overlay/tools/council/node_modules/@smithy/core/dist-types/ts3.4/submodules/endpoints/util-endpoints/utils/getEndpointHeaders.d.ts: OK
/workspace/tmp/pixelelated-m7-qa-16/qa-overlay/tools/council/node_modules/@smithy/core/dist-types/ts3.4/submodules/endpoints/util-endpoints/utils/getEndpointProperties.d.ts: OK
/workspace/tmp/pixelelated-m7-qa-16/qa-overlay/tools/council/node_modules/@smithy/core/dist-types/ts3.4/submodules/endpoints/util-endpoints/utils/getEndpointProperty.d.ts: OK
/workspace/tmp/pixelelated-m7-qa-16/qa-overlay/tools/council/node_modules/@smithy/core/dist-types/ts3.4/submodules/endpoints/util-endpoints/utils/getEndpointUrl.d.ts: OK
/workspace/tmp/pixelelated-m7-qa-16/qa-overlay/tools/council/node_modules/@smithy/core/dist-types/ts3.4/submodules/endpoints/util-endpoints/utils/getReferenceValue.d.ts: OK
/workspace/tmp/pixelelated-m7-qa-16/qa-overlay/tools/council/node_modules/@smithy/core/dist-types/ts3.4/submodules/endpoints/util-endpoints/utils/index.d.ts: OK
/workspace/tmp/pixelelated-m7-qa-16/qa-overlay/tools/council/node_modules/@smithy/core/dist-types/ts3.4/submodules/event-streams/EventStreamSerde.d.ts: OK
/workspace/tmp/pixelelated-m7-qa-16/qa-overlay/tools/council/node_modules/@smithy/core/dist-types/ts3.4/submodules/event-streams/eventstream-codec/EventStreamCodec.d.ts: OK
/workspace/tmp/pixelelated-m7-qa-16/qa-overlay/tools/council/node_modules/@smithy/core/dist-types/ts3.4/submodules/event-streams/eventstream-codec/HeaderMarshaller.d.ts: OK
/workspace/tmp/pixelelated-m7-qa-16/qa-overlay/tools/council/node_modules/@smithy/core/dist-types/ts3.4/submodules/event-streams/eventstream-codec/Int64.d.ts: OK
/workspace/tmp/pixelelated-m7-qa-16/qa-overlay/tools/council/node_modules/@smithy/core/dist-types/ts3.4/submodules/event-streams/eventstream-codec/Message.d.ts: OK
/workspace/tmp/pixelelated-m7-qa-16/qa-overlay/tools/council/node_modules/@smithy/core/dist-types/ts3.4/submodules/event-streams/eventstream-codec/MessageDecoderStream.d.ts: OK
/workspace/tmp/pixelelated-m7-qa-16/qa-overlay/tools/council/node_modules/@smithy/core/dist-types/ts3.4/submodules/event-streams/eventstream-codec/MessageEncoderStream.d.ts: OK
/workspace/tmp/pixelelated-m7-qa-16/qa-overlay/tools/council/node_modules/@smithy/core/dist-types/ts3.4/submodules/event-streams/eventstream-codec/SmithyMessageDecoderStream.d.ts: OK
/workspace/tmp/pixelelated-m7-qa-16/qa-overlay/tools/council/node_modules/@smithy/core/dist-types/ts3.4/submodules/event-streams/eventstream-codec/SmithyMessageEncoderStream.d.ts: OK
/workspace/tmp/pixelelated-m7-qa-16/qa-overlay/tools/council/node_modules/@smithy/core/dist-types/ts3.4/submodules/event-streams/eventstream-codec/splitMessage.d.ts: OK
/workspace/tmp/pixelelated-m7-qa-16/qa-overlay/tools/council/node_modules/@smithy/core/dist-types/ts3.4/submodules/event-streams/eventstream-serde/EventStreamMarshaller.browser.d.ts: OK
/workspace/tmp/pixelelated-m7-qa-16/qa-overlay/tools/council/node_modules/@smithy/core/dist-types/ts3.4/submodules/event-streams/eventstream-serde/EventStreamMarshaller.d.ts: OK
/workspace/tmp/pixelelated-m7-qa-16/qa-overlay/tools/council/node_modules/@smithy/core/dist-types/ts3.4/submodules/event-streams/eventstream-serde/utils.d.ts: OK
/workspace/tmp/pixelelated-m7-qa-16/qa-overlay/tools/council/node_modules/@smithy/core/dist-types/ts3.4/submodules/event-streams/eventstream-serde-config-resolver/EventStreamSerdeConfig.d.ts: OK
/workspace/tmp/pixelelated-m7-qa-16/qa-overlay/tools/council/node_modules/@smithy/core/dist-types/ts3.4/submodules/event-streams/eventstream-serde-universal/EventStreamMarshaller.d.ts: OK
/workspace/tmp/pixelelated-m7-qa-16/qa-overlay/tools/council/node_modules/@smithy/core/dist-types/ts3.4/submodules/event-streams/eventstream-serde-universal/getChunkedStream.d.ts: OK
/workspace/tmp/pixelelated-m7-qa-16/qa-overlay/tools/council/node_modules/@smithy/core/dist-types/ts3.4/submodules/event-streams/eventstream-serde-universal/getUnmarshalledStream.d.ts: OK
/workspace/tmp/pixelelated-m7-qa-16/qa-overlay/tools/council/node_modules/@smithy/core/dist-types/ts3.4/submodules/event-streams/index.browser.d.ts: OK
/workspace/tmp/pixelelated-m7-qa-16/qa-overlay/tools/council/node_modules/@smithy/core/dist-types/ts3.4/submodules/event-streams/index.d.ts: OK
/workspace/tmp/pixelelated-m7-qa-16/qa-overlay/tools/council/node_modules/@smithy/core/dist-types/ts3.4/submodules/protocols/HttpBindingProtocol.d.ts: OK
/workspace/tmp/pixelelated-m7-qa-16/qa-overlay/tools/council/node_modules/@smithy/core/dist-types/ts3.4/submodules/protocols/HttpProtocol.d.ts: OK
/workspace/tmp/pixelelated-m7-qa-16/qa-overlay/tools/council/node_modules/@smithy/core/dist-types/ts3.4/submodules/protocols/RpcProtocol.d.ts: OK
/workspace/tmp/pixelelated-m7-qa-16/qa-overlay/tools/council/node_modules/@smithy/core/dist-types/ts3.4/submodules/protocols/SerdeContext.d.ts: OK
/workspace/tmp/pixelelated-m7-qa-16/qa-overlay/tools/council/node_modules/@smithy/core/dist-types/ts3.4/submodules/protocols/collect-stream-body.d.ts: OK
/workspace/tmp/pixelelated-m7-qa-16/qa-overlay/tools/council/node_modules/@smithy/core/dist-types/ts3.4/submodules/protocols/extended-encode-uri-component.d.ts: OK
/workspace/tmp/pixelelated-m7-qa-16/qa-overlay/tools/council/node_modules/@smithy/core/dist-types/ts3.4/submodules/protocols/index.d.ts: OK
/workspace/tmp/pixelelated-m7-qa-16/qa-overlay/tools/council/node_modules/@smithy/core/dist-types/ts3.4/submodules/protocols/middleware-content-length/contentLengthMiddleware.d.ts: OK
/workspace/tmp/pixelelated-m7-qa-16/qa-overlay/tools/council/node_modules/@smithy/core/dist-types/ts3.4/submodules/protocols/protocol-http/Field.d.ts: OK
/workspace/tmp/pixelelated-m7-qa-16/qa-overlay/tools/council/node_modules/@smithy/core/dist-types/ts3.4/submodules/protocols/protocol-http/Fields.d.ts: OK
/workspace/tmp/pixelelated-m7-qa-16/qa-overlay/tools/council/node_modules/@smithy/core/dist-types/ts3.4/submodules/protocols/protocol-http/extensions/httpExtensionConfiguration.d.ts: OK
/workspace/tmp/pixelelated-m7-qa-16/qa-overlay/tools/council/node_modules/@smithy/core/dist-types/ts3.4/submodules/protocols/protocol-http/httpHandler.d.ts: OK
/workspace/tmp/pixelelated-m7-qa-16/qa-overlay/tools/council/node_modules/@smithy/core/dist-types/ts3.4/submodules/protocols/protocol-http/types.d.ts: OK
/workspace/tmp/pixelelated-m7-qa-16/qa-overlay/tools/council/node_modules/@smithy/core/dist-types/ts3.4/submodules/protocols/querystring-builder/buildQueryString.d.ts: OK
/workspace/tmp/pixelelated-m7-qa-16/qa-overlay/tools/council/node_modules/@smithy/core/dist-types/ts3.4/submodules/protocols/requestBuilder.d.ts: OK
/workspace/tmp/pixelelated-m7-qa-16/qa-overlay/tools/council/node_modules/@smithy/core/dist-types/ts3.4/submodules/protocols/resolve-path.d.ts: OK
/workspace/tmp/pixelelated-m7-qa-16/qa-overlay/tools/council/node_modules/@smithy/core/dist-types/ts3.4/submodules/protocols/serde/FromStringShapeDeserializer.d.ts: OK
/workspace/tmp/pixelelated-m7-qa-16/qa-overlay/tools/council/node_modules/@smithy/core/dist-types/ts3.4/submodules/protocols/serde/HttpInterceptingShapeDeserializer.d.ts: OK
/workspace/tmp/pixelelated-m7-qa-16/qa-overlay/tools/council/node_modules/@smithy/core/dist-types/ts3.4/submodules/protocols/serde/HttpInterceptingShapeSerializer.d.ts: OK
/workspace/tmp/pixelelated-m7-qa-16/qa-overlay/tools/council/node_modules/@smithy/core/dist-types/ts3.4/submodules/protocols/serde/ToStringShapeSerializer.d.ts: OK
/workspace/tmp/pixelelated-m7-qa-16/qa-overlay/tools/council/node_modules/@smithy/core/dist-types/ts3.4/submodules/protocols/serde/determineTimestampFormat.d.ts: OK
/workspace/tmp/pixelelated-m7-qa-16/qa-overlay/tools/council/node_modules/@smithy/core/dist-types/ts3.4/submodules/protocols/util-uri-escape/escape-uri-path.d.ts: OK
/workspace/tmp/pixelelated-m7-qa-16/qa-overlay/tools/council/node_modules/@smithy/core/dist-types/ts3.4/submodules/protocols/util-uri-escape/escape-uri.d.ts: OK
/workspace/tmp/pixelelated-m7-qa-16/qa-overlay/tools/council/node_modules/@smithy/core/dist-types/ts3.4/submodules/retry/index.browser.d.ts: OK
/workspace/tmp/pixelelated-m7-qa-16/qa-overlay/tools/council/node_modules/@smithy/core/dist-types/ts3.4/submodules/retry/index.d.ts: OK
/workspace/tmp/pixelelated-m7-qa-16/qa-overlay/tools/council/node_modules/@smithy/core/dist-types/ts3.4/submodules/retry/middleware-retry/configurations.d.ts: OK
/workspace/tmp/pixelelated-m7-qa-16/qa-overlay/tools/council/node_modules/@smithy/core/dist-types/ts3.4/submodules/retry/middleware-retry/isStreamingPayload/isStreamingPayload.browser.d.ts: OK
/workspace/tmp/pixelelated-m7-qa-16/qa-overlay/tools/council/node_modules/@smithy/core/dist-types/ts3.4/submodules/retry/middleware-retry/isStreamingPayload/isStreamingPayload.d.ts: OK
/workspace/tmp/pixelelated-m7-qa-16/qa-overlay/tools/council/node_modules/@smithy/core/dist-types/ts3.4/submodules/retry/middleware-retry/longPollMiddleware.d.ts: OK
/workspace/tmp/pixelelated-m7-qa-16/qa-overlay/tools/council/node_modules/@smithy/core/dist-types/ts3.4/submodules/retry/middleware-retry/omitRetryHeadersMiddleware.d.ts: OK
/workspace/tmp/pixelelated-m7-qa-16/qa-overlay/tools/council/node_modules/@smithy/core/dist-types/ts3.4/submodules/retry/middleware-retry/parseRetryAfterHeader.d.ts: OK
/workspace/tmp/pixelelated-m7-qa-16/qa-overlay/tools/council/node_modules/@smithy/core/dist-types/ts3.4/submodules/retry/middleware-retry/retry-pre-sra-deprecated/AdaptiveRetryStrategy.d.ts: OK
/workspace/tmp/pixelelated-m7-qa-16/qa-overlay/tools/council/node_modules/@smithy/core/dist-types/ts3.4/submodules/retry/middleware-retry/retry-pre-sra-deprecated/StandardRetryStrategy.d.ts: OK
/workspace/tmp/pixelelated-m7-qa-16/qa-overlay/tools/council/node_modules/@smithy/core/dist-types/ts3.4/submodules/retry/middleware-retry/retry-pre-sra-deprecated/defaultRetryQuota.d.ts: OK
/workspace/tmp/pixelelated-m7-qa-16/qa-overlay/tools/council/node_modules/@smithy/core/dist-types/ts3.4/submodules/retry/middleware-retry/retry-pre-sra-deprecated/delayDecider.d.ts: OK
/workspace/tmp/pixelelated-m7-qa-16/qa-overlay/tools/council/node_modules/@smithy/core/dist-types/ts3.4/submodules/retry/middleware-retry/retry-pre-sra-deprecated/retryDecider.d.ts: OK
/workspace/tmp/pixelelated-m7-qa-16/qa-overlay/tools/council/node_modules/@smithy/core/dist-types/ts3.4/submodules/retry/middleware-retry/retry-pre-sra-deprecated/types.d.ts: OK
/workspace/tmp/pixelelated-m7-qa-16/qa-overlay/tools/council/node_modules/@smithy/core/dist-types/ts3.4/submodules/retry/middleware-retry/retryMiddleware.d.ts: OK
/workspace/tmp/pixelelated-m7-qa-16/qa-overlay/tools/council/node_modules/@smithy/core/dist-types/ts3.4/submodules/retry/middleware-retry/util.d.ts: OK
/workspace/tmp/pixelelated-m7-qa-16/qa-overlay/tools/council/node_modules/@smithy/core/dist-types/ts3.4/submodules/retry/service-error-classification/constants.d.ts: OK
/workspace/tmp/pixelelated-m7-qa-16/qa-overlay/tools/council/node_modules/@smithy/core/dist-types/ts3.4/submodules/retry/service-error-classification/service-error-classification.d.ts: OK
/workspace/tmp/pixelelated-m7-qa-16/qa-overlay/tools/council/node_modules/@smithy/core/dist-types/ts3.4/submodules/retry/util-retry/AdaptiveRetryStrategy.d.ts: OK
/workspace/tmp/pixelelated-m7-qa-16/qa-overlay/tools/council/node_modules/@smithy/core/dist-types/ts3.4/submodules/retry/util-retry/ConfiguredRetryStrategy.d.ts: OK
/workspace/tmp/pixelelated-m7-qa-16/qa-overlay/tools/council/node_modules/@smithy/core/dist-types/ts3.4/submodules/retry/util-retry/DefaultRateLimiter.d.ts: OK
/workspace/tmp/pixelelated-m7-qa-16/qa-overlay/tools/council/node_modules/@smithy/core/dist-types/ts3.4/submodules/retry/util-retry/DefaultRetryBackoffStrategy.d.ts: OK
/workspace/tmp/pixelelated-m7-qa-16/qa-overlay/tools/council/node_modules/@smithy/core/dist-types/ts3.4/submodules/retry/util-retry/DefaultRetryToken.d.ts: OK
/workspace/tmp/pixelelated-m7-qa-16/qa-overlay/tools/council/node_modules/@smithy/core/dist-types/ts3.4/submodules/retry/util-retry/StandardRetryStrategy.d.ts: OK
/workspace/tmp/pixelelated-m7-qa-16/qa-overlay/tools/council/node_modules/@smithy/core/dist-types/ts3.4/submodules/retry/util-retry/config.d.ts: OK
/workspace/tmp/pixelelated-m7-qa-16/qa-overlay/tools/council/node_modules/@smithy/core/dist-types/ts3.4/submodules/retry/util-retry/constants.d.ts: OK
/workspace/tmp/pixelelated-m7-qa-16/qa-overlay/tools/council/node_modules/@smithy/core/dist-types/ts3.4/submodules/retry/util-retry/retries-2026-config.d.ts: OK
/workspace/tmp/pixelelated-m7-qa-16/qa-overlay/tools/council/node_modules/@smithy/core/dist-types/ts3.4/submodules/retry/util-retry/types.d.ts: OK
/workspace/tmp/pixelelated-m7-qa-16/qa-overlay/tools/council/node_modules/@smithy/core/dist-types/ts3.4/submodules/schema/TypeRegistry.d.ts: OK
/workspace/tmp/pixelelated-m7-qa-16/qa-overlay/tools/council/node_modules/@smithy/core/dist-types/ts3.4/submodules/schema/deref.d.ts: OK
/workspace/tmp/pixelelated-m7-qa-16/qa-overlay/tools/council/node_modules/@smithy/core/dist-types/ts3.4/submodules/schema/index.d.ts: OK
/workspace/tmp/pixelelated-m7-qa-16/qa-overlay/tools/council/node_modules/@smithy/core/dist-types/ts3.4/submodules/schema/middleware/getSchemaSerdePlugin.d.ts: OK
/workspace/tmp/pixelelated-m7-qa-16/qa-overlay/tools/council/node_modules/@smithy/core/dist-types/ts3.4/submodules/schema/middleware/schema-middleware-types.d.ts: OK
/workspace/tmp/pixelelated-m7-qa-16/qa-overlay/tools/council/node_modules/@smithy/core/dist-types/ts3.4/submodules/schema/middleware/schemaDeserializationMiddleware.d.ts: OK
/workspace/tmp/pixelelated-m7-qa-16/qa-overlay/tools/council/node_modules/@smithy/core/dist-types/ts3.4/submodules/schema/middleware/schemaSerializationMiddleware.d.ts: OK
/workspace/tmp/pixelelated-m7-qa-16/qa-overlay/tools/council/node_modules/@smithy/core/dist-types/ts3.4/submodules/schema/schemas/ErrorSchema.d.ts: OK
/workspace/tmp/pixelelated-m7-qa-16/qa-overlay/tools/council/node_modules/@smithy/core/dist-types/ts3.4/submodules/schema/schemas/ListSchema.d.ts: OK
/workspace/tmp/pixelelated-m7-qa-16/qa-overlay/tools/council/node_modules/@smithy/core/dist-types/ts3.4/submodules/schema/schemas/MapSchema.d.ts: OK
/workspace/tmp/pixelelated-m7-qa-16/qa-overlay/tools/council/node_modules/@smithy/core/dist-types/ts3.4/submodules/schema/schemas/NormalizedSchema.d.ts: OK
/workspace/tmp/pixelelated-m7-qa-16/qa-overlay/tools/council/node_modules/@smithy/core/dist-types/ts3.4/submodules/schema/schemas/OperationSchema.d.ts: OK
/workspace/tmp/pixelelated-m7-qa-16/qa-overlay/tools/council/node_modules/@smithy/core/dist-types/ts3.4/submodules/schema/schemas/Schema.d.ts: OK
/workspace/tmp/pixelelated-m7-qa-16/qa-overlay/tools/council/node_modules/@smithy/core/dist-types/ts3.4/submodules/schema/schemas/SimpleSchema.d.ts: OK
/workspace/tmp/pixelelated-m7-qa-16/qa-overlay/tools/council/node_modules/@smithy/core/dist-types/ts3.4/submodules/schema/schemas/StructureSchema.d.ts: OK
/workspace/tmp/pixelelated-m7-qa-16/qa-overlay/tools/council/node_modules/@smithy/core/dist-types/ts3.4/submodules/schema/schemas/operation.d.ts: OK
/workspace/tmp/pixelelated-m7-qa-16/qa-overlay/tools/council/node_modules/@smithy/core/dist-types/ts3.4/submodules/schema/schemas/sentinels.d.ts: OK
/workspace/tmp/pixelelated-m7-qa-16/qa-overlay/tools/council/node_modules/@smithy/core/dist-types/ts3.4/submodules/schema/schemas/translateTraits.d.ts: OK
/workspace/tmp/pixelelated-m7-qa-16/qa-overlay/tools/council/node_modules/@smithy/core/dist-types/ts3.4/submodules/serde/concatBytes.d.ts: OK
/workspace/tmp/pixelelated-m7-qa-16/qa-overlay/tools/council/node_modules/@smithy/core/dist-types/ts3.4/submodules/serde/copyDocumentWithTransform.d.ts: OK
/workspace/tmp/pixelelated-m7-qa-16/qa-overlay/tools/council/node_modules/@smithy/core/dist-types/ts3.4/submodules/serde/date-utils.d.ts: OK
/workspace/tmp/pixelelated-m7-qa-16/qa-overlay/tools/council/node_modules/@smithy/core/dist-types/ts3.4/submodules/serde/hash-node/hash-node.d.ts: OK
/workspace/tmp/pixelelated-m7-qa-16/qa-overlay/tools/council/node_modules/@smithy/core/dist-types/ts3.4/submodules/serde/index.browser.d.ts: OK
/workspace/tmp/pixelelated-m7-qa-16/qa-overlay/tools/council/node_modules/@smithy/core/dist-types/ts3.4/submodules/serde/index.d.ts: OK
/workspace/tmp/pixelelated-m7-qa-16/qa-overlay/tools/council/node_modules/@smithy/core/dist-types/ts3.4/submodules/serde/index.native.d.ts: OK
/workspace/tmp/pixelelated-m7-qa-16/qa-overlay/tools/council/node_modules/@smithy/core/dist-types/ts3.4/submodules/serde/is-array-buffer/is-array-buffer.d.ts: OK
/workspace/tmp/pixelelated-m7-qa-16/qa-overlay/tools/council/node_modules/@smithy/core/dist-types/ts3.4/submodules/serde/lazy-json.d.ts: OK
/workspace/tmp/pixelelated-m7-qa-16/qa-overlay/tools/council/node_modules/@smithy/core/dist-types/ts3.4/submodules/serde/middleware-serde/deserializerMiddleware.d.ts: OK
/workspace/tmp/pixelelated-m7-qa-16/qa-overlay/tools/council/node_modules/@smithy/core/dist-types/ts3.4/submodules/serde/middleware-serde/serdePlugin.d.ts: OK
/workspace/tmp/pixelelated-m7-qa-16/qa-overlay/tools/council/node_modules/@smithy/core/dist-types/ts3.4/submodules/serde/middleware-serde/serializerMiddleware.d.ts: OK
/workspace/tmp/pixelelated-m7-qa-16/qa-overlay/tools/council/node_modules/@smithy/core/dist-types/ts3.4/submodules/serde/parse-utils.d.ts: OK
/workspace/tmp/pixelelated-m7-qa-16/qa-overlay/tools/council/node_modules/@smithy/core/dist-types/ts3.4/submodules/serde/quote-header.d.ts: OK
/workspace/tmp/pixelelated-m7-qa-16/qa-overlay/tools/council/node_modules/@smithy/core/dist-types/ts3.4/submodules/serde/schema-serde-lib/schema-date-utils.d.ts: OK
/workspace/tmp/pixelelated-m7-qa-16/qa-overlay/tools/council/node_modules/@smithy/core/dist-types/ts3.4/submodules/serde/split-every.d.ts: OK
/workspace/tmp/pixelelated-m7-qa-16/qa-overlay/tools/council/node_modules/@smithy/core/dist-types/ts3.4/submodules/serde/split-header.d.ts: OK
/workspace/tmp/pixelelated-m7-qa-16/qa-overlay/tools/council/node_modules/@smithy/core/dist-types/ts3.4/submodules/serde/util-base64/constants-for-browser.d.ts: OK
/workspace/tmp/pixelelated-m7-qa-16/qa-overlay/tools/council/node_modules/@smithy/core/dist-types/ts3.4/submodules/serde/util-base64/fromBase64.browser.d.ts: OK
/workspace/tmp/pixelelated-m7-qa-16/qa-overlay/tools/council/node_modules/@smithy/core/dist-types/ts3.4/submodules/serde/util-base64/fromBase64.d.ts: OK
/workspace/tmp/pixelelated-m7-qa-16/qa-overlay/tools/council/node_modules/@smithy/core/dist-types/ts3.4/submodules/serde/util-base64/toBase64.browser.d.ts: OK
/workspace/tmp/pixelelated-m7-qa-16/qa-overlay/tools/council/node_modules/@smithy/core/dist-types/ts3.4/submodules/serde/util-base64/toBase64.d.ts: OK
/workspace/tmp/pixelelated-m7-qa-16/qa-overlay/tools/council/node_modules/@smithy/core/dist-types/ts3.4/submodules/serde/util-body-length/calculateBodyLength.browser.d.ts: OK
/workspace/tmp/pixelelated-m7-qa-16/qa-overlay/tools/council/node_modules/@smithy/core/dist-types/ts3.4/submodules/serde/util-body-length/calculateBodyLength.d.ts: OK
/workspace/tmp/pixelelated-m7-qa-16/qa-overlay/tools/council/node_modules/@smithy/core/dist-types/ts3.4/submodules/serde/util-buffer-from/buffer-from.d.ts: OK
/workspace/tmp/pixelelated-m7-qa-16/qa-overlay/tools/council/node_modules/@smithy/core/dist-types/ts3.4/submodules/serde/util-hex-encoding/hex-encoding.d.ts: OK
/workspace/tmp/pixelelated-m7-qa-16/qa-overlay/tools/council/node_modules/@smithy/core/dist-types/ts3.4/submodules/serde/util-stream/ByteArrayCollector.d.ts: OK
/workspace/tmp/pixelelated-m7-qa-16/qa-overlay/tools/council/node_modules/@smithy/core/dist-types/ts3.4/submodules/serde/util-stream/blob/Uint8ArrayBlobAdapter.d.ts: OK
/workspace/tmp/pixelelated-m7-qa-16/qa-overlay/tools/council/node_modules/@smithy/core/dist-types/ts3.4/submodules/serde/util-stream/checksum/ChecksumStream.browser.d.ts: OK
/workspace/tmp/pixelelated-m7-qa-16/qa-overlay/tools/council/node_modules/@smithy/core/dist-types/ts3.4/submodules/serde/util-stream/checksum/ChecksumStream.d.ts: OK
/workspace/tmp/pixelelated-m7-qa-16/qa-overlay/tools/council/node_modules/@smithy/core/dist-types/ts3.4/submodules/serde/util-stream/checksum/createChecksumStream.browser.d.ts: OK
/workspace/tmp/pixelelated-m7-qa-16/qa-overlay/tools/council/node_modules/@smithy/core/dist-types/ts3.4/submodules/serde/util-stream/checksum/createChecksumStream.d.ts: OK
/workspace/tmp/pixelelated-m7-qa-16/qa-overlay/tools/council/node_modules/@smithy/core/dist-types/ts3.4/submodules/serde/util-stream/createBufferedReadable.browser.d.ts: OK
/workspace/tmp/pixelelated-m7-qa-16/qa-overlay/tools/council/node_modules/@smithy/core/dist-types/ts3.4/submodules/serde/util-stream/createBufferedReadable.d.ts: OK
/workspace/tmp/pixelelated-m7-qa-16/qa-overlay/tools/council/node_modules/@smithy/core/dist-types/ts3.4/submodules/serde/util-stream/getAwsChunkedEncodingStream.browser.d.ts: OK
/workspace/tmp/pixelelated-m7-qa-16/qa-overlay/tools/council/node_modules/@smithy/core/dist-types/ts3.4/submodules/serde/util-stream/getAwsChunkedEncodingStream.d.ts: OK
/workspace/tmp/pixelelated-m7-qa-16/qa-overlay/tools/council/node_modules/@smithy/core/dist-types/ts3.4/submodules/serde/util-stream/headStream.browser.d.ts: OK
/workspace/tmp/pixelelated-m7-qa-16/qa-overlay/tools/council/node_modules/@smithy/core/dist-types/ts3.4/submodules/serde/util-stream/headStream.d.ts: OK
/workspace/tmp/pixelelated-m7-qa-16/qa-overlay/tools/council/node_modules/@smithy/core/dist-types/ts3.4/submodules/serde/util-stream/sdk-stream-mixin.browser.d.ts: OK
/workspace/tmp/pixelelated-m7-qa-16/qa-overlay/tools/council/node_modules/@smithy/core/dist-types/ts3.4/submodules/serde/util-stream/sdk-stream-mixin.d.ts: OK
/workspace/tmp/pixelelated-m7-qa-16/qa-overlay/tools/council/node_modules/@smithy/core/dist-types/ts3.4/submodules/serde/util-stream/splitStream.browser.d.ts: OK
/workspace/tmp/pixelelated-m7-qa-16/qa-overlay/tools/council/node_modules/@smithy/core/dist-types/ts3.4/submodules/serde/util-stream/splitStream.d.ts: OK
/workspace/tmp/pixelelated-m7-qa-16/qa-overlay/tools/council/node_modules/@smithy/core/dist-types/ts3.4/submodules/serde/util-stream/stream-collector.browser.d.ts: OK
/workspace/tmp/pixelelated-m7-qa-16/qa-overlay/tools/council/node_modules/@smithy/core/dist-types/ts3.4/submodules/serde/util-stream/stream-collector.d.ts: OK
/workspace/tmp/pixelelated-m7-qa-16/qa-overlay/tools/council/node_modules/@smithy/core/dist-types/ts3.4/submodules/serde/util-stream/stream-type-check.d.ts: OK
/workspace/tmp/pixelelated-m7-qa-16/qa-overlay/tools/council/node_modules/@smithy/core/dist-types/ts3.4/submodules/serde/util-utf8/fromUtf8.browser.d.ts: OK
/workspace/tmp/pixelelated-m7-qa-16/qa-overlay/tools/council/node_modules/@smithy/core/dist-types/ts3.4/submodules/serde/util-utf8/fromUtf8.d.ts: OK
/workspace/tmp/pixelelated-m7-qa-16/qa-overlay/tools/council/node_modules/@smithy/core/dist-types/ts3.4/submodules/serde/util-utf8/toUint8Array.browser.d.ts: OK
/workspace/tmp/pixelelated-m7-qa-16/qa-overlay/tools/council/node_modules/@smithy/core/dist-types/ts3.4/submodules/serde/util-utf8/toUint8Array.d.ts: OK
/workspace/tmp/pixelelated-m7-qa-16/qa-overlay/tools/council/node_modules/@smithy/core/dist-types/ts3.4/submodules/serde/util-utf8/toUtf8.browser.d.ts: OK
/workspace/tmp/pixelelated-m7-qa-16/qa-overlay/tools/council/node_modules/@smithy/core/dist-types/ts3.4/submodules/serde/util-utf8/toUtf8.d.ts: OK
/workspace/tmp/pixelelated-m7-qa-16/qa-overlay/tools/council/node_modules/@smithy/core/dist-types/ts3.4/submodules/serde/uuid/v4.d.ts: OK
/workspace/tmp/pixelelated-m7-qa-16/qa-overlay/tools/council/node_modules/@smithy/core/dist-types/ts3.4/submodules/serde/value/NumericValue.d.ts: OK
/workspace/tmp/pixelelated-m7-qa-16/qa-overlay/tools/council/node_modules/@smithy/core/dist-types/ts3.4/submodules/transport/getSmithyContext.d.ts: OK
/workspace/tmp/pixelelated-m7-qa-16/qa-overlay/tools/council/node_modules/@smithy/core/dist-types/ts3.4/submodules/transport/hasOwn.d.ts: OK
/workspace/tmp/pixelelated-m7-qa-16/qa-overlay/tools/council/node_modules/@smithy/core/dist-types/ts3.4/submodules/transport/httpRequest.d.ts: OK
/workspace/tmp/pixelelated-m7-qa-16/qa-overlay/tools/council/node_modules/@smithy/core/dist-types/ts3.4/submodules/transport/httpResponse.d.ts: OK
/workspace/tmp/pixelelated-m7-qa-16/qa-overlay/tools/council/node_modules/@smithy/core/dist-types/ts3.4/submodules/transport/index.d.ts: OK
/workspace/tmp/pixelelated-m7-qa-16/qa-overlay/tools/council/node_modules/@smithy/core/dist-types/ts3.4/submodules/transport/isValidHostLabel.d.ts: OK
/workspace/tmp/pixelelated-m7-qa-16/qa-overlay/tools/council/node_modules/@smithy/core/dist-types/ts3.4/submodules/transport/isValidHostname.d.ts: OK
/workspace/tmp/pixelelated-m7-qa-16/qa-overlay/tools/council/node_modules/@smithy/core/dist-types/ts3.4/submodules/transport/normalizeProvider.d.ts: OK
/workspace/tmp/pixelelated-m7-qa-16/qa-overlay/tools/council/node_modules/@smithy/core/dist-types/ts3.4/submodules/transport/parseQueryString.d.ts: OK
/workspace/tmp/pixelelated-m7-qa-16/qa-overlay/tools/council/node_modules/@smithy/core/dist-types/ts3.4/submodules/transport/parseUrl.d.ts: OK
/workspace/tmp/pixelelated-m7-qa-16/qa-overlay/tools/council/node_modules/@smithy/core/dist-types/ts3.4/submodules/transport/toEndpointV1.d.ts: OK
/workspace/tmp/pixelelated-m7-qa-16/qa-overlay/tools/council/node_modules/@smithy/core/endpoints.d.ts: OK
/workspace/tmp/pixelelated-m7-qa-16/qa-overlay/tools/council/node_modules/@smithy/core/endpoints.js: OK
/workspace/tmp/pixelelated-m7-qa-16/qa-overlay/tools/council/node_modules/@smithy/core/event-streams.d.ts: OK
/workspace/tmp/pixelelated-m7-qa-16/qa-overlay/tools/council/node_modules/@smithy/core/event-streams.js: OK
/workspace/tmp/pixelelated-m7-qa-16/qa-overlay/tools/council/node_modules/@smithy/core/package.json: OK
/workspace/tmp/pixelelated-m7-qa-16/qa-overlay/tools/council/node_modules/@smithy/core/protocols.d.ts: OK
/workspace/tmp/pixelelated-m7-qa-16/qa-overlay/tools/council/node_modules/@smithy/core/protocols.js: OK
/workspace/tmp/pixelelated-m7-qa-16/qa-overlay/tools/council/node_modules/@smithy/core/retry.d.ts: OK
/workspace/tmp/pixelelated-m7-qa-16/qa-overlay/tools/council/node_modules/@smithy/core/retry.js: OK
/workspace/tmp/pixelelated-m7-qa-16/qa-overlay/tools/council/node_modules/@smithy/core/schema.d.ts: OK
/workspace/tmp/pixelelated-m7-qa-16/qa-overlay/tools/council/node_modules/@smithy/core/schema.js: OK
/workspace/tmp/pixelelated-m7-qa-16/qa-overlay/tools/council/node_modules/@smithy/core/serde.d.ts: OK
/workspace/tmp/pixelelated-m7-qa-16/qa-overlay/tools/council/node_modules/@smithy/core/serde.js: OK
/workspace/tmp/pixelelated-m7-qa-16/qa-overlay/tools/council/node_modules/@smithy/core/transport.d.ts: OK
/workspace/tmp/pixelelated-m7-qa-16/qa-overlay/tools/council/node_modules/@smithy/core/transport.js: OK
/workspace/tmp/pixelelated-m7-qa-16/qa-overlay/tools/council/node_modules/@smithy/credential-provider-imds/CHANGELOG.md: OK
/workspace/tmp/pixelelated-m7-qa-16/qa-overlay/tools/council/node_modules/@smithy/credential-provider-imds/LICENSE: OK
/workspace/tmp/pixelelated-m7-qa-16/qa-overlay/tools/council/node_modules/@smithy/credential-provider-imds/README.md: OK
/workspace/tmp/pixelelated-m7-qa-16/qa-overlay/tools/council/node_modules/@smithy/credential-provider-imds/dist-cjs/index.js: OK
/workspace/tmp/pixelelated-m7-qa-16/qa-overlay/tools/council/node_modules/@smithy/credential-provider-imds/dist-es/config/Endpoint.js: OK
/workspace/tmp/pixelelated-m7-qa-16/qa-overlay/tools/council/node_modules/@smithy/credential-provider-imds/dist-es/config/EndpointConfigOptions.js: OK
/workspace/tmp/pixelelated-m7-qa-16/qa-overlay/tools/council/node_modules/@smithy/credential-provider-imds/dist-es/config/EndpointMode.js: OK
/workspace/tmp/pixelelated-m7-qa-16/qa-overlay/tools/council/node_modules/@smithy/credential-provider-imds/dist-es/config/EndpointModeConfigOptions.js: OK
/workspace/tmp/pixelelated-m7-qa-16/qa-overlay/tools/council/node_modules/@smithy/credential-provider-imds/dist-es/error/InstanceMetadataV1FallbackError.js: OK
/workspace/tmp/pixelelated-m7-qa-16/qa-overlay/tools/council/node_modules/@smithy/credential-provider-imds/dist-es/fromContainerMetadata.js: OK
/workspace/tmp/pixelelated-m7-qa-16/qa-overlay/tools/council/node_modules/@smithy/credential-provider-imds/dist-es/fromInstanceMetadata.js: OK
/workspace/tmp/pixelelated-m7-qa-16/qa-overlay/tools/council/node_modules/@smithy/credential-provider-imds/dist-es/index.js: OK
/workspace/tmp/pixelelated-m7-qa-16/qa-overlay/tools/council/node_modules/@smithy/credential-provider-imds/dist-es/remoteProvider/ImdsCredentials.js: OK
/workspace/tmp/pixelelated-m7-qa-16/qa-overlay/tools/council/node_modules/@smithy/credential-provider-imds/dist-es/remoteProvider/RemoteProviderInit.js: OK
/workspace/tmp/pixelelated-m7-qa-16/qa-overlay/tools/council/node_modules/@smithy/credential-provider-imds/dist-es/remoteProvider/httpRequest.js: OK
/workspace/tmp/pixelelated-m7-qa-16/qa-overlay/tools/council/node_modules/@smithy/credential-provider-imds/dist-es/remoteProvider/node-http.js: OK
/workspace/tmp/pixelelated-m7-qa-16/qa-overlay/tools/council/node_modules/@smithy/credential-provider-imds/dist-es/remoteProvider/retry.js: OK
/workspace/tmp/pixelelated-m7-qa-16/qa-overlay/tools/council/node_modules/@smithy/credential-provider-imds/dist-es/types.js: OK
/workspace/tmp/pixelelated-m7-qa-16/qa-overlay/tools/council/node_modules/@smithy/credential-provider-imds/dist-es/utils/getExtendedInstanceMetadataCredentials.js: OK
/workspace/tmp/pixelelated-m7-qa-16/qa-overlay/tools/council/node_modules/@smithy/credential-provider-imds/dist-es/utils/getInstanceMetadataEndpoint.js: OK
/workspace/tmp/pixelelated-m7-qa-16/qa-overlay/tools/council/node_modules/@smithy/credential-provider-imds/dist-es/utils/staticStabilityProvider.js: OK
/workspace/tmp/pixelelated-m7-qa-16/qa-overlay/tools/council/node_modules/@smithy/credential-provider-imds/dist-types/config/Endpoint.d.ts: OK
/workspace/tmp/pixelelated-m7-qa-16/qa-overlay/tools/council/node_modules/@smithy/credential-provider-imds/dist-types/config/EndpointConfigOptions.d.ts: OK
/workspace/tmp/pixelelated-m7-qa-16/qa-overlay/tools/council/node_modules/@smithy/credential-provider-imds/dist-types/config/EndpointMode.d.ts: OK
/workspace/tmp/pixelelated-m7-qa-16/qa-overlay/tools/council/node_modules/@smithy/credential-provider-imds/dist-types/config/EndpointModeConfigOptions.d.ts: OK
/workspace/tmp/pixelelated-m7-qa-16/qa-overlay/tools/council/node_modules/@smithy/credential-provider-imds/dist-types/error/InstanceMetadataV1FallbackError.d.ts: OK
/workspace/tmp/pixelelated-m7-qa-16/qa-overlay/tools/council/node_modules/@smithy/credential-provider-imds/dist-types/fromContainerMetadata.d.ts: OK
/workspace/tmp/pixelelated-m7-qa-16/qa-overlay/tools/council/node_modules/@smithy/credential-provider-imds/dist-types/fromInstanceMetadata.d.ts: OK
/workspace/tmp/pixelelated-m7-qa-16/qa-overlay/tools/council/node_modules/@smithy/credential-provider-imds/dist-types/index.d.ts: OK
/workspace/tmp/pixelelated-m7-qa-16/qa-overlay/tools/council/node_modules/@smithy/credential-provider-imds/dist-types/remoteProvider/ImdsCredentials.d.ts: OK
/workspace/tmp/pixelelated-m7-qa-16/qa-overlay/tools/council/node_modules/@smithy/credential-provider-imds/dist-types/remoteProvider/RemoteProviderInit.d.ts: OK
/workspace/tmp/pixelelated-m7-qa-16/qa-overlay/tools/council/node_modules/@smithy/credential-provider-imds/dist-types/remoteProvider/httpRequest.d.ts: OK
/workspace/tmp/pixelelated-m7-qa-16/qa-overlay/tools/council/node_modules/@smithy/credential-provider-imds/dist-types/remoteProvider/node-http.d.ts: OK
/workspace/tmp/pixelelated-m7-qa-16/qa-overlay/tools/council/node_modules/@smithy/credential-provider-imds/dist-types/remoteProvider/retry.d.ts: OK
/workspace/tmp/pixelelated-m7-qa-16/qa-overlay/tools/council/node_modules/@smithy/credential-provider-imds/dist-types/ts3.4/config/Endpoint.d.ts: OK
/workspace/tmp/pixelelated-m7-qa-16/qa-overlay/tools/council/node_modules/@smithy/credential-provider-imds/dist-types/ts3.4/config/EndpointConfigOptions.d.ts: OK
/workspace/tmp/pixelelated-m7-qa-16/qa-overlay/tools/council/node_modules/@smithy/credential-provider-imds/dist-types/ts3.4/config/EndpointMode.d.ts: OK
/workspace/tmp/pixelelated-m7-qa-16/qa-overlay/tools/council/node_modules/@smithy/credential-provider-imds/dist-types/ts3.4/config/EndpointModeConfigOptions.d.ts: OK
/workspace/tmp/pixelelated-m7-qa-16/qa-overlay/tools/council/node_modules/@smithy/credential-provider-imds/dist-types/ts3.4/error/InstanceMetadataV1FallbackError.d.ts: OK
/workspace/tmp/pixelelated-m7-qa-16/qa-overlay/tools/council/node_modules/@smithy/credential-provider-imds/dist-types/ts3.4/fromContainerMetadata.d.ts: OK
/workspace/tmp/pixelelated-m7-qa-16/qa-overlay/tools/council/node_modules/@smithy/credential-provider-imds/dist-types/ts3.4/fromInstanceMetadata.d.ts: OK
/workspace/tmp/pixelelated-m7-qa-16/qa-overlay/tools/council/node_modules/@smithy/credential-provider-imds/dist-types/ts3.4/index.d.ts: OK
/workspace/tmp/pixelelated-m7-qa-16/qa-overlay/tools/council/node_modules/@smithy/credential-provider-imds/dist-types/ts3.4/remoteProvider/ImdsCredentials.d.ts: OK
/workspace/tmp/pixelelated-m7-qa-16/qa-overlay/tools/council/node_modules/@smithy/credential-provider-imds/dist-types/ts3.4/remoteProvider/RemoteProviderInit.d.ts: OK
/workspace/tmp/pixelelated-m7-qa-16/qa-overlay/tools/council/node_modules/@smithy/credential-provider-imds/dist-types/ts3.4/remoteProvider/httpRequest.d.ts: OK
/workspace/tmp/pixelelated-m7-qa-16/qa-overlay/tools/council/node_modules/@smithy/credential-provider-imds/dist-types/ts3.4/remoteProvider/node-http.d.ts: OK
/workspace/tmp/pixelelated-m7-qa-16/qa-overlay/tools/council/node_modules/@smithy/credential-provider-imds/dist-types/ts3.4/remoteProvider/retry.d.ts: OK
/workspace/tmp/pixelelated-m7-qa-16/qa-overlay/tools/council/node_modules/@smithy/credential-provider-imds/dist-types/ts3.4/types.d.ts: OK
/workspace/tmp/pixelelated-m7-qa-16/qa-overlay/tools/council/node_modules/@smithy/credential-provider-imds/dist-types/ts3.4/utils/getExtendedInstanceMetadataCredentials.d.ts: OK
/workspace/tmp/pixelelated-m7-qa-16/qa-overlay/tools/council/node_modules/@smithy/credential-provider-imds/dist-types/ts3.4/utils/getInstanceMetadataEndpoint.d.ts: OK
/workspace/tmp/pixelelated-m7-qa-16/qa-overlay/tools/council/node_modules/@smithy/credential-provider-imds/dist-types/ts3.4/utils/staticStabilityProvider.d.ts: OK
/workspace/tmp/pixelelated-m7-qa-16/qa-overlay/tools/council/node_modules/@smithy/credential-provider-imds/dist-types/types.d.ts: OK
/workspace/tmp/pixelelated-m7-qa-16/qa-overlay/tools/council/node_modules/@smithy/credential-provider-imds/dist-types/utils/getExtendedInstanceMetadataCredentials.d.ts: OK
/workspace/tmp/pixelelated-m7-qa-16/qa-overlay/tools/council/node_modules/@smithy/credential-provider-imds/dist-types/utils/getInstanceMetadataEndpoint.d.ts: OK
/workspace/tmp/pixelelated-m7-qa-16/qa-overlay/tools/council/node_modules/@smithy/credential-provider-imds/dist-types/utils/staticStabilityProvider.d.ts: OK
/workspace/tmp/pixelelated-m7-qa-16/qa-overlay/tools/council/node_modules/@smithy/credential-provider-imds/package.json: OK
/workspace/tmp/pixelelated-m7-qa-16/qa-overlay/tools/council/node_modules/@smithy/fetch-http-handler/CHANGELOG.md: OK
/workspace/tmp/pixelelated-m7-qa-16/qa-overlay/tools/council/node_modules/@smithy/fetch-http-handler/LICENSE: OK
/workspace/tmp/pixelelated-m7-qa-16/qa-overlay/tools/council/node_modules/@smithy/fetch-http-handler/README.md: OK
/workspace/tmp/pixelelated-m7-qa-16/qa-overlay/tools/council/node_modules/@smithy/fetch-http-handler/dist-cjs/index.js: OK
/workspace/tmp/pixelelated-m7-qa-16/qa-overlay/tools/council/node_modules/@smithy/fetch-http-handler/dist-es/create-request.js: OK
/workspace/tmp/pixelelated-m7-qa-16/qa-overlay/tools/council/node_modules/@smithy/fetch-http-handler/dist-es/fetch-http-handler.js: OK
/workspace/tmp/pixelelated-m7-qa-16/qa-overlay/tools/council/node_modules/@smithy/fetch-http-handler/dist-es/index.js: OK
/workspace/tmp/pixelelated-m7-qa-16/qa-overlay/tools/council/node_modules/@smithy/fetch-http-handler/dist-es/request-timeout.js: OK
/workspace/tmp/pixelelated-m7-qa-16/qa-overlay/tools/council/node_modules/@smithy/fetch-http-handler/dist-types/create-request.d.ts: OK
/workspace/tmp/pixelelated-m7-qa-16/qa-overlay/tools/council/node_modules/@smithy/fetch-http-handler/dist-types/fetch-http-handler.d.ts: OK
/workspace/tmp/pixelelated-m7-qa-16/qa-overlay/tools/council/node_modules/@smithy/fetch-http-handler/dist-types/index.d.ts: OK
/workspace/tmp/pixelelated-m7-qa-16/qa-overlay/tools/council/node_modules/@smithy/fetch-http-handler/dist-types/request-timeout.d.ts: OK
/workspace/tmp/pixelelated-m7-qa-16/qa-overlay/tools/council/node_modules/@smithy/fetch-http-handler/dist-types/ts3.4/create-request.d.ts: OK
/workspace/tmp/pixelelated-m7-qa-16/qa-overlay/tools/council/node_modules/@smithy/fetch-http-handler/dist-types/ts3.4/fetch-http-handler.d.ts: OK
/workspace/tmp/pixelelated-m7-qa-16/qa-overlay/tools/council/node_modules/@smithy/fetch-http-handler/dist-types/ts3.4/index.d.ts: OK
/workspace/tmp/pixelelated-m7-qa-16/qa-overlay/tools/council/node_modules/@smithy/fetch-http-handler/dist-types/ts3.4/request-timeout.d.ts: OK
/workspace/tmp/pixelelated-m7-qa-16/qa-overlay/tools/council/node_modules/@smithy/fetch-http-handler/package.json: OK
/workspace/tmp/pixelelated-m7-qa-16/qa-overlay/tools/council/node_modules/@smithy/node-http-handler/CHANGELOG.md: OK
/workspace/tmp/pixelelated-m7-qa-16/qa-overlay/tools/council/node_modules/@smithy/node-http-handler/LICENSE: OK
/workspace/tmp/pixelelated-m7-qa-16/qa-overlay/tools/council/node_modules/@smithy/node-http-handler/README.md: OK
/workspace/tmp/pixelelated-m7-qa-16/qa-overlay/tools/council/node_modules/@smithy/node-http-handler/dist-cjs/index.js: OK
/workspace/tmp/pixelelated-m7-qa-16/qa-overlay/tools/council/node_modules/@smithy/node-http-handler/dist-es/build-abort-error.js: OK
/workspace/tmp/pixelelated-m7-qa-16/qa-overlay/tools/council/node_modules/@smithy/node-http-handler/dist-es/constants.js: OK
/workspace/tmp/pixelelated-m7-qa-16/qa-overlay/tools/council/node_modules/@smithy/node-http-handler/dist-es/get-transformed-headers.js: OK
/workspace/tmp/pixelelated-m7-qa-16/qa-overlay/tools/council/node_modules/@smithy/node-http-handler/dist-es/http2/ClientHttp2SessionRef.js: OK
/workspace/tmp/pixelelated-m7-qa-16/qa-overlay/tools/council/node_modules/@smithy/node-http-handler/dist-es/index.js: OK
/workspace/tmp/pixelelated-m7-qa-16/qa-overlay/tools/council/node_modules/@smithy/node-http-handler/dist-es/node-http-handler.js: OK
/workspace/tmp/pixelelated-m7-qa-16/qa-overlay/tools/council/node_modules/@smithy/node-http-handler/dist-es/node-http2-connection-manager.js: OK
/workspace/tmp/pixelelated-m7-qa-16/qa-overlay/tools/council/node_modules/@smithy/node-http-handler/dist-es/node-http2-connection-pool.js: OK
/workspace/tmp/pixelelated-m7-qa-16/qa-overlay/tools/council/node_modules/@smithy/node-http-handler/dist-es/node-http2-handler.js: OK
/workspace/tmp/pixelelated-m7-qa-16/qa-overlay/tools/council/node_modules/@smithy/node-http-handler/dist-es/node-http2.js: OK
/workspace/tmp/pixelelated-m7-qa-16/qa-overlay/tools/council/node_modules/@smithy/node-http-handler/dist-es/node-https.js: OK
/workspace/tmp/pixelelated-m7-qa-16/qa-overlay/tools/council/node_modules/@smithy/node-http-handler/dist-es/set-connection-timeout.js: OK
/workspace/tmp/pixelelated-m7-qa-16/qa-overlay/tools/council/node_modules/@smithy/node-http-handler/dist-es/set-request-timeout.js: OK
/workspace/tmp/pixelelated-m7-qa-16/qa-overlay/tools/council/node_modules/@smithy/node-http-handler/dist-es/set-socket-keep-alive.js: OK
/workspace/tmp/pixelelated-m7-qa-16/qa-overlay/tools/council/node_modules/@smithy/node-http-handler/dist-es/set-socket-timeout.js: OK
/workspace/tmp/pixelelated-m7-qa-16/qa-overlay/tools/council/node_modules/@smithy/node-http-handler/dist-es/timing.js: OK
/workspace/tmp/pixelelated-m7-qa-16/qa-overlay/tools/council/node_modules/@smithy/node-http-handler/dist-es/write-request-body.js: OK
/workspace/tmp/pixelelated-m7-qa-16/qa-overlay/tools/council/node_modules/@smithy/node-http-handler/dist-types/build-abort-error.d.ts: OK
/workspace/tmp/pixelelated-m7-qa-16/qa-overlay/tools/council/node_modules/@smithy/node-http-handler/dist-types/constants.d.ts: OK
/workspace/tmp/pixelelated-m7-qa-16/qa-overlay/tools/council/node_modules/@smithy/node-http-handler/dist-types/get-transformed-headers.d.ts: OK
/workspace/tmp/pixelelated-m7-qa-16/qa-overlay/tools/council/node_modules/@smithy/node-http-handler/dist-types/http2/ClientHttp2SessionRef.d.ts: OK
/workspace/tmp/pixelelated-m7-qa-16/qa-overlay/tools/council/node_modules/@smithy/node-http-handler/dist-types/index.d.ts: OK
/workspace/tmp/pixelelated-m7-qa-16/qa-overlay/tools/council/node_modules/@smithy/node-http-handler/dist-types/node-http-handler.d.ts: OK
/workspace/tmp/pixelelated-m7-qa-16/qa-overlay/tools/council/node_modules/@smithy/node-http-handler/dist-types/node-http2-connection-manager.d.ts: OK
/workspace/tmp/pixelelated-m7-qa-16/qa-overlay/tools/council/node_modules/@smithy/node-http-handler/dist-types/node-http2-connection-pool.d.ts: OK
/workspace/tmp/pixelelated-m7-qa-16/qa-overlay/tools/council/node_modules/@smithy/node-http-handler/dist-types/node-http2-handler.d.ts: OK
/workspace/tmp/pixelelated-m7-qa-16/qa-overlay/tools/council/node_modules/@smithy/node-http-handler/dist-types/node-http2.d.ts: OK
/workspace/tmp/pixelelated-m7-qa-16/qa-overlay/tools/council/node_modules/@smithy/node-http-handler/dist-types/node-https.d.ts: OK
/workspace/tmp/pixelelated-m7-qa-16/qa-overlay/tools/council/node_modules/@smithy/node-http-handler/dist-types/set-connection-timeout.d.ts: OK
/workspace/tmp/pixelelated-m7-qa-16/qa-overlay/tools/council/node_modules/@smithy/node-http-handler/dist-types/set-request-timeout.d.ts: OK
/workspace/tmp/pixelelated-m7-qa-16/qa-overlay/tools/council/node_modules/@smithy/node-http-handler/dist-types/set-socket-keep-alive.d.ts: OK
/workspace/tmp/pixelelated-m7-qa-16/qa-overlay/tools/council/node_modules/@smithy/node-http-handler/dist-types/set-socket-timeout.d.ts: OK
/workspace/tmp/pixelelated-m7-qa-16/qa-overlay/tools/council/node_modules/@smithy/node-http-handler/dist-types/timing.d.ts: OK
/workspace/tmp/pixelelated-m7-qa-16/qa-overlay/tools/council/node_modules/@smithy/node-http-handler/dist-types/ts3.4/build-abort-error.d.ts: OK
/workspace/tmp/pixelelated-m7-qa-16/qa-overlay/tools/council/node_modules/@smithy/node-http-handler/dist-types/ts3.4/constants.d.ts: OK
/workspace/tmp/pixelelated-m7-qa-16/qa-overlay/tools/council/node_modules/@smithy/node-http-handler/dist-types/ts3.4/get-transformed-headers.d.ts: OK
/workspace/tmp/pixelelated-m7-qa-16/qa-overlay/tools/council/node_modules/@smithy/node-http-handler/dist-types/ts3.4/http2/ClientHttp2SessionRef.d.ts: OK
/workspace/tmp/pixelelated-m7-qa-16/qa-overlay/tools/council/node_modules/@smithy/node-http-handler/dist-types/ts3.4/index.d.ts: OK
/workspace/tmp/pixelelated-m7-qa-16/qa-overlay/tools/council/node_modules/@smithy/node-http-handler/dist-types/ts3.4/node-http-handler.d.ts: OK
/workspace/tmp/pixelelated-m7-qa-16/qa-overlay/tools/council/node_modules/@smithy/node-http-handler/dist-types/ts3.4/node-http2-connection-manager.d.ts: OK
/workspace/tmp/pixelelated-m7-qa-16/qa-overlay/tools/council/node_modules/@smithy/node-http-handler/dist-types/ts3.4/node-http2-connection-pool.d.ts: OK
/workspace/tmp/pixelelated-m7-qa-16/qa-overlay/tools/council/node_modules/@smithy/node-http-handler/dist-types/ts3.4/node-http2-handler.d.ts: OK
/workspace/tmp/pixelelated-m7-qa-16/qa-overlay/tools/council/node_modules/@smithy/node-http-handler/dist-types/ts3.4/node-http2.d.ts: OK
/workspace/tmp/pixelelated-m7-qa-16/qa-overlay/tools/council/node_modules/@smithy/node-http-handler/dist-types/ts3.4/node-https.d.ts: OK
/workspace/tmp/pixelelated-m7-qa-16/qa-overlay/tools/council/node_modules/@smithy/node-http-handler/dist-types/ts3.4/set-connection-timeout.d.ts: OK
/workspace/tmp/pixelelated-m7-qa-16/qa-overlay/tools/council/node_modules/@smithy/node-http-handler/dist-types/ts3.4/set-request-timeout.d.ts: OK
/workspace/tmp/pixelelated-m7-qa-16/qa-overlay/tools/council/node_modules/@smithy/node-http-handler/dist-types/ts3.4/set-socket-keep-alive.d.ts: OK
/workspace/tmp/pixelelated-m7-qa-16/qa-overlay/tools/council/node_modules/@smithy/node-http-handler/dist-types/ts3.4/set-socket-timeout.d.ts: OK
/workspace/tmp/pixelelated-m7-qa-16/qa-overlay/tools/council/node_modules/@smithy/node-http-handler/dist-types/ts3.4/timing.d.ts: OK
/workspace/tmp/pixelelated-m7-qa-16/qa-overlay/tools/council/node_modules/@smithy/node-http-handler/dist-types/ts3.4/write-request-body.d.ts: OK
/workspace/tmp/pixelelated-m7-qa-16/qa-overlay/tools/council/node_modules/@smithy/node-http-handler/dist-types/write-request-body.d.ts: OK
/workspace/tmp/pixelelated-m7-qa-16/qa-overlay/tools/council/node_modules/@smithy/node-http-handler/package.json: OK
/workspace/tmp/pixelelated-m7-qa-16/qa-overlay/tools/council/node_modules/@smithy/signature-v4/CHANGELOG.md: OK
/workspace/tmp/pixelelated-m7-qa-16/qa-overlay/tools/council/node_modules/@smithy/signature-v4/LICENSE: OK
/workspace/tmp/pixelelated-m7-qa-16/qa-overlay/tools/council/node_modules/@smithy/signature-v4/README.md: OK
/workspace/tmp/pixelelated-m7-qa-16/qa-overlay/tools/council/node_modules/@smithy/signature-v4/dist-cjs/index.js: OK
/workspace/tmp/pixelelated-m7-qa-16/qa-overlay/tools/council/node_modules/@smithy/signature-v4/dist-es/HeaderFormatter.js: OK
/workspace/tmp/pixelelated-m7-qa-16/qa-overlay/tools/council/node_modules/@smithy/signature-v4/dist-es/SignatureV4.js: OK
/workspace/tmp/pixelelated-m7-qa-16/qa-overlay/tools/council/node_modules/@smithy/signature-v4/dist-es/SignatureV4Base.js: OK
/workspace/tmp/pixelelated-m7-qa-16/qa-overlay/tools/council/node_modules/@smithy/signature-v4/dist-es/constants.js: OK
/workspace/tmp/pixelelated-m7-qa-16/qa-overlay/tools/council/node_modules/@smithy/signature-v4/dist-es/credentialDerivation.js: OK
/workspace/tmp/pixelelated-m7-qa-16/qa-overlay/tools/council/node_modules/@smithy/signature-v4/dist-es/getCanonicalHeaders.js: OK
/workspace/tmp/pixelelated-m7-qa-16/qa-overlay/tools/council/node_modules/@smithy/signature-v4/dist-es/getCanonicalQuery.js: OK
/workspace/tmp/pixelelated-m7-qa-16/qa-overlay/tools/council/node_modules/@smithy/signature-v4/dist-es/getPayloadHash.js: OK
/workspace/tmp/pixelelated-m7-qa-16/qa-overlay/tools/council/node_modules/@smithy/signature-v4/dist-es/headerUtil.js: OK
/workspace/tmp/pixelelated-m7-qa-16/qa-overlay/tools/council/node_modules/@smithy/signature-v4/dist-es/index.js: OK
/workspace/tmp/pixelelated-m7-qa-16/qa-overlay/tools/council/node_modules/@smithy/signature-v4/dist-es/moveHeadersToQuery.js: OK
/workspace/tmp/pixelelated-m7-qa-16/qa-overlay/tools/council/node_modules/@smithy/signature-v4/dist-es/prepareRequest.js: OK
/workspace/tmp/pixelelated-m7-qa-16/qa-overlay/tools/council/node_modules/@smithy/signature-v4/dist-es/signature-v4a-container.js: OK
/workspace/tmp/pixelelated-m7-qa-16/qa-overlay/tools/council/node_modules/@smithy/signature-v4/dist-es/utilDate.js: OK
/workspace/tmp/pixelelated-m7-qa-16/qa-overlay/tools/council/node_modules/@smithy/signature-v4/dist-types/HeaderFormatter.d.ts: OK
/workspace/tmp/pixelelated-m7-qa-16/qa-overlay/tools/council/node_modules/@smithy/signature-v4/dist-types/SignatureV4.d.ts: OK
/workspace/tmp/pixelelated-m7-qa-16/qa-overlay/tools/council/node_modules/@smithy/signature-v4/dist-types/SignatureV4Base.d.ts: OK
/workspace/tmp/pixelelated-m7-qa-16/qa-overlay/tools/council/node_modules/@smithy/signature-v4/dist-types/constants.d.ts: OK
/workspace/tmp/pixelelated-m7-qa-16/qa-overlay/tools/council/node_modules/@smithy/signature-v4/dist-types/credentialDerivation.d.ts: OK
/workspace/tmp/pixelelated-m7-qa-16/qa-overlay/tools/council/node_modules/@smithy/signature-v4/dist-types/getCanonicalHeaders.d.ts: OK
/workspace/tmp/pixelelated-m7-qa-16/qa-overlay/tools/council/node_modules/@smithy/signature-v4/dist-types/getCanonicalQuery.d.ts: OK
/workspace/tmp/pixelelated-m7-qa-16/qa-overlay/tools/council/node_modules/@smithy/signature-v4/dist-types/getPayloadHash.d.ts: OK
/workspace/tmp/pixelelated-m7-qa-16/qa-overlay/tools/council/node_modules/@smithy/signature-v4/dist-types/headerUtil.d.ts: OK
/workspace/tmp/pixelelated-m7-qa-16/qa-overlay/tools/council/node_modules/@smithy/signature-v4/dist-types/index.d.ts: OK
/workspace/tmp/pixelelated-m7-qa-16/qa-overlay/tools/council/node_modules/@smithy/signature-v4/dist-types/moveHeadersToQuery.d.ts: OK
/workspace/tmp/pixelelated-m7-qa-16/qa-overlay/tools/council/node_modules/@smithy/signature-v4/dist-types/prepareRequest.d.ts: OK
/workspace/tmp/pixelelated-m7-qa-16/qa-overlay/tools/council/node_modules/@smithy/signature-v4/dist-types/signature-v4a-container.d.ts: OK
/workspace/tmp/pixelelated-m7-qa-16/qa-overlay/tools/council/node_modules/@smithy/signature-v4/dist-types/ts3.4/HeaderFormatter.d.ts: OK
/workspace/tmp/pixelelated-m7-qa-16/qa-overlay/tools/council/node_modules/@smithy/signature-v4/dist-types/ts3.4/SignatureV4.d.ts: OK
/workspace/tmp/pixelelated-m7-qa-16/qa-overlay/tools/council/node_modules/@smithy/signature-v4/dist-types/ts3.4/SignatureV4Base.d.ts: OK
/workspace/tmp/pixelelated-m7-qa-16/qa-overlay/tools/council/node_modules/@smithy/signature-v4/dist-types/ts3.4/constants.d.ts: OK
/workspace/tmp/pixelelated-m7-qa-16/qa-overlay/tools/council/node_modules/@smithy/signature-v4/dist-types/ts3.4/credentialDerivation.d.ts: OK
/workspace/tmp/pixelelated-m7-qa-16/qa-overlay/tools/council/node_modules/@smithy/signature-v4/dist-types/ts3.4/getCanonicalHeaders.d.ts: OK
/workspace/tmp/pixelelated-m7-qa-16/qa-overlay/tools/council/node_modules/@smithy/signature-v4/dist-types/ts3.4/getCanonicalQuery.d.ts: OK
/workspace/tmp/pixelelated-m7-qa-16/qa-overlay/tools/council/node_modules/@smithy/signature-v4/dist-types/ts3.4/getPayloadHash.d.ts: OK
/workspace/tmp/pixelelated-m7-qa-16/qa-overlay/tools/council/node_modules/@smithy/signature-v4/dist-types/ts3.4/headerUtil.d.ts: OK
/workspace/tmp/pixelelated-m7-qa-16/qa-overlay/tools/council/node_modules/@smithy/signature-v4/dist-types/ts3.4/index.d.ts: OK
/workspace/tmp/pixelelated-m7-qa-16/qa-overlay/tools/council/node_modules/@smithy/signature-v4/dist-types/ts3.4/moveHeadersToQuery.d.ts: OK
/workspace/tmp/pixelelated-m7-qa-16/qa-overlay/tools/council/node_modules/@smithy/signature-v4/dist-types/ts3.4/prepareRequest.d.ts: OK
/workspace/tmp/pixelelated-m7-qa-16/qa-overlay/tools/council/node_modules/@smithy/signature-v4/dist-types/ts3.4/signature-v4a-container.d.ts: OK
/workspace/tmp/pixelelated-m7-qa-16/qa-overlay/tools/council/node_modules/@smithy/signature-v4/dist-types/ts3.4/utilDate.d.ts: OK
/workspace/tmp/pixelelated-m7-qa-16/qa-overlay/tools/council/node_modules/@smithy/signature-v4/dist-types/utilDate.d.ts: OK
/workspace/tmp/pixelelated-m7-qa-16/qa-overlay/tools/council/node_modules/@smithy/signature-v4/package.json: OK
/workspace/tmp/pixelelated-m7-qa-16/qa-overlay/tools/council/node_modules/@smithy/types/CHANGELOG.md: OK
/workspace/tmp/pixelelated-m7-qa-16/qa-overlay/tools/council/node_modules/@smithy/types/LICENSE: OK
/workspace/tmp/pixelelated-m7-qa-16/qa-overlay/tools/council/node_modules/@smithy/types/README.md: OK
/workspace/tmp/pixelelated-m7-qa-16/qa-overlay/tools/council/node_modules/@smithy/types/dist-cjs/index.js: OK
/workspace/tmp/pixelelated-m7-qa-16/qa-overlay/tools/council/node_modules/@smithy/types/dist-es/abort-handler.js: OK
/workspace/tmp/pixelelated-m7-qa-16/qa-overlay/tools/council/node_modules/@smithy/types/dist-es/abort.js: OK
/workspace/tmp/pixelelated-m7-qa-16/qa-overlay/tools/council/node_modules/@smithy/types/dist-es/auth/HttpApiKeyAuth.js: OK
/workspace/tmp/pixelelated-m7-qa-16/qa-overlay/tools/council/node_modules/@smithy/types/dist-es/auth/HttpAuthScheme.js: OK
/workspace/tmp/pixelelated-m7-qa-16/qa-overlay/tools/council/node_modules/@smithy/types/dist-es/auth/HttpAuthSchemeProvider.js: OK
/workspace/tmp/pixelelated-m7-qa-16/qa-overlay/tools/council/node_modules/@smithy/types/dist-es/auth/HttpSigner.js: OK
/workspace/tmp/pixelelated-m7-qa-16/qa-overlay/tools/council/node_modules/@smithy/types/dist-es/auth/IdentityProviderConfig.js: OK
/workspace/tmp/pixelelated-m7-qa-16/qa-overlay/tools/council/node_modules/@smithy/types/dist-es/auth/auth.js: OK
/workspace/tmp/pixelelated-m7-qa-16/qa-overlay/tools/council/node_modules/@smithy/types/dist-es/auth/index.js: OK
/workspace/tmp/pixelelated-m7-qa-16/qa-overlay/tools/council/node_modules/@smithy/types/dist-es/blob/blob-payload-input-types.js: OK
/workspace/tmp/pixelelated-m7-qa-16/qa-overlay/tools/council/node_modules/@smithy/types/dist-es/checksum.js: OK
/workspace/tmp/pixelelated-m7-qa-16/qa-overlay/tools/council/node_modules/@smithy/types/dist-es/client.js: OK
/workspace/tmp/pixelelated-m7-qa-16/qa-overlay/tools/council/node_modules/@smithy/types/dist-es/command.js: OK
/workspace/tmp/pixelelated-m7-qa-16/qa-overlay/tools/council/node_modules/@smithy/types/dist-es/connection/config.js: OK
/workspace/tmp/pixelelated-m7-qa-16/qa-overlay/tools/council/node_modules/@smithy/types/dist-es/connection/index.js: OK
/workspace/tmp/pixelelated-m7-qa-16/qa-overlay/tools/council/node_modules/@smithy/types/dist-es/connection/manager.js: OK
/workspace/tmp/pixelelated-m7-qa-16/qa-overlay/tools/council/node_modules/@smithy/types/dist-es/connection/pool.js: OK
/workspace/tmp/pixelelated-m7-qa-16/qa-overlay/tools/council/node_modules/@smithy/types/dist-es/crypto.js: OK
/workspace/tmp/pixelelated-m7-qa-16/qa-overlay/tools/council/node_modules/@smithy/types/dist-es/downlevel-ts3.4/transform/type-transform.js: OK
/workspace/tmp/pixelelated-m7-qa-16/qa-overlay/tools/council/node_modules/@smithy/types/dist-es/encode.js: OK
/workspace/tmp/pixelelated-m7-qa-16/qa-overlay/tools/council/node_modules/@smithy/types/dist-es/endpoint.js: OK
/workspace/tmp/pixelelated-m7-qa-16/qa-overlay/tools/council/node_modules/@smithy/types/dist-es/endpoints/EndpointParameterInstructions.js: OK
/workspace/tmp/pixelelated-m7-qa-16/qa-overlay/tools/council/node_modules/@smithy/types/dist-es/endpoints/EndpointRuleObject.js: OK
/workspace/tmp/pixelelated-m7-qa-16/qa-overlay/tools/council/node_modules/@smithy/types/dist-es/endpoints/ErrorRuleObject.js: OK
/workspace/tmp/pixelelated-m7-qa-16/qa-overlay/tools/council/node_modules/@smithy/types/dist-es/endpoints/RuleSetObject.js: OK
/workspace/tmp/pixelelated-m7-qa-16/qa-overlay/tools/council/node_modules/@smithy/types/dist-es/endpoints/TreeRuleObject.js: OK
/workspace/tmp/pixelelated-m7-qa-16/qa-overlay/tools/council/node_modules/@smithy/types/dist-es/endpoints/index.js: OK
/workspace/tmp/pixelelated-m7-qa-16/qa-overlay/tools/council/node_modules/@smithy/types/dist-es/endpoints/shared.js: OK
/workspace/tmp/pixelelated-m7-qa-16/qa-overlay/tools/council/node_modules/@smithy/types/dist-es/eventStream.js: OK
/workspace/tmp/pixelelated-m7-qa-16/qa-overlay/tools/council/node_modules/@smithy/types/dist-es/extensions/checksum.js: OK
/workspace/tmp/pixelelated-m7-qa-16/qa-overlay/tools/council/node_modules/@smithy/types/dist-es/extensions/defaultClientConfiguration.js: OK
/workspace/tmp/pixelelated-m7-qa-16/qa-overlay/tools/council/node_modules/@smithy/types/dist-es/extensions/defaultExtensionConfiguration.js: OK
/workspace/tmp/pixelelated-m7-qa-16/qa-overlay/tools/council/node_modules/@smithy/types/dist-es/extensions/index.js: OK
/workspace/tmp/pixelelated-m7-qa-16/qa-overlay/tools/council/node_modules/@smithy/types/dist-es/extensions/retry.js: OK
/workspace/tmp/pixelelated-m7-qa-16/qa-overlay/tools/council/node_modules/@smithy/types/dist-es/externals-check/browser-externals-check.js: OK
/workspace/tmp/pixelelated-m7-qa-16/qa-overlay/tools/council/node_modules/@smithy/types/dist-es/feature-ids.js: OK
/workspace/tmp/pixelelated-m7-qa-16/qa-overlay/tools/council/node_modules/@smithy/types/dist-es/http/httpHandlerInitialization.js: OK
/workspace/tmp/pixelelated-m7-qa-16/qa-overlay/tools/council/node_modules/@smithy/types/dist-es/http.js: OK
/workspace/tmp/pixelelated-m7-qa-16/qa-overlay/tools/council/node_modules/@smithy/types/dist-es/identity/apiKeyIdentity.js: OK
/workspace/tmp/pixelelated-m7-qa-16/qa-overlay/tools/council/node_modules/@smithy/types/dist-es/identity/awsCredentialIdentity.js: OK
/workspace/tmp/pixelelated-m7-qa-16/qa-overlay/tools/council/node_modules/@smithy/types/dist-es/identity/identity.js: OK
/workspace/tmp/pixelelated-m7-qa-16/qa-overlay/tools/council/node_modules/@smithy/types/dist-es/identity/index.js: OK
/workspace/tmp/pixelelated-m7-qa-16/qa-overlay/tools/council/node_modules/@smithy/types/dist-es/identity/tokenIdentity.js: OK
/workspace/tmp/pixelelated-m7-qa-16/qa-overlay/tools/council/node_modules/@smithy/types/dist-es/index.js: OK
/workspace/tmp/pixelelated-m7-qa-16/qa-overlay/tools/council/node_modules/@smithy/types/dist-es/logger.js: OK
/workspace/tmp/pixelelated-m7-qa-16/qa-overlay/tools/council/node_modules/@smithy/types/dist-es/metrics.js: OK
/workspace/tmp/pixelelated-m7-qa-16/qa-overlay/tools/council/node_modules/@smithy/types/dist-es/middleware.js: OK
/workspace/tmp/pixelelated-m7-qa-16/qa-overlay/tools/council/node_modules/@smithy/types/dist-es/pagination.js: OK
/workspace/tmp/pixelelated-m7-qa-16/qa-overlay/tools/council/node_modules/@smithy/types/dist-es/profile.js: OK
/workspace/tmp/pixelelated-m7-qa-16/qa-overlay/tools/council/node_modules/@smithy/types/dist-es/response.js: OK
/workspace/tmp/pixelelated-m7-qa-16/qa-overlay/tools/council/node_modules/@smithy/types/dist-es/retry.js: OK
/workspace/tmp/pixelelated-m7-qa-16/qa-overlay/tools/council/node_modules/@smithy/types/dist-es/schema/schema-deprecated.js: OK
/workspace/tmp/pixelelated-m7-qa-16/qa-overlay/tools/council/node_modules/@smithy/types/dist-es/schema/schema.js: OK
/workspace/tmp/pixelelated-m7-qa-16/qa-overlay/tools/council/node_modules/@smithy/types/dist-es/schema/sentinels.js: OK
/workspace/tmp/pixelelated-m7-qa-16/qa-overlay/tools/council/node_modules/@smithy/types/dist-es/schema/static-schemas.js: OK
/workspace/tmp/pixelelated-m7-qa-16/qa-overlay/tools/council/node_modules/@smithy/types/dist-es/schema/traits.js: OK
/workspace/tmp/pixelelated-m7-qa-16/qa-overlay/tools/council/node_modules/@smithy/types/dist-es/serde.js: OK
/workspace/tmp/pixelelated-m7-qa-16/qa-overlay/tools/council/node_modules/@smithy/types/dist-es/shapes.js: OK
/workspace/tmp/pixelelated-m7-qa-16/qa-overlay/tools/council/node_modules/@smithy/types/dist-es/signature.js: OK
/workspace/tmp/pixelelated-m7-qa-16/qa-overlay/tools/council/node_modules/@smithy/types/dist-es/stream.js: OK
/workspace/tmp/pixelelated-m7-qa-16/qa-overlay/tools/council/node_modules/@smithy/types/dist-es/streaming-payload/streaming-blob-common-types.js: OK
/workspace/tmp/pixelelated-m7-qa-16/qa-overlay/tools/council/node_modules/@smithy/types/dist-es/streaming-payload/streaming-blob-payload-input-types.js: OK
/workspace/tmp/pixelelated-m7-qa-16/qa-overlay/tools/council/node_modules/@smithy/types/dist-es/streaming-payload/streaming-blob-payload-output-types.js: OK
/workspace/tmp/pixelelated-m7-qa-16/qa-overlay/tools/council/node_modules/@smithy/types/dist-es/transfer.js: OK
/workspace/tmp/pixelelated-m7-qa-16/qa-overlay/tools/council/node_modules/@smithy/types/dist-es/transform/client-method-transforms.js: OK
/workspace/tmp/pixelelated-m7-qa-16/qa-overlay/tools/council/node_modules/@smithy/types/dist-es/transform/client-payload-blob-type-narrow.js: OK
/workspace/tmp/pixelelated-m7-qa-16/qa-overlay/tools/council/node_modules/@smithy/types/dist-es/transform/exact.js: OK
/workspace/tmp/pixelelated-m7-qa-16/qa-overlay/tools/council/node_modules/@smithy/types/dist-es/transform/mutable.js: OK
/workspace/tmp/pixelelated-m7-qa-16/qa-overlay/tools/council/node_modules/@smithy/types/dist-es/transform/no-undefined.js: OK
/workspace/tmp/pixelelated-m7-qa-16/qa-overlay/tools/council/node_modules/@smithy/types/dist-es/transform/type-transform.js: OK
/workspace/tmp/pixelelated-m7-qa-16/qa-overlay/tools/council/node_modules/@smithy/types/dist-es/uri.js: OK
/workspace/tmp/pixelelated-m7-qa-16/qa-overlay/tools/council/node_modules/@smithy/types/dist-es/util.js: OK
/workspace/tmp/pixelelated-m7-qa-16/qa-overlay/tools/council/node_modules/@smithy/types/dist-es/waiter.js: OK
/workspace/tmp/pixelelated-m7-qa-16/qa-overlay/tools/council/node_modules/@smithy/types/dist-types/abort-handler.d.ts: OK
/workspace/tmp/pixelelated-m7-qa-16/qa-overlay/tools/council/node_modules/@smithy/types/dist-types/abort.d.ts: OK
/workspace/tmp/pixelelated-m7-qa-16/qa-overlay/tools/council/node_modules/@smithy/types/dist-types/auth/HttpApiKeyAuth.d.ts: OK
/workspace/tmp/pixelelated-m7-qa-16/qa-overlay/tools/council/node_modules/@smithy/types/dist-types/auth/HttpAuthScheme.d.ts: OK
/workspace/tmp/pixelelated-m7-qa-16/qa-overlay/tools/council/node_modules/@smithy/types/dist-types/auth/HttpAuthSchemeProvider.d.ts: OK
/workspace/tmp/pixelelated-m7-qa-16/qa-overlay/tools/council/node_modules/@smithy/types/dist-types/auth/HttpSigner.d.ts: OK
/workspace/tmp/pixelelated-m7-qa-16/qa-overlay/tools/council/node_modules/@smithy/types/dist-types/auth/IdentityProviderConfig.d.ts: OK
/workspace/tmp/pixelelated-m7-qa-16/qa-overlay/tools/council/node_modules/@smithy/types/dist-types/auth/auth.d.ts: OK
/workspace/tmp/pixelelated-m7-qa-16/qa-overlay/tools/council/node_modules/@smithy/types/dist-types/auth/index.d.ts: OK
/workspace/tmp/pixelelated-m7-qa-16/qa-overlay/tools/council/node_modules/@smithy/types/dist-types/blob/blob-payload-input-types.d.ts: OK
/workspace/tmp/pixelelated-m7-qa-16/qa-overlay/tools/council/node_modules/@smithy/types/dist-types/checksum.d.ts: OK
/workspace/tmp/pixelelated-m7-qa-16/qa-overlay/tools/council/node_modules/@smithy/types/dist-types/client.d.ts: OK
/workspace/tmp/pixelelated-m7-qa-16/qa-overlay/tools/council/node_modules/@smithy/types/dist-types/command.d.ts: OK
/workspace/tmp/pixelelated-m7-qa-16/qa-overlay/tools/council/node_modules/@smithy/types/dist-types/connection/config.d.ts: OK
/workspace/tmp/pixelelated-m7-qa-16/qa-overlay/tools/council/node_modules/@smithy/types/dist-types/connection/index.d.ts: OK
/workspace/tmp/pixelelated-m7-qa-16/qa-overlay/tools/council/node_modules/@smithy/types/dist-types/connection/manager.d.ts: OK
/workspace/tmp/pixelelated-m7-qa-16/qa-overlay/tools/council/node_modules/@smithy/types/dist-types/connection/pool.d.ts: OK
/workspace/tmp/pixelelated-m7-qa-16/qa-overlay/tools/council/node_modules/@smithy/types/dist-types/crypto.d.ts: OK
/workspace/tmp/pixelelated-m7-qa-16/qa-overlay/tools/council/node_modules/@smithy/types/dist-types/downlevel-ts3.4/transform/type-transform.d.ts: OK
/workspace/tmp/pixelelated-m7-qa-16/qa-overlay/tools/council/node_modules/@smithy/types/dist-types/encode.d.ts: OK
/workspace/tmp/pixelelated-m7-qa-16/qa-overlay/tools/council/node_modules/@smithy/types/dist-types/endpoint.d.ts: OK
/workspace/tmp/pixelelated-m7-qa-16/qa-overlay/tools/council/node_modules/@smithy/types/dist-types/endpoints/EndpointParameterInstructions.d.ts: OK
/workspace/tmp/pixelelated-m7-qa-16/qa-overlay/tools/council/node_modules/@smithy/types/dist-types/endpoints/EndpointRuleObject.d.ts: OK
/workspace/tmp/pixelelated-m7-qa-16/qa-overlay/tools/council/node_modules/@smithy/types/dist-types/endpoints/ErrorRuleObject.d.ts: OK
/workspace/tmp/pixelelated-m7-qa-16/qa-overlay/tools/council/node_modules/@smithy/types/dist-types/endpoints/RuleSetObject.d.ts: OK
/workspace/tmp/pixelelated-m7-qa-16/qa-overlay/tools/council/node_modules/@smithy/types/dist-types/endpoints/TreeRuleObject.d.ts: OK
/workspace/tmp/pixelelated-m7-qa-16/qa-overlay/tools/council/node_modules/@smithy/types/dist-types/endpoints/index.d.ts: OK
/workspace/tmp/pixelelated-m7-qa-16/qa-overlay/tools/council/node_modules/@smithy/types/dist-types/endpoints/shared.d.ts: OK
/workspace/tmp/pixelelated-m7-qa-16/qa-overlay/tools/council/node_modules/@smithy/types/dist-types/eventStream.d.ts: OK
/workspace/tmp/pixelelated-m7-qa-16/qa-overlay/tools/council/node_modules/@smithy/types/dist-types/extensions/checksum.d.ts: OK
/workspace/tmp/pixelelated-m7-qa-16/qa-overlay/tools/council/node_modules/@smithy/types/dist-types/extensions/defaultClientConfiguration.d.ts: OK
/workspace/tmp/pixelelated-m7-qa-16/qa-overlay/tools/council/node_modules/@smithy/types/dist-types/extensions/defaultExtensionConfiguration.d.ts: OK
/workspace/tmp/pixelelated-m7-qa-16/qa-overlay/tools/council/node_modules/@smithy/types/dist-types/extensions/index.d.ts: OK
/workspace/tmp/pixelelated-m7-qa-16/qa-overlay/tools/council/node_modules/@smithy/types/dist-types/extensions/retry.d.ts: OK
/workspace/tmp/pixelelated-m7-qa-16/qa-overlay/tools/council/node_modules/@smithy/types/dist-types/externals-check/browser-externals-check.d.ts: OK
/workspace/tmp/pixelelated-m7-qa-16/qa-overlay/tools/council/node_modules/@smithy/types/dist-types/feature-ids.d.ts: OK
/workspace/tmp/pixelelated-m7-qa-16/qa-overlay/tools/council/node_modules/@smithy/types/dist-types/http/httpHandlerInitialization.d.ts: OK
/workspace/tmp/pixelelated-m7-qa-16/qa-overlay/tools/council/node_modules/@smithy/types/dist-types/http.d.ts: OK
/workspace/tmp/pixelelated-m7-qa-16/qa-overlay/tools/council/node_modules/@smithy/types/dist-types/identity/apiKeyIdentity.d.ts: OK
/workspace/tmp/pixelelated-m7-qa-16/qa-overlay/tools/council/node_modules/@smithy/types/dist-types/identity/awsCredentialIdentity.d.ts: OK
/workspace/tmp/pixelelated-m7-qa-16/qa-overlay/tools/council/node_modules/@smithy/types/dist-types/identity/identity.d.ts: OK
/workspace/tmp/pixelelated-m7-qa-16/qa-overlay/tools/council/node_modules/@smithy/types/dist-types/identity/index.d.ts: OK
/workspace/tmp/pixelelated-m7-qa-16/qa-overlay/tools/council/node_modules/@smithy/types/dist-types/identity/tokenIdentity.d.ts: OK
/workspace/tmp/pixelelated-m7-qa-16/qa-overlay/tools/council/node_modules/@smithy/types/dist-types/index.d.ts: OK
/workspace/tmp/pixelelated-m7-qa-16/qa-overlay/tools/council/node_modules/@smithy/types/dist-types/logger.d.ts: OK
/workspace/tmp/pixelelated-m7-qa-16/qa-overlay/tools/council/node_modules/@smithy/types/dist-types/metrics.d.ts: OK
/workspace/tmp/pixelelated-m7-qa-16/qa-overlay/tools/council/node_modules/@smithy/types/dist-types/middleware.d.ts: OK
/workspace/tmp/pixelelated-m7-qa-16/qa-overlay/tools/council/node_modules/@smithy/types/dist-types/pagination.d.ts: OK
/workspace/tmp/pixelelated-m7-qa-16/qa-overlay/tools/council/node_modules/@smithy/types/dist-types/profile.d.ts: OK
/workspace/tmp/pixelelated-m7-qa-16/qa-overlay/tools/council/node_modules/@smithy/types/dist-types/response.d.ts: OK
/workspace/tmp/pixelelated-m7-qa-16/qa-overlay/tools/council/node_modules/@smithy/types/dist-types/retry.d.ts: OK
/workspace/tmp/pixelelated-m7-qa-16/qa-overlay/tools/council/node_modules/@smithy/types/dist-types/schema/schema-deprecated.d.ts: OK
/workspace/tmp/pixelelated-m7-qa-16/qa-overlay/tools/council/node_modules/@smithy/types/dist-types/schema/schema.d.ts: OK
/workspace/tmp/pixelelated-m7-qa-16/qa-overlay/tools/council/node_modules/@smithy/types/dist-types/schema/sentinels.d.ts: OK
/workspace/tmp/pixelelated-m7-qa-16/qa-overlay/tools/council/node_modules/@smithy/types/dist-types/schema/static-schemas.d.ts: OK
/workspace/tmp/pixelelated-m7-qa-16/qa-overlay/tools/council/node_modules/@smithy/types/dist-types/schema/traits.d.ts: OK
/workspace/tmp/pixelelated-m7-qa-16/qa-overlay/tools/council/node_modules/@smithy/types/dist-types/serde.d.ts: OK
/workspace/tmp/pixelelated-m7-qa-16/qa-overlay/tools/council/node_modules/@smithy/types/dist-types/shapes.d.ts: OK
/workspace/tmp/pixelelated-m7-qa-16/qa-overlay/tools/council/node_modules/@smithy/types/dist-types/signature.d.ts: OK
/workspace/tmp/pixelelated-m7-qa-16/qa-overlay/tools/council/node_modules/@smithy/types/dist-types/stream.d.ts: OK
/workspace/tmp/pixelelated-m7-qa-16/qa-overlay/tools/council/node_modules/@smithy/types/dist-types/streaming-payload/streaming-blob-common-types.d.ts: OK
/workspace/tmp/pixelelated-m7-qa-16/qa-overlay/tools/council/node_modules/@smithy/types/dist-types/streaming-payload/streaming-blob-payload-input-types.d.ts: OK
/workspace/tmp/pixelelated-m7-qa-16/qa-overlay/tools/council/node_modules/@smithy/types/dist-types/streaming-payload/streaming-blob-payload-output-types.d.ts: OK
/workspace/tmp/pixelelated-m7-qa-16/qa-overlay/tools/council/node_modules/@smithy/types/dist-types/transfer.d.ts: OK
/workspace/tmp/pixelelated-m7-qa-16/qa-overlay/tools/council/node_modules/@smithy/types/dist-types/transform/client-method-transforms.d.ts: OK
/workspace/tmp/pixelelated-m7-qa-16/qa-overlay/tools/council/node_modules/@smithy/types/dist-types/transform/client-payload-blob-type-narrow.d.ts: OK
/workspace/tmp/pixelelated-m7-qa-16/qa-overlay/tools/council/node_modules/@smithy/types/dist-types/transform/exact.d.ts: OK
/workspace/tmp/pixelelated-m7-qa-16/qa-overlay/tools/council/node_modules/@smithy/types/dist-types/transform/mutable.d.ts: OK
/workspace/tmp/pixelelated-m7-qa-16/qa-overlay/tools/council/node_modules/@smithy/types/dist-types/transform/no-undefined.d.ts: OK
/workspace/tmp/pixelelated-m7-qa-16/qa-overlay/tools/council/node_modules/@smithy/types/dist-types/transform/type-transform.d.ts: OK
/workspace/tmp/pixelelated-m7-qa-16/qa-overlay/tools/council/node_modules/@smithy/types/dist-types/ts3.4/abort-handler.d.ts: OK
/workspace/tmp/pixelelated-m7-qa-16/qa-overlay/tools/council/node_modules/@smithy/types/dist-types/ts3.4/abort.d.ts: OK
/workspace/tmp/pixelelated-m7-qa-16/qa-overlay/tools/council/node_modules/@smithy/types/dist-types/ts3.4/auth/HttpApiKeyAuth.d.ts: OK
/workspace/tmp/pixelelated-m7-qa-16/qa-overlay/tools/council/node_modules/@smithy/types/dist-types/ts3.4/auth/HttpAuthScheme.d.ts: OK
/workspace/tmp/pixelelated-m7-qa-16/qa-overlay/tools/council/node_modules/@smithy/types/dist-types/ts3.4/auth/HttpAuthSchemeProvider.d.ts: OK
/workspace/tmp/pixelelated-m7-qa-16/qa-overlay/tools/council/node_modules/@smithy/types/dist-types/ts3.4/auth/HttpSigner.d.ts: OK
/workspace/tmp/pixelelated-m7-qa-16/qa-overlay/tools/council/node_modules/@smithy/types/dist-types/ts3.4/auth/IdentityProviderConfig.d.ts: OK
/workspace/tmp/pixelelated-m7-qa-16/qa-overlay/tools/council/node_modules/@smithy/types/dist-types/ts3.4/auth/auth.d.ts: OK
/workspace/tmp/pixelelated-m7-qa-16/qa-overlay/tools/council/node_modules/@smithy/types/dist-types/ts3.4/auth/index.d.ts: OK
/workspace/tmp/pixelelated-m7-qa-16/qa-overlay/tools/council/node_modules/@smithy/types/dist-types/ts3.4/blob/blob-payload-input-types.d.ts: OK
/workspace/tmp/pixelelated-m7-qa-16/qa-overlay/tools/council/node_modules/@smithy/types/dist-types/ts3.4/checksum.d.ts: OK
/workspace/tmp/pixelelated-m7-qa-16/qa-overlay/tools/council/node_modules/@smithy/types/dist-types/ts3.4/client.d.ts: OK
/workspace/tmp/pixelelated-m7-qa-16/qa-overlay/tools/council/node_modules/@smithy/types/dist-types/ts3.4/command.d.ts: OK
/workspace/tmp/pixelelated-m7-qa-16/qa-overlay/tools/council/node_modules/@smithy/types/dist-types/ts3.4/connection/config.d.ts: OK
/workspace/tmp/pixelelated-m7-qa-16/qa-overlay/tools/council/node_modules/@smithy/types/dist-types/ts3.4/connection/index.d.ts: OK
/workspace/tmp/pixelelated-m7-qa-16/qa-overlay/tools/council/node_modules/@smithy/types/dist-types/ts3.4/connection/manager.d.ts: OK
/workspace/tmp/pixelelated-m7-qa-16/qa-overlay/tools/council/node_modules/@smithy/types/dist-types/ts3.4/connection/pool.d.ts: OK
/workspace/tmp/pixelelated-m7-qa-16/qa-overlay/tools/council/node_modules/@smithy/types/dist-types/ts3.4/crypto.d.ts: OK
/workspace/tmp/pixelelated-m7-qa-16/qa-overlay/tools/council/node_modules/@smithy/types/dist-types/ts3.4/downlevel-ts3.4/transform/type-transform.d.ts: OK
/workspace/tmp/pixelelated-m7-qa-16/qa-overlay/tools/council/node_modules/@smithy/types/dist-types/ts3.4/encode.d.ts: OK
/workspace/tmp/pixelelated-m7-qa-16/qa-overlay/tools/council/node_modules/@smithy/types/dist-types/ts3.4/endpoint.d.ts: OK
/workspace/tmp/pixelelated-m7-qa-16/qa-overlay/tools/council/node_modules/@smithy/types/dist-types/ts3.4/endpoints/EndpointParameterInstructions.d.ts: OK
/workspace/tmp/pixelelated-m7-qa-16/qa-overlay/tools/council/node_modules/@smithy/types/dist-types/ts3.4/endpoints/EndpointRuleObject.d.ts: OK
/workspace/tmp/pixelelated-m7-qa-16/qa-overlay/tools/council/node_modules/@smithy/types/dist-types/ts3.4/endpoints/ErrorRuleObject.d.ts: OK
/workspace/tmp/pixelelated-m7-qa-16/qa-overlay/tools/council/node_modules/@smithy/types/dist-types/ts3.4/endpoints/RuleSetObject.d.ts: OK
/workspace/tmp/pixelelated-m7-qa-16/qa-overlay/tools/council/node_modules/@smithy/types/dist-types/ts3.4/endpoints/TreeRuleObject.d.ts: OK
/workspace/tmp/pixelelated-m7-qa-16/qa-overlay/tools/council/node_modules/@smithy/types/dist-types/ts3.4/endpoints/index.d.ts: OK
/workspace/tmp/pixelelated-m7-qa-16/qa-overlay/tools/council/node_modules/@smithy/types/dist-types/ts3.4/endpoints/shared.d.ts: OK
/workspace/tmp/pixelelated-m7-qa-16/qa-overlay/tools/council/node_modules/@smithy/types/dist-types/ts3.4/eventStream.d.ts: OK
/workspace/tmp/pixelelated-m7-qa-16/qa-overlay/tools/council/node_modules/@smithy/types/dist-types/ts3.4/extensions/checksum.d.ts: OK
/workspace/tmp/pixelelated-m7-qa-16/qa-overlay/tools/council/node_modules/@smithy/types/dist-types/ts3.4/extensions/defaultClientConfiguration.d.ts: OK
/workspace/tmp/pixelelated-m7-qa-16/qa-overlay/tools/council/node_modules/@smithy/types/dist-types/ts3.4/extensions/defaultExtensionConfiguration.d.ts: OK
/workspace/tmp/pixelelated-m7-qa-16/qa-overlay/tools/council/node_modules/@smithy/types/dist-types/ts3.4/extensions/index.d.ts: OK
/workspace/tmp/pixelelated-m7-qa-16/qa-overlay/tools/council/node_modules/@smithy/types/dist-types/ts3.4/extensions/retry.d.ts: OK
/workspace/tmp/pixelelated-m7-qa-16/qa-overlay/tools/council/node_modules/@smithy/types/dist-types/ts3.4/externals-check/browser-externals-check.d.ts: OK
/workspace/tmp/pixelelated-m7-qa-16/qa-overlay/tools/council/node_modules/@smithy/types/dist-types/ts3.4/feature-ids.d.ts: OK
/workspace/tmp/pixelelated-m7-qa-16/qa-overlay/tools/council/node_modules/@smithy/types/dist-types/ts3.4/http/httpHandlerInitialization.d.ts: OK
/workspace/tmp/pixelelated-m7-qa-16/qa-overlay/tools/council/node_modules/@smithy/types/dist-types/ts3.4/http.d.ts: OK
/workspace/tmp/pixelelated-m7-qa-16/qa-overlay/tools/council/node_modules/@smithy/types/dist-types/ts3.4/identity/apiKeyIdentity.d.ts: OK
/workspace/tmp/pixelelated-m7-qa-16/qa-overlay/tools/council/node_modules/@smithy/types/dist-types/ts3.4/identity/awsCredentialIdentity.d.ts: OK
/workspace/tmp/pixelelated-m7-qa-16/qa-overlay/tools/council/node_modules/@smithy/types/dist-types/ts3.4/identity/identity.d.ts: OK
/workspace/tmp/pixelelated-m7-qa-16/qa-overlay/tools/council/node_modules/@smithy/types/dist-types/ts3.4/identity/index.d.ts: OK
/workspace/tmp/pixelelated-m7-qa-16/qa-overlay/tools/council/node_modules/@smithy/types/dist-types/ts3.4/identity/tokenIdentity.d.ts: OK
/workspace/tmp/pixelelated-m7-qa-16/qa-overlay/tools/council/node_modules/@smithy/types/dist-types/ts3.4/index.d.ts: OK
/workspace/tmp/pixelelated-m7-qa-16/qa-overlay/tools/council/node_modules/@smithy/types/dist-types/ts3.4/logger.d.ts: OK
/workspace/tmp/pixelelated-m7-qa-16/qa-overlay/tools/council/node_modules/@smithy/types/dist-types/ts3.4/metrics.d.ts: OK
/workspace/tmp/pixelelated-m7-qa-16/qa-overlay/tools/council/node_modules/@smithy/types/dist-types/ts3.4/middleware.d.ts: OK
/workspace/tmp/pixelelated-m7-qa-16/qa-overlay/tools/council/node_modules/@smithy/types/dist-types/ts3.4/pagination.d.ts: OK
/workspace/tmp/pixelelated-m7-qa-16/qa-overlay/tools/council/node_modules/@smithy/types/dist-types/ts3.4/profile.d.ts: OK
/workspace/tmp/pixelelated-m7-qa-16/qa-overlay/tools/council/node_modules/@smithy/types/dist-types/ts3.4/response.d.ts: OK
/workspace/tmp/pixelelated-m7-qa-16/qa-overlay/tools/council/node_modules/@smithy/types/dist-types/ts3.4/retry.d.ts: OK
/workspace/tmp/pixelelated-m7-qa-16/qa-overlay/tools/council/node_modules/@smithy/types/dist-types/ts3.4/schema/schema-deprecated.d.ts: OK
/workspace/tmp/pixelelated-m7-qa-16/qa-overlay/tools/council/node_modules/@smithy/types/dist-types/ts3.4/schema/schema.d.ts: OK
/workspace/tmp/pixelelated-m7-qa-16/qa-overlay/tools/council/node_modules/@smithy/types/dist-types/ts3.4/schema/sentinels.d.ts: OK
/workspace/tmp/pixelelated-m7-qa-16/qa-overlay/tools/council/node_modules/@smithy/types/dist-types/ts3.4/schema/static-schemas.d.ts: OK
/workspace/tmp/pixelelated-m7-qa-16/qa-overlay/tools/council/node_modules/@smithy/types/dist-types/ts3.4/schema/traits.d.ts: OK
/workspace/tmp/pixelelated-m7-qa-16/qa-overlay/tools/council/node_modules/@smithy/types/dist-types/ts3.4/serde.d.ts: OK
/workspace/tmp/pixelelated-m7-qa-16/qa-overlay/tools/council/node_modules/@smithy/types/dist-types/ts3.4/shapes.d.ts: OK
/workspace/tmp/pixelelated-m7-qa-16/qa-overlay/tools/council/node_modules/@smithy/types/dist-types/ts3.4/signature.d.ts: OK
/workspace/tmp/pixelelated-m7-qa-16/qa-overlay/tools/council/node_modules/@smithy/types/dist-types/ts3.4/stream.d.ts: OK
/workspace/tmp/pixelelated-m7-qa-16/qa-overlay/tools/council/node_modules/@smithy/types/dist-types/ts3.4/streaming-payload/streaming-blob-common-types.d.ts: OK
/workspace/tmp/pixelelated-m7-qa-16/qa-overlay/tools/council/node_modules/@smithy/types/dist-types/ts3.4/streaming-payload/streaming-blob-payload-input-types.d.ts: OK
/workspace/tmp/pixelelated-m7-qa-16/qa-overlay/tools/council/node_modules/@smithy/types/dist-types/ts3.4/streaming-payload/streaming-blob-payload-output-types.d.ts: OK
/workspace/tmp/pixelelated-m7-qa-16/qa-overlay/tools/council/node_modules/@smithy/types/dist-types/ts3.4/transfer.d.ts: OK
/workspace/tmp/pixelelated-m7-qa-16/qa-overlay/tools/council/node_modules/@smithy/types/dist-types/ts3.4/transform/client-method-transforms.d.ts: OK
/workspace/tmp/pixelelated-m7-qa-16/qa-overlay/tools/council/node_modules/@smithy/types/dist-types/ts3.4/transform/client-payload-blob-type-narrow.d.ts: OK
/workspace/tmp/pixelelated-m7-qa-16/qa-overlay/tools/council/node_modules/@smithy/types/dist-types/ts3.4/transform/exact.d.ts: OK
/workspace/tmp/pixelelated-m7-qa-16/qa-overlay/tools/council/node_modules/@smithy/types/dist-types/ts3.4/transform/mutable.d.ts: OK
/workspace/tmp/pixelelated-m7-qa-16/qa-overlay/tools/council/node_modules/@smithy/types/dist-types/ts3.4/transform/no-undefined.d.ts: OK
/workspace/tmp/pixelelated-m7-qa-16/qa-overlay/tools/council/node_modules/@smithy/types/dist-types/ts3.4/transform/type-transform.d.ts: OK
/workspace/tmp/pixelelated-m7-qa-16/qa-overlay/tools/council/node_modules/@smithy/types/dist-types/ts3.4/uri.d.ts: OK
/workspace/tmp/pixelelated-m7-qa-16/qa-overlay/tools/council/node_modules/@smithy/types/dist-types/ts3.4/util.d.ts: OK
/workspace/tmp/pixelelated-m7-qa-16/qa-overlay/tools/council/node_modules/@smithy/types/dist-types/ts3.4/waiter.d.ts: OK
/workspace/tmp/pixelelated-m7-qa-16/qa-overlay/tools/council/node_modules/@smithy/types/dist-types/uri.d.ts: OK
/workspace/tmp/pixelelated-m7-qa-16/qa-overlay/tools/council/node_modules/@smithy/types/dist-types/util.d.ts: OK
/workspace/tmp/pixelelated-m7-qa-16/qa-overlay/tools/council/node_modules/@smithy/types/dist-types/waiter.d.ts: OK
/workspace/tmp/pixelelated-m7-qa-16/qa-overlay/tools/council/node_modules/@smithy/types/package.json: OK
/workspace/tmp/pixelelated-m7-qa-16/qa-overlay/tools/council/node_modules/bowser/LICENSE: OK
/workspace/tmp/pixelelated-m7-qa-16/qa-overlay/tools/council/node_modules/bowser/README.md: OK
/workspace/tmp/pixelelated-m7-qa-16/qa-overlay/tools/council/node_modules/bowser/bundled.js: OK
/workspace/tmp/pixelelated-m7-qa-16/qa-overlay/tools/council/node_modules/bowser/es5.js: OK
/workspace/tmp/pixelelated-m7-qa-16/qa-overlay/tools/council/node_modules/bowser/index.d.ts: OK
/workspace/tmp/pixelelated-m7-qa-16/qa-overlay/tools/council/node_modules/bowser/package.json: OK
/workspace/tmp/pixelelated-m7-qa-16/qa-overlay/tools/council/node_modules/bowser/src/bowser.js: OK
/workspace/tmp/pixelelated-m7-qa-16/qa-overlay/tools/council/node_modules/bowser/src/constants.js: OK
/workspace/tmp/pixelelated-m7-qa-16/qa-overlay/tools/council/node_modules/bowser/src/parser-browsers.js: OK
/workspace/tmp/pixelelated-m7-qa-16/qa-overlay/tools/council/node_modules/bowser/src/parser-engines.js: OK
/workspace/tmp/pixelelated-m7-qa-16/qa-overlay/tools/council/node_modules/bowser/src/parser-os.js: OK
/workspace/tmp/pixelelated-m7-qa-16/qa-overlay/tools/council/node_modules/bowser/src/parser-platforms.js: OK
/workspace/tmp/pixelelated-m7-qa-16/qa-overlay/tools/council/node_modules/bowser/src/parser.js: OK
/workspace/tmp/pixelelated-m7-qa-16/qa-overlay/tools/council/node_modules/bowser/src/utils.js: OK
/workspace/tmp/pixelelated-m7-qa-16/qa-overlay/tools/council/node_modules/esbuild/LICENSE.md: OK
/workspace/tmp/pixelelated-m7-qa-16/qa-overlay/tools/council/node_modules/esbuild/README.md: OK
/workspace/tmp/pixelelated-m7-qa-16/qa-overlay/tools/council/node_modules/esbuild/bin/esbuild: OK
/workspace/tmp/pixelelated-m7-qa-16/qa-overlay/tools/council/node_modules/esbuild/install.js: OK
/workspace/tmp/pixelelated-m7-qa-16/qa-overlay/tools/council/node_modules/esbuild/lib/main.d.ts: OK
/workspace/tmp/pixelelated-m7-qa-16/qa-overlay/tools/council/node_modules/esbuild/lib/main.js: OK
/workspace/tmp/pixelelated-m7-qa-16/qa-overlay/tools/council/node_modules/esbuild/package.json: OK
/workspace/tmp/pixelelated-m7-qa-16/qa-overlay/tools/council/node_modules/tslib/CopyrightNotice.txt: OK
/workspace/tmp/pixelelated-m7-qa-16/qa-overlay/tools/council/node_modules/tslib/LICENSE.txt: OK
/workspace/tmp/pixelelated-m7-qa-16/qa-overlay/tools/council/node_modules/tslib/README.md: OK
/workspace/tmp/pixelelated-m7-qa-16/qa-overlay/tools/council/node_modules/tslib/SECURITY.md: OK
/workspace/tmp/pixelelated-m7-qa-16/qa-overlay/tools/council/node_modules/tslib/modules/index.d.ts: OK
/workspace/tmp/pixelelated-m7-qa-16/qa-overlay/tools/council/node_modules/tslib/modules/index.js: OK
/workspace/tmp/pixelelated-m7-qa-16/qa-overlay/tools/council/node_modules/tslib/modules/package.json: OK
/workspace/tmp/pixelelated-m7-qa-16/qa-overlay/tools/council/node_modules/tslib/package.json: OK
/workspace/tmp/pixelelated-m7-qa-16/qa-overlay/tools/council/node_modules/tslib/tslib.d.ts: OK
/workspace/tmp/pixelelated-m7-qa-16/qa-overlay/tools/council/node_modules/tslib/tslib.es6.html: OK
/workspace/tmp/pixelelated-m7-qa-16/qa-overlay/tools/council/node_modules/tslib/tslib.es6.js: OK
/workspace/tmp/pixelelated-m7-qa-16/qa-overlay/tools/council/node_modules/tslib/tslib.es6.mjs: OK
/workspace/tmp/pixelelated-m7-qa-16/qa-overlay/tools/council/node_modules/tslib/tslib.html: OK
/workspace/tmp/pixelelated-m7-qa-16/qa-overlay/tools/council/node_modules/tslib/tslib.js: OK
/workspace/tmp/pixelelated-m7-qa-16/qa-overlay/tools/council/node_modules/tsx/LICENSE: OK
/workspace/tmp/pixelelated-m7-qa-16/qa-overlay/tools/council/node_modules/tsx/README.md: OK
/workspace/tmp/pixelelated-m7-qa-16/qa-overlay/tools/council/node_modules/tsx/dist/cjs/api/index.cjs: OK
/workspace/tmp/pixelelated-m7-qa-16/qa-overlay/tools/council/node_modules/tsx/dist/cjs/api/index.d.cts: OK
/workspace/tmp/pixelelated-m7-qa-16/qa-overlay/tools/council/node_modules/tsx/dist/cjs/api/index.d.mts: OK
/workspace/tmp/pixelelated-m7-qa-16/qa-overlay/tools/council/node_modules/tsx/dist/cjs/api/index.mjs: OK
/workspace/tmp/pixelelated-m7-qa-16/qa-overlay/tools/council/node_modules/tsx/dist/cjs/index.cjs: OK
/workspace/tmp/pixelelated-m7-qa-16/qa-overlay/tools/council/node_modules/tsx/dist/cjs/index.mjs: OK
/workspace/tmp/pixelelated-m7-qa-16/qa-overlay/tools/council/node_modules/tsx/dist/cli.cjs: OK
/workspace/tmp/pixelelated-m7-qa-16/qa-overlay/tools/council/node_modules/tsx/dist/cli.mjs: OK
/workspace/tmp/pixelelated-m7-qa-16/qa-overlay/tools/council/node_modules/tsx/dist/client-D3mGB526.cjs: OK
/workspace/tmp/pixelelated-m7-qa-16/qa-overlay/tools/council/node_modules/tsx/dist/client-D_mPDF5S.mjs: OK
/workspace/tmp/pixelelated-m7-qa-16/qa-overlay/tools/council/node_modules/tsx/dist/esm/api/index.cjs: OK
/workspace/tmp/pixelelated-m7-qa-16/qa-overlay/tools/council/node_modules/tsx/dist/esm/api/index.d.cts: OK
/workspace/tmp/pixelelated-m7-qa-16/qa-overlay/tools/council/node_modules/tsx/dist/esm/api/index.d.mts: OK
/workspace/tmp/pixelelated-m7-qa-16/qa-overlay/tools/council/node_modules/tsx/dist/esm/api/index.mjs: OK
/workspace/tmp/pixelelated-m7-qa-16/qa-overlay/tools/council/node_modules/tsx/dist/esm/index.cjs: OK
/workspace/tmp/pixelelated-m7-qa-16/qa-overlay/tools/council/node_modules/tsx/dist/esm/index.mjs: OK
/workspace/tmp/pixelelated-m7-qa-16/qa-overlay/tools/council/node_modules/tsx/dist/get-pipe-path-D4YM6rQt.cjs: OK
/workspace/tmp/pixelelated-m7-qa-16/qa-overlay/tools/council/node_modules/tsx/dist/get-pipe-path-_tAJyU_v.mjs: OK
/workspace/tmp/pixelelated-m7-qa-16/qa-overlay/tools/council/node_modules/tsx/dist/index-BWFBUo6r.cjs: OK
/workspace/tmp/pixelelated-m7-qa-16/qa-overlay/tools/council/node_modules/tsx/dist/index-D1vYaNWZ.cjs: OK
/workspace/tmp/pixelelated-m7-qa-16/qa-overlay/tools/council/node_modules/tsx/dist/index-DCefr8NP.mjs: OK
/workspace/tmp/pixelelated-m7-qa-16/qa-overlay/tools/council/node_modules/tsx/dist/index-gbaejti9.mjs: OK
/workspace/tmp/pixelelated-m7-qa-16/qa-overlay/tools/council/node_modules/tsx/dist/lexer-DQCqS3nf.mjs: OK
/workspace/tmp/pixelelated-m7-qa-16/qa-overlay/tools/council/node_modules/tsx/dist/lexer-DgIbo0BU.cjs: OK
/workspace/tmp/pixelelated-m7-qa-16/qa-overlay/tools/council/node_modules/tsx/dist/loader.cjs: OK
/workspace/tmp/pixelelated-m7-qa-16/qa-overlay/tools/council/node_modules/tsx/dist/loader.mjs: OK
/workspace/tmp/pixelelated-m7-qa-16/qa-overlay/tools/council/node_modules/tsx/dist/node-features-CEjg7cMX.cjs: OK
/workspace/tmp/pixelelated-m7-qa-16/qa-overlay/tools/council/node_modules/tsx/dist/node-features-JeyyvQz6.mjs: OK
/workspace/tmp/pixelelated-m7-qa-16/qa-overlay/tools/council/node_modules/tsx/dist/package-B1lIY_Tn.cjs: OK
/workspace/tmp/pixelelated-m7-qa-16/qa-overlay/tools/council/node_modules/tsx/dist/package-BL7Whz21.mjs: OK
/workspace/tmp/pixelelated-m7-qa-16/qa-overlay/tools/council/node_modules/tsx/dist/patch-repl.cjs: OK
/workspace/tmp/pixelelated-m7-qa-16/qa-overlay/tools/council/node_modules/tsx/dist/patch-repl.mjs: OK
/workspace/tmp/pixelelated-m7-qa-16/qa-overlay/tools/council/node_modules/tsx/dist/preflight.cjs: OK
/workspace/tmp/pixelelated-m7-qa-16/qa-overlay/tools/council/node_modules/tsx/dist/preflight.mjs: OK
/workspace/tmp/pixelelated-m7-qa-16/qa-overlay/tools/council/node_modules/tsx/dist/register-DHgpdRjs.mjs: OK
/workspace/tmp/pixelelated-m7-qa-16/qa-overlay/tools/council/node_modules/tsx/dist/register-DjPW2kSr.cjs: OK
/workspace/tmp/pixelelated-m7-qa-16/qa-overlay/tools/council/node_modules/tsx/dist/register-OY9cqBEN.cjs: OK
/workspace/tmp/pixelelated-m7-qa-16/qa-overlay/tools/council/node_modules/tsx/dist/register-SoqaU4rg.mjs: OK
/workspace/tmp/pixelelated-m7-qa-16/qa-overlay/tools/council/node_modules/tsx/dist/repl.cjs: OK
/workspace/tmp/pixelelated-m7-qa-16/qa-overlay/tools/council/node_modules/tsx/dist/repl.mjs: OK
/workspace/tmp/pixelelated-m7-qa-16/qa-overlay/tools/council/node_modules/tsx/dist/require-Blr_8TcJ.cjs: OK
/workspace/tmp/pixelelated-m7-qa-16/qa-overlay/tools/council/node_modules/tsx/dist/require-Cuv-0BLU.mjs: OK
/workspace/tmp/pixelelated-m7-qa-16/qa-overlay/tools/council/node_modules/tsx/dist/suppress-warnings.cjs: OK
/workspace/tmp/pixelelated-m7-qa-16/qa-overlay/tools/council/node_modules/tsx/dist/suppress-warnings.mjs: OK
/workspace/tmp/pixelelated-m7-qa-16/qa-overlay/tools/council/node_modules/tsx/dist/temporary-directory-B83uKxJF.cjs: OK
/workspace/tmp/pixelelated-m7-qa-16/qa-overlay/tools/council/node_modules/tsx/dist/temporary-directory-BDDVQOvU.mjs: OK
/workspace/tmp/pixelelated-m7-qa-16/qa-overlay/tools/council/node_modules/tsx/dist/types-Cxp8y2TL.d.ts: OK
/workspace/tmp/pixelelated-m7-qa-16/qa-overlay/tools/council/node_modules/tsx/package.json: OK
/workspace/tmp/pixelelated-m7-qa-16/qa-overlay/tools/council/package-lock.json: OK
/workspace/tmp/pixelelated-m7-qa-16/qa-overlay/tools/council/package.json: OK
/workspace/tmp/pixelelated-m7-qa-16/qa-overlay/tools/council/run: OK
/workspace/tmp/pixelelated-m7-qa-16/qa-overlay/tools/dashboard: OK
/workspace/tmp/pixelelated-m7-qa-16/qa-overlay/tools/device-act: OK
/workspace/tmp/pixelelated-m7-qa-16/qa-overlay/tools/distro-tool: OK
/workspace/tmp/pixelelated-m7-qa-16/qa-overlay/tools/docker/README.md: OK
/workspace/tmp/pixelelated-m7-qa-16/qa-overlay/tools/docker/bookworm/Dockerfile: OK
/workspace/tmp/pixelelated-m7-qa-16/qa-overlay/tools/docker/jammy/Dockerfile: OK
/workspace/tmp/pixelelated-m7-qa-16/qa-overlay/tools/docker/noble/Dockerfile: OK
/workspace/tmp/pixelelated-m7-qa-16/qa-overlay/tools/docker/questing/Dockerfile: OK
/workspace/tmp/pixelelated-m7-qa-16/qa-overlay/tools/docker/resolute/Dockerfile: OK
/workspace/tmp/pixelelated-m7-qa-16/qa-overlay/tools/docker/trixie/Dockerfile: OK
/workspace/tmp/pixelelated-m7-qa-16/qa-overlay/tools/download-cleaner: OK
/workspace/tmp/pixelelated-m7-qa-16/qa-overlay/tools/download-tool: OK
/workspace/tmp/pixelelated-m7-qa-16/qa-overlay/tools/emulator-exit-test: OK
/workspace/tmp/pixelelated-m7-qa-16/qa-overlay/tools/es-launch-memory: OK
/workspace/tmp/pixelelated-m7-qa-16/qa-overlay/tools/es-menu-map-check: OK
/workspace/tmp/pixelelated-m7-qa-16/qa-overlay/tools/es-syntax-check: OK
/workspace/tmp/pixelelated-m7-qa-16/qa-overlay/tools/es-untranslated: OK
/workspace/tmp/pixelelated-m7-qa-16/qa-overlay/tools/ffmpeg/gen-patches.sh: OK
/workspace/tmp/pixelelated-m7-qa-16/qa-overlay/tools/find_build_warnings.sh: OK
/workspace/tmp/pixelelated-m7-qa-16/qa-overlay/tools/find_build_warnings_ignore.conf: OK
/workspace/tmp/pixelelated-m7-qa-16/qa-overlay/tools/fixlecode.py: OK
/workspace/tmp/pixelelated-m7-qa-16/qa-overlay/tools/font-stems: OK
/workspace/tmp/pixelelated-m7-qa-16/qa-overlay/tools/forbidden-terms-check: OK
/workspace/tmp/pixelelated-m7-qa-16/qa-overlay/tools/fork-newdrive: OK
/workspace/tmp/pixelelated-m7-qa-16/qa-overlay/tools/fork-package-freshness: OK
/workspace/tmp/pixelelated-m7-qa-16/qa-overlay/tools/fork-publish-release: OK
/workspace/tmp/pixelelated-m7-qa-16/qa-overlay/tools/fork-worktree: OK
/workspace/tmp/pixelelated-m7-qa-16/qa-overlay/tools/frame-diff: OK
/workspace/tmp/pixelelated-m7-qa-16/qa-overlay/tools/host-maintenance/README.md: OK
/workspace/tmp/pixelelated-m7-qa-16/qa-overlay/tools/host-maintenance/install: OK
/workspace/tmp/pixelelated-m7-qa-16/qa-overlay/tools/host-maintenance/reclaim-swap: OK
/workspace/tmp/pixelelated-m7-qa-16/qa-overlay/tools/host-maintenance/test-swap-reclaim: OK
/workspace/tmp/pixelelated-m7-qa-16/qa-overlay/tools/icon-generate: OK
/workspace/tmp/pixelelated-m7-qa-16/qa-overlay/tools/imgburn.sh: OK
/workspace/tmp/pixelelated-m7-qa-16/qa-overlay/tools/last-good-scripts-test: OK
/workspace/tmp/pixelelated-m7-qa-16/qa-overlay/tools/lint-audit-artifacts: OK
/workspace/tmp/pixelelated-m7-qa-16/qa-overlay/tools/mkpkg/mkpkg_bcm2835-bootloader: OK
/workspace/tmp/pixelelated-m7-qa-16/qa-overlay/tools/mkpkg/mkpkg_boblightd: OK
/workspace/tmp/pixelelated-m7-qa-16/qa-overlay/tools/mkpkg/mkpkg_libcec: OK
/workspace/tmp/pixelelated-m7-qa-16/qa-overlay/tools/mkpkg/mkpkg_media_build: OK
/workspace/tmp/pixelelated-m7-qa-16/qa-overlay/tools/mkpkg/mkpkg_pvr: OK
/workspace/tmp/pixelelated-m7-qa-16/qa-overlay/tools/mkpkg/mkpkg_rtmpdump: OK
/workspace/tmp/pixelelated-m7-qa-16/qa-overlay/tools/mkpkg/mkpkg_vboxguest: OK
/workspace/tmp/pixelelated-m7-qa-16/qa-overlay/tools/mkpkg/update_binary-addons: OK
/workspace/tmp/pixelelated-m7-qa-16/qa-overlay/tools/mkpkg/update_common_functions: OK
/workspace/tmp/pixelelated-m7-qa-16/qa-overlay/tools/mkpkg/update_retroplayer-addons: OK
/workspace/tmp/pixelelated-m7-qa-16/qa-overlay/tools/moby/gen-patches.sh: OK
/workspace/tmp/pixelelated-m7-qa-16/qa-overlay/tools/mtstats.py: OK
/workspace/tmp/pixelelated-m7-qa-16/qa-overlay/tools/nova-led-test: OK
/workspace/tmp/pixelelated-m7-qa-16/qa-overlay/tools/packages-checker: OK
/workspace/tmp/pixelelated-m7-qa-16/qa-overlay/tools/pixelelated-vm-cloud-boundaries: OK
/workspace/tmp/pixelelated-m7-qa-16/qa-overlay/tools/pkgcheck: OK
/workspace/tmp/pixelelated-m7-qa-16/qa-overlay/tools/pkginfo: OK
/workspace/tmp/pixelelated-m7-qa-16/qa-overlay/tools/png-blackout: OK
/workspace/tmp/pixelelated-m7-qa-16/qa-overlay/tools/podman-bin/gen-patches.sh: OK
/workspace/tmp/pixelelated-m7-qa-16/qa-overlay/tools/pr-stack-check: OK
/workspace/tmp/pixelelated-m7-qa-16/qa-overlay/tools/prose-check: OK
/workspace/tmp/pixelelated-m7-qa-16/qa-overlay/tools/qa-accounts: OK
/workspace/tmp/pixelelated-m7-qa-16/qa-overlay/tools/ra-candidate-games: OK
/workspace/tmp/pixelelated-m7-qa-16/qa-overlay/tools/ra-offline-test: OK
/workspace/tmp/pixelelated-m7-qa-16/qa-overlay/tools/raofflineproxy-integration-test: OK
/workspace/tmp/pixelelated-m7-qa-16/qa-overlay/tools/rasteratops-candidate-store: OK
/workspace/tmp/pixelelated-m7-qa-16/qa-overlay/tools/rasteratops-cloud-layout-test: OK
/workspace/tmp/pixelelated-m7-qa-16/qa-overlay/tools/rasteratops-identity-check: OK
/workspace/tmp/pixelelated-m7-qa-16/qa-overlay/tools/rasteratops-vm-cloud-epic: OK
/workspace/tmp/pixelelated-m7-qa-16/qa-overlay/tools/rc-preflight: OK
/workspace/tmp/pixelelated-m7-qa-16/qa-overlay/tools/refresh-patches: OK
/workspace/tmp/pixelelated-m7-qa-16/qa-overlay/tools/register-check: OK
/workspace/tmp/pixelelated-m7-qa-16/qa-overlay/tools/release-catalog: OK
/workspace/tmp/pixelelated-m7-qa-16/qa-overlay/tools/repo-tool: OK
/workspace/tmp/pixelelated-m7-qa-16/qa-overlay/tools/retroarch-wrapper-test: OK
/workspace/tmp/pixelelated-m7-qa-16/qa-overlay/tools/rules-check: OK
/workspace/tmp/pixelelated-m7-qa-16/qa-overlay/tools/settings-modes-test: OK
/workspace/tmp/pixelelated-m7-qa-16/qa-overlay/tools/signin-memory: OK
/workspace/tmp/pixelelated-m7-qa-16/qa-overlay/tools/time-to-play: OK
/workspace/tmp/pixelelated-m7-qa-16/qa-overlay/tools/update-functions/LibreELEC-settings: OK
/workspace/tmp/pixelelated-m7-qa-16/qa-overlay/tools/update-functions/amlogic-boot-fip: OK
/workspace/tmp/pixelelated-m7-qa-16/qa-overlay/tools/update-functions/aspnet-runtime.py: OK
/workspace/tmp/pixelelated-m7-qa-16/qa-overlay/tools/update-functions/aspnet6-runtime: OK
/workspace/tmp/pixelelated-m7-qa-16/qa-overlay/tools/update-functions/aspnet8-runtime: OK
/workspace/tmp/pixelelated-m7-qa-16/qa-overlay/tools/update-functions/aspnet9-runtime: OK
/workspace/tmp/pixelelated-m7-qa-16/qa-overlay/tools/update-functions/bcm2835-utils: OK
/workspace/tmp/pixelelated-m7-qa-16/qa-overlay/tools/update-functions/bcmstat: OK
/workspace/tmp/pixelelated-m7-qa-16/qa-overlay/tools/update-functions/brcmfmac_sdio-firmware: OK
/workspace/tmp/pixelelated-m7-qa-16/qa-overlay/tools/update-functions/cargo-snapshot: OK
/workspace/tmp/pixelelated-m7-qa-16/qa-overlay/tools/update-functions/ccid: OK
/workspace/tmp/pixelelated-m7-qa-16/qa-overlay/tools/update-functions/chrome: OK
/workspace/tmp/pixelelated-m7-qa-16/qa-overlay/tools/update-functions/cli: OK
/workspace/tmp/pixelelated-m7-qa-16/qa-overlay/tools/update-functions/conmon: OK
/workspace/tmp/pixelelated-m7-qa-16/qa-overlay/tools/update-functions/containerd: OK
/workspace/tmp/pixelelated-m7-qa-16/qa-overlay/tools/update-functions/ctop: OK
/workspace/tmp/pixelelated-m7-qa-16/qa-overlay/tools/update-functions/docker-compose: OK
/workspace/tmp/pixelelated-m7-qa-16/qa-overlay/tools/update-functions/dotnet-runtime: OK
/workspace/tmp/pixelelated-m7-qa-16/qa-overlay/tools/update-functions/dt-overlays: OK
/workspace/tmp/pixelelated-m7-qa-16/qa-overlay/tools/update-functions/dvb-firmware: OK
/workspace/tmp/pixelelated-m7-qa-16/qa-overlay/tools/update-functions/eventlircd: OK
/workspace/tmp/pixelelated-m7-qa-16/qa-overlay/tools/update-functions/extra_commit_body: OK
/workspace/tmp/pixelelated-m7-qa-16/qa-overlay/tools/update-functions/filebrowser: OK
/workspace/tmp/pixelelated-m7-qa-16/qa-overlay/tools/update-functions/fluidsynth: OK
/workspace/tmp/pixelelated-m7-qa-16/qa-overlay/tools/update-functions/glslang: OK
/workspace/tmp/pixelelated-m7-qa-16/qa-overlay/tools/update-functions/gst-plugins-bad: OK
/workspace/tmp/pixelelated-m7-qa-16/qa-overlay/tools/update-functions/gst-plugins-base: OK
/workspace/tmp/pixelelated-m7-qa-16/qa-overlay/tools/update-functions/gstreamer: OK
/workspace/tmp/pixelelated-m7-qa-16/qa-overlay/tools/update-functions/iwlwifi-firmware: OK
/workspace/tmp/pixelelated-m7-qa-16/qa-overlay/tools/update-functions/jellyfin: OK
/workspace/tmp/pixelelated-m7-qa-16/qa-overlay/tools/update-functions/kmsxx: OK
/workspace/tmp/pixelelated-m7-qa-16/qa-overlay/tools/update-functions/libarchive: OK
/workspace/tmp/pixelelated-m7-qa-16/qa-overlay/tools/update-functions/libcec: OK
/workspace/tmp/pixelelated-m7-qa-16/qa-overlay/tools/update-functions/libde265: OK
/workspace/tmp/pixelelated-m7-qa-16/qa-overlay/tools/update-functions/libheif: OK
/workspace/tmp/pixelelated-m7-qa-16/qa-overlay/tools/update-functions/libopenmpt: OK
/workspace/tmp/pixelelated-m7-qa-16/qa-overlay/tools/update-functions/libraw: OK
/workspace/tmp/pixelelated-m7-qa-16/qa-overlay/tools/update-functions/meson-firmware: OK
/workspace/tmp/pixelelated-m7-qa-16/qa-overlay/tools/update-functions/misc-firmware: OK
/workspace/tmp/pixelelated-m7-qa-16/qa-overlay/tools/update-functions/moby: OK
/workspace/tmp/pixelelated-m7-qa-16/qa-overlay/tools/update-functions/pcsc-lite: OK
/workspace/tmp/pixelelated-m7-qa-16/qa-overlay/tools/update-functions/podman-bin: OK
/workspace/tmp/pixelelated-m7-qa-16/qa-overlay/tools/update-functions/polkit: OK
/workspace/tmp/pixelelated-m7-qa-16/qa-overlay/tools/update-functions/rpi_ws281x: OK
/workspace/tmp/pixelelated-m7-qa-16/qa-overlay/tools/update-functions/runc: OK
/workspace/tmp/pixelelated-m7-qa-16/qa-overlay/tools/update-functions/rust: OK
/workspace/tmp/pixelelated-m7-qa-16/qa-overlay/tools/update-functions/rust-std-snapshot: OK
/workspace/tmp/pixelelated-m7-qa-16/qa-overlay/tools/update-functions/rustc-snapshot: OK
/workspace/tmp/pixelelated-m7-qa-16/qa-overlay/tools/update-functions/script.config.vdr: OK
/workspace/tmp/pixelelated-m7-qa-16/qa-overlay/tools/update-functions/shairport-sync: OK
/workspace/tmp/pixelelated-m7-qa-16/qa-overlay/tools/update-functions/snapcast: OK
/workspace/tmp/pixelelated-m7-qa-16/qa-overlay/tools/update-functions/squeezelite: OK
/workspace/tmp/pixelelated-m7-qa-16/qa-overlay/tools/update-functions/tailscale: OK
/workspace/tmp/pixelelated-m7-qa-16/qa-overlay/tools/update-functions/tinc: OK
/workspace/tmp/pixelelated-m7-qa-16/qa-overlay/tools/update-functions/tvheadend43: OK
/workspace/tmp/pixelelated-m7-qa-16/qa-overlay/tools/update-functions/vdr: OK
/workspace/tmp/pixelelated-m7-qa-16/qa-overlay/tools/update-functions/vulkan-headers: OK
/workspace/tmp/pixelelated-m7-qa-16/qa-overlay/tools/update-functions/vulkan-loader: OK
/workspace/tmp/pixelelated-m7-qa-16/qa-overlay/tools/update-functions/vulkan-tools: OK
/workspace/tmp/pixelelated-m7-qa-16/qa-overlay/tools/update-functions/wlan-firmware: OK
/workspace/tmp/pixelelated-m7-qa-16/qa-overlay/tools/update-functions/x264: OK
/workspace/tmp/pixelelated-m7-qa-16/qa-overlay/tools/update-functions/x265: OK
/workspace/tmp/pixelelated-m7-qa-16/qa-overlay/tools/update-pkg: OK
/workspace/tmp/pixelelated-m7-qa-16/qa-overlay/tools/update-scan: OK
/workspace/tmp/pixelelated-m7-qa-16/qa-overlay/tools/upload_to_filebin: OK
/workspace/tmp/pixelelated-m7-qa-16/qa-overlay/tools/viewconfig: OK
/workspace/tmp/pixelelated-m7-qa-16/qa-overlay/tools/viewplan: OK
/workspace/tmp/pixelelated-m7-qa-16/qa-overlay/tools/vm-manager-system-check: OK
/workspace/tmp/pixelelated-m7-qa-16/qa-overlay/tools/vm-pair: OK
/workspace/tmp/pixelelated-m7-qa-16/qa-overlay/tools/vm-qa: OK
/workspace/tmp/pixelelated-m7-qa-16/qa-overlay/tools/vm-serial: OK
/workspace/tmp/pixelelated-m7-qa-16/qa-overlay/tools/vm-stop: OK
/workspace/tmp/pixelelated-m7-qa-16/qa-overlay/tools/vm-stop-test: OK
/workspace/tmp/pixelelated-m7-qa-16/qa-overlay/tools/vm-upgrade-rehearsal: OK
/workspace/tmp/pixelelated-m7-qa-16/qa-overlay/tools/vm-visual-qa: OK
/workspace/tmp/pixelelated-m7-qa-16/qa-overlay/tools/vm-walks/README.md: OK
/workspace/tmp/pixelelated-m7-qa-16/qa-overlay/tools/vm-walks/back-up-page.steps: OK
/workspace/tmp/pixelelated-m7-qa-16/qa-overlay/tools/vm-walks/claims.txt: OK
/workspace/tmp/pixelelated-m7-qa-16/qa-overlay/tools/vm-walks/cloud-epic/migration-protocol.sh: OK
/workspace/tmp/pixelelated-m7-qa-16/qa-overlay/tools/vm-walks/cloud-epic/vnc-grab.py: OK
/workspace/tmp/pixelelated-m7-qa-16/qa-overlay/tools/vm-walks/confirm-cloud-folder.steps: OK
/workspace/tmp/pixelelated-m7-qa-16/qa-overlay/tools/vm-walks/continue-to-systems.steps: OK
/workspace/tmp/pixelelated-m7-qa-16/qa-overlay/tools/vm-walks/docs/README.md: OK
/workspace/tmp/pixelelated-m7-qa-16/qa-overlay/tools/vm-walks/docs/cloud-sync.steps: OK
/workspace/tmp/pixelelated-m7-qa-16/qa-overlay/tools/vm-walks/docs/main-menu-up-probe.steps: OK
/workspace/tmp/pixelelated-m7-qa-16/qa-overlay/tools/vm-walks/docs/networking.steps: OK
/workspace/tmp/pixelelated-m7-qa-16/qa-overlay/tools/vm-walks/docs/retro-achievements.steps: OK
/workspace/tmp/pixelelated-m7-qa-16/qa-overlay/tools/vm-walks/fixtures/arcade-vertical-raw-left.png: OK
/workspace/tmp/pixelelated-m7-qa-16/qa-overlay/tools/vm-walks/fixtures/gb-160x144.png: OK
/workspace/tmp/pixelelated-m7-qa-16/qa-overlay/tools/vm-walks/fixtures/nes-256x240-right.png: OK
/workspace/tmp/pixelelated-m7-qa-16/qa-overlay/tools/vm-walks/fixtures/system-selected.sh: OK
/workspace/tmp/pixelelated-m7-qa-16/qa-overlay/tools/vm-walks/m7-cloud-sync.steps: OK
/workspace/tmp/pixelelated-m7-qa-16/qa-overlay/tools/vm-walks/m7-retro-achievements.steps: OK
/workspace/tmp/pixelelated-m7-qa-16/qa-overlay/tools/vm-walks/manager.steps: OK
/workspace/tmp/pixelelated-m7-qa-16/qa-overlay/tools/vm-walks/masks.txt: OK
/workspace/tmp/pixelelated-m7-qa-16/qa-overlay/tools/vm-walks/match-dialog.steps: OK
/workspace/tmp/pixelelated-m7-qa-16/qa-overlay/tools/vm-walks/reset.steps: OK
/workspace/tmp/pixelelated-m7-qa-16/qa-overlay/tools/vm-walks/restore-page.steps: OK
/workspace/tmp/pixelelated-m7-qa-16/qa-overlay/tools/vm-walks/run-transfer-frames.steps: OK
/workspace/tmp/pixelelated-m7-qa-16/qa-overlay/tools/vm-walks/run-transfer.steps: OK
/workspace/tmp/pixelelated-m7-qa-16/qa-overlay/tools/vm-walks/suite.txt: OK
/workspace/tmp/pixelelated-m7-qa-16/qa-overlay/tools/vm-walks/tick-game-content.steps: OK
/workspace/tmp/pixelelated-m7-qa-16/qa-overlay/tools/vm-walks/tick-roms.steps: OK
/workspace/tmp/pixelelated-m7-qa-16/qa-overlay/tools/vm-walks/tick-settings.steps: OK
/workspace/tmp/pixelelated-m7-qa-16/qa-overlay/tools/vm-walks/to-change-cloud-folder.steps: OK
/workspace/tmp/pixelelated-m7-qa-16/qa-overlay/tools/vm-walks/to-manage-cloud-storage.steps: OK
/workspace/tmp/pixelelated-m7-qa-16/qa-overlay/tools/vm-walks/ui-settings-toggle.steps: OK
/workspace/tmp/pixelelated-m7-qa-16/qa-overlay/tools/vm-walks/wake.steps: OK
/workspace/tmp/pixelelated-m7-qa-16/qa-overlay/tools/vocabulary-check: OK
/workspace/tmp/pixelelated-m7-qa-16/qa-overlay/tools/wait-lock-test: OK
/workspace/tmp/pixelelated-m7-qa-16/qa-overlay/tools/watch-build: OK
/workspace/tmp/pixelelated-m7-qa-16/qa-overlay/tools/watch-build-submit: OK
/workspace/tmp/pixelelated-m7-qa-16/qa-overlay/tools/watch-job: OK
/workspace/tmp/pixelelated-m7-qa-16/qa-overlay/tools/work-log-index: OK
/workspace/tmp/pixelelated-m7-qa-16/qualify.sh: OK
/workspace/tmp/pixelelated-m7-qa-16/tools/vm-pair: OK
/workspace/tmp/pixelelated-m7-qa-16/tools/vm-stop: OK
/workspace/tmp/pixelelated-m7-qa-16/verify-inputs.py: OK
/workspace/tmp/pixelelated-m7-qa-16/verify-renderer.py: OK
