watch-build: recording in /workspace/repos/rocknix.worktrees/m7-pixelelated-sm8550-02/.build-runs/20261008T215107Z-cf03478e
PASS frozen inputs, host options, container and 24/4 concurrency
rc-preflight: /workspace/repos/rocknix.worktrees/m7-pixelelated-sm8550-02 at 8b5113fa16 (build/m7-pixelelated-sm8550-02)
PASS      proxy schema note        review note matches 879b158995d412af434301ebdae581f66b8b6d57; runtime schema proof remains separate
RAM    62347MB total, 23122MB used, 39225MB available
Swap   8191MB total, 4502MB used, 3689MB free
Disk   1.3T free of 3.6T  (not the usual limit)


READY
rm -f .env && [ ! -e .env ] || { echo "an older .env cannot be removed: no container started" >&2; exit 1; }; \
trap 'rm -f .env' EXIT; trap 'exit 130' INT TERM HUP; \
( umask 077 && set -C && ./scripts/get_env > .env ) || { echo "scripts/get_env failed: no container started" >&2; exit 1; }; \
BUILD_DIR=/workspace/repos/rocknix.worktrees/m7-pixelelated-sm8550-01  docker run   --init --env-file .env -e RASTERATOPS_BUILD_RUN -e BUILDER_NAME=pixelelated-build -e BUILDER_VERSION=sha256:988c0ba586263caeba4be4c03bd16eee055c9d066657951e320087bb8226ee39 --rm --user 1000:1000 -v "/home/max/.ROCKNIX/options:/home/max/.ROCKNIX/options"   -v /workspace/repos/rocknix.worktrees/m7-pixelelated-sm8550-02:/workspace/repos/rocknix.worktrees/m7-pixelelated-sm8550-01 -w /workspace/repos/rocknix.worktrees/m7-pixelelated-sm8550-01 -v /workspace/repos/rocknix/.git:/workspace/repos/rocknix/.git -v /workspace/cache/rocknix-sources:/workspace/repos/rocknix.worktrees/m7-pixelelated-sm8550-01/sources ghcr.io/pixelelated/build@sha256:988c0ba586263caeba4be4c03bd16eee055c9d066657951e320087bb8226ee39 make package-clean
make[1]: Entering directory '/workspace/repos/rocknix.worktrees/m7-pixelelated-sm8550-01'
./scripts/clean rclone
[1;31mCLEAN[0m      rclone
    [1;31m*[0m      [0;31mRemoving /workspace/repos/rocknix.worktrees/m7-pixelelated-sm8550-01/build.pixelelated-SM8550.aarch64/qa_checks/rclone-* ...[0m
make[1]: Leaving directory '/workspace/repos/rocknix.worktrees/m7-pixelelated-sm8550-01'
rm -f .env && [ ! -e .env ] || { echo "an older .env cannot be removed: no container started" >&2; exit 1; }; \
trap 'rm -f .env' EXIT; trap 'exit 130' INT TERM HUP; \
( umask 077 && set -C && ./scripts/get_env > .env ) || { echo "scripts/get_env failed: no container started" >&2; exit 1; }; \
BUILD_DIR=/workspace/repos/rocknix.worktrees/m7-pixelelated-sm8550-01  docker run   --init --env-file .env -e RASTERATOPS_BUILD_RUN -e BUILDER_NAME=pixelelated-build -e BUILDER_VERSION=sha256:988c0ba586263caeba4be4c03bd16eee055c9d066657951e320087bb8226ee39 --rm --user 1000:1000 -v "/home/max/.ROCKNIX/options:/home/max/.ROCKNIX/options"   -v /workspace/repos/rocknix.worktrees/m7-pixelelated-sm8550-02:/workspace/repos/rocknix.worktrees/m7-pixelelated-sm8550-01 -w /workspace/repos/rocknix.worktrees/m7-pixelelated-sm8550-01 -v /workspace/repos/rocknix/.git:/workspace/repos/rocknix/.git -v /workspace/cache/rocknix-sources:/workspace/repos/rocknix.worktrees/m7-pixelelated-sm8550-01/sources ghcr.io/pixelelated/build@sha256:988c0ba586263caeba4be4c03bd16eee055c9d066657951e320087bb8226ee39 make package-clean
make[1]: Entering directory '/workspace/repos/rocknix.worktrees/m7-pixelelated-sm8550-01'
./scripts/clean emulationstation
[1;31mCLEAN[0m      emulationstation
    [1;31m*[0m      [0;31mRemoving /workspace/repos/rocknix.worktrees/m7-pixelelated-sm8550-01/build.pixelelated-SM8550.aarch64/qa_checks/emulationstation-* ...[0m
make[1]: Leaving directory '/workspace/repos/rocknix.worktrees/m7-pixelelated-sm8550-01'
rm -f .env && [ ! -e .env ] || { echo "an older .env cannot be removed: no container started" >&2; exit 1; }; \
trap 'rm -f .env' EXIT; trap 'exit 130' INT TERM HUP; \
( umask 077 && set -C && ./scripts/get_env > .env ) || { echo "scripts/get_env failed: no container started" >&2; exit 1; }; \
BUILD_DIR=/workspace/repos/rocknix.worktrees/m7-pixelelated-sm8550-01  docker run   --init --env-file .env -e RASTERATOPS_BUILD_RUN -e BUILDER_NAME=pixelelated-build -e BUILDER_VERSION=sha256:988c0ba586263caeba4be4c03bd16eee055c9d066657951e320087bb8226ee39 --rm --user 1000:1000 -v "/home/max/.ROCKNIX/options:/home/max/.ROCKNIX/options"   -v /workspace/repos/rocknix.worktrees/m7-pixelelated-sm8550-02:/workspace/repos/rocknix.worktrees/m7-pixelelated-sm8550-01 -w /workspace/repos/rocknix.worktrees/m7-pixelelated-sm8550-01 -v /workspace/repos/rocknix/.git:/workspace/repos/rocknix/.git -v /workspace/cache/rocknix-sources:/workspace/repos/rocknix.worktrees/m7-pixelelated-sm8550-01/sources ghcr.io/pixelelated/build@sha256:988c0ba586263caeba4be4c03bd16eee055c9d066657951e320087bb8226ee39 make package-clean
make[1]: Entering directory '/workspace/repos/rocknix.worktrees/m7-pixelelated-sm8550-01'
./scripts/clean duckstation-sa
[1;31mCLEAN[0m      duckstation-sa
    [1;31m*[0m      [0;31mRemoving /workspace/repos/rocknix.worktrees/m7-pixelelated-sm8550-01/build.pixelelated-SM8550.aarch64/qa_checks/duckstation-sa-* ...[0m
make[1]: Leaving directory '/workspace/repos/rocknix.worktrees/m7-pixelelated-sm8550-01'
rm -f .env && [ ! -e .env ] || { echo "an older .env cannot be removed: no container started" >&2; exit 1; }; \
trap 'rm -f .env' EXIT; trap 'exit 130' INT TERM HUP; \
( umask 077 && set -C && ./scripts/get_env > .env ) || { echo "scripts/get_env failed: no container started" >&2; exit 1; }; \
BUILD_DIR=/workspace/repos/rocknix.worktrees/m7-pixelelated-sm8550-01  docker run   --init --env-file .env -e RASTERATOPS_BUILD_RUN -e BUILDER_NAME=pixelelated-build -e BUILDER_VERSION=sha256:988c0ba586263caeba4be4c03bd16eee055c9d066657951e320087bb8226ee39 --rm --user 1000:1000 -v "/home/max/.ROCKNIX/options:/home/max/.ROCKNIX/options"   -v /workspace/repos/rocknix.worktrees/m7-pixelelated-sm8550-02:/workspace/repos/rocknix.worktrees/m7-pixelelated-sm8550-01 -w /workspace/repos/rocknix.worktrees/m7-pixelelated-sm8550-01 -v /workspace/repos/rocknix/.git:/workspace/repos/rocknix/.git -v /workspace/cache/rocknix-sources:/workspace/repos/rocknix.worktrees/m7-pixelelated-sm8550-01/sources ghcr.io/pixelelated/build@sha256:988c0ba586263caeba4be4c03bd16eee055c9d066657951e320087bb8226ee39 make package-clean
make[1]: Entering directory '/workspace/repos/rocknix.worktrees/m7-pixelelated-sm8550-01'
./scripts/clean rocknix
[1;31mCLEAN[0m      rocknix
    [1;31m*[0m      [0;31mRemoving /workspace/repos/rocknix.worktrees/m7-pixelelated-sm8550-01/build.pixelelated-SM8550.aarch64/qa_checks/rocknix-* ...[0m
make[1]: Leaving directory '/workspace/repos/rocknix.worktrees/m7-pixelelated-sm8550-01'
rm -f .env && [ ! -e .env ] || { echo "an older .env cannot be removed: no container started" >&2; exit 1; }; \
trap 'rm -f .env' EXIT; trap 'exit 130' INT TERM HUP; \
( umask 077 && set -C && ./scripts/get_env > .env ) || { echo "scripts/get_env failed: no container started" >&2; exit 1; }; \
BUILD_DIR=/workspace/repos/rocknix.worktrees/m7-pixelelated-sm8550-01 ./tools/watch-build --docker -- docker run   --init --env-file .env -e RASTERATOPS_BUILD_RUN -e BUILDER_NAME=pixelelated-build -e BUILDER_VERSION=sha256:988c0ba586263caeba4be4c03bd16eee055c9d066657951e320087bb8226ee39 --rm --user 1000:1000 -v "/home/max/.ROCKNIX/options:/home/max/.ROCKNIX/options"   -v /workspace/repos/rocknix.worktrees/m7-pixelelated-sm8550-02:/workspace/repos/rocknix.worktrees/m7-pixelelated-sm8550-01 -w /workspace/repos/rocknix.worktrees/m7-pixelelated-sm8550-01 -v /workspace/repos/rocknix/.git:/workspace/repos/rocknix/.git -v /workspace/cache/rocknix-sources:/workspace/repos/rocknix.worktrees/m7-pixelelated-sm8550-01/sources -v /workspace/tmp/pixelelated-m7-sm8550-refresh-03:/workspace/tmp/pixelelated-m7-sm8550-refresh-03 -v /workspace/tmp/pixelelated-m7-sm8550-refresh-02/nix:/nix -v /workspace/tmp/pixelelated-m7-fex-header-control-01/runtime/nixpkgs:/workspace/tmp/pixelelated-m7-fex-header-control-01/runtime/nixpkgs:ro --name pixelelated-m7-sm8550-refresh03 --label pixelelated.m7.owner=sm8550-refresh03 --cidfile /workspace/tmp/pixelelated-m7-sm8550-refresh-03/build.cid ghcr.io/pixelelated/build@sha256:988c0ba586263caeba4be4c03bd16eee055c9d066657951e320087bb8226ee39 bash /workspace/tmp/pixelelated-m7-sm8550-refresh-03/inside-build.sh
PASS observed actual pinned SM8550 container and isolated stable-path mounts
PASS actual container and Nix gate before build
PASS unchanged accepted FEX build stamps, generated guest toolchains and package payload before rebuild
warning: $HOME ('/home/max') is not owned by you, falling back to the one defined in the 'passwd' file ('/home/docker')
{"utc": "2026-10-08T21:51:10.983603+00:00", "result": "PASS", "nix_version": "nix (Nix) 2.35.2", "nixpkgs_url": "https://releases.nixos.org/nixpkgs/nixpkgs-26.11pre1086972.7dd199b0e299/nixexprs.tar.xz", "rootfs": "/nix/store/hymgd36hiy3g3pj7pyj6a53q7rbaip3i-fex-dev-rootfs", "toolchain32": "/nix/store/a6b0pssdzris6023aqdgxvpvp3vqp8aw-toolchain_nix_x86_32.txt", "toolchain64": "/nix/store/0y77jl567k50s0mpaz6878rpqdbynfqc-toolchain_nix_x86_64.txt", "files": [{"path": "usr/bin/FEX", "sha256": "8db7af7da12410e129ee894cdd60c1cf678733da6c1824c3792a41f8fae2eb92", "bytes": 4184112, "bits": 64, "machine": 183}, {"path": "usr/share/fex-emu/GuestThunks_32/libEGL-guest.so", "sha256": "59756cd9600378896b8430941e324d2d627f2e2ead5480fe1f7deb740cf6fdb3", "bytes": 8780, "bits": 32, "machine": 3}, {"path": "usr/share/fex-emu/GuestThunks_32/libGL-guest.so", "sha256": "eb307799ca60941c88bc4e844775fef126ecbb6c1013ca63e3419363f9284a06", "bytes": 1627360, "bits": 32, "machine": 3}, {"path": "usr/share/fex-emu/GuestThunks_32/libVDSO-guest.so", "sha256": "48c9e9c20066a5543bb3bc801413942e67b2091c5d6315d84dde62d7be027d49", "bytes": 3352, "bits": 32, "machine": 3}, {"path": "usr/share/fex-emu/GuestThunks_32/libcuda-guest.so", "sha256": "274b05493b160f3bd1580de1c020c4f0b7baf29eef8685ff9e9459b580be1f4f", "bytes": 213464, "bits": 32, "machine": 3}, {"path": "usr/share/fex-emu/GuestThunks_32/libwayland-client-guest.so", "sha256": "de618860e289cda192c27be4276d3f9b8f45b6ece4e957886fef9ff3bc65ebe5", "bytes": 49644, "bits": 32, "machine": 3}, {"path": "usr/share/fex-emu/GuestThunks/libEGL-guest.so", "sha256": "75db32dbb1c036203acca5b80877713be95da41ad63db39da32a1748f9f769ab", "bytes": 10128, "bits": 64, "machine": 62}, {"path": "usr/share/fex-emu/GuestThunks/libGL-guest.so", "sha256": "c61aacff9738b6841f080b61ae87106abeb053ce20cd8519808c660a24633655", "bytes": 1700208, "bits": 64, "machine": 62}, {"path": "usr/share/fex-emu/GuestThunks/libVDSO-guest.so", "sha256": "8b43adf177e0df3cfe48e434b5e716d0c6e08a5aa747a40cc24927f24c5ab2a9", "bytes": 3584, "bits": 64, "machine": 62}, {"path": "usr/share/fex-emu/GuestThunks/libasound-guest.so", "sha256": "9acd7ab6c9d65ce6c8a33ba277a4cca3001d46cba3947c962f3948019446b75a", "bytes": 513376, "bits": 64, "machine": 62}, {"path": "usr/share/fex-emu/GuestThunks/libcuda-guest.so", "sha256": "8c65c1e48803b2b522053f2ee660a546322d9b6ba61457487778dbc1a1fe4cf5", "bytes": 332584, "bits": 64, "machine": 62}, {"path": "usr/share/fex-emu/GuestThunks/libdrm-guest.so", "sha256": "64ab6ca8cadc765447c150a9674cb3326145a5900103d82b40932cc570486a0d", "bytes": 50896, "bits": 64, "machine": 62}, {"path": "usr/share/fex-emu/GuestThunks/libvulkan-guest.so", "sha256": "4e470e11c58a44ccd64626a3b6281aea074e7c6b29e76e6dba3b8beead98da05", "bytes": 549616, "bits": 64, "machine": 62}, {"path": "usr/share/fex-emu/GuestThunks/libwayland-client-guest.so", "sha256": "5c2625fa110235d4a46d8d7fdd7be5495ec2a408b7096ec847ada2d7c8a553c4", "bytes": 45224, "bits": 64, "machine": 62}], "scope": "Complete FEX package: native AArch64 runtime and all installed x86 guest thunks; no native execution claim"}
make[1]: Entering directory '/workspace/repos/rocknix.worktrees/m7-pixelelated-sm8550-01'
unset DEVICE_ROOT
PROJECT=ROCKNIX DEVICE=SM8550 ARCH=arm ./scripts/build_distro
Building ROCKNIX for SM8550
Clean: lib32
[1;31mCLEAN[0m      lib32
    [1;31m*[0m      [0;31mRemoving /workspace/repos/rocknix.worktrees/m7-pixelelated-sm8550-01/build.pixelelated-SM8550.arm/qa_checks/lib32-* ...[0m
Clean: box86
[1;31mCLEAN[0m      box86
    [1;31m*[0m      [0;31mRemoving /workspace/repos/rocknix.worktrees/m7-pixelelated-sm8550-01/build.pixelelated-SM8550.arm/build/box86-39d3ed203323000c11f47b780f7468fa24a7185d ...[0m
    [1;31m*[0m      [0;31mRemoving /workspace/repos/rocknix.worktrees/m7-pixelelated-sm8550-01/build.pixelelated-SM8550.arm/install_pkg/box86-39d3ed203323000c11f47b780f7468fa24a7185d ...[0m
    [1;31m*[0m      [0;31mRemoving /workspace/repos/rocknix.worktrees/m7-pixelelated-sm8550-01/build.pixelelated-SM8550.arm/qa_checks/box86-* ...[0m
Clean: pcsx_rearmed-lr
[1;31mCLEAN[0m      pcsx_rearmed-lr
    [1;31m*[0m      [0;31mRemoving /workspace/repos/rocknix.worktrees/m7-pixelelated-sm8550-01/build.pixelelated-SM8550.arm/build/pcsx_rearmed-lr-da2cb8ecd17fd0932ab6d94774c0522beebce6e3 ...[0m
    [1;31m*[0m      [0;31mRemoving /workspace/repos/rocknix.worktrees/m7-pixelelated-sm8550-01/build.pixelelated-SM8550.arm/install_pkg/pcsx_rearmed-lr-da2cb8ecd17fd0932ab6d94774c0522beebce6e3 ...[0m
    [1;31m*[0m      [0;31mRemoving /workspace/repos/rocknix.worktrees/m7-pixelelated-sm8550-01/build.pixelelated-SM8550.arm/qa_checks/pcsx_rearmed-lr-* ...[0m
Clean: arm
[1;31mCLEAN[0m      arm
    [1;31m*[0m      [0;31mRemoving /workspace/repos/rocknix.worktrees/m7-pixelelated-sm8550-01/build.pixelelated-SM8550.arm/qa_checks/arm-* ...[0m
Clean: emulators
[1;31mCLEAN[0m      emulators
    [1;31m*[0m      [0;31mRemoving /workspace/repos/rocknix.worktrees/m7-pixelelated-sm8550-01/build.pixelelated-SM8550.arm/qa_checks/emulators-* ...[0m
Clean: system-utils
[1;31mCLEAN[0m      system-utils
    [1;31m*[0m      [0;31mRemoving /workspace/repos/rocknix.worktrees/m7-pixelelated-sm8550-01/build.pixelelated-SM8550.arm/qa_checks/system-utils-* ...[0m
Clean: modules
[1;31mCLEAN[0m      modules
    [1;31m*[0m      [0;31mRemoving /workspace/repos/rocknix.worktrees/m7-pixelelated-sm8550-01/build.pixelelated-SM8550.arm/qa_checks/modules-* ...[0m
Clean: quirks
[1;31mCLEAN[0m      quirks
    [1;31m*[0m      [0;31mRemoving /workspace/repos/rocknix.worktrees/m7-pixelelated-sm8550-01/build.pixelelated-SM8550.arm/qa_checks/quirks-* ...[0m
Clean: autostart
[1;31mCLEAN[0m      autostart
    [1;31m*[0m      [0;31mRemoving /workspace/repos/rocknix.worktrees/m7-pixelelated-sm8550-01/build.pixelelated-SM8550.arm/qa_checks/autostart-* ...[0m
Clean: rocknix
[1;31mCLEAN[0m      rocknix
    [1;31m*[0m      [0;31mRemoving /workspace/repos/rocknix.worktrees/m7-pixelelated-sm8550-01/build.pixelelated-SM8550.arm/qa_checks/rocknix-* ...[0m
Clean: kernel-firmware
[1;31mCLEAN[0m      kernel-firmware
    [1;31m*[0m      [0;31mRemoving /workspace/repos/rocknix.worktrees/m7-pixelelated-sm8550-01/build.pixelelated-SM8550.arm/qa_checks/kernel-firmware-* ...[0m
Prune old releases: pixelelated-SM8550.arm-*

 =================================================================================
 Configuration for pixelelated (community)
 =================================================================================

 Buildsystem configuration:
 ======================================================
 - CPU:					 cortex-a710
 - Kernel Architecture:			 arm64
 - Userland Architecture:		 arm
 - FLOAT:				 hard
 - FPU:					 crypto-neon-fp-armv8
 - CPU features:			 32bit neon
 - LTO (Link Time Optimization) support: yes
 - GOLD (Google Linker) Support:	 yes
 - MOLD (Modern Linker) Support:	 
 - Default Linker:			 
 - Accelerated arm libc functions:	 
 - LLVM support:			 no
 - DEBUG:				 no
 - CFLAGS:				 -march=armv9-a+fp16+crypto+i8mm+bf16 -mtune=cortex-a710 -mabi=aapcs-linux -Wno-psabi -Wa,-mno-warn-deprecated -mfloat-abi=hard -mfpu=crypto-neon-fp-armv8 -Wall -pipe 
 - LDFLAGS:				 -Wl,--as-needed
 - Local Ccache:			 no
 - CONFIG_SHELL:			 /bin/dash

 Misc. hardware configuration:
 ======================================================
 - ALSA support:			 
 - Pulseaudio support:			 
 - Bluetooth support:			 yes
 - VFD panel support:			 
 - Include firmware:			 extra-firmware

 Image Filesystems:
 ======================================================
 - Flash Size (MiB): 			 2048
 - Storage Size (MiB): 			 32
 - SquashFS Compression Method: 	 zstd

 Misc. Filesystems:
 ======================================================
 - Swap Support:			 yes
   - Swapfile default size:		 

 Network service configuration:
 ======================================================
 - Avahi (Zeroconf) support:		 yes
 - NFS mounting support:		 yes
 - SAMBA mounting support:		 no
 - SAMBA server support:		 yes
 - SFTP server support:			 yes
 - OpenVPN support:			 no
 - WireGuard support:			 yes

 Graphic configuration:
 ======================================================
 - Graphic Drivers:			 freedreno
 - Display Server:			 wl
 - Window Manager / Compositor:		 swaywm-env
 - OpenGL (GLX) support (provider):	 yes (mesa)
 - OpenGL ES support (provider):	 yes (mesa)
 - Vulkan API support (provider):	 yes (vulkan-loader)
 - Vulkan Graphic Drivers:		 freedreno

 Video Acceleration configuration:
 ======================================================
 - VA-API Support:			 no

 OS configuration:
 ======================================================
 - OEM Support:				 no
 - Default ROOT Password:		 rocknix
 - Bootloader:				 qcom-abl
 - UDevil support:			 yes
 - Installer support:			 no
 - Include package:			 gamepadcalibration
 - Include package:			 rocknix-abl
 - Include package:			 inputplumber

 =================================================================================
 End Configuration for pixelelated
 =================================================================================



Packages loaded : 1435
Build trigger(s): 1 [arm]
Package steps   : 245

[001/245] [DONE] build   configtools:host
<<< configtools:host seq 3 <<<
>>> configtools:host seq 3 >>>
[002/245] [DONE] build   alsa-ucm-conf:target
<<< alsa-ucm-conf:target seq 4 <<<
>>> alsa-ucm-conf:target seq 4 >>>
<<< make:host seq 2 <<<
>>> make:host seq 2 >>>
[003/245] [DONE] build   make:host
[004/245] [DONE] build   openssl:host
<<< openssl:host seq 1 <<<
>>> openssl:host seq 1 >>>
[005/245] [DONE] build   alsa-topology-conf:target
<<< alsa-topology-conf:target seq 5 <<<
>>> alsa-topology-conf:target seq 5 >>>
[006/245] [DONE] build   pkg-config:host
<<< pkg-config:host seq 6 <<<
>>> pkg-config:host seq 6 >>>
<<< xxHash:host seq 7 <<<
>>> xxHash:host seq 7 >>>
[007/245] [DONE] build   xxHash:host
<<< gettext:host seq 8 <<<
>>> gettext:host seq 8 >>>
[008/245] [DONE] build   gettext:host
<<< retroarch-assets:target seq 9 <<<
>>> retroarch-assets:target seq 9 >>>
[009/245] [DONE] build   retroarch-assets:target
<<< cmake:host seq 10 <<<
>>> cmake:host seq 10 >>>
[010/245] [DONE] build   cmake:host
<<< libfmt:host seq 12 <<<
>>> libfmt:host seq 12 >>>
[011/245] [DONE] build   libfmt:host
<<< zstd:host seq 11 <<<
>>> zstd:host seq 11 >>>
[012/245] [DONE] build   zstd:host
<<< ccache:host seq 13 <<<
>>> ccache:host seq 13 >>>
[013/245] [DONE] build   ccache:host
<<< bzip2:host seq 19 <<<
>>> bzip2:host seq 19 >>>
[014/245] [DONE] build   bzip2:host
<<< zlib:host seq 18 <<<
>>> zlib:host seq 18 >>>
[015/245] [DONE] build   zlib:host
<<< m4:host seq 15 <<<
>>> m4:host seq 15 >>>
[016/245] [DONE] build   m4:host
<<< sed:host seq 21 <<<
>>> sed:host seq 21 >>>
[017/245] [DONE] build   sed:host
[018/245] [DONE] build   7-zip:host
<<< 7-zip:host seq 14 <<<
>>> 7-zip:host seq 14 >>>
<<< ncurses:host seq 23 <<<
>>> ncurses:host seq 23 >>>
[019/245] [DONE] build   ncurses:host
<<< mpdecimal:host seq 20 <<<
>>> mpdecimal:host seq 20 >>>
[020/245] [DONE] build   mpdecimal:host
[021/245] [DONE] build   autoconf-archive:host
<<< autoconf-archive:host seq 16 <<<
>>> autoconf-archive:host seq 16 >>>
<<< intltool:host seq 17 <<<
>>> intltool:host seq 17 >>>
[022/245] [DONE] build   intltool:host
<<< pigz:host seq 24 <<<
>>> pigz:host seq 24 >>>
[023/245] [DONE] build   pigz:host
[024/245] [DONE] build   linux:host
<<< linux:host seq 22 <<<
>>> linux:host seq 22 >>>
[025/245] [DONE] build   autoconf:host
<<< autoconf:host seq 25 <<<
>>> autoconf:host seq 25 >>>
[026/245] [DONE] build   bison:host
<<< bison:host seq 26 <<<
>>> bison:host seq 26 >>>
[027/245] [DONE] build   gmp:host
<<< gmp:host seq 27 <<<
>>> gmp:host seq 27 >>>
<<< automake:host seq 28 <<<
>>> automake:host seq 28 >>>
[028/245] [DONE] build   automake:host
<<< mpfr:host seq 29 <<<
>>> mpfr:host seq 29 >>>
[029/245] [DONE] build   mpfr:host
<<< libtool:host seq 30 <<<
>>> libtool:host seq 30 >>>
[030/245] [DONE] build   libtool:host
<<< mpc:host seq 31 <<<
>>> mpc:host seq 31 >>>
[031/245] [DONE] build   mpc:host
[032/245] [DONE] build   util-linux:host
<<< util-linux:host seq 34 <<<
>>> util-linux:host seq 34 >>>
<<< autotools:host seq 32 <<<
>>> autotools:host seq 32 >>>
[033/245] [DONE] build   autotools:host
<<< libffi:host seq 33 <<<
>>> libffi:host seq 33 >>>
[034/245] [DONE] build   libffi:host
[035/245] [DONE] build   patchelf:host
<<< patchelf:host seq 36 <<<
>>> patchelf:host seq 36 >>>
<<< flex:host seq 35 <<<
>>> flex:host seq 35 >>>
[036/245] [DONE] build   flex:host
<<< Python3:host seq 37 <<<
>>> Python3:host seq 37 >>>
[037/245] [DONE] build   Python3:host
[038/245] [DONE] build   ninja:host
<<< ninja:host seq 39 <<<
>>> ninja:host seq 39 >>>
[039/245] [DONE] build   flit:host
<<< flit:host seq 40 <<<
>>> flit:host seq 40 >>>
[040/245] [DONE] build   binutils:host
<<< binutils:host seq 38 <<<
>>> binutils:host seq 38 >>>
[041/245] [DONE] build   expat:host
<<< expat:host seq 43 <<<
>>> expat:host seq 43 >>>
[042/245] [DONE] build   libxml2:host
<<< libxml2:host seq 41 <<<
>>> libxml2:host seq 41 >>>
[043/245] [DONE] build   pcre2:host
<<< pcre2:host seq 42 <<<
>>> pcre2:host seq 42 >>>
[044/245] [DONE] build   pyinstaller:host
<<< pyinstaller:host seq 44 <<<
>>> pyinstaller:host seq 44 >>>
[045/245] [DONE] build   gcc:bootstrap
<<< gcc:bootstrap seq 45 <<<
>>> gcc:bootstrap seq 45 >>>
[046/245] [DONE] build   libxslt:host
<<< libxslt:host seq 46 <<<
>>> libxslt:host seq 46 >>>
[047/245] [DONE] build   pyproject-hooks:host
<<< pyproject-hooks:host seq 47 <<<
>>> pyproject-hooks:host seq 47 >>>
[048/245] [DONE] build   glibc:target
<<< glibc:target seq 49 <<<
>>> glibc:target seq 49 >>>
[049/245] [DONE] build   pypackaging:host
<<< pypackaging:host seq 48 <<<
>>> pypackaging:host seq 48 >>>
[050/245] [DONE] build   xmlstarlet:host
<<< xmlstarlet:host seq 50 <<<
>>> xmlstarlet:host seq 50 >>>
[051/245] [DONE] build   libxcrypt:target
<<< libxcrypt:target seq 51 <<<
>>> libxcrypt:target seq 51 >>>
[052/245] [DONE] build   pybuild:host
<<< pybuild:host seq 52 <<<
>>> pybuild:host seq 52 >>>
<<< setuptools:host seq 54 <<<
>>> setuptools:host seq 54 >>>
[053/245] [DONE] build   setuptools:host
<<< gcc:host seq 53 <<<
>>> gcc:host seq 53 >>>
[054/245] [DONE] build   gcc:host
[055/245] [DONE] build   libgpg-error:target
<<< libgpg-error:target seq 64 <<<
>>> libgpg-error:target seq 64 >>>
<<< openssl:target seq 61 <<<
>>> openssl:target seq 61 >>>
[056/245] [DONE] build   openssl:target
[057/245] [DONE] build   libidn2:target
<<< libidn2:target seq 59 <<<
>>> libidn2:target seq 59 >>>
[058/245] [DONE] build   libdaemon:target
<<< libdaemon:target seq 68 <<<
>>> libdaemon:target seq 68 >>>
[059/245] [DONE] build   meson:host
<<< meson:host seq 55 <<<
>>> meson:host seq 55 >>>
[060/245] [DONE] build   pyyaml:host
<<< pyyaml:host seq 57 <<<
>>> pyyaml:host seq 57 >>>
[061/245] [DONE] build   zstd:target
<<< zstd:target seq 63 <<<
>>> zstd:target seq 63 >>>
<<< libjpeg-turbo:target seq 69 <<<
>>> libjpeg-turbo:target seq 69 >>>
[062/245] [DONE] build   libjpeg-turbo:target
<<< MarkupSafe:host seq 56 <<<
>>> MarkupSafe:host seq 56 >>>
[063/245] [DONE] build   MarkupSafe:host
[064/245] [DONE] build   lxml:host
<<< lxml:host seq 58 <<<
>>> lxml:host seq 58 >>>
<<< zlib:target seq 67 <<<
>>> zlib:target seq 67 >>>
[065/245] [DONE] build   zlib:target
[066/245] [DONE] build   pcre2:target
<<< pcre2:target seq 62 <<<
>>> pcre2:target seq 62 >>>
[067/245] [DONE] build   libcap:target
<<< libcap:target seq 60 <<<
>>> libcap:target seq 60 >>>
[068/245] [DONE] build   expat:target
<<< expat:target seq 65 <<<
>>> expat:target seq 65 >>>
[069/245] [DONE] build   bzip2:target
<<< bzip2:target seq 70 <<<
>>> bzip2:target seq 70 >>>
[070/245] [DONE] build   libffi:target
<<< libffi:target seq 66 <<<
>>> libffi:target seq 66 >>>
[071/245] [DONE] build   gmp:target
<<< gmp:target seq 71 <<<
>>> gmp:target seq 71 >>>
[072/245] [DONE] build   libgcrypt:target
<<< libgcrypt:target seq 72 <<<
>>> libgcrypt:target seq 72 >>>
<<< glib:host seq 76 <<<
>>> glib:host seq 76 >>>
[073/245] [DONE] build   glib:host
<<< toolchain:host seq 73 <<<
>>> toolchain:host seq 73 >>>
[074/245] [DONE] build   toolchain:host
[075/245] [DONE] build   pax-utils:host
<<< pax-utils:host seq 74 <<<
>>> pax-utils:host seq 74 >>>
<<< wayland:host seq 77 <<<
>>> wayland:host seq 77 >>>
[076/245] [DONE] build   wayland:host
[077/245] [DONE] build   kmod:target
<<< kmod:target seq 75 <<<
>>> kmod:target seq 75 >>>
[078/245] [DONE] build   Mako:host
<<< Mako:host seq 79 <<<
>>> Mako:host seq 79 >>>
[079/245] [DONE] build   Jinja2:host
<<< Jinja2:host seq 78 <<<
>>> Jinja2:host seq 78 >>>
<<< ncurses:target seq 80 <<<
>>> ncurses:target seq 80 >>>
[080/245] [DONE] build   ncurses:target
[081/245] [DONE] build   nettle:target
<<< nettle:target seq 81 <<<
>>> nettle:target seq 81 >>>
<<< toolchain:target seq 85 <<<
>>> toolchain:target seq 85 >>>
[082/245] [DONE] build   toolchain:target
<<< itstool:host seq 84 <<<
>>> itstool:host seq 84 >>>
[083/245] [DONE] build   itstool:host
[084/245] [DONE] build   hwdata:host
<<< hwdata:host seq 82 <<<
>>> hwdata:host seq 82 >>>
<<< glslang:host seq 83 <<<
>>> glslang:host seq 83 >>>
[085/245] [DONE] build   glslang:host
<<< readline:target seq 86 <<<
>>> readline:target seq 86 >>>
[086/245] [DONE] build   readline:target
[087/245] [DONE] build   gnutls:target
<<< gnutls:target seq 87 <<<
>>> gnutls:target seq 87 >>>
<<< speexdsp:target seq 97 <<<
>>> speexdsp:target seq 97 >>>
[088/245] [DONE] build   speexdsp:target
<<< util-macros:target seq 99 <<<
>>> util-macros:target seq 99 >>>
[089/245] [DONE] build   util-macros:target
<<< libtool:target seq 95 <<<
>>> libtool:target seq 95 >>>
[090/245] [DONE] build   libtool:target
<<< libxml2:target seq 98 <<<
>>> libxml2:target seq 98 >>>
[091/245] [DONE] build   libxml2:target
<<< arm-mem:target seq 89 <<<
>>> arm-mem:target seq 89 >>>
[092/245] [DONE] build   arm-mem:target
[093/245] [DONE] build   libxmp:target
<<< libxmp:target seq 107 <<<
>>> libxmp:target seq 107 >>>
<<< alsa-lib:target seq 92 <<<
>>> alsa-lib:target seq 92 >>>
[094/245] [DONE] build   alsa-lib:target
[095/245] [DONE] build   libogg:target
<<< libogg:target seq 93 <<<
>>> libogg:target seq 93 >>>
<<< libdisplay-info:target seq 108 <<<
>>> libdisplay-info:target seq 108 >>>
[096/245] [DONE] build   libdisplay-info:target
<<< libpthread-stubs:target seq 101 <<<
>>> libpthread-stubs:target seq 101 >>>
[097/245] [DONE] build   libpthread-stubs:target
<<< vulkan-headers:target seq 102 <<<
>>> vulkan-headers:target seq 102 >>>
[098/245] [DONE] build   vulkan-headers:target
[099/245] [DONE] build   tz:target
<<< tz:target seq 88 <<<
>>> tz:target seq 88 >>>
<<< util-linux:target seq 91 <<<
>>> util-linux:target seq 91 >>>
[100/245] [DONE] build   util-linux:target
<<< libiconv:target seq 106 <<<
>>> libiconv:target seq 106 >>>
[101/245] [DONE] build   libiconv:target
<<< wayland-protocols:target seq 100 <<<
>>> wayland-protocols:target seq 100 >>>
[102/245] [DONE] build   wayland-protocols:target
<<< opus:target seq 94 <<<
>>> opus:target seq 94 >>>
[103/245] [DONE] build   opus:target
<<< gcem:target seq 104 <<<
>>> gcem:target seq 104 >>>
[104/245] [DONE] build   gcem:target
[105/245] [DONE] build   libmodplug:target
<<< libmodplug:target seq 105 <<<
>>> libmodplug:target seq 105 >>>
<<< gcc:target seq 90 <<<
>>> gcc:target seq 90 >>>
[106/245] [DONE] build   gcc:target
[107/245] [DONE] build   libpng:target
<<< libpng:target seq 103 <<<
>>> libpng:target seq 103 >>>
<<< soxr:target seq 96 <<<
>>> soxr:target seq 96 >>>
[108/245] [DONE] build   soxr:target
<<< libevdev:target seq 109 <<<
>>> libevdev:target seq 109 >>>
[109/245] [DONE] build   libevdev:target
<<< mtdev:target seq 110 <<<
>>> mtdev:target seq 110 >>>
[110/245] [DONE] build   mtdev:target
<<< fribidi:target seq 111 <<<
>>> fribidi:target seq 111 >>>
[111/245] [DONE] build   fribidi:target
<<< libpciaccess:target seq 113 <<<
>>> libpciaccess:target seq 113 >>>
[112/245] [DONE] build   libpciaccess:target
<<< flac:target seq 119 <<<
>>> flac:target seq 119 >>>
[113/245] [DONE] build   flac:target
[114/245] [DONE] build   json-c:target
<<< json-c:target seq 112 <<<
>>> json-c:target seq 112 >>>
<<< gettext:target seq 115 <<<
>>> gettext:target seq 115 >>>
[115/245] [DONE] build   gettext:target
<<< xtrans:target seq 114 <<<
>>> xtrans:target seq 114 >>>
[116/245] [DONE] build   xtrans:target
[117/245] [DONE] build   wayland:target
<<< wayland:target seq 116 <<<
>>> wayland:target seq 116 >>>
<<< xorgproto:target seq 117 <<<
>>> xorgproto:target seq 117 >>>
[118/245] [DONE] build   xorgproto:target
[119/245] [DONE] build   xcb-proto:target
<<< xcb-proto:target seq 118 <<<
>>> xcb-proto:target seq 118 >>>
[120/245] [DONE] build   pixman:target
<<< pixman:target seq 129 <<<
>>> pixman:target seq 129 >>>
<<< libvorbis:target seq 120 <<<
>>> libvorbis:target seq 120 >>>
[121/245] [DONE] build   libvorbis:target
<<< xkeyboard-config:target seq 121 <<<
>>> xkeyboard-config:target seq 121 >>>
[122/245] [DONE] build   xkeyboard-config:target
[123/245] [DONE] build   volk:target
<<< volk:target seq 122 <<<
>>> volk:target seq 122 >>>
[124/245] [DONE] build   libc:target
<<< libc:target seq 123 <<<
>>> libc:target seq 123 >>>
<<< systemd:target seq 124 <<<
>>> systemd:target seq 124 >>>
[125/245] [DONE] build   systemd:target
[126/245] [DONE] build   glib:target
<<< glib:target seq 125 <<<
>>> glib:target seq 125 >>>
[127/245] [DONE] build   wavpack:target
<<< wavpack:target seq 128 <<<
>>> wavpack:target seq 128 >>>
[128/245] [DONE] build   openal-soft:target
<<< openal-soft:target seq 126 <<<
>>> openal-soft:target seq 126 >>>
<<< opusfile:target seq 127 <<<
>>> opusfile:target seq 127 >>>
[129/245] [DONE] build   opusfile:target
<<< font-util:target seq 130 <<<
>>> font-util:target seq 130 >>>
[130/245] [DONE] build   font-util:target
[131/245] [DONE] build   freetype:target
<<< freetype:target seq 131 <<<
>>> freetype:target seq 131 >>>
[132/245] [DONE] build   libxcvt:target
<<< libxcvt:target seq 132 <<<
>>> libxcvt:target seq 132 >>>
<<< jasper:target seq 133 <<<
>>> jasper:target seq 133 >>>
[133/245] [DONE] build   jasper:target
<<< shared-mime-info:host seq 134 <<<
>>> shared-mime-info:host seq 134 >>>
[134/245] [DONE] build   shared-mime-info:host
[135/245] [DONE] build   tiff:target
<<< tiff:target seq 135 <<<
>>> tiff:target seq 135 >>>
[136/245] [DONE] build   libdrm:target
<<< libdrm:target seq 136 <<<
>>> libdrm:target seq 136 >>>
[137/245] [DONE] build   tllist:target
<<< tllist:target seq 137 <<<
>>> tllist:target seq 137 >>>
[138/245] [DONE] build   libdatrie:target
<<< libdatrie:target seq 138 <<<
>>> libdatrie:target seq 138 >>>
<<< libwebp:target seq 139 <<<
>>> libwebp:target seq 139 >>>
[139/245] [DONE] build   libwebp:target
<<< libICE:target seq 140 <<<
>>> libICE:target seq 140 >>>
[140/245] [DONE] build   libICE:target
[141/245] [DONE] build   wlr-randr:target
<<< wlr-randr:target seq 141 <<<
>>> wlr-randr:target seq 141 >>>
<<< dbus:target seq 150 <<<
>>> dbus:target seq 150 >>>
[142/245] [DONE] build   dbus:target
<<< libXau:target seq 142 <<<
>>> libXau:target seq 142 >>>
[143/245] [DONE] build   libXau:target
[144/245] [DONE] build   libxshmfence:target
<<< libxshmfence:target seq 143 <<<
>>> libxshmfence:target seq 143 >>>
[145/245] [DONE] build   jsoncpp:target
<<< jsoncpp:target seq 144 <<<
>>> jsoncpp:target seq 144 >>>
[146/245] [DONE] build   libsndfile:target
<<< libsndfile:target seq 145 <<<
>>> libsndfile:target seq 145 >>>
<<< grim:target seq 146 <<<
>>> grim:target seq 146 >>>
[147/245] [DONE] build   grim:target
<<< oniguruma:target seq 147 <<<
>>> oniguruma:target seq 147 >>>
[148/245] [DONE] build   oniguruma:target
<<< sbc:target seq 148 <<<
>>> sbc:target seq 148 >>>
[149/245] [DONE] build   sbc:target
[150/245] [DONE] build   libusb:target
<<< libusb:target seq 149 <<<
>>> libusb:target seq 149 >>>
<<< libinput:target seq 151 <<<
>>> libinput:target seq 151 >>>
[151/245] [DONE] build   libinput:target
[152/245] [DONE] build   json-glib:target
<<< json-glib:target seq 152 <<<
>>> json-glib:target seq 152 >>>
[153/245] [DONE] build   seatd:target
<<< seatd:target seq 153 <<<
>>> seatd:target seq 153 >>>
<<< libfontenc:target seq 154 <<<
>>> libfontenc:target seq 154 >>>
[154/245] [DONE] build   libfontenc:target
<<< fontconfig:target seq 155 <<<
>>> fontconfig:target seq 155 >>>
[155/245] [DONE] build   fontconfig:target
[156/245] [DONE] build   xorg-launch-helper:target
<<< xorg-launch-helper:target seq 156 <<<
>>> xorg-launch-helper:target seq 156 >>>
[157/245] [DONE] build   ldacBT:target
<<< ldacBT:target seq 157 <<<
>>> ldacBT:target seq 157 >>>
[158/245] [DONE] build   shared-mime-info:target
<<< shared-mime-info:target seq 158 <<<
>>> shared-mime-info:target seq 158 >>>
[159/245] [DONE] build   libfreeaptx:target
<<< libfreeaptx:target seq 159 <<<
>>> libfreeaptx:target seq 159 >>>
<<< fdk-aac:target seq 160 <<<
>>> fdk-aac:target seq 160 >>>
[160/245] [DONE] build   fdk-aac:target
<<< dav1d:target seq 165 <<<
>>> dav1d:target seq 165 >>>
[161/245] [DONE] build   dav1d:target
<<< core-info:target seq 161 <<<
>>> core-info:target seq 161 >>>
[162/245] [DONE] build   core-info:target
<<< libthai:target seq 162 <<<
>>> libthai:target seq 162 >>>
[163/245] [DONE] build   libthai:target
<<< speex:target seq 163 <<<
>>> speex:target seq 163 >>>
[164/245] [DONE] build   speex:target
[165/245] [DONE] build   libSM:target
<<< libSM:target seq 164 <<<
>>> libSM:target seq 164 >>>
[166/245] [DONE] build   avahi:target
<<< avahi:target seq 166 <<<
>>> avahi:target seq 166 >>>
[167/245] [DONE] build   libxcb:target
<<< libxcb:target seq 167 <<<
>>> libxcb:target seq 167 >>>
[168/245] [DONE] build   bluez:target
<<< bluez:target seq 168 <<<
>>> bluez:target seq 168 >>>
<<< joyutils:target seq 169 <<<
>>> joyutils:target seq 169 >>>
[169/245] [DONE] build   joyutils:target
[170/245] [DONE] build   fluidsynth:target
<<< fluidsynth:target seq 170 <<<
>>> fluidsynth:target seq 170 >>>
[171/245] [DONE] build   libvorbisidec:target
<<< libvorbisidec:target seq 171 <<<
>>> libvorbisidec:target seq 171 >>>
[172/245] [DONE] build   jq:target
<<< jq:target seq 172 <<<
>>> jq:target seq 172 >>>
<<< libvpx:target seq 173 <<<
>>> libvpx:target seq 173 >>>
[173/245] [DONE] build   libvpx:target
<<< miniupnpc:target seq 174 <<<
>>> miniupnpc:target seq 174 >>>
[174/245] [DONE] build   miniupnpc:target
<<< xz:target seq 175 <<<
>>> xz:target seq 175 >>>
[175/245] [DONE] build   xz:target
[176/245] [DONE] build   cups:target
<<< cups:target seq 176 <<<
>>> cups:target seq 176 >>>
<<< libfmt:target seq 177 <<<
>>> libfmt:target seq 177 >>>
[177/245] [DONE] build   libfmt:target
[178/245] [DONE] build   libXfont2:target
<<< libXfont2:target seq 178 <<<
>>> libXfont2:target seq 178 >>>
<<< fcft:target seq 179 <<<
>>> fcft:target seq 179 >>>
[179/245] [DONE] build   fcft:target
<<< libpcap:target seq 180 <<<
>>> libpcap:target seq 180 >>>
[180/245] [DONE] build   libpcap:target
[181/245] [DONE] build   gpsp-lr:target
<<< gpsp-lr:target seq 181 <<<
>>> gpsp-lr:target seq 181 >>>
<<< gdk-pixbuf:target seq 182 <<<
>>> gdk-pixbuf:target seq 182 >>>
[182/245] [DONE] build   gdk-pixbuf:target
[183/245] [DONE] build   pulseaudio:target
<<< pulseaudio:target seq 185 <<<
>>> pulseaudio:target seq 185 >>>
[184/245] [DONE] build   ffmpeg:target
<<< ffmpeg:target seq 184 <<<
>>> ffmpeg:target seq 184 >>>
[185/245] [DONE] build   xcb-util-wm:target
<<< xcb-util-wm:target seq 189 <<<
>>> xcb-util-wm:target seq 189 >>>
[186/245] [DONE] build   libxkbcommon:target
<<< libxkbcommon:target seq 188 <<<
>>> libxkbcommon:target seq 188 >>>
<<< libX11:target seq 187 <<<
>>> libX11:target seq 187 >>>
[187/245] [DONE] build   libX11:target
<<< nss-mdns:target seq 186 <<<
>>> nss-mdns:target seq 186 >>>
[188/245] [DONE] build   nss-mdns:target
<<< foot:target seq 190 <<<
>>> foot:target seq 190 >>>
[189/245] [DONE] build   foot:target
[190/245] [DONE] build   libxkbfile:target
<<< libxkbfile:target seq 194 <<<
>>> libxkbfile:target seq 194 >>>
[191/245] [DONE] build   libXdmcp:target
<<< libXdmcp:target seq 196 <<<
>>> libXdmcp:target seq 196 >>>
<<< libXext:target seq 191 <<<
>>> libXext:target seq 191 >>>
[192/245] [DONE] build   libXext:target
<<< libXrender:target seq 192 <<<
>>> libXrender:target seq 192 >>>
[193/245] [DONE] build   libXrender:target
[194/245] [DONE] build   libXt:target
<<< libXt:target seq 195 <<<
>>> libXt:target seq 195 >>>
[195/245] [DONE] build   libXfixes:target
<<< libXfixes:target seq 193 <<<
>>> libXfixes:target seq 193 >>>
[196/245] [DONE] build   xkbcomp:target
<<< xkbcomp:target seq 197 <<<
>>> xkbcomp:target seq 197 >>>
<<< libglvnd:target seq 198 <<<
>>> libglvnd:target seq 198 >>>
[197/245] [DONE] build   libglvnd:target
[198/245] [DONE] build   libXxf86vm:target
<<< libXxf86vm:target seq 200 <<<
>>> libXxf86vm:target seq 200 >>>
<<< libXinerama:target seq 199 <<<
>>> libXinerama:target seq 199 >>>
[199/245] [DONE] build   libXinerama:target
<<< libXft:target seq 202 <<<
>>> libXft:target seq 202 >>>
[200/245] [DONE] build   libXft:target
<<< libXmu:target seq 203 <<<
>>> libXmu:target seq 203 >>>
[201/245] [DONE] build   libXmu:target
<<< libXrandr:target seq 201 <<<
>>> libXrandr:target seq 201 >>>
[202/245] [DONE] build   libXrandr:target
<<< libXcursor:target seq 204 <<<
>>> libXcursor:target seq 204 >>>
[203/245] [DONE] build   libXcursor:target
<<< libXi:target seq 205 <<<
>>> libXi:target seq 205 >>>
[204/245] [DONE] build   libXi:target
[205/245] [DONE] build   libXcomposite:target
<<< libXcomposite:target seq 207 <<<
>>> libXcomposite:target seq 207 >>>
<<< libXdamage:target seq 206 <<<
>>> libXdamage:target seq 206 >>>
[206/245] [DONE] build   libXdamage:target
<<< libXpm:target seq 208 <<<
>>> libXpm:target seq 208 >>>
[207/245] [DONE] build   libXpm:target
<<< xrandr:target seq 210 <<<
>>> xrandr:target seq 210 >>>
[208/245] [DONE] build   xrandr:target
<<< vulkan-loader:target seq 209 <<<
>>> vulkan-loader:target seq 209 >>>
[209/245] [DONE] build   vulkan-loader:target
<<< libXtst:target seq 212 <<<
>>> libXtst:target seq 212 >>>
[210/245] [DONE] build   libXtst:target
<<< glfw:target seq 211 <<<
>>> glfw:target seq 211 >>>
[211/245] [DONE] build   glfw:target
[212/245] [DONE] build   libXaw:target
<<< libXaw:target seq 213 <<<
>>> libXaw:target seq 213 >>>
<<< pipewire:target seq 215 <<<
>>> pipewire:target seq 215 >>>
[213/245] [DONE] build   pipewire:target
[214/245] [DONE] build   vulkan-tools:target
<<< vulkan-tools:target seq 214 <<<
>>> vulkan-tools:target seq 214 >>>
<<< mesa:target seq 216 <<<
>>> mesa:target seq 216 >>>
[215/245] [DONE] build   mesa:target
<<< libepoxy:target seq 219 <<<
>>> libepoxy:target seq 219 >>>
[216/245] [DONE] build   libepoxy:target
<<< cairo:target seq 218 <<<
>>> cairo:target seq 218 >>>
[217/245] [DONE] build   cairo:target
<<< glu:target seq 217 <<<
>>> glu:target seq 217 >>>
[218/245] [DONE] build   glu:target
<<< glm:target seq 220 <<<
>>> glm:target seq 220 >>>
[219/245] [DONE] build   glm:target
[220/245] [DONE] build   swayimg:target
<<< swayimg:target seq 223 <<<
>>> swayimg:target seq 223 >>>
<<< harfbuzz:target seq 222 <<<
>>> harfbuzz:target seq 222 >>>
[221/245] [DONE] build   harfbuzz:target
[222/245] [DONE] build   desmume-lr:target
<<< desmume-lr:target seq 225 <<<
>>> desmume-lr:target seq 225 >>>
<<< SDL2:target seq 224 <<<
>>> SDL2:target seq 224 >>>
[223/245] [DONE] build   SDL2:target
<<< xwayland:target seq 221 <<<
>>> xwayland:target seq 221 >>>
[224/245] [DONE] build   xwayland:target
[225/245] [DONE] build   SDL2_ttf:target
<<< SDL2_ttf:target seq 232 <<<
>>> SDL2_ttf:target seq 232 >>>
<<< libass:target seq 227 <<<
>>> libass:target seq 227 >>>
[226/245] [DONE] build   libass:target
<<< pango:target seq 226 <<<
>>> pango:target seq 226 >>>
[227/245] [DONE] build   pango:target
[228/245] [DONE] build   mpg123:target
<<< mpg123:target seq 230 <<<
>>> mpg123:target seq 230 >>>
<<< SDL2_gfx:target seq 228 <<<
>>> SDL2_gfx:target seq 228 >>>
[229/245] [DONE] build   SDL2_gfx:target
<<< SDL2_image:target seq 229 <<<
>>> SDL2_image:target seq 229 >>>
[230/245] [DONE] build   SDL2_image:target
<<< SDL2_net:target seq 231 <<<
>>> SDL2_net:target seq 231 >>>
[231/245] [DONE] build   SDL2_net:target
[232/245] [DONE] build   xterm:target
<<< xterm:target seq 235 <<<
>>> xterm:target seq 235 >>>
<<< wlroots:target seq 234 <<<
>>> wlroots:target seq 234 >>>
[233/245] [DONE] build   wlroots:target
[234/245] [DONE] build   bemenu:target
<<< bemenu:target seq 238 <<<
>>> bemenu:target seq 238 >>>
[235/245] [DONE] build   retroarch:target
<<< retroarch:target seq 236 <<<
>>> retroarch:target seq 236 >>>
<<< swaybg:target seq 237 <<<
>>> swaybg:target seq 237 >>>
[236/245] [DONE] build   swaybg:target
<<< SDL2_mixer:target seq 239 <<<
>>> SDL2_mixer:target seq 239 >>>
[237/245] [DONE] build   SDL2_mixer:target
[238/245] [DONE] build   sway:target
<<< sway:target seq 240 <<<
>>> sway:target seq 240 >>>
[239/245] [DONE] build   rocknix-screenshot:target
<<< rocknix-screenshot:target seq 241 <<<
>>> rocknix-screenshot:target seq 241 >>>
<<< swaywm-env:target seq 242 <<<
>>> swaywm-env:target seq 242 >>>
[240/245] [DONE] build   swaywm-env:target
<<< glew:target seq 243 <<<
>>> glew:target seq 243 >>>
[241/245] [DONE] build   glew:target
[242/245] [DONE] build   daedalusx64-sa:target
<<< daedalusx64-sa:target seq 244 <<<
>>> daedalusx64-sa:target seq 244 >>>
<<< pcsx_rearmed-lr:target seq 183 <<<
[1;36mUNPACK[0m      pcsx_rearmed-lr
    [1;32mAPPLY PATCH [1;37m(common - arm)[0m[0m      projects/ROCKNIX/packages/emulators/libretro/pcsx_rearmed-lr/patches/arm/pcsx_rearmed-add_platform.patch
patching file Makefile.libretro
Hunk #1 succeeded at 501 (offset 116 lines).
    [1;32mAPPLY PATCH [1;37m(common - arm)[0m[0m      projects/ROCKNIX/packages/emulators/libretro/pcsx_rearmed-lr/patches/arm/pcsx_rearmed-patch-enable-threaded-rendering.patch
patching file frontend/libretro_core_options.h
Hunk #1 succeeded at 827 with fuzz 1 (offset -21 lines).
[1;33mBUILD[0m      pcsx_rearmed-lr [1;37m(target)[0m
    [1;35mTOOLCHAIN[0m      make
Executing (target): make -f Makefile.libretro -C .. GIT_VERSION=da2cb8ecd17fd0932ab6d94774c0522beebce6e3 platform=SM8550
make[2]: Entering directory '/workspace/repos/rocknix.worktrees/m7-pixelelated-sm8550-01/build.pixelelated-SM8550.arm/build/pcsx_rearmed-lr-da2cb8ecd17fd0932ab6d94774c0522beebce6e3'
TARGET:      pcsx_rearmed_libretro.so
platform:    SM8550
ARCH:        arm
DYNAREC:     ari64
BUILTIN_GPU: neon
NEON_ASM:    1
CC:          /workspace/repos/rocknix.worktrees/m7-pixelelated-sm8550-01/build.pixelelated-SM8550.arm/toolchain/bin/armv9a-rocknix-linux-gnueabi-gcc : armv9a-rocknix-linux-gnueabi-gcc-15.2.0 (GCC) 15.2.0
CFLAGS:      -march=armv9-a+fp16+crypto+i8mm+bf16 -mtune=cortex-a710 -mabi=aapcs-linux -Wno-psabi -Wa,-mno-warn-deprecated -mfloat-abi=hard -mfpu=crypto-neon-fp-armv8 -Wall -pipe  -O2 -fomit-frame-pointer -DNDEBUG -DGIT_VERSION=\"da2cb8ecd17fd0932ab6d94774c0522beebce6e3\" -marm -fPIC -D_FILE_OFFSET_BITS=64 
MAIN_LDLIBS: -lpthread -lm -ldl 

/workspace/repos/rocknix.worktrees/m7-pixelelated-sm8550-01/build.pixelelated-SM8550.arm/toolchain/bin/armv9a-rocknix-linux-gnueabi-gcc  -march=armv9-a+fp16+crypto+i8mm+bf16 -mtune=cortex-a710 -mabi=aapcs-linux -Wno-psabi -Wa,-mno-warn-deprecated -mfloat-abi=hard -mfpu=crypto-neon-fp-armv8 -Wall -pipe  -O2 -fomit-frame-pointer -DNDEBUG -DGIT_VERSION=\"da2cb8ecd17fd0932ab6d94774c0522beebce6e3\" -marm -fPIC -D_FILE_OFFSET_BITS=64  -Wall -Iinclude -ffast-math -Ofast -DNDEBUG -ffunction-sections -fdata-sections -DP_HAVE_MMAP=1 -DP_HAVE_POSIX_MEMALIGN=1 -DDISABLE_MEM_LUTS=0 -DGPU_NEON -DHAVE_CHD -Ideps/libchdr/include -Ideps/libchdr/deps/miniz-3.1.1 -DUSE_MINIZ -DHAVE_CDROM -DUSE_LIBRETRO_VFS -DHAVE_LIBRETRO -Ideps/libretro-common/include -DNO_FRONTEND  -Wno-unused-function -MMD -MP -c libpcsxcore/cdriso.c -o libpcsxcore/cdriso.o
/workspace/repos/rocknix.worktrees/m7-pixelelated-sm8550-01/build.pixelelated-SM8550.arm/toolchain/bin/armv9a-rocknix-linux-gnueabi-gcc  -march=armv9-a+fp16+crypto+i8mm+bf16 -mtune=cortex-a710 -mabi=aapcs-linux -Wno-psabi -Wa,-mno-warn-deprecated -mfloat-abi=hard -mfpu=crypto-neon-fp-armv8 -Wall -pipe  -O2 -fomit-frame-pointer -DNDEBUG -DGIT_VERSION=\"da2cb8ecd17fd0932ab6d94774c0522beebce6e3\" -marm -fPIC -D_FILE_OFFSET_BITS=64  -Wall -Iinclude -ffast-math -Ofast -DNDEBUG -ffunction-sections -fdata-sections -DP_HAVE_MMAP=1 -DP_HAVE_POSIX_MEMALIGN=1 -DDISABLE_MEM_LUTS=0 -DGPU_NEON -DHAVE_CHD -Ideps/libchdr/include -Ideps/libchdr/deps/miniz-3.1.1 -DUSE_MINIZ -DHAVE_CDROM -DUSE_LIBRETRO_VFS -DHAVE_LIBRETRO -Ideps/libretro-common/include -DNO_FRONTEND  -MMD -MP -c libpcsxcore/cdrom.c -o libpcsxcore/cdrom.o
/workspace/repos/rocknix.worktrees/m7-pixelelated-sm8550-01/build.pixelelated-SM8550.arm/toolchain/bin/armv9a-rocknix-linux-gnueabi-gcc  -march=armv9-a+fp16+crypto+i8mm+bf16 -mtune=cortex-a710 -mabi=aapcs-linux -Wno-psabi -Wa,-mno-warn-deprecated -mfloat-abi=hard -mfpu=crypto-neon-fp-armv8 -Wall -pipe  -O2 -fomit-frame-pointer -DNDEBUG -DGIT_VERSION=\"da2cb8ecd17fd0932ab6d94774c0522beebce6e3\" -marm -fPIC -D_FILE_OFFSET_BITS=64  -Wall -Iinclude -ffast-math -Ofast -DNDEBUG -ffunction-sections -fdata-sections -DP_HAVE_MMAP=1 -DP_HAVE_POSIX_MEMALIGN=1 -DDISABLE_MEM_LUTS=0 -DGPU_NEON -DHAVE_CHD -Ideps/libchdr/include -Ideps/libchdr/deps/miniz-3.1.1 -DUSE_MINIZ -DHAVE_CDROM -DUSE_LIBRETRO_VFS -DHAVE_LIBRETRO -Ideps/libretro-common/include -DNO_FRONTEND  -DUSE_ASYNC_CDROM -MMD -MP -c libpcsxcore/cdrom-async.c -o libpcsxcore/cdrom-async.o
/workspace/repos/rocknix.worktrees/m7-pixelelated-sm8550-01/build.pixelelated-SM8550.arm/toolchain/bin/armv9a-rocknix-linux-gnueabi-gcc  -march=armv9-a+fp16+crypto+i8mm+bf16 -mtune=cortex-a710 -mabi=aapcs-linux -Wno-psabi -Wa,-mno-warn-deprecated -mfloat-abi=hard -mfpu=crypto-neon-fp-armv8 -Wall -pipe  -O2 -fomit-frame-pointer -DNDEBUG -DGIT_VERSION=\"da2cb8ecd17fd0932ab6d94774c0522beebce6e3\" -marm -fPIC -D_FILE_OFFSET_BITS=64  -Wall -Iinclude -ffast-math -Ofast -DNDEBUG -ffunction-sections -fdata-sections -DP_HAVE_MMAP=1 -DP_HAVE_POSIX_MEMALIGN=1 -DDISABLE_MEM_LUTS=0 -DGPU_NEON -DHAVE_CHD -Ideps/libchdr/include -Ideps/libchdr/deps/miniz-3.1.1 -DUSE_MINIZ -DHAVE_CDROM -DUSE_LIBRETRO_VFS -DHAVE_LIBRETRO -Ideps/libretro-common/include -DNO_FRONTEND  -MMD -MP -c libpcsxcore/cheat.c -o libpcsxcore/cheat.o
/workspace/repos/rocknix.worktrees/m7-pixelelated-sm8550-01/build.pixelelated-SM8550.arm/toolchain/bin/armv9a-rocknix-linux-gnueabi-gcc  -march=armv9-a+fp16+crypto+i8mm+bf16 -mtune=cortex-a710 -mabi=aapcs-linux -Wno-psabi -Wa,-mno-warn-deprecated -mfloat-abi=hard -mfpu=crypto-neon-fp-armv8 -Wall -pipe  -O2 -fomit-frame-pointer -DNDEBUG -DGIT_VERSION=\"da2cb8ecd17fd0932ab6d94774c0522beebce6e3\" -marm -fPIC -D_FILE_OFFSET_BITS=64  -Wall -Iinclude -ffast-math -Ofast -DNDEBUG -ffunction-sections -fdata-sections -DP_HAVE_MMAP=1 -DP_HAVE_POSIX_MEMALIGN=1 -DDISABLE_MEM_LUTS=0 -DGPU_NEON -DHAVE_CHD -Ideps/libchdr/include -Ideps/libchdr/deps/miniz-3.1.1 -DUSE_MINIZ -DHAVE_CDROM -DUSE_LIBRETRO_VFS -DHAVE_LIBRETRO -Ideps/libretro-common/include -DNO_FRONTEND  -MMD -MP -c libpcsxcore/database.c -o libpcsxcore/database.o
/workspace/repos/rocknix.worktrees/m7-pixelelated-sm8550-01/build.pixelelated-SM8550.arm/toolchain/bin/armv9a-rocknix-linux-gnueabi-gcc  -march=armv9-a+fp16+crypto+i8mm+bf16 -mtune=cortex-a710 -mabi=aapcs-linux -Wno-psabi -Wa,-mno-warn-deprecated -mfloat-abi=hard -mfpu=crypto-neon-fp-armv8 -Wall -pipe  -O2 -fomit-frame-pointer -DNDEBUG -DGIT_VERSION=\"da2cb8ecd17fd0932ab6d94774c0522beebce6e3\" -marm -fPIC -D_FILE_OFFSET_BITS=64  -Wall -Iinclude -ffast-math -Ofast -DNDEBUG -ffunction-sections -fdata-sections -DP_HAVE_MMAP=1 -DP_HAVE_POSIX_MEMALIGN=1 -DDISABLE_MEM_LUTS=0 -DGPU_NEON -DHAVE_CHD -Ideps/libchdr/include -Ideps/libchdr/deps/miniz-3.1.1 -DUSE_MINIZ -DHAVE_CDROM -DUSE_LIBRETRO_VFS -DHAVE_LIBRETRO -Ideps/libretro-common/include -DNO_FRONTEND  -MMD -MP -c libpcsxcore/decode_xa.c -o libpcsxcore/decode_xa.o
/workspace/repos/rocknix.worktrees/m7-pixelelated-sm8550-01/build.pixelelated-SM8550.arm/toolchain/bin/armv9a-rocknix-linux-gnueabi-gcc  -march=armv9-a+fp16+crypto+i8mm+bf16 -mtune=cortex-a710 -mabi=aapcs-linux -Wno-psabi -Wa,-mno-warn-deprecated -mfloat-abi=hard -mfpu=crypto-neon-fp-armv8 -Wall -pipe  -O2 -fomit-frame-pointer -DNDEBUG -DGIT_VERSION=\"da2cb8ecd17fd0932ab6d94774c0522beebce6e3\" -marm -fPIC -D_FILE_OFFSET_BITS=64  -Wall -Iinclude -ffast-math -Ofast -DNDEBUG -ffunction-sections -fdata-sections -DP_HAVE_MMAP=1 -DP_HAVE_POSIX_MEMALIGN=1 -DDISABLE_MEM_LUTS=0 -DGPU_NEON -DHAVE_CHD -Ideps/libchdr/include -Ideps/libchdr/deps/miniz-3.1.1 -DUSE_MINIZ -DHAVE_CDROM -DUSE_LIBRETRO_VFS -DHAVE_LIBRETRO -Ideps/libretro-common/include -DNO_FRONTEND  -MMD -MP -c libpcsxcore/mdec.c -o libpcsxcore/mdec.o
/workspace/repos/rocknix.worktrees/m7-pixelelated-sm8550-01/build.pixelelated-SM8550.arm/toolchain/bin/armv9a-rocknix-linux-gnueabi-gcc  -march=armv9-a+fp16+crypto+i8mm+bf16 -mtune=cortex-a710 -mabi=aapcs-linux -Wno-psabi -Wa,-mno-warn-deprecated -mfloat-abi=hard -mfpu=crypto-neon-fp-armv8 -Wall -pipe  -O2 -fomit-frame-pointer -DNDEBUG -DGIT_VERSION=\"da2cb8ecd17fd0932ab6d94774c0522beebce6e3\" -marm -fPIC -D_FILE_OFFSET_BITS=64  -Wall -Iinclude -ffast-math -Ofast -DNDEBUG -ffunction-sections -fdata-sections -DP_HAVE_MMAP=1 -DP_HAVE_POSIX_MEMALIGN=1 -DDISABLE_MEM_LUTS=0 -DGPU_NEON -DHAVE_CHD -Ideps/libchdr/include -Ideps/libchdr/deps/miniz-3.1.1 -DUSE_MINIZ -DHAVE_CDROM -DUSE_LIBRETRO_VFS -DHAVE_LIBRETRO -Ideps/libretro-common/include -DNO_FRONTEND  -MMD -MP -c libpcsxcore/plugins.c -o libpcsxcore/plugins.o
/workspace/repos/rocknix.worktrees/m7-pixelelated-sm8550-01/build.pixelelated-SM8550.arm/toolchain/bin/armv9a-rocknix-linux-gnueabi-gcc  -march=armv9-a+fp16+crypto+i8mm+bf16 -mtune=cortex-a710 -mabi=aapcs-linux -Wno-psabi -Wa,-mno-warn-deprecated -mfloat-abi=hard -mfpu=crypto-neon-fp-armv8 -Wall -pipe  -O2 -fomit-frame-pointer -DNDEBUG -DGIT_VERSION=\"da2cb8ecd17fd0932ab6d94774c0522beebce6e3\" -marm -fPIC -D_FILE_OFFSET_BITS=64  -Wall -Iinclude -ffast-math -Ofast -DNDEBUG -ffunction-sections -fdata-sections -DP_HAVE_MMAP=1 -DP_HAVE_POSIX_MEMALIGN=1 -DDISABLE_MEM_LUTS=0 -DGPU_NEON -DHAVE_CHD -Ideps/libchdr/include -Ideps/libchdr/deps/miniz-3.1.1 -DUSE_MINIZ -DHAVE_CDROM -DUSE_LIBRETRO_VFS -DHAVE_LIBRETRO -Ideps/libretro-common/include -DNO_FRONTEND  -MMD -MP -c libpcsxcore/ppf.c -o libpcsxcore/ppf.o
/workspace/repos/rocknix.worktrees/m7-pixelelated-sm8550-01/build.pixelelated-SM8550.arm/toolchain/bin/armv9a-rocknix-linux-gnueabi-gcc  -march=armv9-a+fp16+crypto+i8mm+bf16 -mtune=cortex-a710 -mabi=aapcs-linux -Wno-psabi -Wa,-mno-warn-deprecated -mfloat-abi=hard -mfpu=crypto-neon-fp-armv8 -Wall -pipe  -O2 -fomit-frame-pointer -DNDEBUG -DGIT_VERSION=\"da2cb8ecd17fd0932ab6d94774c0522beebce6e3\" -marm -fPIC -D_FILE_OFFSET_BITS=64  -Wall -Iinclude -ffast-math -Ofast -DNDEBUG -ffunction-sections -fdata-sections -DP_HAVE_MMAP=1 -DP_HAVE_POSIX_MEMALIGN=1 -DDISABLE_MEM_LUTS=0 -DGPU_NEON -DHAVE_CHD -Ideps/libchdr/include -Ideps/libchdr/deps/miniz-3.1.1 -DUSE_MINIZ -DHAVE_CDROM -DUSE_LIBRETRO_VFS -DHAVE_LIBRETRO -Ideps/libretro-common/include -DNO_FRONTEND  -Wno-nonnull -MMD -MP -c libpcsxcore/psxbios.c -o libpcsxcore/psxbios.o
/workspace/repos/rocknix.worktrees/m7-pixelelated-sm8550-01/build.pixelelated-SM8550.arm/toolchain/bin/armv9a-rocknix-linux-gnueabi-gcc  -march=armv9-a+fp16+crypto+i8mm+bf16 -mtune=cortex-a710 -mabi=aapcs-linux -Wno-psabi -Wa,-mno-warn-deprecated -mfloat-abi=hard -mfpu=crypto-neon-fp-armv8 -Wall -pipe  -O2 -fomit-frame-pointer -DNDEBUG -DGIT_VERSION=\"da2cb8ecd17fd0932ab6d94774c0522beebce6e3\" -marm -fPIC -D_FILE_OFFSET_BITS=64  -Wall -Iinclude -ffast-math -Ofast -DNDEBUG -ffunction-sections -fdata-sections -DP_HAVE_MMAP=1 -DP_HAVE_POSIX_MEMALIGN=1 -DDISABLE_MEM_LUTS=0 -DGPU_NEON -DHAVE_CHD -Ideps/libchdr/include -Ideps/libchdr/deps/miniz-3.1.1 -DUSE_MINIZ -DHAVE_CDROM -DUSE_LIBRETRO_VFS -DHAVE_LIBRETRO -Ideps/libretro-common/include -DNO_FRONTEND  -MMD -MP -c libpcsxcore/psxcommon.c -o libpcsxcore/psxcommon.o
/workspace/repos/rocknix.worktrees/m7-pixelelated-sm8550-01/build.pixelelated-SM8550.arm/toolchain/bin/armv9a-rocknix-linux-gnueabi-gcc  -march=armv9-a+fp16+crypto+i8mm+bf16 -mtune=cortex-a710 -mabi=aapcs-linux -Wno-psabi -Wa,-mno-warn-deprecated -mfloat-abi=hard -mfpu=crypto-neon-fp-armv8 -Wall -pipe  -O2 -fomit-frame-pointer -DNDEBUG -DGIT_VERSION=\"da2cb8ecd17fd0932ab6d94774c0522beebce6e3\" -marm -fPIC -D_FILE_OFFSET_BITS=64  -Wall -Iinclude -ffast-math -Ofast -DNDEBUG -ffunction-sections -fdata-sections -DP_HAVE_MMAP=1 -DP_HAVE_POSIX_MEMALIGN=1 -DDISABLE_MEM_LUTS=0 -DGPU_NEON -DHAVE_CHD -Ideps/libchdr/include -Ideps/libchdr/deps/miniz-3.1.1 -DUSE_MINIZ -DHAVE_CDROM -DUSE_LIBRETRO_VFS -DHAVE_LIBRETRO -Ideps/libretro-common/include -DNO_FRONTEND  -MMD -MP -c libpcsxcore/psxcounters.c -o libpcsxcore/psxcounters.o
/workspace/repos/rocknix.worktrees/m7-pixelelated-sm8550-01/build.pixelelated-SM8550.arm/toolchain/bin/armv9a-rocknix-linux-gnueabi-gcc  -march=armv9-a+fp16+crypto+i8mm+bf16 -mtune=cortex-a710 -mabi=aapcs-linux -Wno-psabi -Wa,-mno-warn-deprecated -mfloat-abi=hard -mfpu=crypto-neon-fp-armv8 -Wall -pipe  -O2 -fomit-frame-pointer -DNDEBUG -DGIT_VERSION=\"da2cb8ecd17fd0932ab6d94774c0522beebce6e3\" -marm -fPIC -D_FILE_OFFSET_BITS=64  -Wall -Iinclude -ffast-math -Ofast -DNDEBUG -ffunction-sections -fdata-sections -DP_HAVE_MMAP=1 -DP_HAVE_POSIX_MEMALIGN=1 -DDISABLE_MEM_LUTS=0 -DGPU_NEON -DHAVE_CHD -Ideps/libchdr/include -Ideps/libchdr/deps/miniz-3.1.1 -DUSE_MINIZ -DHAVE_CDROM -DUSE_LIBRETRO_VFS -DHAVE_LIBRETRO -Ideps/libretro-common/include -DNO_FRONTEND  -MMD -MP -c libpcsxcore/psxdma.c -o libpcsxcore/psxdma.o
/workspace/repos/rocknix.worktrees/m7-pixelelated-sm8550-01/build.pixelelated-SM8550.arm/toolchain/bin/armv9a-rocknix-linux-gnueabi-gcc  -march=armv9-a+fp16+crypto+i8mm+bf16 -mtune=cortex-a710 -mabi=aapcs-linux -Wno-psabi -Wa,-mno-warn-deprecated -mfloat-abi=hard -mfpu=crypto-neon-fp-armv8 -Wall -pipe  -O2 -fomit-frame-pointer -DNDEBUG -DGIT_VERSION=\"da2cb8ecd17fd0932ab6d94774c0522beebce6e3\" -marm -fPIC -D_FILE_OFFSET_BITS=64  -Wall -Iinclude -ffast-math -Ofast -DNDEBUG -ffunction-sections -fdata-sections -DP_HAVE_MMAP=1 -DP_HAVE_POSIX_MEMALIGN=1 -DDISABLE_MEM_LUTS=0 -DGPU_NEON -DHAVE_CHD -Ideps/libchdr/include -Ideps/libchdr/deps/miniz-3.1.1 -DUSE_MINIZ -DHAVE_CDROM -DUSE_LIBRETRO_VFS -DHAVE_LIBRETRO -Ideps/libretro-common/include -DNO_FRONTEND  -MMD -MP -c libpcsxcore/psxhw.c -o libpcsxcore/psxhw.o
/workspace/repos/rocknix.worktrees/m7-pixelelated-sm8550-01/build.pixelelated-SM8550.arm/toolchain/bin/armv9a-rocknix-linux-gnueabi-gcc  -march=armv9-a+fp16+crypto+i8mm+bf16 -mtune=cortex-a710 -mabi=aapcs-linux -Wno-psabi -Wa,-mno-warn-deprecated -mfloat-abi=hard -mfpu=crypto-neon-fp-armv8 -Wall -pipe  -O2 -fomit-frame-pointer -DNDEBUG -DGIT_VERSION=\"da2cb8ecd17fd0932ab6d94774c0522beebce6e3\" -marm -fPIC -D_FILE_OFFSET_BITS=64  -Wall -Iinclude -ffast-math -Ofast -DNDEBUG -ffunction-sections -fdata-sections -DP_HAVE_MMAP=1 -DP_HAVE_POSIX_MEMALIGN=1 -DDISABLE_MEM_LUTS=0 -DGPU_NEON -DHAVE_CHD -Ideps/libchdr/include -Ideps/libchdr/deps/miniz-3.1.1 -DUSE_MINIZ -DHAVE_CDROM -DUSE_LIBRETRO_VFS -DHAVE_LIBRETRO -Ideps/libretro-common/include -DNO_FRONTEND  -MMD -MP -c libpcsxcore/psxinterpreter.c -o libpcsxcore/psxinterpreter.o
/workspace/repos/rocknix.worktrees/m7-pixelelated-sm8550-01/build.pixelelated-SM8550.arm/toolchain/bin/armv9a-rocknix-linux-gnueabi-gcc  -march=armv9-a+fp16+crypto+i8mm+bf16 -mtune=cortex-a710 -mabi=aapcs-linux -Wno-psabi -Wa,-mno-warn-deprecated -mfloat-abi=hard -mfpu=crypto-neon-fp-armv8 -Wall -pipe  -O2 -fomit-frame-pointer -DNDEBUG -DGIT_VERSION=\"da2cb8ecd17fd0932ab6d94774c0522beebce6e3\" -marm -fPIC -D_FILE_OFFSET_BITS=64  -Wall -Iinclude -ffast-math -Ofast -DNDEBUG -ffunction-sections -fdata-sections -DP_HAVE_MMAP=1 -DP_HAVE_POSIX_MEMALIGN=1 -DDISABLE_MEM_LUTS=0 -DGPU_NEON -DHAVE_CHD -Ideps/libchdr/include -Ideps/libchdr/deps/miniz-3.1.1 -DUSE_MINIZ -DHAVE_CDROM -DUSE_LIBRETRO_VFS -DHAVE_LIBRETRO -Ideps/libretro-common/include -DNO_FRONTEND  -MMD -MP -c libpcsxcore/psxmem.c -o libpcsxcore/psxmem.o
/workspace/repos/rocknix.worktrees/m7-pixelelated-sm8550-01/build.pixelelated-SM8550.arm/toolchain/bin/armv9a-rocknix-linux-gnueabi-gcc  -march=armv9-a+fp16+crypto+i8mm+bf16 -mtune=cortex-a710 -mabi=aapcs-linux -Wno-psabi -Wa,-mno-warn-deprecated -mfloat-abi=hard -mfpu=crypto-neon-fp-armv8 -Wall -pipe  -O2 -fomit-frame-pointer -DNDEBUG -DGIT_VERSION=\"da2cb8ecd17fd0932ab6d94774c0522beebce6e3\" -marm -fPIC -D_FILE_OFFSET_BITS=64  -Wall -Iinclude -ffast-math -Ofast -DNDEBUG -ffunction-sections -fdata-sections -DP_HAVE_MMAP=1 -DP_HAVE_POSIX_MEMALIGN=1 -DDISABLE_MEM_LUTS=0 -DGPU_NEON -DHAVE_CHD -Ideps/libchdr/include -Ideps/libchdr/deps/miniz-3.1.1 -DUSE_MINIZ -DHAVE_CDROM -DUSE_LIBRETRO_VFS -DHAVE_LIBRETRO -Ideps/libretro-common/include -DNO_FRONTEND  -MMD -MP -c libpcsxcore/psxevents.c -o libpcsxcore/psxevents.o
/workspace/repos/rocknix.worktrees/m7-pixelelated-sm8550-01/build.pixelelated-SM8550.arm/toolchain/bin/armv9a-rocknix-linux-gnueabi-gcc  -march=armv9-a+fp16+crypto+i8mm+bf16 -mtune=cortex-a710 -mabi=aapcs-linux -Wno-psabi -Wa,-mno-warn-deprecated -mfloat-abi=hard -mfpu=crypto-neon-fp-armv8 -Wall -pipe  -O2 -fomit-frame-pointer -DNDEBUG -DGIT_VERSION=\"da2cb8ecd17fd0932ab6d94774c0522beebce6e3\" -marm -fPIC -D_FILE_OFFSET_BITS=64  -Wall -Iinclude -ffast-math -Ofast -DNDEBUG -ffunction-sections -fdata-sections -DP_HAVE_MMAP=1 -DP_HAVE_POSIX_MEMALIGN=1 -DDISABLE_MEM_LUTS=0 -DGPU_NEON -DHAVE_CHD -Ideps/libchdr/include -Ideps/libchdr/deps/miniz-3.1.1 -DUSE_MINIZ -DHAVE_CDROM -DUSE_LIBRETRO_VFS -DHAVE_LIBRETRO -Ideps/libretro-common/include -DNO_FRONTEND  -MMD -MP -c libpcsxcore/r3000a.c -o libpcsxcore/r3000a.o
/workspace/repos/rocknix.worktrees/m7-pixelelated-sm8550-01/build.pixelelated-SM8550.arm/toolchain/bin/armv9a-rocknix-linux-gnueabi-gcc  -march=armv9-a+fp16+crypto+i8mm+bf16 -mtune=cortex-a710 -mabi=aapcs-linux -Wno-psabi -Wa,-mno-warn-deprecated -mfloat-abi=hard -mfpu=crypto-neon-fp-armv8 -Wall -pipe  -O2 -fomit-frame-pointer -DNDEBUG -DGIT_VERSION=\"da2cb8ecd17fd0932ab6d94774c0522beebce6e3\" -marm -fPIC -D_FILE_OFFSET_BITS=64  -Wall -Iinclude -ffast-math -Ofast -DNDEBUG -ffunction-sections -fdata-sections -DP_HAVE_MMAP=1 -DP_HAVE_POSIX_MEMALIGN=1 -DDISABLE_MEM_LUTS=0 -DGPU_NEON -DHAVE_CHD -Ideps/libchdr/include -Ideps/libchdr/deps/miniz-3.1.1 -DUSE_MINIZ -DHAVE_CDROM -DUSE_LIBRETRO_VFS -DHAVE_LIBRETRO -Ideps/libretro-common/include -DNO_FRONTEND  -MMD -MP -c libpcsxcore/sio.c -o libpcsxcore/sio.o
/workspace/repos/rocknix.worktrees/m7-pixelelated-sm8550-01/build.pixelelated-SM8550.arm/toolchain/bin/armv9a-rocknix-linux-gnueabi-gcc  -march=armv9-a+fp16+crypto+i8mm+bf16 -mtune=cortex-a710 -mabi=aapcs-linux -Wno-psabi -Wa,-mno-warn-deprecated -mfloat-abi=hard -mfpu=crypto-neon-fp-armv8 -Wall -pipe  -O2 -fomit-frame-pointer -DNDEBUG -DGIT_VERSION=\"da2cb8ecd17fd0932ab6d94774c0522beebce6e3\" -marm -fPIC -D_FILE_OFFSET_BITS=64  -Wall -Iinclude -ffast-math -Ofast -DNDEBUG -ffunction-sections -fdata-sections -DP_HAVE_MMAP=1 -DP_HAVE_POSIX_MEMALIGN=1 -DDISABLE_MEM_LUTS=0 -DGPU_NEON -DHAVE_CHD -Ideps/libchdr/include -Ideps/libchdr/deps/miniz-3.1.1 -DUSE_MINIZ -DHAVE_CDROM -DUSE_LIBRETRO_VFS -DHAVE_LIBRETRO -Ideps/libretro-common/include -DNO_FRONTEND  -MMD -MP -c libpcsxcore/spu.c -o libpcsxcore/spu.o
/workspace/repos/rocknix.worktrees/m7-pixelelated-sm8550-01/build.pixelelated-SM8550.arm/toolchain/bin/armv9a-rocknix-linux-gnueabi-gcc  -march=armv9-a+fp16+crypto+i8mm+bf16 -mtune=cortex-a710 -mabi=aapcs-linux -Wno-psabi -Wa,-mno-warn-deprecated -mfloat-abi=hard -mfpu=crypto-neon-fp-armv8 -Wall -pipe  -O2 -fomit-frame-pointer -DNDEBUG -DGIT_VERSION=\"da2cb8ecd17fd0932ab6d94774c0522beebce6e3\" -marm -fPIC -D_FILE_OFFSET_BITS=64  -Wall -Iinclude -ffast-math -Ofast -DNDEBUG -ffunction-sections -fdata-sections -DP_HAVE_MMAP=1 -DP_HAVE_POSIX_MEMALIGN=1 -DDISABLE_MEM_LUTS=0 -DGPU_NEON -DHAVE_CHD -Ideps/libchdr/include -Ideps/libchdr/deps/miniz-3.1.1 -DUSE_MINIZ -DHAVE_CDROM -DUSE_LIBRETRO_VFS -DHAVE_LIBRETRO -Ideps/libretro-common/include -DNO_FRONTEND  -MMD -MP -c libpcsxcore/gpu.c -o libpcsxcore/gpu.o
/workspace/repos/rocknix.worktrees/m7-pixelelated-sm8550-01/build.pixelelated-SM8550.arm/toolchain/bin/armv9a-rocknix-linux-gnueabi-gcc  -march=armv9-a+fp16+crypto+i8mm+bf16 -mtune=cortex-a710 -mabi=aapcs-linux -Wno-psabi -Wa,-mno-warn-deprecated -mfloat-abi=hard -mfpu=crypto-neon-fp-armv8 -Wall -pipe  -O2 -fomit-frame-pointer -DNDEBUG -DGIT_VERSION=\"da2cb8ecd17fd0932ab6d94774c0522beebce6e3\" -marm -fPIC -D_FILE_OFFSET_BITS=64  -Wall -Iinclude -ffast-math -Ofast -DNDEBUG -ffunction-sections -fdata-sections -DP_HAVE_MMAP=1 -DP_HAVE_POSIX_MEMALIGN=1 -DDISABLE_MEM_LUTS=0 -DGPU_NEON -DHAVE_CHD -Ideps/libchdr/include -Ideps/libchdr/deps/miniz-3.1.1 -DUSE_MINIZ -DHAVE_CDROM -DUSE_LIBRETRO_VFS -DHAVE_LIBRETRO -Ideps/libretro-common/include -DNO_FRONTEND  -MMD -MP -c libpcsxcore/pad.c -o libpcsxcore/pad.o
/workspace/repos/rocknix.worktrees/m7-pixelelated-sm8550-01/build.pixelelated-SM8550.arm/toolchain/bin/armv9a-rocknix-linux-gnueabi-gcc  -march=armv9-a+fp16+crypto+i8mm+bf16 -mtune=cortex-a710 -mabi=aapcs-linux -Wno-psabi -Wa,-mno-warn-deprecated -mfloat-abi=hard -mfpu=crypto-neon-fp-armv8 -Wall -pipe  -O2 -fomit-frame-pointer -DNDEBUG -DGIT_VERSION=\"da2cb8ecd17fd0932ab6d94774c0522beebce6e3\" -marm -fPIC -D_FILE_OFFSET_BITS=64  -Wall -Iinclude -ffast-math -Ofast -DNDEBUG -ffunction-sections -fdata-sections -DP_HAVE_MMAP=1 -DP_HAVE_POSIX_MEMALIGN=1 -DDISABLE_MEM_LUTS=0 -DGPU_NEON -DHAVE_CHD -Ideps/libchdr/include -Ideps/libchdr/deps/miniz-3.1.1 -DUSE_MINIZ -DHAVE_CDROM -DUSE_LIBRETRO_VFS -DHAVE_LIBRETRO -Ideps/libretro-common/include -DNO_FRONTEND  -MMD -MP -c libpcsxcore/gte.c -o libpcsxcore/gte.o
/workspace/repos/rocknix.worktrees/m7-pixelelated-sm8550-01/build.pixelelated-SM8550.arm/toolchain/bin/armv9a-rocknix-linux-gnueabi-gcc  -march=armv9-a+fp16+crypto+i8mm+bf16 -mtune=cortex-a710 -mabi=aapcs-linux -Wno-psabi -Wa,-mno-warn-deprecated -mfloat-abi=hard -mfpu=crypto-neon-fp-armv8 -Wall -pipe  -O2 -fomit-frame-pointer -DNDEBUG -DGIT_VERSION=\"da2cb8ecd17fd0932ab6d94774c0522beebce6e3\" -marm -fPIC -D_FILE_OFFSET_BITS=64  -Wall -Iinclude -ffast-math -Ofast -DNDEBUG -ffunction-sections -fdata-sections -DP_HAVE_MMAP=1 -DP_HAVE_POSIX_MEMALIGN=1 -DDISABLE_MEM_LUTS=0 -DGPU_NEON -DHAVE_CHD -Ideps/libchdr/include -Ideps/libchdr/deps/miniz-3.1.1 -DUSE_MINIZ -DHAVE_CDROM -DUSE_LIBRETRO_VFS -DHAVE_LIBRETRO -Ideps/libretro-common/include -DNO_FRONTEND  -MMD -MP -c libpcsxcore/gte_nf.c -o libpcsxcore/gte_nf.o
/workspace/repos/rocknix.worktrees/m7-pixelelated-sm8550-01/build.pixelelated-SM8550.arm/toolchain/bin/armv9a-rocknix-linux-gnueabi-gcc  -march=armv9-a+fp16+crypto+i8mm+bf16 -mtune=cortex-a710 -mabi=aapcs-linux -Wno-psabi -Wa,-mno-warn-deprecated -mfloat-abi=hard -mfpu=crypto-neon-fp-armv8 -Wall -pipe  -O2 -fomit-frame-pointer -DNDEBUG -DGIT_VERSION=\"da2cb8ecd17fd0932ab6d94774c0522beebce6e3\" -marm -fPIC -D_FILE_OFFSET_BITS=64  -Wall -Iinclude -ffast-math -Ofast -DNDEBUG -ffunction-sections -fdata-sections -DP_HAVE_MMAP=1 -DP_HAVE_POSIX_MEMALIGN=1 -DDISABLE_MEM_LUTS=0 -DGPU_NEON -DHAVE_CHD -Ideps/libchdr/include -Ideps/libchdr/deps/miniz-3.1.1 -DUSE_MINIZ -DHAVE_CDROM -DUSE_LIBRETRO_VFS -DHAVE_LIBRETRO -Ideps/libretro-common/include -DNO_FRONTEND  -MMD -MP -c libpcsxcore/gte_divider.c -o libpcsxcore/gte_divider.o
/workspace/repos/rocknix.worktrees/m7-pixelelated-sm8550-01/build.pixelelated-SM8550.arm/toolchain/bin/armv9a-rocknix-linux-gnueabi-gcc  -march=armv9-a+fp16+crypto+i8mm+bf16 -mtune=cortex-a710 -mabi=aapcs-linux -Wno-psabi -Wa,-mno-warn-deprecated -mfloat-abi=hard -mfpu=crypto-neon-fp-armv8 -Wall -pipe  -O2 -fomit-frame-pointer -DNDEBUG -DGIT_VERSION=\"da2cb8ecd17fd0932ab6d94774c0522beebce6e3\" -marm -fPIC -D_FILE_OFFSET_BITS=64  -Wall -Iinclude -ffast-math -Ofast -DNDEBUG -ffunction-sections -fdata-sections -DP_HAVE_MMAP=1 -DP_HAVE_POSIX_MEMALIGN=1 -DDISABLE_MEM_LUTS=0 -DGPU_NEON -DHAVE_CHD -Ideps/libchdr/include -Ideps/libchdr/deps/miniz-3.1.1 -DUSE_MINIZ -DHAVE_CDROM -DUSE_LIBRETRO_VFS -DHAVE_LIBRETRO -Ideps/libretro-common/include -DNO_FRONTEND  -MMD -MP -c libpcsxcore/gte_arm.S -o libpcsxcore/gte_arm.o
/workspace/repos/rocknix.worktrees/m7-pixelelated-sm8550-01/build.pixelelated-SM8550.arm/toolchain/bin/armv9a-rocknix-linux-gnueabi-gcc  -march=armv9-a+fp16+crypto+i8mm+bf16 -mtune=cortex-a710 -mabi=aapcs-linux -Wno-psabi -Wa,-mno-warn-deprecated -mfloat-abi=hard -mfpu=crypto-neon-fp-armv8 -Wall -pipe  -O2 -fomit-frame-pointer -DNDEBUG -DGIT_VERSION=\"da2cb8ecd17fd0932ab6d94774c0522beebce6e3\" -marm -fPIC -D_FILE_OFFSET_BITS=64  -Wall -Iinclude -ffast-math -Ofast -DNDEBUG -ffunction-sections -fdata-sections -DP_HAVE_MMAP=1 -DP_HAVE_POSIX_MEMALIGN=1 -DDISABLE_MEM_LUTS=0 -DGPU_NEON -DHAVE_CHD -Ideps/libchdr/include -Ideps/libchdr/deps/miniz-3.1.1 -DUSE_MINIZ -DHAVE_CDROM -DUSE_LIBRETRO_VFS -DHAVE_LIBRETRO -Ideps/libretro-common/include -DNO_FRONTEND  -MMD -MP -c libpcsxcore/gte_nf_arm.S -o libpcsxcore/gte_nf_arm.o
/workspace/repos/rocknix.worktrees/m7-pixelelated-sm8550-01/build.pixelelated-SM8550.arm/toolchain/bin/armv9a-rocknix-linux-gnueabi-gcc  -march=armv9-a+fp16+crypto+i8mm+bf16 -mtune=cortex-a710 -mabi=aapcs-linux -Wno-psabi -Wa,-mno-warn-deprecated -mfloat-abi=hard -mfpu=crypto-neon-fp-armv8 -Wall -pipe  -O2 -fomit-frame-pointer -DNDEBUG -DGIT_VERSION=\"da2cb8ecd17fd0932ab6d94774c0522beebce6e3\" -marm -fPIC -D_FILE_OFFSET_BITS=64  -Wall -Iinclude -ffast-math -Ofast -DNDEBUG -ffunction-sections -fdata-sections -DP_HAVE_MMAP=1 -DP_HAVE_POSIX_MEMALIGN=1 -DDISABLE_MEM_LUTS=0 -DGPU_NEON -DHAVE_CHD -Ideps/libchdr/include -Ideps/libchdr/deps/miniz-3.1.1 -DUSE_MINIZ -DHAVE_CDROM -DUSE_LIBRETRO_VFS -DHAVE_LIBRETRO -Ideps/libretro-common/include -DNO_FRONTEND  -MMD -MP -c libpcsxcore/gte_neon.S -o libpcsxcore/gte_neon.o
/workspace/repos/rocknix.worktrees/m7-pixelelated-sm8550-01/build.pixelelated-SM8550.arm/toolchain/bin/armv9a-rocknix-linux-gnueabi-gcc  -march=armv9-a+fp16+crypto+i8mm+bf16 -mtune=cortex-a710 -mabi=aapcs-linux -Wno-psabi -Wa,-mno-warn-deprecated -mfloat-abi=hard -mfpu=crypto-neon-fp-armv8 -Wall -pipe  -O2 -fomit-frame-pointer -DNDEBUG -DGIT_VERSION=\"da2cb8ecd17fd0932ab6d94774c0522beebce6e3\" -marm -fPIC -D_FILE_OFFSET_BITS=64  -Wall -Iinclude -ffast-math -Ofast -DNDEBUG -ffunction-sections -fdata-sections -DP_HAVE_MMAP=1 -DP_HAVE_POSIX_MEMALIGN=1 -DDISABLE_MEM_LUTS=0 -DGPU_NEON -DHAVE_CHD -Ideps/libchdr/include -Ideps/libchdr/deps/miniz-3.1.1 -DUSE_MINIZ -DHAVE_CDROM -DUSE_LIBRETRO_VFS -DHAVE_LIBRETRO -Ideps/libretro-common/include -DNO_FRONTEND  -MMD -MP -c libpcsxcore/gte_nf_neon.S -o libpcsxcore/gte_nf_neon.o
/workspace/repos/rocknix.worktrees/m7-pixelelated-sm8550-01/build.pixelelated-SM8550.arm/toolchain/bin/armv9a-rocknix-linux-gnueabi-gcc  -march=armv9-a+fp16+crypto+i8mm+bf16 -mtune=cortex-a710 -mabi=aapcs-linux -Wno-psabi -Wa,-mno-warn-deprecated -mfloat-abi=hard -mfpu=crypto-neon-fp-armv8 -Wall -pipe  -O2 -fomit-frame-pointer -DNDEBUG -DGIT_VERSION=\"da2cb8ecd17fd0932ab6d94774c0522beebce6e3\" -marm -fPIC -D_FILE_OFFSET_BITS=64  -Wall -Iinclude -ffast-math -Ofast -DNDEBUG -ffunction-sections -fdata-sections -DP_HAVE_MMAP=1 -DP_HAVE_POSIX_MEMALIGN=1 -DDISABLE_MEM_LUTS=0 -DGPU_NEON -DHAVE_CHD -Ideps/libchdr/include -Ideps/libchdr/deps/miniz-3.1.1 -DUSE_MINIZ -DHAVE_CDROM -DUSE_LIBRETRO_VFS -DHAVE_LIBRETRO -Ideps/libretro-common/include -DNO_FRONTEND  -Ofast  -DNDRC_THREAD -MMD -MP -c libpcsxcore/new_dynarec/new_dynarec.c -o libpcsxcore/new_dynarec/new_dynarec.o
/workspace/repos/rocknix.worktrees/m7-pixelelated-sm8550-01/build.pixelelated-SM8550.arm/toolchain/bin/armv9a-rocknix-linux-gnueabi-gcc  -march=armv9-a+fp16+crypto+i8mm+bf16 -mtune=cortex-a710 -mabi=aapcs-linux -Wno-psabi -Wa,-mno-warn-deprecated -mfloat-abi=hard -mfpu=crypto-neon-fp-armv8 -Wall -pipe  -O2 -fomit-frame-pointer -DNDEBUG -DGIT_VERSION=\"da2cb8ecd17fd0932ab6d94774c0522beebce6e3\" -marm -fPIC -D_FILE_OFFSET_BITS=64  -Wall -Iinclude -ffast-math -Ofast -DNDEBUG -ffunction-sections -fdata-sections -DP_HAVE_MMAP=1 -DP_HAVE_POSIX_MEMALIGN=1 -DDISABLE_MEM_LUTS=0 -DGPU_NEON -DHAVE_CHD -Ideps/libchdr/include -Ideps/libchdr/deps/miniz-3.1.1 -DUSE_MINIZ -DHAVE_CDROM -DUSE_LIBRETRO_VFS -DHAVE_LIBRETRO -Ideps/libretro-common/include -DNO_FRONTEND  -MMD -MP -c libpcsxcore/new_dynarec/pcsxmem.c -o libpcsxcore/new_dynarec/pcsxmem.o
/workspace/repos/rocknix.worktrees/m7-pixelelated-sm8550-01/build.pixelelated-SM8550.arm/toolchain/bin/armv9a-rocknix-linux-gnueabi-gcc  -march=armv9-a+fp16+crypto+i8mm+bf16 -mtune=cortex-a710 -mabi=aapcs-linux -Wno-psabi -Wa,-mno-warn-deprecated -mfloat-abi=hard -mfpu=crypto-neon-fp-armv8 -Wall -pipe  -O2 -fomit-frame-pointer -DNDEBUG -DGIT_VERSION=\"da2cb8ecd17fd0932ab6d94774c0522beebce6e3\" -marm -fPIC -D_FILE_OFFSET_BITS=64  -Wall -Iinclude -ffast-math -Ofast -DNDEBUG -ffunction-sections -fdata-sections -DP_HAVE_MMAP=1 -DP_HAVE_POSIX_MEMALIGN=1 -DDISABLE_MEM_LUTS=0 -DGPU_NEON -DHAVE_CHD -Ideps/libchdr/include -Ideps/libchdr/deps/miniz-3.1.1 -DUSE_MINIZ -DHAVE_CDROM -DUSE_LIBRETRO_VFS -DHAVE_LIBRETRO -Ideps/libretro-common/include -DNO_FRONTEND  -MMD -MP -c libpcsxcore/new_dynarec/linkage_arm.S -o libpcsxcore/new_dynarec/linkage_arm.o
/workspace/repos/rocknix.worktrees/m7-pixelelated-sm8550-01/build.pixelelated-SM8550.arm/toolchain/bin/armv9a-rocknix-linux-gnueabi-gcc  -march=armv9-a+fp16+crypto+i8mm+bf16 -mtune=cortex-a710 -mabi=aapcs-linux -Wno-psabi -Wa,-mno-warn-deprecated -mfloat-abi=hard -mfpu=crypto-neon-fp-armv8 -Wall -pipe  -O2 -fomit-frame-pointer -DNDEBUG -DGIT_VERSION=\"da2cb8ecd17fd0932ab6d94774c0522beebce6e3\" -marm -fPIC -D_FILE_OFFSET_BITS=64  -Wall -Iinclude -ffast-math -Ofast -DNDEBUG -ffunction-sections -fdata-sections -DP_HAVE_MMAP=1 -DP_HAVE_POSIX_MEMALIGN=1 -DDISABLE_MEM_LUTS=0 -DGPU_NEON -DHAVE_CHD -Ideps/libchdr/include -Ideps/libchdr/deps/miniz-3.1.1 -DUSE_MINIZ -DHAVE_CDROM -DUSE_LIBRETRO_VFS -DHAVE_LIBRETRO -Ideps/libretro-common/include -DNO_FRONTEND  -DNDRC_THREAD -MMD -MP -c libpcsxcore/new_dynarec/emu_if.c -o libpcsxcore/new_dynarec/emu_if.o
/workspace/repos/rocknix.worktrees/m7-pixelelated-sm8550-01/build.pixelelated-SM8550.arm/toolchain/bin/armv9a-rocknix-linux-gnueabi-gcc  -march=armv9-a+fp16+crypto+i8mm+bf16 -mtune=cortex-a710 -mabi=aapcs-linux -Wno-psabi -Wa,-mno-warn-deprecated -mfloat-abi=hard -mfpu=crypto-neon-fp-armv8 -Wall -pipe  -O2 -fomit-frame-pointer -DNDEBUG -DGIT_VERSION=\"da2cb8ecd17fd0932ab6d94774c0522beebce6e3\" -marm -fPIC -D_FILE_OFFSET_BITS=64  -Wall -Iinclude -ffast-math -Ofast -DNDEBUG -ffunction-sections -fdata-sections -DP_HAVE_MMAP=1 -DP_HAVE_POSIX_MEMALIGN=1 -DDISABLE_MEM_LUTS=0 -DGPU_NEON -DHAVE_CHD -Ideps/libchdr/include -Ideps/libchdr/deps/miniz-3.1.1 -DUSE_MINIZ -DHAVE_CDROM -DUSE_LIBRETRO_VFS -DHAVE_LIBRETRO -Ideps/libretro-common/include -DNO_FRONTEND  -DUSE_ASYNC_SPU -MMD -MP -c plugins/dfsound/dma.c -o plugins/dfsound/dma.o
/workspace/repos/rocknix.worktrees/m7-pixelelated-sm8550-01/build.pixelelated-SM8550.arm/toolchain/bin/armv9a-rocknix-linux-gnueabi-gcc  -march=armv9-a+fp16+crypto+i8mm+bf16 -mtune=cortex-a710 -mabi=aapcs-linux -Wno-psabi -Wa,-mno-warn-deprecated -mfloat-abi=hard -mfpu=crypto-neon-fp-armv8 -Wall -pipe  -O2 -fomit-frame-pointer -DNDEBUG -DGIT_VERSION=\"da2cb8ecd17fd0932ab6d94774c0522beebce6e3\" -marm -fPIC -D_FILE_OFFSET_BITS=64  -Wall -Iinclude -ffast-math -Ofast -DNDEBUG -ffunction-sections -fdata-sections -DP_HAVE_MMAP=1 -DP_HAVE_POSIX_MEMALIGN=1 -DDISABLE_MEM_LUTS=0 -DGPU_NEON -DHAVE_CHD -Ideps/libchdr/include -Ideps/libchdr/deps/miniz-3.1.1 -DUSE_MINIZ -DHAVE_CDROM -DUSE_LIBRETRO_VFS -DHAVE_LIBRETRO -Ideps/libretro-common/include -DNO_FRONTEND  -DUSE_ASYNC_SPU -MMD -MP -c plugins/dfsound/freeze.c -o plugins/dfsound/freeze.o
/workspace/repos/rocknix.worktrees/m7-pixelelated-sm8550-01/build.pixelelated-SM8550.arm/toolchain/bin/armv9a-rocknix-linux-gnueabi-gcc  -march=armv9-a+fp16+crypto+i8mm+bf16 -mtune=cortex-a710 -mabi=aapcs-linux -Wno-psabi -Wa,-mno-warn-deprecated -mfloat-abi=hard -mfpu=crypto-neon-fp-armv8 -Wall -pipe  -O2 -fomit-frame-pointer -DNDEBUG -DGIT_VERSION=\"da2cb8ecd17fd0932ab6d94774c0522beebce6e3\" -marm -fPIC -D_FILE_OFFSET_BITS=64  -Wall -Iinclude -ffast-math -Ofast -DNDEBUG -ffunction-sections -fdata-sections -DP_HAVE_MMAP=1 -DP_HAVE_POSIX_MEMALIGN=1 -DDISABLE_MEM_LUTS=0 -DGPU_NEON -DHAVE_CHD -Ideps/libchdr/include -Ideps/libchdr/deps/miniz-3.1.1 -DUSE_MINIZ -DHAVE_CDROM -DUSE_LIBRETRO_VFS -DHAVE_LIBRETRO -Ideps/libretro-common/include -DNO_FRONTEND  -DUSE_ASYNC_SPU -MMD -MP -c plugins/dfsound/registers.c -o plugins/dfsound/registers.o
/workspace/repos/rocknix.worktrees/m7-pixelelated-sm8550-01/build.pixelelated-SM8550.arm/toolchain/bin/armv9a-rocknix-linux-gnueabi-gcc  -march=armv9-a+fp16+crypto+i8mm+bf16 -mtune=cortex-a710 -mabi=aapcs-linux -Wno-psabi -Wa,-mno-warn-deprecated -mfloat-abi=hard -mfpu=crypto-neon-fp-armv8 -Wall -pipe  -O2 -fomit-frame-pointer -DNDEBUG -DGIT_VERSION=\"da2cb8ecd17fd0932ab6d94774c0522beebce6e3\" -marm -fPIC -D_FILE_OFFSET_BITS=64  -Wall -Iinclude -ffast-math -Ofast -DNDEBUG -ffunction-sections -fdata-sections -DP_HAVE_MMAP=1 -DP_HAVE_POSIX_MEMALIGN=1 -DDISABLE_MEM_LUTS=0 -DGPU_NEON -DHAVE_CHD -Ideps/libchdr/include -Ideps/libchdr/deps/miniz-3.1.1 -DUSE_MINIZ -DHAVE_CDROM -DUSE_LIBRETRO_VFS -DHAVE_LIBRETRO -Ideps/libretro-common/include -DNO_FRONTEND  -DUSE_ASYNC_SPU -MMD -MP -c plugins/dfsound/spu.c -o plugins/dfsound/spu.o
/workspace/repos/rocknix.worktrees/m7-pixelelated-sm8550-01/build.pixelelated-SM8550.arm/toolchain/bin/armv9a-rocknix-linux-gnueabi-gcc  -march=armv9-a+fp16+crypto+i8mm+bf16 -mtune=cortex-a710 -mabi=aapcs-linux -Wno-psabi -Wa,-mno-warn-deprecated -mfloat-abi=hard -mfpu=crypto-neon-fp-armv8 -Wall -pipe  -O2 -fomit-frame-pointer -DNDEBUG -DGIT_VERSION=\"da2cb8ecd17fd0932ab6d94774c0522beebce6e3\" -marm -fPIC -D_FILE_OFFSET_BITS=64  -Wall -Iinclude -ffast-math -Ofast -DNDEBUG -ffunction-sections -fdata-sections -DP_HAVE_MMAP=1 -DP_HAVE_POSIX_MEMALIGN=1 -DDISABLE_MEM_LUTS=0 -DGPU_NEON -DHAVE_CHD -Ideps/libchdr/include -Ideps/libchdr/deps/miniz-3.1.1 -DUSE_MINIZ -DHAVE_CDROM -DUSE_LIBRETRO_VFS -DHAVE_LIBRETRO -Ideps/libretro-common/include -DNO_FRONTEND  -DUSE_ASYNC_SPU -DHAVE_LIBRETRO -MMD -MP -c plugins/dfsound/out.c -o plugins/dfsound/out.o
/workspace/repos/rocknix.worktrees/m7-pixelelated-sm8550-01/build.pixelelated-SM8550.arm/toolchain/bin/armv9a-rocknix-linux-gnueabi-gcc  -march=armv9-a+fp16+crypto+i8mm+bf16 -mtune=cortex-a710 -mabi=aapcs-linux -Wno-psabi -Wa,-mno-warn-deprecated -mfloat-abi=hard -mfpu=crypto-neon-fp-armv8 -Wall -pipe  -O2 -fomit-frame-pointer -DNDEBUG -DGIT_VERSION=\"da2cb8ecd17fd0932ab6d94774c0522beebce6e3\" -marm -fPIC -D_FILE_OFFSET_BITS=64  -Wall -Iinclude -ffast-math -Ofast -DNDEBUG -ffunction-sections -fdata-sections -DP_HAVE_MMAP=1 -DP_HAVE_POSIX_MEMALIGN=1 -DDISABLE_MEM_LUTS=0 -DGPU_NEON -DHAVE_CHD -Ideps/libchdr/include -Ideps/libchdr/deps/miniz-3.1.1 -DUSE_MINIZ -DHAVE_CDROM -DUSE_LIBRETRO_VFS -DHAVE_LIBRETRO -Ideps/libretro-common/include -DNO_FRONTEND  -DUSE_ASYNC_SPU -MMD -MP -c plugins/dfsound/nullsnd.c -o plugins/dfsound/nullsnd.o
/workspace/repos/rocknix.worktrees/m7-pixelelated-sm8550-01/build.pixelelated-SM8550.arm/toolchain/bin/armv9a-rocknix-linux-gnueabi-gcc  -march=armv9-a+fp16+crypto+i8mm+bf16 -mtune=cortex-a710 -mabi=aapcs-linux -Wno-psabi -Wa,-mno-warn-deprecated -mfloat-abi=hard -mfpu=crypto-neon-fp-armv8 -Wall -pipe  -O2 -fomit-frame-pointer -DNDEBUG -DGIT_VERSION=\"da2cb8ecd17fd0932ab6d94774c0522beebce6e3\" -marm -fPIC -D_FILE_OFFSET_BITS=64  -Wall -Iinclude -ffast-math -Ofast -DNDEBUG -ffunction-sections -fdata-sections -DP_HAVE_MMAP=1 -DP_HAVE_POSIX_MEMALIGN=1 -DDISABLE_MEM_LUTS=0 -DGPU_NEON -DHAVE_CHD -Ideps/libchdr/include -Ideps/libchdr/deps/miniz-3.1.1 -DUSE_MINIZ -DHAVE_CDROM -DUSE_LIBRETRO_VFS -DHAVE_LIBRETRO -Ideps/libretro-common/include -DNO_FRONTEND  -DUSE_ASYNC_SPU -MMD -MP -c plugins/dfsound/arm_utils.S -o plugins/dfsound/arm_utils.o
/workspace/repos/rocknix.worktrees/m7-pixelelated-sm8550-01/build.pixelelated-SM8550.arm/toolchain/bin/armv9a-rocknix-linux-gnueabi-gcc  -march=armv9-a+fp16+crypto+i8mm+bf16 -mtune=cortex-a710 -mabi=aapcs-linux -Wno-psabi -Wa,-mno-warn-deprecated -mfloat-abi=hard -mfpu=crypto-neon-fp-armv8 -Wall -pipe  -O2 -fomit-frame-pointer -DNDEBUG -DGIT_VERSION=\"da2cb8ecd17fd0932ab6d94774c0522beebce6e3\" -marm -fPIC -D_FILE_OFFSET_BITS=64  -Wall -Iinclude -ffast-math -Ofast -DNDEBUG -ffunction-sections -fdata-sections -DP_HAVE_MMAP=1 -DP_HAVE_POSIX_MEMALIGN=1 -DDISABLE_MEM_LUTS=0 -DGPU_NEON -DHAVE_CHD -Ideps/libchdr/include -Ideps/libchdr/deps/miniz-3.1.1 -DUSE_MINIZ -DHAVE_CDROM -DUSE_LIBRETRO_VFS -DHAVE_LIBRETRO -Ideps/libretro-common/include -DNO_FRONTEND  -DUSE_ASYNC_GPU -MMD -MP -c plugins/gpulib/gpu.c -o plugins/gpulib/gpu.o
/workspace/repos/rocknix.worktrees/m7-pixelelated-sm8550-01/build.pixelelated-SM8550.arm/toolchain/bin/armv9a-rocknix-linux-gnueabi-gcc  -march=armv9-a+fp16+crypto+i8mm+bf16 -mtune=cortex-a710 -mabi=aapcs-linux -Wno-psabi -Wa,-mno-warn-deprecated -mfloat-abi=hard -mfpu=crypto-neon-fp-armv8 -Wall -pipe  -O2 -fomit-frame-pointer -DNDEBUG -DGIT_VERSION=\"da2cb8ecd17fd0932ab6d94774c0522beebce6e3\" -marm -fPIC -D_FILE_OFFSET_BITS=64  -Wall -Iinclude -ffast-math -Ofast -DNDEBUG -ffunction-sections -fdata-sections -DP_HAVE_MMAP=1 -DP_HAVE_POSIX_MEMALIGN=1 -DDISABLE_MEM_LUTS=0 -DGPU_NEON -DHAVE_CHD -Ideps/libchdr/include -Ideps/libchdr/deps/miniz-3.1.1 -DUSE_MINIZ -DHAVE_CDROM -DUSE_LIBRETRO_VFS -DHAVE_LIBRETRO -Ideps/libretro-common/include -DNO_FRONTEND  -DUSE_ASYNC_GPU -MMD -MP -c plugins/gpulib/vout_pl.c -o plugins/gpulib/vout_pl.o
/workspace/repos/rocknix.worktrees/m7-pixelelated-sm8550-01/build.pixelelated-SM8550.arm/toolchain/bin/armv9a-rocknix-linux-gnueabi-gcc  -march=armv9-a+fp16+crypto+i8mm+bf16 -mtune=cortex-a710 -mabi=aapcs-linux -Wno-psabi -Wa,-mno-warn-deprecated -mfloat-abi=hard -mfpu=crypto-neon-fp-armv8 -Wall -pipe  -O2 -fomit-frame-pointer -DNDEBUG -DGIT_VERSION=\"da2cb8ecd17fd0932ab6d94774c0522beebce6e3\" -marm -fPIC -D_FILE_OFFSET_BITS=64  -Wall -Iinclude -ffast-math -Ofast -DNDEBUG -ffunction-sections -fdata-sections -DP_HAVE_MMAP=1 -DP_HAVE_POSIX_MEMALIGN=1 -DDISABLE_MEM_LUTS=0 -DGPU_NEON -DHAVE_CHD -Ideps/libchdr/include -Ideps/libchdr/deps/miniz-3.1.1 -DUSE_MINIZ -DHAVE_CDROM -DUSE_LIBRETRO_VFS -DHAVE_LIBRETRO -Ideps/libretro-common/include -DNO_FRONTEND  -DUSE_ASYNC_GPU -MMD -MP -c plugins/gpulib/prim.c -o plugins/gpulib/prim.o
/workspace/repos/rocknix.worktrees/m7-pixelelated-sm8550-01/build.pixelelated-SM8550.arm/toolchain/bin/armv9a-rocknix-linux-gnueabi-gcc  -march=armv9-a+fp16+crypto+i8mm+bf16 -mtune=cortex-a710 -mabi=aapcs-linux -Wno-psabi -Wa,-mno-warn-deprecated -mfloat-abi=hard -mfpu=crypto-neon-fp-armv8 -Wall -pipe  -O2 -fomit-frame-pointer -DNDEBUG -DGIT_VERSION=\"da2cb8ecd17fd0932ab6d94774c0522beebce6e3\" -marm -fPIC -D_FILE_OFFSET_BITS=64  -Wall -Iinclude -ffast-math -Ofast -DNDEBUG -ffunction-sections -fdata-sections -DP_HAVE_MMAP=1 -DP_HAVE_POSIX_MEMALIGN=1 -DDISABLE_MEM_LUTS=0 -DGPU_NEON -DHAVE_CHD -Ideps/libchdr/include -Ideps/libchdr/deps/miniz-3.1.1 -DUSE_MINIZ -DHAVE_CDROM -DUSE_LIBRETRO_VFS -DHAVE_LIBRETRO -Ideps/libretro-common/include -DNO_FRONTEND  -DUSE_ASYNC_GPU -MMD -MP -c plugins/gpulib/gpu_async.c -o plugins/gpulib/gpu_async.o
/workspace/repos/rocknix.worktrees/m7-pixelelated-sm8550-01/build.pixelelated-SM8550.arm/toolchain/bin/armv9a-rocknix-linux-gnueabi-gcc  -march=armv9-a+fp16+crypto+i8mm+bf16 -mtune=cortex-a710 -mabi=aapcs-linux -Wno-psabi -Wa,-mno-warn-deprecated -mfloat-abi=hard -mfpu=crypto-neon-fp-armv8 -Wall -pipe  -O2 -fomit-frame-pointer -DNDEBUG -DGIT_VERSION=\"da2cb8ecd17fd0932ab6d94774c0522beebce6e3\" -marm -fPIC -D_FILE_OFFSET_BITS=64  -Wall -Iinclude -ffast-math -Ofast -DNDEBUG -ffunction-sections -fdata-sections -DP_HAVE_MMAP=1 -DP_HAVE_POSIX_MEMALIGN=1 -DDISABLE_MEM_LUTS=0 -DGPU_NEON -DHAVE_CHD -Ideps/libchdr/include -Ideps/libchdr/deps/miniz-3.1.1 -DUSE_MINIZ -DHAVE_CDROM -DUSE_LIBRETRO_VFS -DHAVE_LIBRETRO -Ideps/libretro-common/include -DNO_FRONTEND  -DNEON_BUILD -DTEXTURE_CACHE_4BPP -DTEXTURE_CACHE_8BPP -MMD -MP -c plugins/gpu_neon/psx_gpu_if.c -o plugins/gpu_neon/psx_gpu_if.o
/workspace/repos/rocknix.worktrees/m7-pixelelated-sm8550-01/build.pixelelated-SM8550.arm/toolchain/bin/armv9a-rocknix-linux-gnueabi-gcc -march=armv9-a+fp16+crypto+i8mm+bf16 -mtune=cortex-a710 -mabi=aapcs-linux -Wno-psabi -Wa,-mno-warn-deprecated -mfloat-abi=hard -mfpu=crypto-neon-fp-armv8 -Wall -pipe  -O2 -fomit-frame-pointer -DNDEBUG -DGIT_VERSION=\"da2cb8ecd17fd0932ab6d94774c0522beebce6e3\" -marm -fPIC -D_FILE_OFFSET_BITS=64  -Wall -Iinclude -ffast-math -Ofast -DNDEBUG -ffunction-sections -fdata-sections -DP_HAVE_MMAP=1 -DP_HAVE_POSIX_MEMALIGN=1 -DDISABLE_MEM_LUTS=0 -DGPU_NEON -DHAVE_CHD -Ideps/libchdr/include -Ideps/libchdr/deps/miniz-3.1.1 -DUSE_MINIZ -DHAVE_CDROM -DUSE_LIBRETRO_VFS -DHAVE_LIBRETRO -Ideps/libretro-common/include -DNO_FRONTEND  -c plugins/gpu_neon/psx_gpu/psx_gpu_arm_neon.S -o plugins/gpu_neon/psx_gpu/psx_gpu_arm_neon.o
/workspace/repos/rocknix.worktrees/m7-pixelelated-sm8550-01/build.pixelelated-SM8550.arm/toolchain/bin/armv9a-rocknix-linux-gnueabi-gcc  -march=armv9-a+fp16+crypto+i8mm+bf16 -mtune=cortex-a710 -mabi=aapcs-linux -Wno-psabi -Wa,-mno-warn-deprecated -mfloat-abi=hard -mfpu=crypto-neon-fp-armv8 -Wall -pipe  -O2 -fomit-frame-pointer -DNDEBUG -DGIT_VERSION=\"da2cb8ecd17fd0932ab6d94774c0522beebce6e3\" -marm -fPIC -D_FILE_OFFSET_BITS=64  -Wall -Iinclude -ffast-math -Ofast -DNDEBUG -ffunction-sections -fdata-sections -DP_HAVE_MMAP=1 -DP_HAVE_POSIX_MEMALIGN=1 -DDISABLE_MEM_LUTS=0 -DGPU_NEON -DHAVE_CHD -Ideps/libchdr/include -Ideps/libchdr/deps/miniz-3.1.1 -DUSE_MINIZ -DHAVE_CDROM -DUSE_LIBRETRO_VFS -DHAVE_LIBRETRO -Ideps/libretro-common/include -DNO_FRONTEND  -Wno-unused -Wno-unused-function -Ideps/libchdr/deps/lzma-25.01/include -MMD -MP -c deps/libchdr/src/libchdr_bitstream.c -o deps/libchdr/src/libchdr_bitstream.o
/workspace/repos/rocknix.worktrees/m7-pixelelated-sm8550-01/build.pixelelated-SM8550.arm/toolchain/bin/armv9a-rocknix-linux-gnueabi-gcc  -march=armv9-a+fp16+crypto+i8mm+bf16 -mtune=cortex-a710 -mabi=aapcs-linux -Wno-psabi -Wa,-mno-warn-deprecated -mfloat-abi=hard -mfpu=crypto-neon-fp-armv8 -Wall -pipe  -O2 -fomit-frame-pointer -DNDEBUG -DGIT_VERSION=\"da2cb8ecd17fd0932ab6d94774c0522beebce6e3\" -marm -fPIC -D_FILE_OFFSET_BITS=64  -Wall -Iinclude -ffast-math -Ofast -DNDEBUG -ffunction-sections -fdata-sections -DP_HAVE_MMAP=1 -DP_HAVE_POSIX_MEMALIGN=1 -DDISABLE_MEM_LUTS=0 -DGPU_NEON -DHAVE_CHD -Ideps/libchdr/include -Ideps/libchdr/deps/miniz-3.1.1 -DUSE_MINIZ -DHAVE_CDROM -DUSE_LIBRETRO_VFS -DHAVE_LIBRETRO -Ideps/libretro-common/include -DNO_FRONTEND  -Wno-unused -Wno-unused-function -Ideps/libchdr/deps/lzma-25.01/include -MMD -MP -c deps/libchdr/src/libchdr_cdrom.c -o deps/libchdr/src/libchdr_cdrom.o
/workspace/repos/rocknix.worktrees/m7-pixelelated-sm8550-01/build.pixelelated-SM8550.arm/toolchain/bin/armv9a-rocknix-linux-gnueabi-gcc  -march=armv9-a+fp16+crypto+i8mm+bf16 -mtune=cortex-a710 -mabi=aapcs-linux -Wno-psabi -Wa,-mno-warn-deprecated -mfloat-abi=hard -mfpu=crypto-neon-fp-armv8 -Wall -pipe  -O2 -fomit-frame-pointer -DNDEBUG -DGIT_VERSION=\"da2cb8ecd17fd0932ab6d94774c0522beebce6e3\" -marm -fPIC -D_FILE_OFFSET_BITS=64  -Wall -Iinclude -ffast-math -Ofast -DNDEBUG -ffunction-sections -fdata-sections -DP_HAVE_MMAP=1 -DP_HAVE_POSIX_MEMALIGN=1 -DDISABLE_MEM_LUTS=0 -DGPU_NEON -DHAVE_CHD -Ideps/libchdr/include -Ideps/libchdr/deps/miniz-3.1.1 -DUSE_MINIZ -DHAVE_CDROM -DUSE_LIBRETRO_VFS -DHAVE_LIBRETRO -Ideps/libretro-common/include -DNO_FRONTEND  -Wno-unused -Wno-unused-function -Ideps/libchdr/deps/lzma-25.01/include -MMD -MP -c deps/libchdr/src/libchdr_chd.c -o deps/libchdr/src/libchdr_chd.o
/workspace/repos/rocknix.worktrees/m7-pixelelated-sm8550-01/build.pixelelated-SM8550.arm/toolchain/bin/armv9a-rocknix-linux-gnueabi-gcc  -march=armv9-a+fp16+crypto+i8mm+bf16 -mtune=cortex-a710 -mabi=aapcs-linux -Wno-psabi -Wa,-mno-warn-deprecated -mfloat-abi=hard -mfpu=crypto-neon-fp-armv8 -Wall -pipe  -O2 -fomit-frame-pointer -DNDEBUG -DGIT_VERSION=\"da2cb8ecd17fd0932ab6d94774c0522beebce6e3\" -marm -fPIC -D_FILE_OFFSET_BITS=64  -Wall -Iinclude -ffast-math -Ofast -DNDEBUG -ffunction-sections -fdata-sections -DP_HAVE_MMAP=1 -DP_HAVE_POSIX_MEMALIGN=1 -DDISABLE_MEM_LUTS=0 -DGPU_NEON -DHAVE_CHD -Ideps/libchdr/include -Ideps/libchdr/deps/miniz-3.1.1 -DUSE_MINIZ -DHAVE_CDROM -DUSE_LIBRETRO_VFS -DHAVE_LIBRETRO -Ideps/libretro-common/include -DNO_FRONTEND  -Wno-unused -Wno-unused-function -Ideps/libchdr/deps/lzma-25.01/include -MMD -MP -c deps/libchdr/src/libchdr_codec_cdfl.c -o deps/libchdr/src/libchdr_codec_cdfl.o
/workspace/repos/rocknix.worktrees/m7-pixelelated-sm8550-01/build.pixelelated-SM8550.arm/toolchain/bin/armv9a-rocknix-linux-gnueabi-gcc  -march=armv9-a+fp16+crypto+i8mm+bf16 -mtune=cortex-a710 -mabi=aapcs-linux -Wno-psabi -Wa,-mno-warn-deprecated -mfloat-abi=hard -mfpu=crypto-neon-fp-armv8 -Wall -pipe  -O2 -fomit-frame-pointer -DNDEBUG -DGIT_VERSION=\"da2cb8ecd17fd0932ab6d94774c0522beebce6e3\" -marm -fPIC -D_FILE_OFFSET_BITS=64  -Wall -Iinclude -ffast-math -Ofast -DNDEBUG -ffunction-sections -fdata-sections -DP_HAVE_MMAP=1 -DP_HAVE_POSIX_MEMALIGN=1 -DDISABLE_MEM_LUTS=0 -DGPU_NEON -DHAVE_CHD -Ideps/libchdr/include -Ideps/libchdr/deps/miniz-3.1.1 -DUSE_MINIZ -DHAVE_CDROM -DUSE_LIBRETRO_VFS -DHAVE_LIBRETRO -Ideps/libretro-common/include -DNO_FRONTEND  -Wno-unused -Wno-unused-function -Ideps/libchdr/deps/lzma-25.01/include -MMD -MP -c deps/libchdr/src/libchdr_codec_cdlz.c -o deps/libchdr/src/libchdr_codec_cdlz.o
/workspace/repos/rocknix.worktrees/m7-pixelelated-sm8550-01/build.pixelelated-SM8550.arm/toolchain/bin/armv9a-rocknix-linux-gnueabi-gcc  -march=armv9-a+fp16+crypto+i8mm+bf16 -mtune=cortex-a710 -mabi=aapcs-linux -Wno-psabi -Wa,-mno-warn-deprecated -mfloat-abi=hard -mfpu=crypto-neon-fp-armv8 -Wall -pipe  -O2 -fomit-frame-pointer -DNDEBUG -DGIT_VERSION=\"da2cb8ecd17fd0932ab6d94774c0522beebce6e3\" -marm -fPIC -D_FILE_OFFSET_BITS=64  -Wall -Iinclude -ffast-math -Ofast -DNDEBUG -ffunction-sections -fdata-sections -DP_HAVE_MMAP=1 -DP_HAVE_POSIX_MEMALIGN=1 -DDISABLE_MEM_LUTS=0 -DGPU_NEON -DHAVE_CHD -Ideps/libchdr/include -Ideps/libchdr/deps/miniz-3.1.1 -DUSE_MINIZ -DHAVE_CDROM -DUSE_LIBRETRO_VFS -DHAVE_LIBRETRO -Ideps/libretro-common/include -DNO_FRONTEND  -Wno-unused -Wno-unused-function -Ideps/libchdr/deps/lzma-25.01/include -MMD -MP -c deps/libchdr/src/libchdr_codec_cdzl.c -o deps/libchdr/src/libchdr_codec_cdzl.o
/workspace/repos/rocknix.worktrees/m7-pixelelated-sm8550-01/build.pixelelated-SM8550.arm/toolchain/bin/armv9a-rocknix-linux-gnueabi-gcc  -march=armv9-a+fp16+crypto+i8mm+bf16 -mtune=cortex-a710 -mabi=aapcs-linux -Wno-psabi -Wa,-mno-warn-deprecated -mfloat-abi=hard -mfpu=crypto-neon-fp-armv8 -Wall -pipe  -O2 -fomit-frame-pointer -DNDEBUG -DGIT_VERSION=\"da2cb8ecd17fd0932ab6d94774c0522beebce6e3\" -marm -fPIC -D_FILE_OFFSET_BITS=64  -Wall -Iinclude -ffast-math -Ofast -DNDEBUG -ffunction-sections -fdata-sections -DP_HAVE_MMAP=1 -DP_HAVE_POSIX_MEMALIGN=1 -DDISABLE_MEM_LUTS=0 -DGPU_NEON -DHAVE_CHD -Ideps/libchdr/include -Ideps/libchdr/deps/miniz-3.1.1 -DUSE_MINIZ -DHAVE_CDROM -DUSE_LIBRETRO_VFS -DHAVE_LIBRETRO -Ideps/libretro-common/include -DNO_FRONTEND  -Wno-unused -Wno-unused-function -Ideps/libchdr/deps/lzma-25.01/include -MMD -MP -c deps/libchdr/src/libchdr_codec_cdzs.c -o deps/libchdr/src/libchdr_codec_cdzs.o
/workspace/repos/rocknix.worktrees/m7-pixelelated-sm8550-01/build.pixelelated-SM8550.arm/toolchain/bin/armv9a-rocknix-linux-gnueabi-gcc  -march=armv9-a+fp16+crypto+i8mm+bf16 -mtune=cortex-a710 -mabi=aapcs-linux -Wno-psabi -Wa,-mno-warn-deprecated -mfloat-abi=hard -mfpu=crypto-neon-fp-armv8 -Wall -pipe  -O2 -fomit-frame-pointer -DNDEBUG -DGIT_VERSION=\"da2cb8ecd17fd0932ab6d94774c0522beebce6e3\" -marm -fPIC -D_FILE_OFFSET_BITS=64  -Wall -Iinclude -ffast-math -Ofast -DNDEBUG -ffunction-sections -fdata-sections -DP_HAVE_MMAP=1 -DP_HAVE_POSIX_MEMALIGN=1 -DDISABLE_MEM_LUTS=0 -DGPU_NEON -DHAVE_CHD -Ideps/libchdr/include -Ideps/libchdr/deps/miniz-3.1.1 -DUSE_MINIZ -DHAVE_CDROM -DUSE_LIBRETRO_VFS -DHAVE_LIBRETRO -Ideps/libretro-common/include -DNO_FRONTEND  -Wno-unused -Wno-unused-function -Ideps/libchdr/deps/lzma-25.01/include -MMD -MP -c deps/libchdr/src/libchdr_codec_flac.c -o deps/libchdr/src/libchdr_codec_flac.o
/workspace/repos/rocknix.worktrees/m7-pixelelated-sm8550-01/build.pixelelated-SM8550.arm/toolchain/bin/armv9a-rocknix-linux-gnueabi-gcc  -march=armv9-a+fp16+crypto+i8mm+bf16 -mtune=cortex-a710 -mabi=aapcs-linux -Wno-psabi -Wa,-mno-warn-deprecated -mfloat-abi=hard -mfpu=crypto-neon-fp-armv8 -Wall -pipe  -O2 -fomit-frame-pointer -DNDEBUG -DGIT_VERSION=\"da2cb8ecd17fd0932ab6d94774c0522beebce6e3\" -marm -fPIC -D_FILE_OFFSET_BITS=64  -Wall -Iinclude -ffast-math -Ofast -DNDEBUG -ffunction-sections -fdata-sections -DP_HAVE_MMAP=1 -DP_HAVE_POSIX_MEMALIGN=1 -DDISABLE_MEM_LUTS=0 -DGPU_NEON -DHAVE_CHD -Ideps/libchdr/include -Ideps/libchdr/deps/miniz-3.1.1 -DUSE_MINIZ -DHAVE_CDROM -DUSE_LIBRETRO_VFS -DHAVE_LIBRETRO -Ideps/libretro-common/include -DNO_FRONTEND  -Wno-unused -Wno-unused-function -Ideps/libchdr/deps/lzma-25.01/include -MMD -MP -c deps/libchdr/src/libchdr_codec_huff.c -o deps/libchdr/src/libchdr_codec_huff.o
/workspace/repos/rocknix.worktrees/m7-pixelelated-sm8550-01/build.pixelelated-SM8550.arm/toolchain/bin/armv9a-rocknix-linux-gnueabi-gcc  -march=armv9-a+fp16+crypto+i8mm+bf16 -mtune=cortex-a710 -mabi=aapcs-linux -Wno-psabi -Wa,-mno-warn-deprecated -mfloat-abi=hard -mfpu=crypto-neon-fp-armv8 -Wall -pipe  -O2 -fomit-frame-pointer -DNDEBUG -DGIT_VERSION=\"da2cb8ecd17fd0932ab6d94774c0522beebce6e3\" -marm -fPIC -D_FILE_OFFSET_BITS=64  -Wall -Iinclude -ffast-math -Ofast -DNDEBUG -ffunction-sections -fdata-sections -DP_HAVE_MMAP=1 -DP_HAVE_POSIX_MEMALIGN=1 -DDISABLE_MEM_LUTS=0 -DGPU_NEON -DHAVE_CHD -Ideps/libchdr/include -Ideps/libchdr/deps/miniz-3.1.1 -DUSE_MINIZ -DHAVE_CDROM -DUSE_LIBRETRO_VFS -DHAVE_LIBRETRO -Ideps/libretro-common/include -DNO_FRONTEND  -Wno-unused -Wno-unused-function -Ideps/libchdr/deps/lzma-25.01/include -MMD -MP -c deps/libchdr/src/libchdr_codec_lzma.c -o deps/libchdr/src/libchdr_codec_lzma.o
/workspace/repos/rocknix.worktrees/m7-pixelelated-sm8550-01/build.pixelelated-SM8550.arm/toolchain/bin/armv9a-rocknix-linux-gnueabi-gcc  -march=armv9-a+fp16+crypto+i8mm+bf16 -mtune=cortex-a710 -mabi=aapcs-linux -Wno-psabi -Wa,-mno-warn-deprecated -mfloat-abi=hard -mfpu=crypto-neon-fp-armv8 -Wall -pipe  -O2 -fomit-frame-pointer -DNDEBUG -DGIT_VERSION=\"da2cb8ecd17fd0932ab6d94774c0522beebce6e3\" -marm -fPIC -D_FILE_OFFSET_BITS=64  -Wall -Iinclude -ffast-math -Ofast -DNDEBUG -ffunction-sections -fdata-sections -DP_HAVE_MMAP=1 -DP_HAVE_POSIX_MEMALIGN=1 -DDISABLE_MEM_LUTS=0 -DGPU_NEON -DHAVE_CHD -Ideps/libchdr/include -Ideps/libchdr/deps/miniz-3.1.1 -DUSE_MINIZ -DHAVE_CDROM -DUSE_LIBRETRO_VFS -DHAVE_LIBRETRO -Ideps/libretro-common/include -DNO_FRONTEND  -Wno-unused -Wno-unused-function -Ideps/libchdr/deps/lzma-25.01/include -MMD -MP -c deps/libchdr/src/libchdr_codec_zlib.c -o deps/libchdr/src/libchdr_codec_zlib.o
/workspace/repos/rocknix.worktrees/m7-pixelelated-sm8550-01/build.pixelelated-SM8550.arm/toolchain/bin/armv9a-rocknix-linux-gnueabi-gcc  -march=armv9-a+fp16+crypto+i8mm+bf16 -mtune=cortex-a710 -mabi=aapcs-linux -Wno-psabi -Wa,-mno-warn-deprecated -mfloat-abi=hard -mfpu=crypto-neon-fp-armv8 -Wall -pipe  -O2 -fomit-frame-pointer -DNDEBUG -DGIT_VERSION=\"da2cb8ecd17fd0932ab6d94774c0522beebce6e3\" -marm -fPIC -D_FILE_OFFSET_BITS=64  -Wall -Iinclude -ffast-math -Ofast -DNDEBUG -ffunction-sections -fdata-sections -DP_HAVE_MMAP=1 -DP_HAVE_POSIX_MEMALIGN=1 -DDISABLE_MEM_LUTS=0 -DGPU_NEON -DHAVE_CHD -Ideps/libchdr/include -Ideps/libchdr/deps/miniz-3.1.1 -DUSE_MINIZ -DHAVE_CDROM -DUSE_LIBRETRO_VFS -DHAVE_LIBRETRO -Ideps/libretro-common/include -DNO_FRONTEND  -Wno-unused -Wno-unused-function -Ideps/libchdr/deps/lzma-25.01/include -MMD -MP -c deps/libchdr/src/libchdr_codec_zstd.c -o deps/libchdr/src/libchdr_codec_zstd.o
/workspace/repos/rocknix.worktrees/m7-pixelelated-sm8550-01/build.pixelelated-SM8550.arm/toolchain/bin/armv9a-rocknix-linux-gnueabi-gcc  -march=armv9-a+fp16+crypto+i8mm+bf16 -mtune=cortex-a710 -mabi=aapcs-linux -Wno-psabi -Wa,-mno-warn-deprecated -mfloat-abi=hard -mfpu=crypto-neon-fp-armv8 -Wall -pipe  -O2 -fomit-frame-pointer -DNDEBUG -DGIT_VERSION=\"da2cb8ecd17fd0932ab6d94774c0522beebce6e3\" -marm -fPIC -D_FILE_OFFSET_BITS=64  -Wall -Iinclude -ffast-math -Ofast -DNDEBUG -ffunction-sections -fdata-sections -DP_HAVE_MMAP=1 -DP_HAVE_POSIX_MEMALIGN=1 -DDISABLE_MEM_LUTS=0 -DGPU_NEON -DHAVE_CHD -Ideps/libchdr/include -Ideps/libchdr/deps/miniz-3.1.1 -DUSE_MINIZ -DHAVE_CDROM -DUSE_LIBRETRO_VFS -DHAVE_LIBRETRO -Ideps/libretro-common/include -DNO_FRONTEND  -Wno-unused -Wno-unused-function -Ideps/libchdr/deps/lzma-25.01/include -MMD -MP -c deps/libchdr/src/libchdr_flac.c -o deps/libchdr/src/libchdr_flac.o
/workspace/repos/rocknix.worktrees/m7-pixelelated-sm8550-01/build.pixelelated-SM8550.arm/toolchain/bin/armv9a-rocknix-linux-gnueabi-gcc  -march=armv9-a+fp16+crypto+i8mm+bf16 -mtune=cortex-a710 -mabi=aapcs-linux -Wno-psabi -Wa,-mno-warn-deprecated -mfloat-abi=hard -mfpu=crypto-neon-fp-armv8 -Wall -pipe  -O2 -fomit-frame-pointer -DNDEBUG -DGIT_VERSION=\"da2cb8ecd17fd0932ab6d94774c0522beebce6e3\" -marm -fPIC -D_FILE_OFFSET_BITS=64  -Wall -Iinclude -ffast-math -Ofast -DNDEBUG -ffunction-sections -fdata-sections -DP_HAVE_MMAP=1 -DP_HAVE_POSIX_MEMALIGN=1 -DDISABLE_MEM_LUTS=0 -DGPU_NEON -DHAVE_CHD -Ideps/libchdr/include -Ideps/libchdr/deps/miniz-3.1.1 -DUSE_MINIZ -DHAVE_CDROM -DUSE_LIBRETRO_VFS -DHAVE_LIBRETRO -Ideps/libretro-common/include -DNO_FRONTEND  -Wno-unused -Wno-unused-function -Ideps/libchdr/deps/lzma-25.01/include -MMD -MP -c deps/libchdr/src/libchdr_huffman.c -o deps/libchdr/src/libchdr_huffman.o
/workspace/repos/rocknix.worktrees/m7-pixelelated-sm8550-01/build.pixelelated-SM8550.arm/toolchain/bin/armv9a-rocknix-linux-gnueabi-gcc  -march=armv9-a+fp16+crypto+i8mm+bf16 -mtune=cortex-a710 -mabi=aapcs-linux -Wno-psabi -Wa,-mno-warn-deprecated -mfloat-abi=hard -mfpu=crypto-neon-fp-armv8 -Wall -pipe  -O2 -fomit-frame-pointer -DNDEBUG -DGIT_VERSION=\"da2cb8ecd17fd0932ab6d94774c0522beebce6e3\" -marm -fPIC -D_FILE_OFFSET_BITS=64  -Wall -Iinclude -ffast-math -Ofast -DNDEBUG -ffunction-sections -fdata-sections -DP_HAVE_MMAP=1 -DP_HAVE_POSIX_MEMALIGN=1 -DDISABLE_MEM_LUTS=0 -DGPU_NEON -DHAVE_CHD -Ideps/libchdr/include -Ideps/libchdr/deps/miniz-3.1.1 -DUSE_MINIZ -DHAVE_CDROM -DUSE_LIBRETRO_VFS -DHAVE_LIBRETRO -Ideps/libretro-common/include -DNO_FRONTEND  -Wno-unused -Wno-unused-function -MMD -MP -c deps/libchdr/deps/lzma-25.01/src/LzmaDec.c -o deps/libchdr/deps/lzma-25.01/src/LzmaDec.o
/workspace/repos/rocknix.worktrees/m7-pixelelated-sm8550-01/build.pixelelated-SM8550.arm/toolchain/bin/armv9a-rocknix-linux-gnueabi-gcc  -march=armv9-a+fp16+crypto+i8mm+bf16 -mtune=cortex-a710 -mabi=aapcs-linux -Wno-psabi -Wa,-mno-warn-deprecated -mfloat-abi=hard -mfpu=crypto-neon-fp-armv8 -Wall -pipe  -O2 -fomit-frame-pointer -DNDEBUG -DGIT_VERSION=\"da2cb8ecd17fd0932ab6d94774c0522beebce6e3\" -marm -fPIC -D_FILE_OFFSET_BITS=64  -Wall -Iinclude -ffast-math -Ofast -DNDEBUG -ffunction-sections -fdata-sections -DP_HAVE_MMAP=1 -DP_HAVE_POSIX_MEMALIGN=1 -DDISABLE_MEM_LUTS=0 -DGPU_NEON -DHAVE_CHD -Ideps/libchdr/include -Ideps/libchdr/deps/miniz-3.1.1 -DUSE_MINIZ -DHAVE_CDROM -DUSE_LIBRETRO_VFS -DHAVE_LIBRETRO -Ideps/libretro-common/include -DNO_FRONTEND  -Wno-unused -Wno-unused-function -MMD -MP -c deps/libchdr/deps/zstd-1.5.7/zstddeclib.c -o deps/libchdr/deps/zstd-1.5.7/zstddeclib.o
/workspace/repos/rocknix.worktrees/m7-pixelelated-sm8550-01/build.pixelelated-SM8550.arm/toolchain/bin/armv9a-rocknix-linux-gnueabi-gcc  -march=armv9-a+fp16+crypto+i8mm+bf16 -mtune=cortex-a710 -mabi=aapcs-linux -Wno-psabi -Wa,-mno-warn-deprecated -mfloat-abi=hard -mfpu=crypto-neon-fp-armv8 -Wall -pipe  -O2 -fomit-frame-pointer -DNDEBUG -DGIT_VERSION=\"da2cb8ecd17fd0932ab6d94774c0522beebce6e3\" -marm -fPIC -D_FILE_OFFSET_BITS=64  -Wall -Iinclude -ffast-math -Ofast -DNDEBUG -ffunction-sections -fdata-sections -DP_HAVE_MMAP=1 -DP_HAVE_POSIX_MEMALIGN=1 -DDISABLE_MEM_LUTS=0 -DGPU_NEON -DHAVE_CHD -Ideps/libchdr/include -Ideps/libchdr/deps/miniz-3.1.1 -DUSE_MINIZ -DHAVE_CDROM -DUSE_LIBRETRO_VFS -DHAVE_LIBRETRO -Ideps/libretro-common/include -DNO_FRONTEND  -Wno-unused -Wno-unused-function -DMINIZ_NO_STDIO -DMINIZ_NO_DEFLATE_APIS -DMINIZ_NO_ARCHIVE_APIS -MMD -MP -c deps/libchdr/deps/miniz-3.1.1/miniz.c -o deps/libchdr/deps/miniz-3.1.1/miniz.o
/workspace/repos/rocknix.worktrees/m7-pixelelated-sm8550-01/build.pixelelated-SM8550.arm/toolchain/bin/armv9a-rocknix-linux-gnueabi-gcc  -march=armv9-a+fp16+crypto+i8mm+bf16 -mtune=cortex-a710 -mabi=aapcs-linux -Wno-psabi -Wa,-mno-warn-deprecated -mfloat-abi=hard -mfpu=crypto-neon-fp-armv8 -Wall -pipe  -O2 -fomit-frame-pointer -DNDEBUG -DGIT_VERSION=\"da2cb8ecd17fd0932ab6d94774c0522beebce6e3\" -marm -fPIC -D_FILE_OFFSET_BITS=64  -Wall -Iinclude -ffast-math -Ofast -DNDEBUG -ffunction-sections -fdata-sections -DP_HAVE_MMAP=1 -DP_HAVE_POSIX_MEMALIGN=1 -DDISABLE_MEM_LUTS=0 -DGPU_NEON -DHAVE_CHD -Ideps/libchdr/include -Ideps/libchdr/deps/miniz-3.1.1 -DUSE_MINIZ -DHAVE_CDROM -DUSE_LIBRETRO_VFS -DHAVE_LIBRETRO -Ideps/libretro-common/include -DNO_FRONTEND  -DHAVE_bgr555_to_rgb565 -DHAVE_bgr888_to_x -MMD -MP -c frontend/cspace.c -o frontend/cspace.o
/workspace/repos/rocknix.worktrees/m7-pixelelated-sm8550-01/build.pixelelated-SM8550.arm/toolchain/bin/armv9a-rocknix-linux-gnueabi-gcc  -march=armv9-a+fp16+crypto+i8mm+bf16 -mtune=cortex-a710 -mabi=aapcs-linux -Wno-psabi -Wa,-mno-warn-deprecated -mfloat-abi=hard -mfpu=crypto-neon-fp-armv8 -Wall -pipe  -O2 -fomit-frame-pointer -DNDEBUG -DGIT_VERSION=\"da2cb8ecd17fd0932ab6d94774c0522beebce6e3\" -marm -fPIC -D_FILE_OFFSET_BITS=64  -Wall -Iinclude -ffast-math -Ofast -DNDEBUG -ffunction-sections -fdata-sections -DP_HAVE_MMAP=1 -DP_HAVE_POSIX_MEMALIGN=1 -DDISABLE_MEM_LUTS=0 -DGPU_NEON -DHAVE_CHD -Ideps/libchdr/include -Ideps/libchdr/deps/miniz-3.1.1 -DUSE_MINIZ -DHAVE_CDROM -DUSE_LIBRETRO_VFS -DHAVE_LIBRETRO -Ideps/libretro-common/include -DNO_FRONTEND  -MMD -MP -c frontend/cspace_neon.S -o frontend/cspace_neon.o
/workspace/repos/rocknix.worktrees/m7-pixelelated-sm8550-01/build.pixelelated-SM8550.arm/toolchain/bin/armv9a-rocknix-linux-gnueabi-gcc  -march=armv9-a+fp16+crypto+i8mm+bf16 -mtune=cortex-a710 -mabi=aapcs-linux -Wno-psabi -Wa,-mno-warn-deprecated -mfloat-abi=hard -mfpu=crypto-neon-fp-armv8 -Wall -pipe  -O2 -fomit-frame-pointer -DNDEBUG -DGIT_VERSION=\"da2cb8ecd17fd0932ab6d94774c0522beebce6e3\" -marm -fPIC -D_FILE_OFFSET_BITS=64  -Wall -Iinclude -ffast-math -Ofast -DNDEBUG -ffunction-sections -fdata-sections -DP_HAVE_MMAP=1 -DP_HAVE_POSIX_MEMALIGN=1 -DDISABLE_MEM_LUTS=0 -DGPU_NEON -DHAVE_CHD -Ideps/libchdr/include -Ideps/libchdr/deps/miniz-3.1.1 -DUSE_MINIZ -DHAVE_CDROM -DUSE_LIBRETRO_VFS -DHAVE_LIBRETRO -Ideps/libretro-common/include -DNO_FRONTEND  -Wno-unused -Wno-unused-function -MMD -MP -c deps/libretro-common/compat/compat_strl.c -o deps/libretro-common/compat/compat_strl.o
/workspace/repos/rocknix.worktrees/m7-pixelelated-sm8550-01/build.pixelelated-SM8550.arm/toolchain/bin/armv9a-rocknix-linux-gnueabi-gcc  -march=armv9-a+fp16+crypto+i8mm+bf16 -mtune=cortex-a710 -mabi=aapcs-linux -Wno-psabi -Wa,-mno-warn-deprecated -mfloat-abi=hard -mfpu=crypto-neon-fp-armv8 -Wall -pipe  -O2 -fomit-frame-pointer -DNDEBUG -DGIT_VERSION=\"da2cb8ecd17fd0932ab6d94774c0522beebce6e3\" -marm -fPIC -D_FILE_OFFSET_BITS=64  -Wall -Iinclude -ffast-math -Ofast -DNDEBUG -ffunction-sections -fdata-sections -DP_HAVE_MMAP=1 -DP_HAVE_POSIX_MEMALIGN=1 -DDISABLE_MEM_LUTS=0 -DGPU_NEON -DHAVE_CHD -Ideps/libchdr/include -Ideps/libchdr/deps/miniz-3.1.1 -DUSE_MINIZ -DHAVE_CDROM -DUSE_LIBRETRO_VFS -DHAVE_LIBRETRO -Ideps/libretro-common/include -DNO_FRONTEND  -Wno-unused -Wno-unused-function -MMD -MP -c deps/libretro-common/file/file_path.c -o deps/libretro-common/file/file_path.o
/workspace/repos/rocknix.worktrees/m7-pixelelated-sm8550-01/build.pixelelated-SM8550.arm/toolchain/bin/armv9a-rocknix-linux-gnueabi-gcc  -march=armv9-a+fp16+crypto+i8mm+bf16 -mtune=cortex-a710 -mabi=aapcs-linux -Wno-psabi -Wa,-mno-warn-deprecated -mfloat-abi=hard -mfpu=crypto-neon-fp-armv8 -Wall -pipe  -O2 -fomit-frame-pointer -DNDEBUG -DGIT_VERSION=\"da2cb8ecd17fd0932ab6d94774c0522beebce6e3\" -marm -fPIC -D_FILE_OFFSET_BITS=64  -Wall -Iinclude -ffast-math -Ofast -DNDEBUG -ffunction-sections -fdata-sections -DP_HAVE_MMAP=1 -DP_HAVE_POSIX_MEMALIGN=1 -DDISABLE_MEM_LUTS=0 -DGPU_NEON -DHAVE_CHD -Ideps/libchdr/include -Ideps/libchdr/deps/miniz-3.1.1 -DUSE_MINIZ -DHAVE_CDROM -DUSE_LIBRETRO_VFS -DHAVE_LIBRETRO -Ideps/libretro-common/include -DNO_FRONTEND  -Wno-unused -Wno-unused-function -MMD -MP -c deps/libretro-common/file/file_path_io.c -o deps/libretro-common/file/file_path_io.o
/workspace/repos/rocknix.worktrees/m7-pixelelated-sm8550-01/build.pixelelated-SM8550.arm/toolchain/bin/armv9a-rocknix-linux-gnueabi-gcc  -march=armv9-a+fp16+crypto+i8mm+bf16 -mtune=cortex-a710 -mabi=aapcs-linux -Wno-psabi -Wa,-mno-warn-deprecated -mfloat-abi=hard -mfpu=crypto-neon-fp-armv8 -Wall -pipe  -O2 -fomit-frame-pointer -DNDEBUG -DGIT_VERSION=\"da2cb8ecd17fd0932ab6d94774c0522beebce6e3\" -marm -fPIC -D_FILE_OFFSET_BITS=64  -Wall -Iinclude -ffast-math -Ofast -DNDEBUG -ffunction-sections -fdata-sections -DP_HAVE_MMAP=1 -DP_HAVE_POSIX_MEMALIGN=1 -DDISABLE_MEM_LUTS=0 -DGPU_NEON -DHAVE_CHD -Ideps/libchdr/include -Ideps/libchdr/deps/miniz-3.1.1 -DUSE_MINIZ -DHAVE_CDROM -DUSE_LIBRETRO_VFS -DHAVE_LIBRETRO -Ideps/libretro-common/include -DNO_FRONTEND  -Wno-unused -Wno-unused-function -MMD -MP -c deps/libretro-common/string/stdstring.c -o deps/libretro-common/string/stdstring.o
/workspace/repos/rocknix.worktrees/m7-pixelelated-sm8550-01/build.pixelelated-SM8550.arm/toolchain/bin/armv9a-rocknix-linux-gnueabi-gcc  -march=armv9-a+fp16+crypto+i8mm+bf16 -mtune=cortex-a710 -mabi=aapcs-linux -Wno-psabi -Wa,-mno-warn-deprecated -mfloat-abi=hard -mfpu=crypto-neon-fp-armv8 -Wall -pipe  -O2 -fomit-frame-pointer -DNDEBUG -DGIT_VERSION=\"da2cb8ecd17fd0932ab6d94774c0522beebce6e3\" -marm -fPIC -D_FILE_OFFSET_BITS=64  -Wall -Iinclude -ffast-math -Ofast -DNDEBUG -ffunction-sections -fdata-sections -DP_HAVE_MMAP=1 -DP_HAVE_POSIX_MEMALIGN=1 -DDISABLE_MEM_LUTS=0 -DGPU_NEON -DHAVE_CHD -Ideps/libchdr/include -Ideps/libchdr/deps/miniz-3.1.1 -DUSE_MINIZ -DHAVE_CDROM -DUSE_LIBRETRO_VFS -DHAVE_LIBRETRO -Ideps/libretro-common/include -DNO_FRONTEND  -Wno-unused -Wno-unused-function -MMD -MP -c deps/libretro-common/vfs/vfs_implementation.c -o deps/libretro-common/vfs/vfs_implementation.o
/workspace/repos/rocknix.worktrees/m7-pixelelated-sm8550-01/build.pixelelated-SM8550.arm/toolchain/bin/armv9a-rocknix-linux-gnueabi-gcc  -march=armv9-a+fp16+crypto+i8mm+bf16 -mtune=cortex-a710 -mabi=aapcs-linux -Wno-psabi -Wa,-mno-warn-deprecated -mfloat-abi=hard -mfpu=crypto-neon-fp-armv8 -Wall -pipe  -O2 -fomit-frame-pointer -DNDEBUG -DGIT_VERSION=\"da2cb8ecd17fd0932ab6d94774c0522beebce6e3\" -marm -fPIC -D_FILE_OFFSET_BITS=64  -Wall -Iinclude -ffast-math -Ofast -DNDEBUG -ffunction-sections -fdata-sections -DP_HAVE_MMAP=1 -DP_HAVE_POSIX_MEMALIGN=1 -DDISABLE_MEM_LUTS=0 -DGPU_NEON -DHAVE_CHD -Ideps/libchdr/include -Ideps/libchdr/deps/miniz-3.1.1 -DUSE_MINIZ -DHAVE_CDROM -DUSE_LIBRETRO_VFS -DHAVE_LIBRETRO -Ideps/libretro-common/include -DNO_FRONTEND  -MMD -MP -c frontend/libretro-cdrom.c -o frontend/libretro-cdrom.o
/workspace/repos/rocknix.worktrees/m7-pixelelated-sm8550-01/build.pixelelated-SM8550.arm/toolchain/bin/armv9a-rocknix-linux-gnueabi-gcc  -march=armv9-a+fp16+crypto+i8mm+bf16 -mtune=cortex-a710 -mabi=aapcs-linux -Wno-psabi -Wa,-mno-warn-deprecated -mfloat-abi=hard -mfpu=crypto-neon-fp-armv8 -Wall -pipe  -O2 -fomit-frame-pointer -DNDEBUG -DGIT_VERSION=\"da2cb8ecd17fd0932ab6d94774c0522beebce6e3\" -marm -fPIC -D_FILE_OFFSET_BITS=64  -Wall -Iinclude -ffast-math -Ofast -DNDEBUG -ffunction-sections -fdata-sections -DP_HAVE_MMAP=1 -DP_HAVE_POSIX_MEMALIGN=1 -DDISABLE_MEM_LUTS=0 -DGPU_NEON -DHAVE_CHD -Ideps/libchdr/include -Ideps/libchdr/deps/miniz-3.1.1 -DUSE_MINIZ -DHAVE_CDROM -DUSE_LIBRETRO_VFS -DHAVE_LIBRETRO -Ideps/libretro-common/include -DNO_FRONTEND  -Wno-unused -Wno-unused-function -MMD -MP -c deps/libretro-common/lists/string_list.c -o deps/libretro-common/lists/string_list.o
/workspace/repos/rocknix.worktrees/m7-pixelelated-sm8550-01/build.pixelelated-SM8550.arm/toolchain/bin/armv9a-rocknix-linux-gnueabi-gcc  -march=armv9-a+fp16+crypto+i8mm+bf16 -mtune=cortex-a710 -mabi=aapcs-linux -Wno-psabi -Wa,-mno-warn-deprecated -mfloat-abi=hard -mfpu=crypto-neon-fp-armv8 -Wall -pipe  -O2 -fomit-frame-pointer -DNDEBUG -DGIT_VERSION=\"da2cb8ecd17fd0932ab6d94774c0522beebce6e3\" -marm -fPIC -D_FILE_OFFSET_BITS=64  -Wall -Iinclude -ffast-math -Ofast -DNDEBUG -ffunction-sections -fdata-sections -DP_HAVE_MMAP=1 -DP_HAVE_POSIX_MEMALIGN=1 -DDISABLE_MEM_LUTS=0 -DGPU_NEON -DHAVE_CHD -Ideps/libchdr/include -Ideps/libchdr/deps/miniz-3.1.1 -DUSE_MINIZ -DHAVE_CDROM -DUSE_LIBRETRO_VFS -DHAVE_LIBRETRO -Ideps/libretro-common/include -DNO_FRONTEND  -Wno-unused -Wno-unused-function -MMD -MP -c deps/libretro-common/memmap/memalign.c -o deps/libretro-common/memmap/memalign.o
/workspace/repos/rocknix.worktrees/m7-pixelelated-sm8550-01/build.pixelelated-SM8550.arm/toolchain/bin/armv9a-rocknix-linux-gnueabi-gcc  -march=armv9-a+fp16+crypto+i8mm+bf16 -mtune=cortex-a710 -mabi=aapcs-linux -Wno-psabi -Wa,-mno-warn-deprecated -mfloat-abi=hard -mfpu=crypto-neon-fp-armv8 -Wall -pipe  -O2 -fomit-frame-pointer -DNDEBUG -DGIT_VERSION=\"da2cb8ecd17fd0932ab6d94774c0522beebce6e3\" -marm -fPIC -D_FILE_OFFSET_BITS=64  -Wall -Iinclude -ffast-math -Ofast -DNDEBUG -ffunction-sections -fdata-sections -DP_HAVE_MMAP=1 -DP_HAVE_POSIX_MEMALIGN=1 -DDISABLE_MEM_LUTS=0 -DGPU_NEON -DHAVE_CHD -Ideps/libchdr/include -Ideps/libchdr/deps/miniz-3.1.1 -DUSE_MINIZ -DHAVE_CDROM -DUSE_LIBRETRO_VFS -DHAVE_LIBRETRO -Ideps/libretro-common/include -DNO_FRONTEND  -Wno-unused -Wno-unused-function -MMD -MP -c deps/libretro-common/vfs/vfs_implementation_cdrom.c -o deps/libretro-common/vfs/vfs_implementation_cdrom.o
/workspace/repos/rocknix.worktrees/m7-pixelelated-sm8550-01/build.pixelelated-SM8550.arm/toolchain/bin/armv9a-rocknix-linux-gnueabi-gcc  -march=armv9-a+fp16+crypto+i8mm+bf16 -mtune=cortex-a710 -mabi=aapcs-linux -Wno-psabi -Wa,-mno-warn-deprecated -mfloat-abi=hard -mfpu=crypto-neon-fp-armv8 -Wall -pipe  -O2 -fomit-frame-pointer -DNDEBUG -DGIT_VERSION=\"da2cb8ecd17fd0932ab6d94774c0522beebce6e3\" -marm -fPIC -D_FILE_OFFSET_BITS=64  -Wall -Iinclude -ffast-math -Ofast -DNDEBUG -ffunction-sections -fdata-sections -DP_HAVE_MMAP=1 -DP_HAVE_POSIX_MEMALIGN=1 -DDISABLE_MEM_LUTS=0 -DGPU_NEON -DHAVE_CHD -Ideps/libchdr/include -Ideps/libchdr/deps/miniz-3.1.1 -DUSE_MINIZ -DHAVE_CDROM -DUSE_LIBRETRO_VFS -DHAVE_LIBRETRO -Ideps/libretro-common/include -DNO_FRONTEND  -Wno-unused -Wno-unused-function -MMD -MP -c deps/libretro-common/compat/compat_posix_string.c -o deps/libretro-common/compat/compat_posix_string.o
/workspace/repos/rocknix.worktrees/m7-pixelelated-sm8550-01/build.pixelelated-SM8550.arm/toolchain/bin/armv9a-rocknix-linux-gnueabi-gcc  -march=armv9-a+fp16+crypto+i8mm+bf16 -mtune=cortex-a710 -mabi=aapcs-linux -Wno-psabi -Wa,-mno-warn-deprecated -mfloat-abi=hard -mfpu=crypto-neon-fp-armv8 -Wall -pipe  -O2 -fomit-frame-pointer -DNDEBUG -DGIT_VERSION=\"da2cb8ecd17fd0932ab6d94774c0522beebce6e3\" -marm -fPIC -D_FILE_OFFSET_BITS=64  -Wall -Iinclude -ffast-math -Ofast -DNDEBUG -ffunction-sections -fdata-sections -DP_HAVE_MMAP=1 -DP_HAVE_POSIX_MEMALIGN=1 -DDISABLE_MEM_LUTS=0 -DGPU_NEON -DHAVE_CHD -Ideps/libchdr/include -Ideps/libchdr/deps/miniz-3.1.1 -DUSE_MINIZ -DHAVE_CDROM -DUSE_LIBRETRO_VFS -DHAVE_LIBRETRO -Ideps/libretro-common/include -DNO_FRONTEND  -Wno-unused -Wno-unused-function -MMD -MP -c deps/libretro-common/compat/fopen_utf8.c -o deps/libretro-common/compat/fopen_utf8.o
/workspace/repos/rocknix.worktrees/m7-pixelelated-sm8550-01/build.pixelelated-SM8550.arm/toolchain/bin/armv9a-rocknix-linux-gnueabi-gcc  -march=armv9-a+fp16+crypto+i8mm+bf16 -mtune=cortex-a710 -mabi=aapcs-linux -Wno-psabi -Wa,-mno-warn-deprecated -mfloat-abi=hard -mfpu=crypto-neon-fp-armv8 -Wall -pipe  -O2 -fomit-frame-pointer -DNDEBUG -DGIT_VERSION=\"da2cb8ecd17fd0932ab6d94774c0522beebce6e3\" -marm -fPIC -D_FILE_OFFSET_BITS=64  -Wall -Iinclude -ffast-math -Ofast -DNDEBUG -ffunction-sections -fdata-sections -DP_HAVE_MMAP=1 -DP_HAVE_POSIX_MEMALIGN=1 -DDISABLE_MEM_LUTS=0 -DGPU_NEON -DHAVE_CHD -Ideps/libchdr/include -Ideps/libchdr/deps/miniz-3.1.1 -DUSE_MINIZ -DHAVE_CDROM -DUSE_LIBRETRO_VFS -DHAVE_LIBRETRO -Ideps/libretro-common/include -DNO_FRONTEND  -Wno-unused -Wno-unused-function -MMD -MP -c deps/libretro-common/encodings/encoding_utf.c -o deps/libretro-common/encodings/encoding_utf.o
/workspace/repos/rocknix.worktrees/m7-pixelelated-sm8550-01/build.pixelelated-SM8550.arm/toolchain/bin/armv9a-rocknix-linux-gnueabi-gcc  -march=armv9-a+fp16+crypto+i8mm+bf16 -mtune=cortex-a710 -mabi=aapcs-linux -Wno-psabi -Wa,-mno-warn-deprecated -mfloat-abi=hard -mfpu=crypto-neon-fp-armv8 -Wall -pipe  -O2 -fomit-frame-pointer -DNDEBUG -DGIT_VERSION=\"da2cb8ecd17fd0932ab6d94774c0522beebce6e3\" -marm -fPIC -D_FILE_OFFSET_BITS=64  -Wall -Iinclude -ffast-math -Ofast -DNDEBUG -ffunction-sections -fdata-sections -DP_HAVE_MMAP=1 -DP_HAVE_POSIX_MEMALIGN=1 -DDISABLE_MEM_LUTS=0 -DGPU_NEON -DHAVE_CHD -Ideps/libchdr/include -Ideps/libchdr/deps/miniz-3.1.1 -DUSE_MINIZ -DHAVE_CDROM -DUSE_LIBRETRO_VFS -DHAVE_LIBRETRO -Ideps/libretro-common/include -DNO_FRONTEND  -Wno-unused -Wno-unused-function -MMD -MP -c deps/libretro-common/file/retro_dirent.c -o deps/libretro-common/file/retro_dirent.o
/workspace/repos/rocknix.worktrees/m7-pixelelated-sm8550-01/build.pixelelated-SM8550.arm/toolchain/bin/armv9a-rocknix-linux-gnueabi-gcc  -march=armv9-a+fp16+crypto+i8mm+bf16 -mtune=cortex-a710 -mabi=aapcs-linux -Wno-psabi -Wa,-mno-warn-deprecated -mfloat-abi=hard -mfpu=crypto-neon-fp-armv8 -Wall -pipe  -O2 -fomit-frame-pointer -DNDEBUG -DGIT_VERSION=\"da2cb8ecd17fd0932ab6d94774c0522beebce6e3\" -marm -fPIC -D_FILE_OFFSET_BITS=64  -Wall -Iinclude -ffast-math -Ofast -DNDEBUG -ffunction-sections -fdata-sections -DP_HAVE_MMAP=1 -DP_HAVE_POSIX_MEMALIGN=1 -DDISABLE_MEM_LUTS=0 -DGPU_NEON -DHAVE_CHD -Ideps/libchdr/include -Ideps/libchdr/deps/miniz-3.1.1 -DUSE_MINIZ -DHAVE_CDROM -DUSE_LIBRETRO_VFS -DHAVE_LIBRETRO -Ideps/libretro-common/include -DNO_FRONTEND  -Wno-unused -Wno-unused-function -MMD -MP -c deps/libretro-common/streams/file_stream.c -o deps/libretro-common/streams/file_stream.o
/workspace/repos/rocknix.worktrees/m7-pixelelated-sm8550-01/build.pixelelated-SM8550.arm/toolchain/bin/armv9a-rocknix-linux-gnueabi-gcc  -march=armv9-a+fp16+crypto+i8mm+bf16 -mtune=cortex-a710 -mabi=aapcs-linux -Wno-psabi -Wa,-mno-warn-deprecated -mfloat-abi=hard -mfpu=crypto-neon-fp-armv8 -Wall -pipe  -O2 -fomit-frame-pointer -DNDEBUG -DGIT_VERSION=\"da2cb8ecd17fd0932ab6d94774c0522beebce6e3\" -marm -fPIC -D_FILE_OFFSET_BITS=64  -Wall -Iinclude -ffast-math -Ofast -DNDEBUG -ffunction-sections -fdata-sections -DP_HAVE_MMAP=1 -DP_HAVE_POSIX_MEMALIGN=1 -DDISABLE_MEM_LUTS=0 -DGPU_NEON -DHAVE_CHD -Ideps/libchdr/include -Ideps/libchdr/deps/miniz-3.1.1 -DUSE_MINIZ -DHAVE_CDROM -DUSE_LIBRETRO_VFS -DHAVE_LIBRETRO -Ideps/libretro-common/include -DNO_FRONTEND  -Wno-unused -Wno-unused-function -MMD -MP -c deps/libretro-common/streams/file_stream_transforms.c -o deps/libretro-common/streams/file_stream_transforms.o
/workspace/repos/rocknix.worktrees/m7-pixelelated-sm8550-01/build.pixelelated-SM8550.arm/toolchain/bin/armv9a-rocknix-linux-gnueabi-gcc  -march=armv9-a+fp16+crypto+i8mm+bf16 -mtune=cortex-a710 -mabi=aapcs-linux -Wno-psabi -Wa,-mno-warn-deprecated -mfloat-abi=hard -mfpu=crypto-neon-fp-armv8 -Wall -pipe  -O2 -fomit-frame-pointer -DNDEBUG -DGIT_VERSION=\"da2cb8ecd17fd0932ab6d94774c0522beebce6e3\" -marm -fPIC -D_FILE_OFFSET_BITS=64  -Wall -Iinclude -ffast-math -Ofast -DNDEBUG -ffunction-sections -fdata-sections -DP_HAVE_MMAP=1 -DP_HAVE_POSIX_MEMALIGN=1 -DDISABLE_MEM_LUTS=0 -DGPU_NEON -DHAVE_CHD -Ideps/libchdr/include -Ideps/libchdr/deps/miniz-3.1.1 -DUSE_MINIZ -DHAVE_CDROM -DUSE_LIBRETRO_VFS -DHAVE_LIBRETRO -Ideps/libretro-common/include -DNO_FRONTEND  -Wno-unused -Wno-unused-function -MMD -MP -c deps/libretro-common/time/rtime.c -o deps/libretro-common/time/rtime.o
/workspace/repos/rocknix.worktrees/m7-pixelelated-sm8550-01/build.pixelelated-SM8550.arm/toolchain/bin/armv9a-rocknix-linux-gnueabi-gcc  -march=armv9-a+fp16+crypto+i8mm+bf16 -mtune=cortex-a710 -mabi=aapcs-linux -Wno-psabi -Wa,-mno-warn-deprecated -mfloat-abi=hard -mfpu=crypto-neon-fp-armv8 -Wall -pipe  -O2 -fomit-frame-pointer -DNDEBUG -DGIT_VERSION=\"da2cb8ecd17fd0932ab6d94774c0522beebce6e3\" -marm -fPIC -D_FILE_OFFSET_BITS=64  -Wall -Iinclude -ffast-math -Ofast -DNDEBUG -ffunction-sections -fdata-sections -DP_HAVE_MMAP=1 -DP_HAVE_POSIX_MEMALIGN=1 -DDISABLE_MEM_LUTS=0 -DGPU_NEON -DHAVE_CHD -Ideps/libchdr/include -Ideps/libchdr/deps/miniz-3.1.1 -DUSE_MINIZ -DHAVE_CDROM -DUSE_LIBRETRO_VFS -DHAVE_LIBRETRO -Ideps/libretro-common/include -DNO_FRONTEND  -DUSE_ASYNC_CDROM -DUSE_ASYNC_GPU -DUSE_ASYNC_SPU -DNDRC_THREAD -MMD -MP -c frontend/libretro.c -o frontend/libretro.o
/workspace/repos/rocknix.worktrees/m7-pixelelated-sm8550-01/build.pixelelated-SM8550.arm/toolchain/bin/armv9a-rocknix-linux-gnueabi-gcc  -march=armv9-a+fp16+crypto+i8mm+bf16 -mtune=cortex-a710 -mabi=aapcs-linux -Wno-psabi -Wa,-mno-warn-deprecated -mfloat-abi=hard -mfpu=crypto-neon-fp-armv8 -Wall -pipe  -O2 -fomit-frame-pointer -DNDEBUG -DGIT_VERSION=\"da2cb8ecd17fd0932ab6d94774c0522beebce6e3\" -marm -fPIC -D_FILE_OFFSET_BITS=64  -Wall -Iinclude -ffast-math -Ofast -DNDEBUG -ffunction-sections -fdata-sections -DP_HAVE_MMAP=1 -DP_HAVE_POSIX_MEMALIGN=1 -DDISABLE_MEM_LUTS=0 -DGPU_NEON -DHAVE_CHD -Ideps/libchdr/include -Ideps/libchdr/deps/miniz-3.1.1 -DUSE_MINIZ -DHAVE_CDROM -DUSE_LIBRETRO_VFS -DHAVE_LIBRETRO -Ideps/libretro-common/include -DNO_FRONTEND  -MMD -MP -c frontend/pcsxr-threads.c -o frontend/pcsxr-threads.o
/workspace/repos/rocknix.worktrees/m7-pixelelated-sm8550-01/build.pixelelated-SM8550.arm/toolchain/bin/armv9a-rocknix-linux-gnueabi-gcc  -march=armv9-a+fp16+crypto+i8mm+bf16 -mtune=cortex-a710 -mabi=aapcs-linux -Wno-psabi -Wa,-mno-warn-deprecated -mfloat-abi=hard -mfpu=crypto-neon-fp-armv8 -Wall -pipe  -O2 -fomit-frame-pointer -DNDEBUG -DGIT_VERSION=\"da2cb8ecd17fd0932ab6d94774c0522beebce6e3\" -marm -fPIC -D_FILE_OFFSET_BITS=64  -Wall -Iinclude -ffast-math -Ofast -DNDEBUG -ffunction-sections -fdata-sections -DP_HAVE_MMAP=1 -DP_HAVE_POSIX_MEMALIGN=1 -DDISABLE_MEM_LUTS=0 -DGPU_NEON -DHAVE_CHD -Ideps/libchdr/include -Ideps/libchdr/deps/miniz-3.1.1 -DUSE_MINIZ -DHAVE_CDROM -DUSE_LIBRETRO_VFS -DHAVE_LIBRETRO -Ideps/libretro-common/include -DNO_FRONTEND  -Wno-unused -Wno-unused-function -MMD -MP -c deps/libretro-common/features/features_cpu.c -o deps/libretro-common/features/features_cpu.o
/workspace/repos/rocknix.worktrees/m7-pixelelated-sm8550-01/build.pixelelated-SM8550.arm/toolchain/bin/armv9a-rocknix-linux-gnueabi-gcc  -march=armv9-a+fp16+crypto+i8mm+bf16 -mtune=cortex-a710 -mabi=aapcs-linux -Wno-psabi -Wa,-mno-warn-deprecated -mfloat-abi=hard -mfpu=crypto-neon-fp-armv8 -Wall -pipe  -O2 -fomit-frame-pointer -DNDEBUG -DGIT_VERSION=\"da2cb8ecd17fd0932ab6d94774c0522beebce6e3\" -marm -fPIC -D_FILE_OFFSET_BITS=64  -Wall -Iinclude -ffast-math -Ofast -DNDEBUG -ffunction-sections -fdata-sections -DP_HAVE_MMAP=1 -DP_HAVE_POSIX_MEMALIGN=1 -DDISABLE_MEM_LUTS=0 -DGPU_NEON -DHAVE_CHD -Ideps/libchdr/include -Ideps/libchdr/deps/miniz-3.1.1 -DUSE_MINIZ -DHAVE_CDROM -DUSE_LIBRETRO_VFS -DHAVE_LIBRETRO -Ideps/libretro-common/include -DNO_FRONTEND  -DHAVE_RTHREADS -DBUILTIN_GPU=neon -MMD -MP -c frontend/main.c -o frontend/main.o
/workspace/repos/rocknix.worktrees/m7-pixelelated-sm8550-01/build.pixelelated-SM8550.arm/toolchain/bin/armv9a-rocknix-linux-gnueabi-gcc  -march=armv9-a+fp16+crypto+i8mm+bf16 -mtune=cortex-a710 -mabi=aapcs-linux -Wno-psabi -Wa,-mno-warn-deprecated -mfloat-abi=hard -mfpu=crypto-neon-fp-armv8 -Wall -pipe  -O2 -fomit-frame-pointer -DNDEBUG -DGIT_VERSION=\"da2cb8ecd17fd0932ab6d94774c0522beebce6e3\" -marm -fPIC -D_FILE_OFFSET_BITS=64  -Wall -Iinclude -ffast-math -Ofast -DNDEBUG -ffunction-sections -fdata-sections -DP_HAVE_MMAP=1 -DP_HAVE_POSIX_MEMALIGN=1 -DDISABLE_MEM_LUTS=0 -DGPU_NEON -DHAVE_CHD -Ideps/libchdr/include -Ideps/libchdr/deps/miniz-3.1.1 -DUSE_MINIZ -DHAVE_CDROM -DUSE_LIBRETRO_VFS -DHAVE_LIBRETRO -Ideps/libretro-common/include -DNO_FRONTEND  -MMD -MP -c frontend/plugin.c -o frontend/plugin.o
/workspace/repos/rocknix.worktrees/m7-pixelelated-sm8550-01/build.pixelelated-SM8550.arm/toolchain/bin/armv9a-rocknix-linux-gnueabi-gcc  -march=armv9-a+fp16+crypto+i8mm+bf16 -mtune=cortex-a710 -mabi=aapcs-linux -Wno-psabi -Wa,-mno-warn-deprecated -mfloat-abi=hard -mfpu=crypto-neon-fp-armv8 -Wall -pipe  -O2 -fomit-frame-pointer -DNDEBUG -DGIT_VERSION=\"da2cb8ecd17fd0932ab6d94774c0522beebce6e3\" -marm -fPIC -D_FILE_OFFSET_BITS=64  -Wall -Iinclude -ffast-math -Ofast -DNDEBUG -ffunction-sections -fdata-sections -DP_HAVE_MMAP=1 -DP_HAVE_POSIX_MEMALIGN=1 -DDISABLE_MEM_LUTS=0 -DGPU_NEON -DHAVE_CHD -Ideps/libchdr/include -Ideps/libchdr/deps/miniz-3.1.1 -DUSE_MINIZ -DHAVE_CDROM -DUSE_LIBRETRO_VFS -DHAVE_LIBRETRO -Ideps/libretro-common/include -DNO_FRONTEND  -DBUILTIN_GPU=neon -MMD -MP -c libpcsxcore/misc.c -o libpcsxcore/misc.o
/workspace/repos/rocknix.worktrees/m7-pixelelated-sm8550-01/build.pixelelated-SM8550.arm/toolchain/bin/armv9a-rocknix-linux-gnueabi-gcc -march=armv9-a+fp16+crypto+i8mm+bf16 -mtune=cortex-a710 -mabi=aapcs-linux -Wno-psabi -Wa,-mno-warn-deprecated -mfloat-abi=hard -mfpu=crypto-neon-fp-armv8 -Wall -pipe  -O2 -fomit-frame-pointer -DNDEBUG -DGIT_VERSION=\"da2cb8ecd17fd0932ab6d94774c0522beebce6e3\" -marm -fPIC -D_FILE_OFFSET_BITS=64  -Wall -Iinclude -ffast-math -Ofast -DNDEBUG -ffunction-sections -fdata-sections -DP_HAVE_MMAP=1 -DP_HAVE_POSIX_MEMALIGN=1 -DDISABLE_MEM_LUTS=0 -DGPU_NEON -DHAVE_CHD -Ideps/libchdr/include -Ideps/libchdr/deps/miniz-3.1.1 -DUSE_MINIZ -DHAVE_CDROM -DUSE_LIBRETRO_VFS -DHAVE_LIBRETRO -Ideps/libretro-common/include -DNO_FRONTEND  -o pcsx_rearmed_libretro.so libpcsxcore/cdriso.o libpcsxcore/cdrom.o libpcsxcore/cdrom-async.o libpcsxcore/cheat.o libpcsxcore/database.o libpcsxcore/decode_xa.o libpcsxcore/mdec.o libpcsxcore/misc.o libpcsxcore/plugins.o libpcsxcore/ppf.o libpcsxcore/psxbios.o libpcsxcore/psxcommon.o libpcsxcore/psxcounters.o libpcsxcore/psxdma.o libpcsxcore/psxhw.o libpcsxcore/psxinterpreter.o libpcsxcore/psxmem.o libpcsxcore/psxevents.o libpcsxcore/r3000a.o libpcsxcore/sio.o libpcsxcore/spu.o libpcsxcore/gpu.o libpcsxcore/pad.o libpcsxcore/gte.o libpcsxcore/gte_nf.o libpcsxcore/gte_divider.o libpcsxcore/gte_arm.o libpcsxcore/gte_nf_arm.o libpcsxcore/gte_neon.o libpcsxcore/gte_nf_neon.o libpcsxcore/new_dynarec/new_dynarec.o libpcsxcore/new_dynarec/pcsxmem.o libpcsxcore/new_dynarec/linkage_arm.o libpcsxcore/new_dynarec/emu_if.o plugins/dfsound/dma.o plugins/dfsound/freeze.o plugins/dfsound/registers.o plugins/dfsound/spu.o plugins/dfsound/out.o plugins/dfsound/nullsnd.o plugins/dfsound/arm_utils.o plugins/gpulib/gpu.o plugins/gpulib/vout_pl.o plugins/gpulib/prim.o plugins/gpulib/gpu_async.o plugins/gpu_neon/psx_gpu_if.o plugins/gpu_neon/psx_gpu/psx_gpu_arm_neon.o deps/libchdr/src/libchdr_bitstream.o deps/libchdr/src/libchdr_cdrom.o deps/libchdr/src/libchdr_chd.o deps/libchdr/src/libchdr_codec_cdfl.o deps/libchdr/src/libchdr_codec_cdlz.o deps/libchdr/src/libchdr_codec_cdzl.o deps/libchdr/src/libchdr_codec_cdzs.o deps/libchdr/src/libchdr_codec_flac.o deps/libchdr/src/libchdr_codec_huff.o deps/libchdr/src/libchdr_codec_lzma.o deps/libchdr/src/libchdr_codec_zlib.o deps/libchdr/src/libchdr_codec_zstd.o deps/libchdr/src/libchdr_flac.o deps/libchdr/src/libchdr_huffman.o deps/libchdr/deps/lzma-25.01/src/LzmaDec.o deps/libchdr/deps/zstd-1.5.7/zstddeclib.o deps/libchdr/deps/miniz-3.1.1/miniz.o frontend/cspace.o frontend/cspace_neon.o deps/libretro-common/compat/compat_strl.o deps/libretro-common/file/file_path.o deps/libretro-common/file/file_path_io.o deps/libretro-common/string/stdstring.o deps/libretro-common/vfs/vfs_implementation.o frontend/libretro-cdrom.o deps/libretro-common/lists/string_list.o deps/libretro-common/memmap/memalign.o deps/libretro-common/vfs/vfs_implementation_cdrom.o deps/libretro-common/compat/compat_posix_string.o deps/libretro-common/compat/fopen_utf8.o deps/libretro-common/encodings/encoding_utf.o deps/libretro-common/file/retro_dirent.o deps/libretro-common/streams/file_stream.o deps/libretro-common/streams/file_stream_transforms.o deps/libretro-common/time/rtime.o frontend/libretro.o frontend/pcsxr-threads.o deps/libretro-common/features/features_cpu.o frontend/main.o frontend/plugin.o  -Wl,--as-needed -fuse-ld=bfd -shared -Wl,-version-script=frontend/libretro-version-script -Wl,--no-undefined -Wl,--gc-sections -lpthread -lm -ldl  
make[2]: Leaving directory '/workspace/repos/rocknix.worktrees/m7-pixelelated-sm8550-01/build.pixelelated-SM8550.arm/build/pcsx_rearmed-lr-da2cb8ecd17fd0932ab6d94774c0522beebce6e3'
>>> pcsx_rearmed-lr:target seq 183 >>>
[243/245] [DONE] build   pcsx_rearmed-lr:target
[244/245] [DONE] build   box86:target
<<< box86:target seq 233 <<<
[1;36mUNPACK[0m      box86
[1;33mBUILD[0m      box86 [1;37m(target)[0m
    [1;35mTOOLCHAIN[0m      cmake
Executing (target): cmake -GNinja -DCMAKE_TOOLCHAIN_FILE=/workspace/repos/rocknix.worktrees/m7-pixelelated-sm8550-01/build.pixelelated-SM8550.arm/toolchain/etc/cmake-armv9a-rocknix-linux-gnueabi.conf -DCMAKE_INSTALL_PREFIX=/usr -DCMAKE_BUILD_TYPE=Release -DCMAKE_BUILD_TYPE=Release -DARM_DYNAREC=On -DCMAKE_C_FLAGS="-w" -DSD8G2=On /workspace/repos/rocknix.worktrees/m7-pixelelated-sm8550-01/build.pixelelated-SM8550.arm/build/box86-39d3ed203323000c11f47b780f7468fa24a7185d
-- Found Python3: /workspace/repos/rocknix.worktrees/m7-pixelelated-sm8550-01/build.pixelelated-SM8550.arm/toolchain/bin/python3.14 (found version "3.14.7") found components: Interpreter
-- The C compiler identification is GNU 15.2.0
-- The ASM compiler identification is GNU
-- Found assembler: /workspace/repos/rocknix.worktrees/m7-pixelelated-sm8550-01/build.pixelelated-SM8550.arm/toolchain/bin/armv9a-rocknix-linux-gnueabi-gcc
-- Detecting C compiler ABI info
-- Detecting C compiler ABI info - done
-- Check for working C compiler: /workspace/repos/rocknix.worktrees/m7-pixelelated-sm8550-01/build.pixelelated-SM8550.arm/toolchain/bin/armv9a-rocknix-linux-gnueabi-gcc - skipped
-- Detecting C compile features
-- Detecting C compile features - done
stat64 has __st_info field
-- Configuring done (0.4s)
-- Generating done (0.0s)
CMake Warning (unused-cli):
  Manually-specified variables were not used by the project:

    SD8G2


-- Build files have been written to: /workspace/repos/rocknix.worktrees/m7-pixelelated-sm8550-01/build.pixelelated-SM8550.arm/build/box86-39d3ed203323000c11f47b780f7468fa24a7185d/.armv9a-rocknix-linux-gnueabi
Executing (target): ninja 
[1/388] Building ASM object CMakeFiles/dynarec_arm.dir/src/dynarec/arm_epilog.S.o
[2/388] Building ASM object CMakeFiles/dynarec_arm.dir/src/dynarec/arm_prolog.S.o
[3/388] Building ASM object CMakeFiles/dynarec_arm.dir/src/dynarec/arm_next.S.o
[4/388] Generating /workspace/repos/rocknix.worktrees/m7-pixelelated-sm8550-01/build.pixelelated-SM8550.arm/build/box86-39d3ed203323000c11f47b780f7468fa24a7185d/src/dynarec/last_run.txt
[5/388] Building ASM object CMakeFiles/dynarec_arm.dir/src/dynarec/arm_lock_helper.S.o
[6/388] Building C object CMakeFiles/dynarec_arm.dir/src/dynarec/dynarec_arm_jmpnext.c.o
[7/388] Building C object CMakeFiles/test_interpreter.dir/src/emu/x86run640f.c.o
[8/388] Building C object CMakeFiles/test_interpreter.dir/src/emu/x86run6466.c.o
[9/388] Building C object CMakeFiles/test_interpreter.dir/src/emu/x86run6467.c.o
[10/388] Building C object CMakeFiles/test_interpreter.dir/src/emu/x86run66f20f.c.o
[11/388] Building C object CMakeFiles/test_interpreter.dir/src/emu/x86run6766.c.o
[12/388] Building C object CMakeFiles/dynarec_arm.dir/src/dynarec/dynablock.c.o
[13/388] Building C object CMakeFiles/test_interpreter.dir/src/emu/x86run66dd.c.o
[14/388] Building C object CMakeFiles/dynarec_arm.dir/src/dynarec/dynarec_arm.c.o
[15/388] Building C object CMakeFiles/test_interpreter.dir/src/emu/x86run67.c.o
[16/388] Building C object CMakeFiles/test_interpreter.dir/src/emu/x86run66d9.c.o
[17/388] Building C object CMakeFiles/dynarec_arm.dir/src/emu/x86test.c.o
[18/388] Building C object CMakeFiles/test_interpreter.dir/src/emu/x86run64.c.o
[19/388] Building C object CMakeFiles/test_interpreter.dir/src/emu/x86rund8.c.o
[20/388] Building C object CMakeFiles/test_interpreter.dir/src/emu/x86runde.c.o
[21/388] Building C object CMakeFiles/test_interpreter.dir/src/emu/x86rundf.c.o
[22/388] Building C object CMakeFiles/test_interpreter.dir/src/emu/x86runda.c.o
[23/388] Building C object CMakeFiles/dynarec_arm.dir/src/dynarec/dynarec_arm_functions.c.o
[24/388] Building C object CMakeFiles/test_interpreter.dir/src/emu/x86rundd.c.o
[25/388] Building C object CMakeFiles/test_interpreter.dir/src/emu/x86rund9.c.o
[26/388] Building C object CMakeFiles/test_interpreter.dir/src/emu/x86rundb.c.o
[27/388] Building C object CMakeFiles/test_interpreter.dir/src/emu/x86rundc.c.o
[28/388] Building C object CMakeFiles/test_interpreter.dir/src/emu/x86runf066.c.o
[29/388] Building C object CMakeFiles/interpreter.dir/src/emu/x86run6466.c.o
[30/388] Building C object CMakeFiles/interpreter.dir/src/emu/x86run640f.c.o
[31/388] Building C object CMakeFiles/interpreter.dir/src/emu/x86run6766.c.o
[32/388] Building C object CMakeFiles/interpreter.dir/src/emu/x86run6467.c.o
[33/388] Building C object CMakeFiles/interpreter.dir/src/emu/x86run66dd.c.o
[34/388] Building C object CMakeFiles/test_interpreter.dir/src/emu/x86run66.c.o
[35/388] Building C object CMakeFiles/interpreter.dir/src/emu/x86run66f20f.c.o
[36/388] Building C object CMakeFiles/interpreter.dir/src/emu/x86run66d9.c.o
[37/388] Building C object CMakeFiles/test_interpreter.dir/src/emu/x86runf30f.c.o
[38/388] Building C object CMakeFiles/interpreter.dir/src/emu/x86run67.c.o
[39/388] Building C object CMakeFiles/test_interpreter.dir/src/emu/x86runf20f.c.o
[40/388] Building C object CMakeFiles/interpreter.dir/src/emu/x86run64.c.o
[41/388] Building C object CMakeFiles/interpreter.dir/src/emu/x86rundb.c.o
[42/388] Building C object CMakeFiles/interpreter.dir/src/emu/x86rundc.c.o
[43/388] Building C object CMakeFiles/interpreter.dir/src/emu/x86rund8.c.o
[44/388] Building C object CMakeFiles/test_interpreter.dir/src/emu/x86runf0.c.o
[45/388] Building C object CMakeFiles/interpreter.dir/src/emu/x86rund9.c.o
[46/388] Building C object CMakeFiles/interpreter.dir/src/emu/x86runda.c.o
[47/388] Building C object CMakeFiles/interpreter.dir/src/emu/x86rundd.c.o
[48/388] Building C object CMakeFiles/test_interpreter.dir/src/emu/x86run.c.o
[49/388] Building C object CMakeFiles/interpreter.dir/src/emu/x86runde.c.o
[50/388] Building C object CMakeFiles/interpreter.dir/src/emu/x86run66.c.o
[51/388] Building C object CMakeFiles/interpreter.dir/src/emu/x86runf066.c.o
[52/388] Building C object CMakeFiles/interpreter.dir/src/emu/x86rundf.c.o
[53/388] Building C object CMakeFiles/interpreter.dir/src/emu/x86runf30f.c.o
[54/388] Building C object CMakeFiles/interpreter.dir/src/emu/x86runf20f.c.o
[55/388] Building C object CMakeFiles/interpreter.dir/src/emu/x86runf0.c.o
[56/388] Building C object CMakeFiles/interpreter.dir/src/emu/x86run.c.o
[57/388] Building C object CMakeFiles/test_interpreter.dir/src/emu/x86run0f.c.o
[58/388] Building C object CMakeFiles/dynarec_arm.dir/src/dynarec/arm_printer.c.o
[59/388] Building C object CMakeFiles/interpreter.dir/src/emu/x86run0f.c.o
[60/388] Building C object CMakeFiles/interpreter.dir/src/emu/x86run660f.c.o
[61/388] Building C object CMakeFiles/test_interpreter.dir/src/emu/x86run660f.c.o
[62/388] Generating /workspace/repos/rocknix.worktrees/m7-pixelelated-sm8550-01/build.pixelelated-SM8550.arm/build/box86-39d3ed203323000c11f47b780f7468fa24a7185d/src/wrapped/generated/functions_list.txt
Detected same build as last run, skipping
[63/388] Building C object CMakeFiles/arm_pass0.dir/src/dynarec/dynarec_arm_emit_logic.c.o
[64/388] Building C object CMakeFiles/arm_pass0.dir/src/dynarec/dynarec_arm_dc.c.o
[65/388] Building C object CMakeFiles/arm_pass0.dir/src/dynarec/dynarec_arm_de.c.o
[66/388] Building C object CMakeFiles/arm_pass0.dir/src/dynarec/dynarec_arm_66f0.c.o
[67/388] Building C object CMakeFiles/arm_pass0.dir/src/dynarec/dynarec_arm_emit_tests.c.o
[68/388] Building C object CMakeFiles/arm_pass0.dir/src/dynarec/dynarec_arm_da.c.o
[69/388] Building C object CMakeFiles/arm_pass0.dir/src/dynarec/dynarec_arm_67.c.o
[70/388] Building C object CMakeFiles/arm_pass0.dir/src/dynarec/dynarec_arm_dd.c.o
[71/388] Building C object CMakeFiles/arm_pass0.dir/src/dynarec/dynarec_arm_d8.c.o
[72/388] Building C object CMakeFiles/arm_pass0.dir/src/dynarec/dynarec_arm_f20f.c.o
[73/388] Building C object CMakeFiles/arm_pass0.dir/src/dynarec/dynarec_arm_64.c.o
[74/388] Building C object CMakeFiles/arm_pass0.dir/src/dynarec/dynarec_arm_d9.c.o
[75/388] Building C object CMakeFiles/arm_pass0.dir/src/dynarec/dynarec_arm_pass.c.o
[76/388] Building C object CMakeFiles/arm_pass0.dir/src/dynarec/dynarec_arm_emit_shift.c.o
[77/388] Building C object CMakeFiles/arm_pass0.dir/src/dynarec/dynarec_arm_db.c.o
[78/388] Building C object CMakeFiles/arm_pass0.dir/src/dynarec/dynarec_arm_df.c.o
[79/388] Building C object CMakeFiles/arm_pass0.dir/src/dynarec/dynarec_arm_helper.c.o
[80/388] Building C object CMakeFiles/arm_pass0.dir/src/dynarec/dynarec_arm_emit_math.c.o
[81/388] Building C object CMakeFiles/arm_pass0.dir/src/dynarec/dynarec_arm_65.c.o
[82/388] Building C object CMakeFiles/arm_pass1.dir/src/dynarec/dynarec_arm_pass.c.o
[83/388] Building C object CMakeFiles/arm_pass1.dir/src/dynarec/dynarec_arm_emit_tests.c.o
[84/388] Building C object CMakeFiles/arm_pass0.dir/src/dynarec/dynarec_arm_f0.c.o
[85/388] Building C object CMakeFiles/arm_pass0.dir/src/dynarec/dynarec_arm_66.c.o
[86/388] Building C object CMakeFiles/arm_pass1.dir/src/dynarec/dynarec_arm_emit_logic.c.o
[87/388] Building C object CMakeFiles/arm_pass0.dir/src/dynarec/dynarec_arm_f30f.c.o
[88/388] Building C object CMakeFiles/arm_pass1.dir/src/dynarec/dynarec_arm_67.c.o
[89/388] Building C object CMakeFiles/arm_pass1.dir/src/dynarec/dynarec_arm_emit_math.c.o
[90/388] Building C object CMakeFiles/arm_pass1.dir/src/dynarec/dynarec_arm_da.c.o
[91/388] Building C object CMakeFiles/arm_pass1.dir/src/dynarec/dynarec_arm_d8.c.o
[92/388] Building C object CMakeFiles/arm_pass1.dir/src/dynarec/dynarec_arm_helper.c.o
[93/388] Building C object CMakeFiles/arm_pass1.dir/src/dynarec/dynarec_arm_emit_shift.c.o
[94/388] Building C object CMakeFiles/arm_pass1.dir/src/dynarec/dynarec_arm_dc.c.o
[95/388] Building C object CMakeFiles/arm_pass1.dir/src/dynarec/dynarec_arm_64.c.o
[96/388] Building C object CMakeFiles/arm_pass1.dir/src/dynarec/dynarec_arm_dd.c.o
[97/388] Building C object CMakeFiles/arm_pass1.dir/src/dynarec/dynarec_arm_d9.c.o
[98/388] Building C object CMakeFiles/arm_pass1.dir/src/dynarec/dynarec_arm_de.c.o
[99/388] Building C object CMakeFiles/arm_pass1.dir/src/dynarec/dynarec_arm_df.c.o
[100/388] Building C object CMakeFiles/arm_pass1.dir/src/dynarec/dynarec_arm_db.c.o
[101/388] Building C object CMakeFiles/arm_pass1.dir/src/dynarec/dynarec_arm_65.c.o
[102/388] Building C object CMakeFiles/arm_pass1.dir/src/dynarec/dynarec_arm_66f0.c.o
[103/388] Building C object CMakeFiles/arm_pass1.dir/src/dynarec/dynarec_arm_f20f.c.o
[104/388] Building C object CMakeFiles/arm_pass0.dir/src/dynarec/dynarec_arm_660f.c.o
[105/388] Building C object CMakeFiles/arm_pass2.dir/src/dynarec/dynarec_arm_pass.c.o
[106/388] Building C object CMakeFiles/arm_pass1.dir/src/dynarec/dynarec_arm_f30f.c.o
[107/388] Building C object CMakeFiles/arm_pass2.dir/src/dynarec/dynarec_arm_64.c.o
[108/388] Building C object CMakeFiles/arm_pass2.dir/src/dynarec/dynarec_arm_emit_tests.c.o
[109/388] Building C object CMakeFiles/arm_pass1.dir/src/dynarec/dynarec_arm_f0.c.o
[110/388] Building C object CMakeFiles/arm_pass2.dir/src/dynarec/dynarec_arm_67.c.o
[111/388] Building C object CMakeFiles/arm_pass2.dir/src/dynarec/dynarec_arm_d8.c.o
[112/388] Building C object CMakeFiles/arm_pass2.dir/src/dynarec/dynarec_arm_emit_logic.c.o
[113/388] Building C object CMakeFiles/arm_pass1.dir/src/dynarec/dynarec_arm_66.c.o
[114/388] Building C object CMakeFiles/arm_pass0.dir/src/dynarec/dynarec_arm_00.c.o
[115/388] Building C object CMakeFiles/arm_pass2.dir/src/dynarec/dynarec_arm_da.c.o
[116/388] Building C object CMakeFiles/arm_pass2.dir/src/dynarec/dynarec_arm_dc.c.o
[117/388] Building C object CMakeFiles/arm_pass1.dir/src/dynarec/dynarec_arm_0f.c.o
[118/388] Building C object CMakeFiles/arm_pass2.dir/src/dynarec/dynarec_arm_de.c.o
[119/388] Building C object CMakeFiles/arm_pass0.dir/src/dynarec/dynarec_arm_0f.c.o
[120/388] Building C object CMakeFiles/arm_pass2.dir/src/dynarec/dynarec_arm_dd.c.o
[121/388] Building C object CMakeFiles/arm_pass2.dir/src/dynarec/dynarec_arm_helper.c.o
[122/388] Building C object CMakeFiles/arm_pass2.dir/src/dynarec/dynarec_arm_d9.c.o
[123/388] Building C object CMakeFiles/arm_pass2.dir/src/dynarec/dynarec_arm_db.c.o
[124/388] Building C object CMakeFiles/arm_pass2.dir/src/dynarec/dynarec_arm_emit_math.c.o
[125/388] Building C object CMakeFiles/arm_pass2.dir/src/dynarec/dynarec_arm_df.c.o
[126/388] Building C object CMakeFiles/arm_pass2.dir/src/dynarec/dynarec_arm_66f0.c.o
[127/388] Building C object CMakeFiles/arm_pass2.dir/src/dynarec/dynarec_arm_emit_shift.c.o
[128/388] Building C object CMakeFiles/arm_pass2.dir/src/dynarec/dynarec_arm_65.c.o
[129/388] Building C object CMakeFiles/arm_pass2.dir/src/dynarec/dynarec_arm_f20f.c.o
[130/388] Building C object CMakeFiles/arm_pass1.dir/src/dynarec/dynarec_arm_660f.c.o
[131/388] Building C object CMakeFiles/arm_pass3.dir/src/dynarec/dynarec_arm_pass.c.o
[132/388] Building C object CMakeFiles/arm_pass2.dir/src/dynarec/dynarec_arm_f30f.c.o
[133/388] Building C object CMakeFiles/arm_pass3.dir/src/dynarec/dynarec_arm_emit_tests.c.o
[134/388] Building C object CMakeFiles/arm_pass3.dir/src/dynarec/dynarec_arm_67.c.o
[135/388] Building C object CMakeFiles/arm_pass2.dir/src/dynarec/dynarec_arm_f0.c.o
[136/388] Building C object CMakeFiles/arm_pass3.dir/src/dynarec/dynarec_arm_emit_logic.c.o
[137/388] Building C object CMakeFiles/arm_pass3.dir/src/dynarec/dynarec_arm_64.c.o
[138/388] Building C object CMakeFiles/arm_pass3.dir/src/dynarec/dynarec_arm_da.c.o
[139/388] Building C object CMakeFiles/arm_pass3.dir/src/dynarec/dynarec_arm_de.c.o
[140/388] Building C object CMakeFiles/arm_pass3.dir/src/dynarec/dynarec_arm_db.c.o
[141/388] Building C object CMakeFiles/arm_pass3.dir/src/dynarec/dynarec_arm_dd.c.o
[142/388] Building C object CMakeFiles/arm_pass3.dir/src/dynarec/dynarec_arm_d8.c.o
[143/388] Building C object CMakeFiles/arm_pass1.dir/src/dynarec/dynarec_arm_00.c.o
[144/388] Building C object CMakeFiles/arm_pass2.dir/src/dynarec/dynarec_arm_66.c.o
[145/388] Building C object CMakeFiles/arm_pass3.dir/src/dynarec/dynarec_arm_dc.c.o
[146/388] Building C object CMakeFiles/arm_pass3.dir/src/dynarec/dynarec_arm_66f0.c.o
[147/388] Building C object CMakeFiles/arm_pass3.dir/src/dynarec/dynarec_arm_d9.c.o
[148/388] Building C object CMakeFiles/arm_pass3.dir/src/dynarec/dynarec_arm_emit_shift.c.o
[149/388] Building C object CMakeFiles/arm_pass3.dir/src/dynarec/dynarec_arm_df.c.o
[150/388] Building C object CMakeFiles/arm_pass3.dir/src/dynarec/dynarec_arm_helper.c.o
[151/388] Building C object CMakeFiles/arm_pass3.dir/src/dynarec/dynarec_arm_f20f.c.o
[152/388] Building C object CMakeFiles/arm_pass3.dir/src/dynarec/dynarec_arm_65.c.o
[153/388] Building C object CMakeFiles/arm_pass3.dir/src/dynarec/dynarec_arm_f30f.c.o
[154/388] Building C object CMakeFiles/arm_pass2.dir/src/dynarec/dynarec_arm_660f.c.o
[155/388] Building C object CMakeFiles/arm_pass3.dir/src/dynarec/dynarec_arm_emit_math.c.o
[156/388] Building C object CMakeFiles/arm_pass2.dir/src/dynarec/dynarec_arm_0f.c.o
[157/388] Building C object CMakeFiles/arm_pass3.dir/src/dynarec/dynarec_arm_f0.c.o
[158/388] Building C object CMakeFiles/arm_pass2.dir/src/dynarec/dynarec_arm_00.c.o
[159/388] Building C object CMakeFiles/arm_pass3.dir/src/dynarec/dynarec_arm_66.c.o
[160/388] Building C object CMakeFiles/arm_pass3.dir/src/dynarec/dynarec_arm_0f.c.o
[161/388] Building C object CMakeFiles/arm_pass3.dir/src/dynarec/dynarec_arm_660f.c.o
[162/388] Building C object CMakeFiles/arm_pass3.dir/src/dynarec/dynarec_arm_00.c.o
[163/388] Linking C static library libdynarec.a
[164/388] Generating /workspace/repos/rocknix.worktrees/m7-pixelelated-sm8550-01/build.pixelelated-SM8550.arm/build/box86-39d3ed203323000c11f47b780f7468fa24a7185d/src/git_head.h
[165/388] Building C object CMakeFiles/box86.dir/src/build_info.c.o
[166/388] Building C object CMakeFiles/box86.dir/src/tools/pathcoll.c.o
[167/388] Building C object CMakeFiles/box86.dir/src/tools/wine_tools.c.o
[168/388] Building C object CMakeFiles/box86.dir/src/tools/my_cpuid.c.o
[169/388] Building C object CMakeFiles/box86.dir/src/tools/callback.c.o
[170/388] Building C object CMakeFiles/box86.dir/src/tools/fileutils.c.o
[171/388] Building C object CMakeFiles/box86.dir/src/emu/x86compstrings.c.o
[172/388] Building C object CMakeFiles/box86.dir/src/tools/rbtree.c.o
[173/388] Building C object CMakeFiles/box86.dir/src/librarian/dictionnary.c.o
[174/388] Building C object CMakeFiles/box86.dir/src/box86context.c.o
[175/388] Building C object CMakeFiles/box86.dir/src/elfs/elfparser.c.o
[176/388] Building C object CMakeFiles/box86.dir/src/librarian/globalsymbols.c.o
[177/388] Building C object CMakeFiles/box86.dir/src/elfs/elfload_dump.c.o
[178/388] Building C object CMakeFiles/box86.dir/src/tools/box86stack.c.o
[179/388] Building C object CMakeFiles/box86.dir/src/tools/bridge.c.o
[180/388] Building C object CMakeFiles/box86.dir/src/main.c.o
[181/388] Building C object CMakeFiles/box86.dir/src/tools/rcfile.c.o
[182/388] Building C object CMakeFiles/box86.dir/src/mallochook.c.o
[183/388] Building C object CMakeFiles/box86.dir/src/emu/x86trace.c.o
[184/388] Building C object CMakeFiles/box86.dir/src/librarian/symbols.c.o
[185/388] Building C object CMakeFiles/box86.dir/src/emu/x86run_private.c.o
[186/388] Building C object CMakeFiles/box86.dir/src/libtools/stat64_helper.c.o
[187/388] Building C object CMakeFiles/box86.dir/src/emu/x86emu.c.o
[188/388] Building C object CMakeFiles/box86.dir/src/librarian/librarian.c.o
[189/388] Building C object CMakeFiles/box86.dir/src/libtools/auxval.c.o
[190/388] Building C object CMakeFiles/box86.dir/src/emu/x86primop.c.o
[191/388] Building C object CMakeFiles/box86.dir/src/emu/x86tls.c.o
[192/388] Building C object CMakeFiles/box86.dir/src/libtools/myalignsys64.c.o
[193/388] Building C object CMakeFiles/box86.dir/src/libtools/myalign64.c.o
[194/388] Building C object CMakeFiles/box86.dir/src/custommem.c.o
[195/388] Building C object CMakeFiles/box86.dir/src/emu/x87emu_private.c.o
[196/388] Building C object CMakeFiles/box86.dir/src/libtools/myalign.c.o
[197/388] Building C object CMakeFiles/box86.dir/src/libtools/sdl1rwops.c.o
[198/388] Building C object CMakeFiles/box86.dir/src/dynarec/dynarec.c.o
[199/388] Building C object CMakeFiles/box86.dir/src/emu/x86syscall.c.o
[200/388] Building C object CMakeFiles/box86.dir/src/librarian/library.c.o
[201/388] Building C object CMakeFiles/box86.dir/src/elfs/elfloader.c.o
[202/388] Building C object CMakeFiles/box86.dir/src/libtools/sdl2rwops.c.o
[203/388] Building C object CMakeFiles/box86.dir/src/libtools/myfts.c.o
[204/388] Building C object CMakeFiles/box86.dir/src/emu/x86int3.c.o
[205/388] Building C object CMakeFiles/box86.dir/src/wrapped/wrappedlibpthread.c.o
[206/388] Building C object CMakeFiles/box86.dir/src/wrapped/wrappedlibbsd.c.o
[207/388] Building C object CMakeFiles/box86.dir/src/libtools/vkalign.c.o
[208/388] Building C object CMakeFiles/box86.dir/src/libtools/obstack.c.o
[209/388] Building C object CMakeFiles/box86.dir/src/wrapped/wrappedlibglu.c.o
[210/388] Building C object CMakeFiles/box86.dir/src/wrapped/wrappedlibrt.c.o
[211/388] Building C object CMakeFiles/box86.dir/src/libtools/threads.c.o
[212/388] Building C object CMakeFiles/box86.dir/src/wrapped/wrappedlibglx.c.o
[213/388] Building C object CMakeFiles/box86.dir/src/wrapped/wrappedlibasound.c.o
[214/388] Building C object CMakeFiles/box86.dir/src/wrapped/wrappedsdl1sound.c.o
[215/388] Building C object CMakeFiles/box86.dir/src/libtools/signals.c.o
[216/388] Building C object CMakeFiles/box86.dir/src/wrapped/wrappedsdl1.c.o
[217/388] Building C object CMakeFiles/box86.dir/src/wrapped/wrappedsdl1ttf.c.o
[218/388] Building C object CMakeFiles/box86.dir/src/wrapped/wrappedsdl1image.c.o
[219/388] Building C object CMakeFiles/box86.dir/src/wrapped/wrappedsdl2net.c.o
[220/388] Building C object CMakeFiles/box86.dir/src/wrapped/wrappedlibdl.c.o
[221/388] Building C object CMakeFiles/box86.dir/src/wrapped/wrappedlibm.c.o
[222/388] Building C object CMakeFiles/box86.dir/src/wrapped/wrappedsdl1mixer.c.o
[223/388] Building C object CMakeFiles/box86.dir/src/wrapped/wrappedsdl2ttf.c.o
[224/388] Building C object CMakeFiles/box86.dir/src/wrapped/wrappedsmpeg.c.o
[225/388] Building C object CMakeFiles/box86.dir/src/wrapped/wrappedsdl1net.c.o
[226/388] Building C object CMakeFiles/box86.dir/src/wrapped/wrappedsdl2image.c.o
[227/388] Building C object CMakeFiles/box86.dir/src/wrapped/wrappedsdl2mixer.c.o
[228/388] Building C object CMakeFiles/box86.dir/src/wrapped/wrappedlibgl.c.o
[229/388] Building C object CMakeFiles/box86.dir/src/wrapped/wrappedsmpeg2.c.o
[230/388] Building C object CMakeFiles/box86.dir/src/wrapped/wrappedlibogg.c.o
[231/388] Building C object CMakeFiles/box86.dir/src/wrapped/wrappedlibvorbis.c.o
[232/388] Building C object CMakeFiles/box86.dir/src/wrapped/wrappedvorbisfile.c.o
[233/388] Building C object CMakeFiles/box86.dir/src/wrapped/wrappedlibxrandr.c.o
[234/388] Building C object CMakeFiles/box86.dir/src/wrapped/wrappedlibxpresent.c.o
[235/388] Building C object CMakeFiles/box86.dir/src/wrapped/wrappedlibxxf86vm.c.o
[236/388] Building C object CMakeFiles/box86.dir/src/wrapped/wrappedpng12.c.o
[237/388] Building C object CMakeFiles/box86.dir/src/wrapped/wrappedlibxft.c.o
[238/388] Building C object CMakeFiles/box86.dir/src/wrapped/wrappedxinerama.c.o
[239/388] Building C object CMakeFiles/box86.dir/src/wrapped/wrappedlibxcursor.c.o
[240/388] Building C object CMakeFiles/box86.dir/src/wrapped/wrappedpng16.c.o
[241/388] Building C object CMakeFiles/box86.dir/src/wrapped/wrappedlibxfixes.c.o
[242/388] Building C object CMakeFiles/box86.dir/src/wrapped/wrappedlibxss.c.o
[243/388] Building C object CMakeFiles/box86.dir/src/wrapped/wrappedlibxi.c.o
[244/388] Building C object CMakeFiles/box86.dir/src/wrapped/wrappedlibxext.c.o
[245/388] Building C object CMakeFiles/box86.dir/src/wrapped/wrappedlibxau.c.o
[246/388] Building C object CMakeFiles/box86.dir/src/wrapped/wrappedlibxpm.c.o
[247/388] Building C object CMakeFiles/box86.dir/src/wrapped/wrappedlibx11.c.o
[248/388] Building C object CMakeFiles/box86.dir/src/wrapped/wrappedlibxdmcp.c.o
[249/388] Building C object CMakeFiles/box86.dir/src/wrapped/wrappedlibx11xcb.c.o
[250/388] Building C object CMakeFiles/box86.dir/src/wrapped/wrappedlibxcbshape.c.o
[251/388] Building C object CMakeFiles/box86.dir/src/wrapped/wrappedlibxcbxfixes.c.o
[252/388] Building C object CMakeFiles/box86.dir/src/wrapped/wrappedlibc.c.o
[253/388] Building C object CMakeFiles/box86.dir/src/wrapped/wrappedlibxcbxtest.c.o
[254/388] Building C object CMakeFiles/box86.dir/src/wrapped/wrappedlibxrender.c.o
[255/388] Building C object CMakeFiles/box86.dir/src/wrapped/wrappedlibxcbshm.c.o
[256/388] Building C object CMakeFiles/box86.dir/src/wrapped/wrappedlibxcbkeysyms.c.o
[257/388] Building C object CMakeFiles/box86.dir/src/wrapped/wrappedlibxcbpresent.c.o
[258/388] Building C object CMakeFiles/box86.dir/src/wrapped/wrappedlibxcbrandr.c.o
[259/388] Building C object CMakeFiles/box86.dir/src/wrapped/wrappedlibxcbdri3.c.o
[260/388] Building C object CMakeFiles/box86.dir/src/wrapped/wrappedlibxcbimage.c.o
[261/388] Building C object CMakeFiles/box86.dir/src/wrapped/wrappedlibxcbdri2.c.o
[262/388] Building C object CMakeFiles/box86.dir/src/wrapped/wrappedlibxtst.c.o
[263/388] Building C object CMakeFiles/box86.dir/src/wrapped/wrappedlibxdamage.c.o
[264/388] Building C object CMakeFiles/box86.dir/src/wrapped/wrappedlibxmu.c.o
[265/388] Building C object CMakeFiles/box86.dir/src/wrapped/wrappedlibxt.c.o
[266/388] Building C object CMakeFiles/box86.dir/src/wrapped/wrappedlibxcb.c.o
[267/388] Building C object CMakeFiles/box86.dir/src/wrapped/wrappedlibz.c.o
[268/388] Building C object CMakeFiles/box86.dir/src/wrapped/wrappedalure.c.o
[269/388] Building C object CMakeFiles/box86.dir/src/wrapped/wrappedalut.c.o
[270/388] Building C object CMakeFiles/box86.dir/src/wrapped/wrappedopenal.c.o
[271/388] Building C object CMakeFiles/box86.dir/src/wrapped/wrappediconv.c.o
[272/388] Building C object CMakeFiles/box86.dir/src/wrapped/wrappedlibxcomposite.c.o
[273/388] Building C object CMakeFiles/box86.dir/src/wrapped/wrappedudev0.c.o
[274/388] Building C object CMakeFiles/box86.dir/src/wrapped/wrappedudev1.c.o
[275/388] Building C object CMakeFiles/box86.dir/src/wrapped/wrappedopencl.c.o
[276/388] Building C object CMakeFiles/box86.dir/src/wrapped/wrappedlibdrm.c.o
[277/388] Building C object CMakeFiles/box86.dir/src/wrapped/wrappedlibcrypt.c.o
[278/388] Building C object CMakeFiles/box86.dir/src/wrapped/wrappedutil.c.o
[279/388] Building C object CMakeFiles/box86.dir/src/wrapped/wrappedlibuuid.c.o
[280/388] Building C object CMakeFiles/box86.dir/src/wrapped/wrappedcurl.c.o
[281/388] Building C object CMakeFiles/box86.dir/src/wrapped/wrappedpulsesimple.c.o
[282/388] Building C object CMakeFiles/box86.dir/src/wrapped/wrappedlibresolv.c.o
[283/388] Building C object CMakeFiles/box86.dir/src/wrapped/wrappedlibssl.c.o
[284/388] Building C object CMakeFiles/box86.dir/src/wrapped/wrappeddbus.c.o
[285/388] Building C object CMakeFiles/box86.dir/src/wrapped/wrappedcrypto.c.o
[286/388] Building C object CMakeFiles/box86.dir/src/wrapped/wrappedfontconfig.c.o
[287/388] Building C object CMakeFiles/box86.dir/src/wrapped/wrappedlibsndfile.c.o
[288/388] Building C object CMakeFiles/box86.dir/src/wrapped/wrappedlibice.c.o
[289/388] Building C object CMakeFiles/box86.dir/src/wrapped/wrappedfreetype.c.o
[290/388] Building C object CMakeFiles/box86.dir/src/wrapped/wrappedexpat.c.o
[291/388] Building C object CMakeFiles/box86.dir/src/wrapped/wrappedlibformw.c.o
[292/388] Building C object CMakeFiles/box86.dir/src/wrapped/wrappedbz2.c.o
[293/388] Building C object CMakeFiles/box86.dir/src/wrapped/wrappedlibsm.c.o
[294/388] Building C object CMakeFiles/box86.dir/src/wrapped/wrappedlibncursesw.c.o
[295/388] Building C object CMakeFiles/box86.dir/src/wrapped/wrappedlibpanel.c.o
[296/388] Building C object CMakeFiles/box86.dir/src/wrapped/wrappedlibusb1.c.o
[297/388] Building C object CMakeFiles/box86.dir/src/wrapped/wrappedlibtinfo.c.o
[298/388] Building C object CMakeFiles/box86.dir/src/wrapped/wrappedgmp.c.o
[299/388] Building C object CMakeFiles/box86.dir/src/wrapped/wrappedlibncurses.c.o
[300/388] Building C object CMakeFiles/box86.dir/src/wrapped/wrappedlibtinfo6.c.o
[301/388] Building C object CMakeFiles/box86.dir/src/wrapped/wrappedlibncurses6.c.o
[302/388] Building C object CMakeFiles/box86.dir/src/wrapped/wrappedgcrypt.c.o
[303/388] Building C object CMakeFiles/box86.dir/src/wrapped/wrappedgdkpixbuf2.c.o
[304/388] Building C object CMakeFiles/box86.dir/src/wrapped/wrappedgdkx112.c.o
[305/388] Building C object CMakeFiles/box86.dir/src/wrapped/wrappedgdk3.c.o
[306/388] Building C object CMakeFiles/box86.dir/src/wrapped/wrappedgstreamer010.c.o
[307/388] Building C object CMakeFiles/box86.dir/src/wrapped/wrappedgstinterfaces010.c.o
[308/388] Building C object CMakeFiles/box86.dir/src/wrapped/wrappedgmodule2.c.o
[309/388] Building C object CMakeFiles/box86.dir/src/wrapped/wrappedgstvideo.c.o
[310/388] Building C object CMakeFiles/box86.dir/src/wrapped/wrappedgstapp.c.o
[311/388] Building C object CMakeFiles/box86.dir/src/wrapped/wrappedgstaudio.c.o
[312/388] Building C object CMakeFiles/box86.dir/src/wrapped/wrappedgsttag.c.o
[313/388] Building C object CMakeFiles/box86.dir/src/wrapped/wrappedgconf2.c.o
[314/388] Building C object CMakeFiles/box86.dir/src/wrapped/wrappedgstbase.c.o
[315/388] Building C object CMakeFiles/box86.dir/src/wrapped/wrappeddbusmenugtk.c.o
[316/388] Building C object CMakeFiles/box86.dir/src/wrapped/wrappedlibibus.c.o
[317/388] Building C object CMakeFiles/box86.dir/src/wrapped/wrappedgio2.c.o
[318/388] Building C object CMakeFiles/box86.dir/src/wrapped/wrappedgstreamer.c.o
[319/388] Building C object CMakeFiles/box86.dir/src/wrapped/wrappeddbusmenuglib.c.o
[320/388] Building C object CMakeFiles/box86.dir/src/wrapped/wrappedappindicator.c.o
[321/388] Building C object CMakeFiles/box86.dir/src/wrapped/wrappedayatanaappindicator3.c.o
[322/388] Building C object CMakeFiles/box86.dir/src/wrapped/wrappedappindicator3.c.o
[323/388] Building C object CMakeFiles/box86.dir/src/wrapped/wrappedcairogobject.c.o
[324/388] Building C object CMakeFiles/box86.dir/src/wrapped/wrappedgtk3.c.o
[325/388] Building C object CMakeFiles/box86.dir/src/wrapped/wrappedatkbridge.c.o
[326/388] Building C object CMakeFiles/box86.dir/src/wrapped/wrappedatk.c.o
[327/388] Building C object CMakeFiles/box86.dir/src/wrapped/wrappedpangoft2.c.o
[328/388] Building C object CMakeFiles/box86.dir/src/wrapped/wrappedgthread2.c.o
[329/388] Building C object CMakeFiles/box86.dir/src/wrapped/wrappedcairo.c.o
[330/388] Building C object CMakeFiles/box86.dir/src/wrapped/wrappedpangocairo.c.o
[331/388] Building C object CMakeFiles/box86.dir/src/wrapped/wrappedgudev1.c.o
[332/388] Building C object CMakeFiles/box86.dir/src/wrapped/wrappedpango.c.o
[333/388] Building C object CMakeFiles/box86.dir/src/wrapped/wrappedtcmallocminimal.c.o
[334/388] Building C object CMakeFiles/box86.dir/src/wrapped/wrappeddbusglib1.c.o
[335/388] Building C object CMakeFiles/box86.dir/src/wrapped/wrappedlibnm.c.o
[336/388] Building C object CMakeFiles/box86.dir/src/wrapped/wrappedlibcups.c.o
[337/388] Building C object CMakeFiles/box86.dir/src/wrapped/wrappedmpg123.c.o
[338/388] Building C object CMakeFiles/box86.dir/src/wrapped/wrappedgnutls.c.o
[339/388] Building C object CMakeFiles/box86.dir/src/wrapped/wrappedwaylandclient.c.o
[340/388] Building C object CMakeFiles/box86.dir/src/wrapped/wrappedglib2.c.o
[341/388] Building C object CMakeFiles/box86.dir/src/wrapped/wrappedxslt.c.o
[342/388] Building C object CMakeFiles/box86.dir/src/wrapped/wrappednsl.c.o
[343/388] Building C object CMakeFiles/box86.dir/src/wrapped/wrappedldapr.c.o
[344/388] Building C object CMakeFiles/box86.dir/src/wrapped/wrappedlber.c.o
[345/388] Building C object CMakeFiles/box86.dir/src/wrapped/wrappedpulse.c.o
[346/388] Building C object CMakeFiles/box86.dir/src/wrapped/wrappedlcms2.c.o
[347/388] Building C object CMakeFiles/box86.dir/src/wrapped/wrappedgssapikrb5.c.o
[348/388] Building C object CMakeFiles/box86.dir/src/wrapped/wrappedkrb5.c.o
[349/388] Building C object CMakeFiles/box86.dir/src/wrapped/wrappedldlinux.c.o
[350/388] Building C object CMakeFiles/box86.dir/src/wrapped/wrappedlibtiff.c.o
[351/388] Building C object CMakeFiles/box86.dir/src/wrapped/wrappedcrashhandler.c.o
[352/388] Building C object CMakeFiles/box86.dir/src/wrapped/wrappedlibv4l2.c.o
[353/388] Building C object CMakeFiles/box86.dir/src/wrapped/wrappednspr4.c.o
[354/388] Building C object CMakeFiles/box86.dir/src/wrapped/wrappednssutil3.c.o
[355/388] Building C object CMakeFiles/box86.dir/src/wrapped/wrappedplds4.c.o
[356/388] Building C object CMakeFiles/box86.dir/src/wrapped/wrappedssl3.c.o
[357/388] Building C object CMakeFiles/box86.dir/src/wrapped/wrappedplc4.c.o
[358/388] Building C object CMakeFiles/box86.dir/src/wrapped/wrappedsoftokn3.c.o
[359/388] Building C object CMakeFiles/box86.dir/src/wrapped/wrappedsecret1.c.o
[360/388] Building C object CMakeFiles/box86.dir/src/wrapped/wrappednss3.c.o
[361/388] Building C object CMakeFiles/box86.dir/src/wrapped/wrappedsmime3.c.o
[362/388] Building C object CMakeFiles/box86.dir/src/wrapped/wrappedfreebl3.c.o
[363/388] Building C object CMakeFiles/box86.dir/src/wrapped/wrappedlibharfbuzz.c.o
[364/388] Building C object CMakeFiles/box86.dir/src/wrapped/wrappedmimalloc.c.o
[365/388] Building C object CMakeFiles/box86.dir/src/wrapped/wrappedtbbmalloc.c.o
[366/388] Building C object CMakeFiles/box86.dir/src/wrapped/wrappedselinux.c.o
[367/388] Building C object CMakeFiles/box86.dir/src/wrapped/wrappedd3dadapter9.c.o
[368/388] Building C object CMakeFiles/box86.dir/src/wrapped/wrappedlibcairogobject.c.o
[369/388] Building C object CMakeFiles/box86.dir/src/wrapped/wrappedvulkan.c.o
[370/388] Building C object CMakeFiles/box86.dir/src/wrapped/wrappedlibvkd3d.c.o
[371/388] Building C object CMakeFiles/box86.dir/src/wrapped/wrappedcap.c.o
[372/388] Building C object CMakeFiles/box86.dir/src/wrapped/wrappedgomp.c.o
[373/388] Building C object CMakeFiles/box86.dir/src/wrapped/wrappedtbbmallocproxy.c.o
[374/388] Building C object CMakeFiles/box86.dir/src/wrapped/wrappedpcap.c.o
[375/388] Building C object CMakeFiles/box86.dir/src/wrapped/wrappedatomic.c.o
[376/388] Building C object CMakeFiles/box86.dir/src/wrapped/wrappedlibpcre.c.o
[377/388] Building C object CMakeFiles/box86.dir/src/wrapped/wrappedsdl2.c.o
[378/388] Building C object CMakeFiles/box86.dir/src/wrapped/wrappedturbojpeg.c.o
[379/388] Building C object CMakeFiles/box86.dir/src/wrapped/wrappedfaudio.c.o
[380/388] Building C object CMakeFiles/box86.dir/src/wrapped/wrappedlibjpeg.c.o
[381/388] Building C object CMakeFiles/box86.dir/src/wrapped/wrappedgtkx112.c.o
[382/388] Building C object CMakeFiles/box86.dir/src/wrapped/wrappedxml2.c.o
[383/388] Building C object CMakeFiles/box86.dir/src/wrapped/wrappedlibjpeg62.c.o
[384/388] Building C object CMakeFiles/box86.dir/src/wrapped/generated/wrapper.c.o
[385/388] Building C object CMakeFiles/box86.dir/src/wrapped/wrappedlibfuse.c.o
[386/388] Building C object CMakeFiles/box86.dir/src/wrapped/wrappedgobject2.c.o
[387/388] Building C object CMakeFiles/box86.dir/src/tools/gtkclass.c.o
[388/388] Linking C executable box86
/workspace/repos/rocknix.worktrees/m7-pixelelated-sm8550-01/build.pixelelated-SM8550.arm/toolchain/armv9a-rocknix-linux-gnueabi/bin/ld.bfd: warning: arm_lock_helper.S.o: missing .note.GNU-stack section implies executable stack
/workspace/repos/rocknix.worktrees/m7-pixelelated-sm8550-01/build.pixelelated-SM8550.arm/toolchain/armv9a-rocknix-linux-gnueabi/bin/ld.bfd: NOTE: This behaviour is deprecated and will be removed in a future version of the linker
>>> box86:target seq 233 >>>
[245/245] [DONE] build   arm:target
<<< arm:target seq 245 <<<
>>> arm:target seq 245 >>>

Total Build Time: 00:00:09.355 (wall clock)
Accum Build Time: 00:03:37.482 (24 slots)

Breakdown by status (all slots):

  Status   Usage         ( Pct )  Count  State
  ACTIVE     :  :09.057  (04.2%)  5      busy 
  FAILED     :  :00.000  (00.0%)  0           
  GETPKG     :  :00.000  (00.0%)  0      busy 
  IDLE       :03:06.620  (85.8%)  245         
  LOCKED     :  :11.389  (05.2%)  248         
  MUTEX      :  :00.000  (00.0%)  0      busy 
  MUTEX/W    :  :00.000  (00.0%)  0      stall
  STALLED    :  :00.000  (00.0%)  0      stall
  UNLOCK     :  :10.415  (04.8%)  248         
  -------------------------------------
  TOTAL      :03:37.482  ( 100%)  746  

Peak concurrency: 2 out of 24 slots

0 job slots were held in a "stall" state for 00:00:00.000

Slot usage (time in a "busy" state):     | Concurrency breakdown ("busy"):
                                         |
#Rank  Slot  Usage        ( Pct )        | # of Slots  Usage        ( Pct )
 #01    22     :  :04.916 (02.3%)        |     01        :  :06.265 (02.9%)
 #02    09     :  :04.137 (01.9%)        |     02        :  :02.792 (01.3%)
 #03    11     :  :00.004 (00.0%)        |
 #04    01     :  :00.000 (00.0%)        |
 #05    02     :  :00.000 (00.0%)        |
 #06    03     :  :00.000 (00.0%)        |
 #07    04     :  :00.000 (00.0%)        |
 #08    05     :  :00.000 (00.0%)        |
 #09    06     :  :00.000 (00.0%)        |
 #10    07     :  :00.000 (00.0%)        |
 #11    08     :  :00.000 (00.0%)        |
 #12    10     :  :00.000 (00.0%)        |
 #13    12     :  :00.000 (00.0%)        |
 #14    13     :  :00.000 (00.0%)        |
 #15    14     :  :00.000 (00.0%)        |
 #16    15     :  :00.000 (00.0%)        |
 #17    16     :  :00.000 (00.0%)        |
 #18    17     :  :00.000 (00.0%)        |
 #19    18     :  :00.000 (00.0%)        |
 #20    19     :  :00.000 (00.0%)        |
 #21    20     :  :00.000 (00.0%)        |
 #22    21     :  :00.000 (00.0%)        |
 #23    23     :  :00.000 (00.0%)        |
 #24    24     :  :00.000 (00.0%)        |
-----------------------------------------+---------------------------------
 TOTALS        :  :09.057 (04.2%)                        :  :09.057 (04.2%)
Successful build!  Building compatibility root...
[1;32mINSTALL[0m      toolchain [1;37m(host)[0m
[1;32mINSTALL[0m      gcc [1;37m(host)[0m
[1;32mINSTALL[0m      patchelf [1;37m(host)[0m
[1;32mINSTALL[0m      pax-utils [1;37m(host)[0m
[1;32mINSTALL[0m      toolchain [1;37m(target)[0m
[1;32mINSTALL[0m      ccache [1;37m(host)[0m
[1;32mINSTALL[0m      autotools [1;37m(host)[0m
[1;32mINSTALL[0m      linux [1;37m(host)[0m
[1;32mINSTALL[0m      gcc [1;37m(bootstrap)[0m
[1;32mINSTALL[0m      pigz [1;37m(host)[0m
[1;32mINSTALL[0m      Python3 [1;37m(host)[0m
[1;32mINSTALL[0m      glibc [1;37m(target)[0m
[1;32mINSTALL[0m      libxcrypt [1;37m(target)[0m
[1;32mINSTALL[0m      tz [1;37m(target)[0m
[1;32mINSTALL[0m      libidn2 [1;37m(target)[0m
[1;32mINSTALL[0m      arm-mem [1;37m(target)[0m
[1;32mINSTALL[0m      libc [1;37m(target)[0m
[1;32mINSTALL[0m      gcc [1;37m(target)[0m
[1;32mINSTALL[0m      make [1;37m(host)[0m
[1;32mINSTALL[0m      libcap [1;37m(target)[0m
[1;32mINSTALL[0m      meson [1;37m(host)[0m
[1;32mINSTALL[0m      openssl [1;37m(target)[0m
[1;32mINSTALL[0m      kmod [1;37m(target)[0m
[1;32mINSTALL[0m      util-linux [1;37m(target)[0m
[1;32mINSTALL[0m      Jinja2 [1;37m(host)[0m
[1;32mINSTALL[0m      cmake [1;37m(host)[0m
[1;32mINSTALL[0m      ninja [1;37m(host)[0m
[1;32mINSTALL[0m      pcre2 [1;37m(host)[0m
[1;32mINSTALL[0m      pcre2 [1;37m(target)[0m
[1;32mINSTALL[0m      zstd [1;37m(target)[0m
[1;32mINSTALL[0m      libgpg-error [1;37m(target)[0m
[1;32mINSTALL[0m      libgcrypt [1;37m(target)[0m
[1;32mINSTALL[0m      systemd [1;37m(target)[0m
[1;32mINSTALL[0m      libusb [1;37m(target)[0m
[1;32mINSTALL[0m      alsa-ucm-conf [1;37m(target)[0m
[1;32mINSTALL[0m      alsa-topology-conf [1;37m(target)[0m
[1;32mINSTALL[0m      alsa-lib [1;37m(target)[0m
[1;32mINSTALL[0m      expat [1;37m(target)[0m
[1;32mINSTALL[0m      dbus [1;37m(target)[0m
[1;32mINSTALL[0m      libogg [1;37m(target)[0m
[1;32mINSTALL[0m      flac [1;37m(target)[0m
[1;32mINSTALL[0m      libvorbis [1;37m(target)[0m
[1;32mINSTALL[0m      opus [1;37m(target)[0m
[1;32mINSTALL[0m      libsndfile [1;37m(target)[0m
[1;32mINSTALL[0m      libtool [1;37m(target)[0m
[1;32mINSTALL[0m      soxr [1;37m(target)[0m
[1;32mINSTALL[0m      speexdsp [1;37m(target)[0m
[1;32mINSTALL[0m      glib [1;37m(host)[0m
[1;32mINSTALL[0m      libffi [1;37m(target)[0m
[1;32mINSTALL[0m      zlib [1;37m(target)[0m
[1;32mINSTALL[0m      glib [1;37m(target)[0m
[1;32mINSTALL[0m      sed [1;37m(host)[0m
[1;32mINSTALL[0m      libdaemon [1;37m(target)[0m
[1;32mINSTALL[0m      libxml2 [1;37m(target)[0m
[1;32mINSTALL[0m      gettext [1;37m(target)[0m
[1;32mINSTALL[0m      avahi [1;37m(target)[0m
[1;32mINSTALL[0m      pulseaudio [1;37m(target)[0m
[1;32mINSTALL[0m      util-macros [1;37m(target)[0m
[1;32mINSTALL[0m      libpciaccess [1;37m(target)[0m
[1;32mINSTALL[0m      hwdata [1;37m(host)[0m
[1;32mINSTALL[0m      libdisplay-info [1;37m(target)[0m
[1;32mINSTALL[0m      libdrm [1;37m(target)[0m
[1;32mINSTALL[0m      Mako [1;37m(host)[0m
[1;32mINSTALL[0m      pyyaml [1;37m(host)[0m
[1;32mINSTALL[0m      wayland [1;37m(host)[0m
[1;32mINSTALL[0m      wayland [1;37m(target)[0m
[1;32mINSTALL[0m      wayland-protocols [1;37m(target)[0m
[1;32mINSTALL[0m      xtrans [1;37m(target)[0m
[1;32mINSTALL[0m      xorgproto [1;37m(target)[0m
[1;32mINSTALL[0m      libXau [1;37m(target)[0m
[1;32mINSTALL[0m      xcb-proto [1;37m(target)[0m
[1;32mINSTALL[0m      libpthread-stubs [1;37m(target)[0m
[1;32mINSTALL[0m      libxcb [1;37m(target)[0m
[1;32mINSTALL[0m      libX11 [1;37m(target)[0m
[1;32mINSTALL[0m      libXext [1;37m(target)[0m
[1;32mINSTALL[0m      libglvnd [1;37m(target)[0m
[1;32mINSTALL[0m      xkeyboard-config [1;37m(target)[0m
[1;32mINSTALL[0m      libxkbcommon [1;37m(target)[0m
[1;32mINSTALL[0m      libXrender [1;37m(target)[0m
[1;32mINSTALL[0m      libXrandr [1;37m(target)[0m
[1;32mINSTALL[0m      libXinerama [1;37m(target)[0m
[1;32mINSTALL[0m      libXfixes [1;37m(target)[0m
[1;32mINSTALL[0m      libXcursor [1;37m(target)[0m
[1;32mINSTALL[0m      libXi [1;37m(target)[0m
[1;32mINSTALL[0m      glfw [1;37m(target)[0m
[1;32mINSTALL[0m      libXdamage [1;37m(target)[0m
[1;32mINSTALL[0m      libXxf86vm [1;37m(target)[0m
[1;32mINSTALL[0m      libxshmfence [1;37m(target)[0m
[1;32mINSTALL[0m      vulkan-headers [1;37m(target)[0m
[1;32mINSTALL[0m      vulkan-loader [1;37m(target)[0m
[1;32mINSTALL[0m      glslang [1;37m(host)[0m
[1;32mINSTALL[0m      volk [1;37m(target)[0m
[1;32mINSTALL[0m      vulkan-tools [1;37m(target)[0m
[1;32mINSTALL[0m      mesa [1;37m(target)[0m
[1;32mINSTALL[0m      glu [1;37m(target)[0m
[1;32mINSTALL[0m      SDL2 [1;37m(target)[0m
[1;32mINSTALL[0m      SDL2_gfx [1;37m(target)[0m
[1;32mINSTALL[0m      libjpeg-turbo [1;37m(target)[0m
[1;32mINSTALL[0m      libpng [1;37m(target)[0m
[1;32mINSTALL[0m      SDL2_image [1;37m(target)[0m
[1;32mINSTALL[0m      gcem [1;37m(target)[0m
[1;32mINSTALL[0m      fluidsynth [1;37m(target)[0m
[1;32mINSTALL[0m      opusfile [1;37m(target)[0m
[1;32mINSTALL[0m      openal-soft [1;37m(target)[0m
[1;32mINSTALL[0m      mpg123 [1;37m(target)[0m
[1;32mINSTALL[0m      libmodplug [1;37m(target)[0m
[1;32mINSTALL[0m      libiconv [1;37m(target)[0m
[1;32mINSTALL[0m      wavpack [1;37m(target)[0m
[1;32mINSTALL[0m      libxmp [1;37m(target)[0m
[1;32mINSTALL[0m      SDL2_mixer [1;37m(target)[0m
[1;32mINSTALL[0m      SDL2_net [1;37m(target)[0m
[1;32mINSTALL[0m      freetype [1;37m(target)[0m
[1;32mINSTALL[0m      SDL2_ttf [1;37m(target)[0m
[1;32mINSTALL[0m      libevdev [1;37m(target)[0m
[1;32mINSTALL[0m      mtdev [1;37m(target)[0m
[1;32mINSTALL[0m      libinput [1;37m(target)[0m
[1;32mINSTALL[0m      fontconfig [1;37m(target)[0m
[1;32mINSTALL[0m      pixman [1;37m(target)[0m
[1;32mINSTALL[0m      cairo [1;37m(target)[0m
[1;32mINSTALL[0m      fribidi [1;37m(target)[0m
[1;32mINSTALL[0m      json-glib [1;37m(target)[0m
[1;32mINSTALL[0m      harfbuzz [1;37m(target)[0m
[1;32mINSTALL[0m      pango [1;37m(target)[0m
[1;32mINSTALL[0m      json-c [1;37m(target)[0m
[1;32mINSTALL[0m      seatd [1;37m(target)[0m
[1;32mINSTALL[0m      font-util [1;37m(target)[0m
[1;32mINSTALL[0m      libfontenc [1;37m(target)[0m
[1;32mINSTALL[0m      libXfont2 [1;37m(target)[0m
[1;32mINSTALL[0m      libxcvt [1;37m(target)[0m
[1;32mINSTALL[0m      libxkbfile [1;37m(target)[0m
[1;32mINSTALL[0m      xorg-launch-helper [1;37m(target)[0m
[1;32mINSTALL[0m      libepoxy [1;37m(target)[0m
[1;32mINSTALL[0m      xwayland [1;37m(target)[0m
[1;32mINSTALL[0m      xcb-util-wm [1;37m(target)[0m
[1;32mINSTALL[0m      wlroots [1;37m(target)[0m
[1;32mINSTALL[0m      jasper [1;37m(target)[0m
[1;32mINSTALL[0m      shared-mime-info [1;37m(host)[0m
[1;32mINSTALL[0m      shared-mime-info [1;37m(target)[0m
[1;32mINSTALL[0m      tiff [1;37m(target)[0m
[1;32mINSTALL[0m      gdk-pixbuf [1;37m(target)[0m
[1;32mINSTALL[0m      swaybg [1;37m(target)[0m
[1;32mINSTALL[0m      ncurses [1;37m(host)[0m
[1;32mINSTALL[0m      ncurses [1;37m(target)[0m
[1;32mINSTALL[0m      tllist [1;37m(target)[0m
[1;32mINSTALL[0m      fcft [1;37m(target)[0m
[1;32mINSTALL[0m      foot [1;37m(target)[0m
[1;32mINSTALL[0m      bemenu [1;37m(target)[0m
[1;32mINSTALL[0m      xkbcomp [1;37m(target)[0m
[1;32mINSTALL[0m      libICE [1;37m(target)[0m
[1;32mINSTALL[0m      libSM [1;37m(target)[0m
[1;32mINSTALL[0m      libXt [1;37m(target)[0m
[1;32mINSTALL[0m      libXmu [1;37m(target)[0m
[1;32mINSTALL[0m      libXpm [1;37m(target)[0m
[1;32mINSTALL[0m      libXaw [1;37m(target)[0m
[1;32mINSTALL[0m      xterm [1;37m(target)[0m
[1;32mINSTALL[0m      libdatrie [1;37m(target)[0m
[1;32mINSTALL[0m      libthai [1;37m(target)[0m
[1;32mINSTALL[0m      sway [1;37m(target)[0m
[1;32mINSTALL[0m      wlr-randr [1;37m(target)[0m
[1;32mINSTALL[0m      libwebp [1;37m(target)[0m
[1;32mINSTALL[0m      jsoncpp [1;37m(target)[0m
[1;32mINSTALL[0m      swayimg [1;37m(target)[0m
[1;32mINSTALL[0m      grim [1;37m(target)[0m
[1;32mINSTALL[0m      oniguruma [1;37m(target)[0m
[1;32mINSTALL[0m      jq [1;37m(target)[0m
[1;32mINSTALL[0m      rocknix-screenshot [1;37m(target)[0m
[1;32mINSTALL[0m      swaywm-env [1;37m(target)[0m
[1;32mINSTALL[0m      xrandr [1;37m(target)[0m
[1;32mINSTALL[0m      glew [1;37m(target)[0m
[1;32mINSTALL[0m      libXtst [1;37m(target)[0m
[1;32mINSTALL[0m      readline [1;37m(target)[0m
[1;32mINSTALL[0m      bluez [1;37m(target)[0m
[1;32mINSTALL[0m      sbc [1;37m(target)[0m
[1;32mINSTALL[0m      ldacBT [1;37m(target)[0m
[1;32mINSTALL[0m      libfreeaptx [1;37m(target)[0m
[1;32mINSTALL[0m      fdk-aac [1;37m(target)[0m
[1;32mINSTALL[0m      pipewire [1;37m(target)[0m
[1;32mINSTALL[0m      libass [1;37m(target)[0m
[1;32mINSTALL[0m      retroarch-assets [1;37m(target)[0m
[1;32mINSTALL[0m      core-info [1;37m(target)[0m
[1;32mINSTALL[0m      bzip2 [1;37m(target)[0m
[1;32mINSTALL[0m      speex [1;37m(target)[0m
[1;32mINSTALL[0m      dav1d [1;37m(target)[0m
[1;32mINSTALL[0m      ffmpeg [1;37m(target)[0m
[1;32mINSTALL[0m      joyutils [1;37m(target)[0m
[1;32mINSTALL[0m      nss-mdns [1;37m(target)[0m
[1;32mINSTALL[0m      libvorbisidec [1;37m(target)[0m
[1;32mINSTALL[0m      libvpx [1;37m(target)[0m
[1;32mINSTALL[0m      miniupnpc [1;37m(target)[0m
[1;32mINSTALL[0m      xz [1;37m(target)[0m
[1;32mINSTALL[0m      retroarch [1;37m(target)[0m
[1;32mINSTALL[0m      libXdmcp [1;37m(target)[0m
[1;32mINSTALL[0m      libXft [1;37m(target)[0m
[1;32mINSTALL[0m      libXcomposite [1;37m(target)[0m
[1;32mINSTALL[0m      gmp [1;37m(target)[0m
[1;32mINSTALL[0m      nettle [1;37m(target)[0m
[1;32mINSTALL[0m      gnutls [1;37m(target)[0m
[1;32mINSTALL[0m      cups [1;37m(target)[0m
[1;32mINSTALL[0m      box86 [1;37m(target)[0m
[1;32mINSTALL[0m      libfmt [1;37m(target)[0m
[1;32mINSTALL[0m      glm [1;37m(target)[0m
[1;32mINSTALL[0m      daedalusx64-sa [1;37m(target)[0m
[1;32mINSTALL[0m      libpcap [1;37m(target)[0m
[1;32mINSTALL[0m      desmume-lr [1;37m(target)[0m
[1;32mINSTALL[0m      gpsp-lr [1;37m(target)[0m
[1;32mINSTALL[0m      pcsx_rearmed-lr [1;37m(target)[0m
[1;32mINSTALL[0m      arm [1;37m(target)[0m
PROJECT=ROCKNIX DEVICE=SM8550 ARCH=aarch64 ./scripts/build_distro
Building ROCKNIX for SM8550
Clean: lib32
[1;31mCLEAN[0m      lib32
    [1;31m*[0m      [0;31mRemoving /workspace/repos/rocknix.worktrees/m7-pixelelated-sm8550-01/build.pixelelated-SM8550.aarch64/build/lib32-1.0 ...[0m
    [1;31m*[0m      [0;31mRemoving /workspace/repos/rocknix.worktrees/m7-pixelelated-sm8550-01/build.pixelelated-SM8550.aarch64/install_pkg/lib32-1.0 ...[0m
    [1;31m*[0m      [0;31mRemoving /workspace/repos/rocknix.worktrees/m7-pixelelated-sm8550-01/build.pixelelated-SM8550.aarch64/qa_checks/lib32-* ...[0m
Clean: box86
[1;31mCLEAN[0m      box86
    [1;31m*[0m      [0;31mRemoving /workspace/repos/rocknix.worktrees/m7-pixelelated-sm8550-01/build.pixelelated-SM8550.aarch64/build/box86-39d3ed203323000c11f47b780f7468fa24a7185d ...[0m
    [1;31m*[0m      [0;31mRemoving /workspace/repos/rocknix.worktrees/m7-pixelelated-sm8550-01/build.pixelelated-SM8550.aarch64/install_pkg/box86-39d3ed203323000c11f47b780f7468fa24a7185d ...[0m
    [1;31m*[0m      [0;31mRemoving /workspace/repos/rocknix.worktrees/m7-pixelelated-sm8550-01/build.pixelelated-SM8550.aarch64/qa_checks/box86-* ...[0m
Clean: pcsx_rearmed-lr
[1;31mCLEAN[0m      pcsx_rearmed-lr
    [1;31m*[0m      [0;31mRemoving /workspace/repos/rocknix.worktrees/m7-pixelelated-sm8550-01/build.pixelelated-SM8550.aarch64/build/pcsx_rearmed-lr-da2cb8ecd17fd0932ab6d94774c0522beebce6e3 ...[0m
    [1;31m*[0m      [0;31mRemoving /workspace/repos/rocknix.worktrees/m7-pixelelated-sm8550-01/build.pixelelated-SM8550.aarch64/install_pkg/pcsx_rearmed-lr-da2cb8ecd17fd0932ab6d94774c0522beebce6e3 ...[0m
    [1;31m*[0m      [0;31mRemoving /workspace/repos/rocknix.worktrees/m7-pixelelated-sm8550-01/build.pixelelated-SM8550.aarch64/qa_checks/pcsx_rearmed-lr-* ...[0m
Clean: arm
[1;31mCLEAN[0m      arm
    [1;31m*[0m      [0;31mRemoving /workspace/repos/rocknix.worktrees/m7-pixelelated-sm8550-01/build.pixelelated-SM8550.aarch64/qa_checks/arm-* ...[0m
Clean: emulators
[1;31mCLEAN[0m      emulators
    [1;31m*[0m      [0;31mRemoving /workspace/repos/rocknix.worktrees/m7-pixelelated-sm8550-01/build.pixelelated-SM8550.aarch64/build/emulators-0.0invalid ...[0m
    [1;31m*[0m      [0;31mRemoving /workspace/repos/rocknix.worktrees/m7-pixelelated-sm8550-01/build.pixelelated-SM8550.aarch64/install_pkg/emulators-0.0invalid ...[0m
    [1;31m*[0m      [0;31mRemoving /workspace/repos/rocknix.worktrees/m7-pixelelated-sm8550-01/build.pixelelated-SM8550.aarch64/qa_checks/emulators-* ...[0m
Clean: system-utils
[1;31mCLEAN[0m      system-utils
    [1;31m*[0m      [0;31mRemoving /workspace/repos/rocknix.worktrees/m7-pixelelated-sm8550-01/build.pixelelated-SM8550.aarch64/build/system-utils- ...[0m
    [1;31m*[0m      [0;31mRemoving /workspace/repos/rocknix.worktrees/m7-pixelelated-sm8550-01/build.pixelelated-SM8550.aarch64/install_pkg/system-utils- ...[0m
    [1;31m*[0m      [0;31mRemoving /workspace/repos/rocknix.worktrees/m7-pixelelated-sm8550-01/build.pixelelated-SM8550.aarch64/qa_checks/system-utils-* ...[0m
Clean: modules
[1;31mCLEAN[0m      modules
    [1;31m*[0m      [0;31mRemoving /workspace/repos/rocknix.worktrees/m7-pixelelated-sm8550-01/build.pixelelated-SM8550.aarch64/build/modules-1.0 ...[0m
    [1;31m*[0m      [0;31mRemoving /workspace/repos/rocknix.worktrees/m7-pixelelated-sm8550-01/build.pixelelated-SM8550.aarch64/install_pkg/modules-1.0 ...[0m
    [1;31m*[0m      [0;31mRemoving /workspace/repos/rocknix.worktrees/m7-pixelelated-sm8550-01/build.pixelelated-SM8550.aarch64/qa_checks/modules-* ...[0m
Clean: quirks
[1;31mCLEAN[0m      quirks
    [1;31m*[0m      [0;31mRemoving /workspace/repos/rocknix.worktrees/m7-pixelelated-sm8550-01/build.pixelelated-SM8550.aarch64/build/quirks- ...[0m
    [1;31m*[0m      [0;31mRemoving /workspace/repos/rocknix.worktrees/m7-pixelelated-sm8550-01/build.pixelelated-SM8550.aarch64/install_pkg/quirks- ...[0m
    [1;31m*[0m      [0;31mRemoving /workspace/repos/rocknix.worktrees/m7-pixelelated-sm8550-01/build.pixelelated-SM8550.aarch64/qa_checks/quirks-* ...[0m
Clean: autostart
[1;31mCLEAN[0m      autostart
    [1;31m*[0m      [0;31mRemoving /workspace/repos/rocknix.worktrees/m7-pixelelated-sm8550-01/build.pixelelated-SM8550.aarch64/build/autostart- ...[0m
    [1;31m*[0m      [0;31mRemoving /workspace/repos/rocknix.worktrees/m7-pixelelated-sm8550-01/build.pixelelated-SM8550.aarch64/install_pkg/autostart- ...[0m
    [1;31m*[0m      [0;31mRemoving /workspace/repos/rocknix.worktrees/m7-pixelelated-sm8550-01/build.pixelelated-SM8550.aarch64/qa_checks/autostart-* ...[0m
Clean: rocknix
[1;31mCLEAN[0m      rocknix
    [1;31m*[0m      [0;31mRemoving /workspace/repos/rocknix.worktrees/m7-pixelelated-sm8550-01/build.pixelelated-SM8550.aarch64/qa_checks/rocknix-* ...[0m
Clean: kernel-firmware
[1;31mCLEAN[0m      kernel-firmware
    [1;31m*[0m      [0;31mRemoving /workspace/repos/rocknix.worktrees/m7-pixelelated-sm8550-01/build.pixelelated-SM8550.aarch64/build/kernel-firmware-20260309 ...[0m
    [1;31m*[0m      [0;31mRemoving /workspace/repos/rocknix.worktrees/m7-pixelelated-sm8550-01/build.pixelelated-SM8550.aarch64/install_pkg/kernel-firmware-20260309 ...[0m
    [1;31m*[0m      [0;31mRemoving /workspace/repos/rocknix.worktrees/m7-pixelelated-sm8550-01/build.pixelelated-SM8550.aarch64/qa_checks/kernel-firmware-* ...[0m
Prune old releases: pixelelated-SM8550.aarch64-*
make[2]: Entering directory '/workspace/repos/rocknix.worktrees/m7-pixelelated-sm8550-01'
./scripts/image mkimage

 =================================================================================
 Configuration for pixelelated (community)
 =================================================================================

 Buildsystem configuration:
 ======================================================
 - CPU:					 cortex-x3
 - Kernel Architecture:			 arm64
 - Userland Architecture:		 aarch64
 - CPU features:			 64bit neon
 - LTO (Link Time Optimization) support: yes
 - GOLD (Google Linker) Support:	 yes
 - MOLD (Modern Linker) Support:	 
 - Default Linker:			 
 - Accelerated arm libc functions:	 
 - LLVM support:			 no
 - DEBUG:				 no
 - CFLAGS:				 -march=armv9-a+fp16+crypto+i8mm+bf16+memtag+sm4+sha3+nosve+nosve2 -mabi=lp64 -Wno-psabi -mtune=cortex-x3 -mno-outline-atomics -Wall -pipe  -O2 -fomit-frame-pointer -DNDEBUG
 - LDFLAGS:				 -Wl,--as-needed -fuse-ld=bfd
 - Local Ccache:			 no
 - CONFIG_SHELL:			 /bin/dash

 Misc. hardware configuration:
 ======================================================
 - ALSA support:			 
 - Pulseaudio support:			 
 - Bluetooth support:			 yes
 - VFD panel support:			 
 - Include firmware:			 extra-firmware

 Image Filesystems:
 ======================================================
 - Flash Size (MiB): 			 2048
 - Storage Size (MiB): 			 32
 - SquashFS Compression Method: 	 zstd

 Misc. Filesystems:
 ======================================================
 - Swap Support:			 yes
   - Swapfile default size:		 

 Network service configuration:
 ======================================================
 - Avahi (Zeroconf) support:		 yes
 - NFS mounting support:		 yes
 - SAMBA mounting support:		 no
 - SAMBA server support:		 yes
 - SFTP server support:			 yes
 - OpenVPN support:			 no
 - WireGuard support:			 yes

 Graphic configuration:
 ======================================================
 - Graphic Drivers:			 freedreno
 - Display Server:			 wl
 - Window Manager / Compositor:		 swaywm-env
 - OpenGL (GLX) support (provider):	 yes (mesa)
 - OpenGL ES support (provider):	 yes (mesa)
 - Vulkan API support (provider):	 yes (vulkan-loader)
 - Vulkan Graphic Drivers:		 freedreno

 Video Acceleration configuration:
 ======================================================
 - VA-API Support:			 no

 OS configuration:
 ======================================================
 - OEM Support:				 no
 - Default ROOT Password:		 rocknix
 - Bootloader:				 qcom-abl
 - UDevil support:			 yes
 - Installer support:			 no
 - Include package:			 gamepadcalibration
 - Include package:			 rocknix-abl
 - Include package:			 inputplumber

 =================================================================================
 End Configuration for pixelelated
 =================================================================================



Packages loaded : 1435
Build trigger(s): 1 [image]
Package steps   : 737

<<< bdf2psf:host seq 4 <<<
>>> bdf2psf:host seq 4 >>>
[001/737] [DONE] build   bdf2psf:host
<<< openssl:host seq 1 <<<
>>> openssl:host seq 1 >>>
[002/737] [DONE] build   openssl:host
<<< configtools:host seq 3 <<<
>>> configtools:host seq 3 >>>
[003/737] [DONE] build   configtools:host
<<< make:host seq 2 <<<
>>> make:host seq 2 >>>
[004/737] [DONE] build   make:host
<<< apache-ant:host seq 20 <<<
>>> apache-ant:host seq 20 >>>
[005/737] [DONE] build   apache-ant:host
<<< gettext:host seq 23 <<<
>>> gettext:host seq 23 >>>
[006/737] [DONE] build   gettext:host
<<< xxHash:host seq 22 <<<
>>> xxHash:host seq 22 >>>
[007/737] [DONE] build   xxHash:host
<<< retroarch-overlays:target seq 17 <<<
[1;32mINSTALL[0m      retroarch-overlays [1;37m(target)[0m
>>> retroarch-overlays:target seq 17 >>>
[008/737] [DONE] install retroarch-overlays:target
<<< pkg-config:host seq 21 <<<
>>> pkg-config:host seq 21 >>>
[009/737] [DONE] build   pkg-config:host
[010/737] [DONE] build   cmake:host
<<< cmake:host seq 25 <<<
>>> cmake:host seq 25 >>>
<<< extra-firmware:target seq 6 <<<
[1;32mINSTALL[0m      extra-firmware [1;37m(target)[0m
>>> extra-firmware:target seq 6 >>>
[011/737] [DONE] install extra-firmware:target
<<< libfmt:host seq 27 <<<
>>> libfmt:host seq 27 >>>
[012/737] [DONE] build   libfmt:host
<<< zstd:host seq 26 <<<
>>> zstd:host seq 26 >>>
[013/737] [DONE] build   zstd:host
[014/737] [DONE] build   ccache:host
<<< ccache:host seq 28 <<<
>>> ccache:host seq 28 >>>
[015/737] [DONE] build   zlib:host
<<< zlib:host seq 33 <<<
>>> zlib:host seq 33 >>>
<<< mpdecimal:host seq 35 <<<
>>> mpdecimal:host seq 35 >>>
[016/737] [DONE] build   mpdecimal:host
[017/737] [DONE] build   libcap:host
<<< libcap:host seq 38 <<<
>>> libcap:host seq 38 >>>
<<< autoconf-archive:host seq 31 <<<
>>> autoconf-archive:host seq 31 >>>
[018/737] [DONE] build   autoconf-archive:host
[019/737] [DONE] build   intltool:host
<<< intltool:host seq 32 <<<
>>> intltool:host seq 32 >>>
<<< 7-zip:host seq 29 <<<
>>> 7-zip:host seq 29 >>>
[020/737] [DONE] build   7-zip:host
[021/737] [DONE] build   m4:host
<<< m4:host seq 30 <<<
>>> m4:host seq 30 >>>
<<< sed:host seq 36 <<<
>>> sed:host seq 36 >>>
[022/737] [DONE] build   sed:host
<<< bzip2:host seq 34 <<<
>>> bzip2:host seq 34 >>>
[023/737] [DONE] build   bzip2:host
<<< linux:host seq 37 <<<
>>> linux:host seq 37 >>>
[024/737] [DONE] build   linux:host
[025/737] [DONE] build   xz:host
<<< xz:host seq 40 <<<
>>> xz:host seq 40 >>>
[026/737] [DONE] build   pigz:host
<<< pigz:host seq 39 <<<
>>> pigz:host seq 39 >>>
<<< ncurses:host seq 41 <<<
>>> ncurses:host seq 41 >>>
[027/737] [DONE] build   ncurses:host
<<< asn1c:host seq 43 <<<
>>> asn1c:host seq 43 >>>
[028/737] [DONE] build   asn1c:host
<<< nspr:host seq 42 <<<
>>> nspr:host seq 42 >>>
[029/737] [DONE] build   nspr:host
<<< libyaml:host seq 44 <<<
>>> libyaml:host seq 44 >>>
[030/737] [DONE] build   libyaml:host
<<< autoconf:host seq 45 <<<
>>> autoconf:host seq 45 >>>
[031/737] [DONE] build   autoconf:host
<<< bison:host seq 46 <<<
>>> bison:host seq 46 >>>
[032/737] [DONE] build   bison:host
<<< gmp:host seq 47 <<<
>>> gmp:host seq 47 >>>
[033/737] [DONE] build   gmp:host
<<< nasm:host seq 48 <<<
>>> nasm:host seq 48 >>>
[034/737] [DONE] build   nasm:host
<<< xa:host seq 49 <<<
>>> xa:host seq 49 >>>
[035/737] [DONE] build   xa:host
<<< nss:host seq 50 <<<
>>> nss:host seq 50 >>>
[036/737] [DONE] build   nss:host
<<< automake:host seq 51 <<<
>>> automake:host seq 51 >>>
[037/737] [DONE] build   automake:host
<<< mpfr:host seq 52 <<<
>>> mpfr:host seq 52 >>>
[038/737] [DONE] build   mpfr:host
<<< libtool:host seq 53 <<<
>>> libtool:host seq 53 >>>
[039/737] [DONE] build   libtool:host
<<< elfutils:host seq 54 <<<
>>> elfutils:host seq 54 >>>
[040/737] [DONE] build   elfutils:host
<<< mpc:host seq 55 <<<
>>> mpc:host seq 55 >>>
[041/737] [DONE] build   mpc:host
<<< slang-shaders:target seq 19 <<<
[1;32mINSTALL[0m      slang-shaders [1;37m(target)[0m
>>> slang-shaders:target seq 19 >>>
[042/737] [DONE] install slang-shaders:target
<<< rocknix-abl:target seq 10 <<<
[1;32mINSTALL[0m      rocknix-abl [1;37m(target)[0m
>>> rocknix-abl:target seq 10 >>>
[043/737] [DONE] install rocknix-abl:target
<<< alsa-ucm-conf:target seq 7 <<<
[1;32mINSTALL[0m      alsa-ucm-conf [1;37m(target)[0m
>>> alsa-ucm-conf:target seq 7 >>>
[044/737] [DONE] install alsa-ucm-conf:target
<<< heroic:target seq 13 <<<
[1;32mINSTALL[0m      heroic [1;37m(target)[0m
>>> heroic:target seq 13 >>>
[045/737] [DONE] install heroic:target
<<< util-linux:host seq 58 <<<
>>> util-linux:host seq 58 >>>
[046/737] [DONE] build   util-linux:host
<<< autotools:host seq 56 <<<
>>> autotools:host seq 56 >>>
[047/737] [DONE] build   autotools:host
[048/737] [DONE] build   libffi:host
<<< libffi:host seq 57 <<<
>>> libffi:host seq 57 >>>
[049/737] [DONE] install retroarch-joypads:target
<<< retroarch-joypads:target seq 16 <<<
[1;32mINSTALL[0m      retroarch-joypads [1;37m(target)[0m
>>> retroarch-joypads:target seq 16 >>>
[050/737] [DONE] install wireless-regdb:target
<<< wireless-regdb:target seq 9 <<<
[1;32mINSTALL[0m      wireless-regdb [1;37m(target)[0m
>>> wireless-regdb:target seq 9 >>>
<<< rust:target seq 12 <<<
[1;32mINSTALL[0m      rust [1;37m(target)[0m
>>> rust:target seq 12 >>>
[051/737] [DONE] install rust:target
[052/737] [DONE] build   patchelf:host
<<< patchelf:host seq 60 <<<
>>> patchelf:host seq 60 >>>
<<< parted:host seq 64 <<<
>>> parted:host seq 64 >>>
[053/737] [DONE] build   parted:host
[054/737] [DONE] build   e2fsprogs:host
<<< e2fsprogs:host seq 63 <<<
>>> e2fsprogs:host seq 63 >>>
<<< flex:host seq 59 <<<
>>> flex:host seq 59 >>>
[055/737] [DONE] build   flex:host
<<< mtools:host seq 62 <<<
>>> mtools:host seq 62 >>>
[056/737] [DONE] build   mtools:host
<<< file:host seq 65 <<<
>>> file:host seq 65 >>>
[057/737] [DONE] build   file:host
<<< dosfstools:host seq 61 <<<
>>> dosfstools:host seq 61 >>>
[058/737] [DONE] build   dosfstools:host
<<< Python3:host seq 66 <<<
>>> Python3:host seq 66 >>>
[059/737] [DONE] build   Python3:host
<<< populatefs:host seq 67 <<<
>>> populatefs:host seq 67 >>>
[060/737] [DONE] build   populatefs:host
<<< binutils:host seq 68 <<<
>>> binutils:host seq 68 >>>
[061/737] [DONE] build   binutils:host
<<< heimdal:host seq 71 <<<
>>> heimdal:host seq 71 >>>
[062/737] [DONE] build   heimdal:host
<<< flit:host seq 70 <<<
>>> flit:host seq 70 >>>
[063/737] [DONE] build   flit:host
<<< ninja:host seq 69 <<<
>>> ninja:host seq 69 >>>
[064/737] [DONE] build   ninja:host
<<< pyinstaller:host seq 73 <<<
>>> pyinstaller:host seq 73 >>>
[065/737] [DONE] build   pyinstaller:host
<<< pcre2:host seq 76 <<<
>>> pcre2:host seq 76 >>>
[066/737] [DONE] build   pcre2:host
<<< lzo:host seq 75 <<<
>>> lzo:host seq 75 >>>
[067/737] [DONE] build   lzo:host
[068/737] [DONE] build   expat:host
<<< expat:host seq 77 <<<
>>> expat:host seq 77 >>>
<<< libxml2:host seq 74 <<<
>>> libxml2:host seq 74 >>>
[069/737] [DONE] build   libxml2:host
<<< pyproject-hooks:host seq 78 <<<
>>> pyproject-hooks:host seq 78 >>>
[070/737] [DONE] build   pyproject-hooks:host
<<< pypackaging:host seq 79 <<<
>>> pypackaging:host seq 79 >>>
[071/737] [DONE] build   pypackaging:host
[072/737] [DONE] build   squashfs-tools:host
<<< squashfs-tools:host seq 80 <<<
>>> squashfs-tools:host seq 80 >>>
<<< libxslt:host seq 81 <<<
>>> libxslt:host seq 81 >>>
[073/737] [DONE] build   libxslt:host
<<< pybuild:host seq 82 <<<
>>> pybuild:host seq 82 >>>
[074/737] [DONE] build   pybuild:host
<<< xmlstarlet:host seq 83 <<<
>>> xmlstarlet:host seq 83 >>>
[075/737] [DONE] build   xmlstarlet:host
<<< setuptools:host seq 84 <<<
>>> setuptools:host seq 84 >>>
[076/737] [DONE] build   setuptools:host
<<< MarkupSafe:host seq 86 <<<
>>> MarkupSafe:host seq 86 >>>
[077/737] [DONE] build   MarkupSafe:host
<<< pyyaml:host seq 87 <<<
>>> pyyaml:host seq 87 >>>
[078/737] [DONE] build   pyyaml:host
<<< meson:host seq 85 <<<
>>> meson:host seq 85 >>>
[079/737] [DONE] build   meson:host
<<< lxml:host seq 88 <<<
>>> lxml:host seq 88 >>>
[080/737] [DONE] build   lxml:host
<<< Jinja2:host seq 89 <<<
>>> Jinja2:host seq 89 >>>
[081/737] [DONE] build   Jinja2:host
<<< Mako:host seq 90 <<<
>>> Mako:host seq 90 >>>
[082/737] [DONE] build   Mako:host
<<< wayland:host seq 95 <<<
>>> wayland:host seq 95 >>>
[083/737] [DONE] build   wayland:host
[084/737] [DONE] build   glib:host
<<< glib:host seq 94 <<<
>>> glib:host seq 94 >>>
<<< toolchain:host seq 91 <<<
>>> toolchain:host seq 91 >>>
[085/737] [DONE] build   toolchain:host
<<< pax-utils:host seq 92 <<<
>>> pax-utils:host seq 92 >>>
[086/737] [DONE] build   pax-utils:host
<<< fakeroot:host seq 93 <<<
>>> fakeroot:host seq 93 >>>
[087/737] [DONE] build   fakeroot:host
<<< itstool:host seq 98 <<<
>>> itstool:host seq 98 >>>
[088/737] [DONE] build   itstool:host
<<< SDL2:host seq 102 <<<
>>> SDL2:host seq 102 >>>
[089/737] [DONE] build   SDL2:host
<<< zmusic:host seq 103 <<<
>>> zmusic:host seq 103 >>>
[090/737] [DONE] build   zmusic:host
<<< llvm:host seq 105 <<<
>>> llvm:host seq 105 >>>
[091/737] [DONE] build   llvm:host
<<< boost:host seq 100 <<<
>>> boost:host seq 100 >>>
[092/737] [DONE] build   boost:host
<<< hwdata:host seq 96 <<<
>>> hwdata:host seq 96 >>>
[093/737] [DONE] build   hwdata:host
[094/737] [DONE] build   luajit:host
<<< luajit:host seq 101 <<<
>>> luajit:host seq 101 >>>
<<< libwebp:host seq 104 <<<
>>> libwebp:host seq 104 >>>
[095/737] [DONE] build   libwebp:host
[096/737] [DONE] build   icu:host
<<< icu:host seq 99 <<<
>>> icu:host seq 99 >>>
<<< qt6:host seq 106 <<<
>>> qt6:host seq 106 >>>
[097/737] [DONE] build   qt6:host
<<< vulkan-headers:host seq 107 <<<
>>> vulkan-headers:host seq 107 >>>
[098/737] [DONE] build   vulkan-headers:host
<<< glslang:host seq 97 <<<
>>> glslang:host seq 97 >>>
[099/737] [DONE] build   glslang:host
<<< shared-mime-info:host seq 108 <<<
>>> shared-mime-info:host seq 108 >>>
[100/737] [DONE] build   shared-mime-info:host
<<< fex-emu:host seq 109 <<<
>>> fex-emu:host seq 109 >>>
[101/737] [DONE] build   fex-emu:host
<<< lsfg-vk:host seq 110 <<<
>>> lsfg-vk:host seq 110 >>>
[102/737] [DONE] build   lsfg-vk:host
[103/737] [DONE] install libretro-database:target
<<< libretro-database:target seq 15 <<<
[1;32mINSTALL[0m      libretro-database [1;37m(target)[0m
>>> libretro-database:target seq 15 >>>
<<< alsa-topology-conf:target seq 8 <<<
[1;32mINSTALL[0m      alsa-topology-conf [1;37m(target)[0m
>>> alsa-topology-conf:target seq 8 >>>
[104/737] [DONE] install alsa-topology-conf:target
<<< retropie-shaders:target seq 18 <<<
[1;32mINSTALL[0m      retropie-shaders [1;37m(target)[0m
>>> retropie-shaders:target seq 18 >>>
[105/737] [DONE] install retropie-shaders:target
[106/737] [DONE] install cargo:target
<<< cargo:target seq 11 <<<
[1;32mINSTALL[0m      cargo [1;37m(target)[0m
>>> cargo:target seq 11 >>>
<<< retroarch-assets:target seq 24 <<<
[1;32mINSTALL[0m      retroarch-assets [1;37m(target)[0m
>>> retroarch-assets:target seq 24 >>>
[107/737] [DONE] install retroarch-assets:target
<<< box86:target seq 14 <<<
[1;36mUNPACK[0m      box86
[1;33mBUILD[0m      box86 [1;37m(target)[0m
    [1;35mTOOLCHAIN[0m      cmake
'/workspace/repos/rocknix.worktrees/m7-pixelelated-sm8550-01/build.pixelelated-SM8550.arm/install_pkg/box86-39d3ed203323000c11f47b780f7468fa24a7185d/usr/share/box86/lib/libgcc_s.so.1' -> '/workspace/repos/rocknix.worktrees/m7-pixelelated-sm8550-01/build.pixelelated-SM8550.aarch64/install_pkg/box86-39d3ed203323000c11f47b780f7468fa24a7185d/usr/share/box86/lib/libgcc_s.so.1'
'/workspace/repos/rocknix.worktrees/m7-pixelelated-sm8550-01/build.pixelelated-SM8550.arm/install_pkg/box86-39d3ed203323000c11f47b780f7468fa24a7185d/usr/share/box86/lib/libpng12.so.0' -> '/workspace/repos/rocknix.worktrees/m7-pixelelated-sm8550-01/build.pixelelated-SM8550.aarch64/install_pkg/box86-39d3ed203323000c11f47b780f7468fa24a7185d/usr/share/box86/lib/libpng12.so.0'
'/workspace/repos/rocknix.worktrees/m7-pixelelated-sm8550-01/build.pixelelated-SM8550.arm/install_pkg/box86-39d3ed203323000c11f47b780f7468fa24a7185d/usr/share/box86/lib/libstdc++.so.5' -> '/workspace/repos/rocknix.worktrees/m7-pixelelated-sm8550-01/build.pixelelated-SM8550.aarch64/install_pkg/box86-39d3ed203323000c11f47b780f7468fa24a7185d/usr/share/box86/lib/libstdc++.so.5'
'/workspace/repos/rocknix.worktrees/m7-pixelelated-sm8550-01/build.pixelelated-SM8550.arm/install_pkg/box86-39d3ed203323000c11f47b780f7468fa24a7185d/usr/share/box86/lib/libstdc++.so.6' -> '/workspace/repos/rocknix.worktrees/m7-pixelelated-sm8550-01/build.pixelelated-SM8550.aarch64/install_pkg/box86-39d3ed203323000c11f47b780f7468fa24a7185d/usr/share/box86/lib/libstdc++.so.6'
'/workspace/repos/rocknix.worktrees/m7-pixelelated-sm8550-01/build.pixelelated-SM8550.arm/install_pkg/box86-39d3ed203323000c11f47b780f7468fa24a7185d/usr/share/box86/lib/libunwind.so.8' -> '/workspace/repos/rocknix.worktrees/m7-pixelelated-sm8550-01/build.pixelelated-SM8550.aarch64/install_pkg/box86-39d3ed203323000c11f47b780f7468fa24a7185d/usr/share/box86/lib/libunwind.so.8'
'/workspace/repos/rocknix.worktrees/m7-pixelelated-sm8550-01/build.pixelelated-SM8550.arm/install_pkg/box86-39d3ed203323000c11f47b780f7468fa24a7185d/usr/bin/bash-x86' -> '/workspace/repos/rocknix.worktrees/m7-pixelelated-sm8550-01/build.pixelelated-SM8550.aarch64/install_pkg/box86-39d3ed203323000c11f47b780f7468fa24a7185d/usr/bin/bash-x86'
'/workspace/repos/rocknix.worktrees/m7-pixelelated-sm8550-01/build.pixelelated-SM8550.arm/install_pkg/box86-39d3ed203323000c11f47b780f7468fa24a7185d/usr/bin/box86' -> '/workspace/repos/rocknix.worktrees/m7-pixelelated-sm8550-01/build.pixelelated-SM8550.aarch64/install_pkg/box86-39d3ed203323000c11f47b780f7468fa24a7185d/usr/bin/box86'
'/workspace/repos/rocknix.worktrees/m7-pixelelated-sm8550-01/build.pixelelated-SM8550.arm/install_pkg/box86-39d3ed203323000c11f47b780f7468fa24a7185d/usr/config/box86.box86rc' -> '/workspace/repos/rocknix.worktrees/m7-pixelelated-sm8550-01/build.pixelelated-SM8550.aarch64/install_pkg/box86-39d3ed203323000c11f47b780f7468fa24a7185d/usr/config/box86.box86rc'
'/workspace/repos/rocknix.worktrees/m7-pixelelated-sm8550-01/build.pixelelated-SM8550.arm/install_pkg/box86-39d3ed203323000c11f47b780f7468fa24a7185d/etc/binfmt.d/box86.conf' -> '/workspace/repos/rocknix.worktrees/m7-pixelelated-sm8550-01/build.pixelelated-SM8550.aarch64/install_pkg/box86-39d3ed203323000c11f47b780f7468fa24a7185d/etc/binfmt.d/box86.conf'
[1;32mINSTALL[0m      box86 [1;37m(target)[0m
>>> box86:target seq 14 >>>
[108/737] [DONE] install box86:target
<<< gcc:bootstrap seq 72 <<<
[1;32mINSTALL[0m      gcc [1;37m(bootstrap)[0m
>>> gcc:bootstrap seq 72 >>>
[109/737] [DONE] install gcc:bootstrap
<<< glibc:target seq 111 <<<
[1;32mINSTALL[0m      glibc [1;37m(target)[0m
>>> glibc:target seq 111 >>>
[110/737] [DONE] install glibc:target
[111/737] [DONE] build   glibc:init
<<< glibc:init seq 113 <<<
>>> glibc:init seq 113 >>>
<<< libxcrypt:target seq 112 <<<
[1;32mINSTALL[0m      libxcrypt [1;37m(target)[0m
>>> libxcrypt:target seq 112 >>>
[112/737] [DONE] install libxcrypt:target
<<< gcc:host seq 114 <<<
>>> gcc:host seq 114 >>>
[113/737] [DONE] build   gcc:host
<<< e2fsprogs:init seq 124 <<<
>>> e2fsprogs:init seq 124 >>>
[114/737] [DONE] build   e2fsprogs:init
<<< busybox:host seq 126 <<<
>>> busybox:host seq 126 >>>
[115/737] [DONE] build   busybox:host
<<< dosfstools:init seq 125 <<<
>>> dosfstools:init seq 125 >>>
[116/737] [DONE] build   dosfstools:init
<<< libidn2:target seq 117 <<<
[1;32mINSTALL[0m      libidn2 [1;37m(target)[0m
>>> libidn2:target seq 117 >>>
[117/737] [DONE] install libidn2:target
<<< libcap:target seq 129 <<<
[1;32mINSTALL[0m      libcap [1;37m(target)[0m
>>> libcap:target seq 129 >>>
[118/737] [DONE] install libcap:target
[119/737] [DONE] install toolchain:target
<<< toolchain:target seq 115 <<<
[1;32mINSTALL[0m      toolchain [1;37m(target)[0m
>>> toolchain:target seq 115 >>>
<<< lzo:target seq 121 <<<
[1;32mINSTALL[0m      lzo [1;37m(target)[0m
>>> lzo:target seq 121 >>>
[120/737] [DONE] install lzo:target
<<< expat:target seq 133 <<<
[1;32mINSTALL[0m      expat [1;37m(target)[0m
>>> expat:target seq 133 >>>
[121/737] [DONE] install expat:target
[122/737] [DONE] install pcre2:target
<<< pcre2:target seq 122 <<<
[1;32mINSTALL[0m      pcre2 [1;37m(target)[0m
>>> pcre2:target seq 122 >>>
<<< libdaemon:target seq 135 <<<
[1;32mINSTALL[0m      libdaemon [1;37m(target)[0m
>>> libdaemon:target seq 135 >>>
[123/737] [DONE] install libdaemon:target
<<< e2fsprogs:target seq 128 <<<
[1;32mINSTALL[0m      e2fsprogs [1;37m(target)[0m
>>> e2fsprogs:target seq 128 >>>
[124/737] [DONE] install e2fsprogs:target
<<< popt:target seq 131 <<<
[1;32mINSTALL[0m      popt [1;37m(target)[0m
>>> popt:target seq 131 >>>
[125/737] [DONE] install popt:target
<<< lz4:target seq 120 <<<
[1;32mINSTALL[0m      lz4 [1;37m(target)[0m
>>> lz4:target seq 120 >>>
[126/737] [DONE] install lz4:target
[127/737] [DONE] install zstd:target
<<< zstd:target seq 123 <<<
[1;32mINSTALL[0m      zstd [1;37m(target)[0m
>>> zstd:target seq 123 >>>
<<< gzip:target seq 137 <<<
[1;32mINSTALL[0m      gzip [1;37m(target)[0m
>>> gzip:target seq 137 >>>
[128/737] [DONE] install gzip:target
<<< libjpeg-turbo:target seq 136 <<<
[1;32mINSTALL[0m      libjpeg-turbo [1;37m(target)[0m
>>> libjpeg-turbo:target seq 136 >>>
[129/737] [DONE] install libjpeg-turbo:target
[130/737] [DONE] install libffi:target
<<< libffi:target seq 134 <<<
[1;32mINSTALL[0m      libffi [1;37m(target)[0m
>>> libffi:target seq 134 >>>
<<< gmp:target seq 132 <<<
[1;32mINSTALL[0m      gmp [1;37m(target)[0m
>>> gmp:target seq 132 >>>
[131/737] [DONE] install gmp:target
<<< bzip2:target seq 119 <<<
[1;32mINSTALL[0m      bzip2 [1;37m(target)[0m
>>> bzip2:target seq 119 >>>
[132/737] [DONE] install bzip2:target
[133/737] [DONE] install dosfstools:target
<<< dosfstools:target seq 127 <<<
[1;32mINSTALL[0m      dosfstools [1;37m(target)[0m
>>> dosfstools:target seq 127 >>>
[134/737] [DONE] install zlib:target
<<< zlib:target seq 118 <<<
[1;32mINSTALL[0m      zlib [1;37m(target)[0m
>>> zlib:target seq 118 >>>
[135/737] [DONE] install openssl:target
<<< openssl:target seq 116 <<<
[1;32mINSTALL[0m      openssl [1;37m(target)[0m
>>> openssl:target seq 116 >>>
[136/737] [DONE] install libgpg-error:target
<<< libgpg-error:target seq 130 <<<
[1;32mINSTALL[0m      libgpg-error [1;37m(target)[0m
>>> libgpg-error:target seq 130 >>>
<<< mpdecimal:target seq 138 <<<
[1;32mINSTALL[0m      mpdecimal [1;37m(target)[0m
>>> mpdecimal:target seq 138 >>>
[137/737] [DONE] install mpdecimal:target
<<< mkbootimg:host seq 146 <<<
>>> mkbootimg:host seq 146 >>>
[138/737] [DONE] build   mkbootimg:host
[139/737] [DONE] build   libc:init
<<< libc:init seq 148 <<<
>>> libc:init seq 148 >>>
<<< util-linux:init seq 150 <<<
>>> util-linux:init seq 150 >>>
[140/737] [DONE] build   util-linux:init
[141/737] [DONE] build   spleen-font:init
<<< spleen-font:init seq 151 <<<
>>> spleen-font:init seq 151 >>>
<<< libmnl:target seq 140 <<<
[1;32mINSTALL[0m      libmnl [1;37m(target)[0m
>>> libmnl:target seq 140 >>>
[142/737] [DONE] install libmnl:target
<<< rocknix-splash:init seq 153 <<<
>>> rocknix-splash:init seq 153 >>>
[143/737] [DONE] build   rocknix-splash:init
[144/737] [DONE] install nspr:target
<<< nspr:target seq 139 <<<
[1;32mINSTALL[0m      nspr [1;37m(target)[0m
>>> nspr:target seq 139 >>>
<<< kmod:host seq 159 <<<
>>> kmod:host seq 159 >>>
[145/737] [DONE] build   kmod:host
[146/737] [DONE] install attr:target
<<< attr:target seq 141 <<<
[1;32mINSTALL[0m      attr [1;37m(target)[0m
>>> attr:target seq 141 >>>
<<< wsdd2:target seq 142 <<<
[1;32mINSTALL[0m      wsdd2 [1;37m(target)[0m
>>> wsdd2:target seq 142 >>>
[147/737] [DONE] install wsdd2:target
<<< tz:target seq 143 <<<
[1;32mINSTALL[0m      tz [1;37m(target)[0m
>>> tz:target seq 143 >>>
[148/737] [DONE] install tz:target
<<< gcc:target seq 144 <<<
[1;32mINSTALL[0m      gcc [1;37m(target)[0m
>>> gcc:target seq 144 >>>
[149/737] [DONE] install gcc:target
<<< keyutils:target seq 145 <<<
[1;32mINSTALL[0m      keyutils [1;37m(target)[0m
>>> keyutils:target seq 145 >>>
[150/737] [DONE] install keyutils:target
<<< xz:target seq 147 <<<
[1;32mINSTALL[0m      xz [1;37m(target)[0m
>>> xz:target seq 147 >>>
[151/737] [DONE] install xz:target
<<< libtirpc:target seq 149 <<<
[1;32mINSTALL[0m      libtirpc [1;37m(target)[0m
>>> libtirpc:target seq 149 >>>
[152/737] [DONE] install libtirpc:target
[153/737] [DONE] install libxml2:target
<<< libxml2:target seq 152 <<<
[1;32mINSTALL[0m      libxml2 [1;37m(target)[0m
>>> libxml2:target seq 152 >>>
[154/737] [DONE] install linux-drivers:target
<<< linux-drivers:target seq 154 <<<
[1;32mINSTALL[0m      linux-drivers [1;37m(target)[0m
>>> linux-drivers:target seq 154 >>>
[155/737] [DONE] install util-linux:target
<<< util-linux:target seq 156 <<<
[1;32mINSTALL[0m      util-linux [1;37m(target)[0m
>>> util-linux:target seq 156 >>>
[156/737] [DONE] install binutils:target
<<< binutils:target seq 160 <<<
[1;32mINSTALL[0m      binutils [1;37m(target)[0m
>>> binutils:target seq 160 >>>
<<< qcom-abl:target seq 155 <<<
[1;32mINSTALL[0m      qcom-abl [1;37m(target)[0m
>>> qcom-abl:target seq 155 >>>
[157/737] [DONE] install qcom-abl:target
[158/737] [DONE] install lsof:target
<<< lsof:target seq 157 <<<
[1;32mINSTALL[0m      lsof [1;37m(target)[0m
>>> lsof:target seq 157 >>>
[159/737] [DONE] install ncurses:target
<<< ncurses:target seq 158 <<<
[1;32mINSTALL[0m      ncurses [1;37m(target)[0m
>>> ncurses:target seq 158 >>>
<<< libunwind:target seq 161 <<<
[1;32mINSTALL[0m      libunwind [1;37m(target)[0m
>>> libunwind:target seq 161 >>>
[160/737] [DONE] install libunwind:target
<<< kmod:target seq 162 <<<
[1;32mINSTALL[0m      kmod [1;37m(target)[0m
>>> kmod:target seq 162 >>>
[161/737] [DONE] install kmod:target
<<< libgcrypt:target seq 163 <<<
[1;32mINSTALL[0m      libgcrypt [1;37m(target)[0m
>>> libgcrypt:target seq 163 >>>
[162/737] [DONE] install libgcrypt:target
<<< umtprd:target seq 164 <<<
[1;32mINSTALL[0m      umtprd [1;37m(target)[0m
>>> umtprd:target seq 164 >>>
[163/737] [DONE] install umtprd:target
<<< oniguruma:target seq 165 <<<
[1;32mINSTALL[0m      oniguruma [1;37m(target)[0m
>>> oniguruma:target seq 165 >>>
[164/737] [DONE] install oniguruma:target
[165/737] [DONE] build   busybox:init
<<< busybox:init seq 176 <<<
>>> busybox:init seq 176 >>>
[166/737] [DONE] install socat:target
<<< socat:target seq 166 <<<
[1;32mINSTALL[0m      socat [1;37m(target)[0m
>>> socat:target seq 166 >>>
<<< p7zip:target seq 167 <<<
[1;32mINSTALL[0m      p7zip [1;37m(target)[0m
>>> p7zip:target seq 167 >>>
[167/737] [DONE] install p7zip:target
[168/737] [DONE] install file:target
<<< file:target seq 168 <<<
[1;32mINSTALL[0m      file [1;37m(target)[0m
>>> file:target seq 168 >>>
<<< grep:target seq 169 <<<
[1;32mINSTALL[0m      grep [1;37m(target)[0m
>>> grep:target seq 169 >>>
[169/737] [DONE] install grep:target
[170/737] [DONE] install nettle:target
<<< nettle:target seq 170 <<<
[1;32mINSTALL[0m      nettle [1;37m(target)[0m
>>> nettle:target seq 170 >>>
[171/737] [DONE] install coreutils:target
<<< coreutils:target seq 171 <<<
[1;32mINSTALL[0m      coreutils [1;37m(target)[0m
>>> coreutils:target seq 171 >>>
<<< libc:target seq 172 <<<
[1;32mINSTALL[0m      libc [1;37m(target)[0m
>>> libc:target seq 172 >>>
[172/737] [DONE] install libc:target
[173/737] [DONE] install alsa-lib:target
<<< alsa-lib:target seq 173 <<<
[1;32mINSTALL[0m      alsa-lib [1;37m(target)[0m
>>> alsa-lib:target seq 173 >>>
<<< libogg:target seq 174 <<<
[1;32mINSTALL[0m      libogg [1;37m(target)[0m
>>> libogg:target seq 174 >>>
[174/737] [DONE] install libogg:target
[175/737] [DONE] install libarchive:target
<<< libarchive:target seq 175 <<<
[1;32mINSTALL[0m      libarchive [1;37m(target)[0m
>>> libarchive:target seq 175 >>>
<<< gettext:target seq 177 <<<
[1;32mINSTALL[0m      gettext [1;37m(target)[0m
>>> gettext:target seq 177 >>>
[176/737] [DONE] install gettext:target
<<< opus:target seq 178 <<<
[1;32mINSTALL[0m      opus [1;37m(target)[0m
>>> opus:target seq 178 >>>
[177/737] [DONE] install opus:target
<<< parted:target seq 179 <<<
[1;32mINSTALL[0m      parted [1;37m(target)[0m
>>> parted:target seq 179 >>>
[178/737] [DONE] install parted:target
[179/737] [DONE] install crossguid:target
<<< crossguid:target seq 180 <<<
[1;32mINSTALL[0m      crossguid [1;37m(target)[0m
>>> crossguid:target seq 180 >>>
[180/737] [DONE] install libtool:target
<<< libtool:target seq 181 <<<
[1;32mINSTALL[0m      libtool [1;37m(target)[0m
>>> libtool:target seq 181 >>>
[181/737] [DONE] install soxr:target
<<< soxr:target seq 182 <<<
[1;32mINSTALL[0m      soxr [1;37m(target)[0m
>>> soxr:target seq 182 >>>
<<< procps-ng:target seq 183 <<<
[1;32mINSTALL[0m      procps-ng [1;37m(target)[0m
>>> procps-ng:target seq 183 >>>
[182/737] [DONE] install procps-ng:target
<<< nano:target seq 184 <<<
[1;32mINSTALL[0m      nano [1;37m(target)[0m
>>> nano:target seq 184 >>>
[183/737] [DONE] install nano:target
<<< readline:target seq 185 <<<
[1;32mINSTALL[0m      readline [1;37m(target)[0m
>>> readline:target seq 185 >>>
[184/737] [DONE] install readline:target
[185/737] [DONE] install gnutls:target
<<< gnutls:target seq 194 <<<
[1;32mINSTALL[0m      gnutls [1;37m(target)[0m
>>> gnutls:target seq 194 >>>
[186/737] [DONE] install systemd:target
<<< systemd:target seq 186 <<<
[1;32mINSTALL[0m      systemd [1;37m(target)[0m
>>> systemd:target seq 186 >>>
<<< speexdsp:target seq 187 <<<
[1;32mINSTALL[0m      speexdsp [1;37m(target)[0m
>>> speexdsp:target seq 187 >>>
[187/737] [DONE] install speexdsp:target
<<< jq:target seq 188 <<<
[1;32mINSTALL[0m      jq [1;37m(target)[0m
>>> jq:target seq 188 >>>
[188/737] [DONE] install jq:target
[189/737] [DONE] install glib:target
<<< glib:target seq 189 <<<
[1;32mINSTALL[0m      glib [1;37m(target)[0m
>>> glib:target seq 189 >>>
[190/737] [DONE] install util-macros:target
<<< util-macros:target seq 190 <<<
[1;32mINSTALL[0m      util-macros [1;37m(target)[0m
>>> util-macros:target seq 190 >>>
<<< libdisplay-info:target seq 191 <<<
[1;32mINSTALL[0m      libdisplay-info [1;37m(target)[0m
>>> libdisplay-info:target seq 191 >>>
[191/737] [DONE] install libdisplay-info:target
<<< wayland:target seq 192 <<<
[1;32mINSTALL[0m      wayland [1;37m(target)[0m
>>> wayland:target seq 192 >>>
[192/737] [DONE] install wayland:target
[193/737] [DONE] install wayland-protocols:target
<<< wayland-protocols:target seq 193 <<<
[1;32mINSTALL[0m      wayland-protocols [1;37m(target)[0m
>>> wayland-protocols:target seq 193 >>>
[194/737] [DONE] install fuse2:target
<<< fuse2:target seq 200 <<<
[1;32mINSTALL[0m      fuse2 [1;37m(target)[0m
>>> fuse2:target seq 200 >>>
<<< libpthread-stubs:target seq 195 <<<
[1;32mINSTALL[0m      libpthread-stubs [1;37m(target)[0m
>>> libpthread-stubs:target seq 195 >>>
[195/737] [DONE] install libpthread-stubs:target
<<< vulkan-headers:target seq 196 <<<
[1;32mINSTALL[0m      vulkan-headers [1;37m(target)[0m
>>> vulkan-headers:target seq 196 >>>
[196/737] [DONE] install vulkan-headers:target
<<< libevdev:target seq 197 <<<
[1;32mINSTALL[0m      libevdev [1;37m(target)[0m
>>> libevdev:target seq 197 >>>
[197/737] [DONE] install libevdev:target
<<< mtdev:target seq 202 <<<
[1;32mINSTALL[0m      mtdev [1;37m(target)[0m
>>> mtdev:target seq 202 >>>
[198/737] [DONE] install mtdev:target
<<< flac:target seq 198 <<<
[1;32mINSTALL[0m      flac [1;37m(target)[0m
>>> flac:target seq 198 >>>
[199/737] [DONE] install flac:target
<<< elfutils:target seq 199 <<<
[1;32mINSTALL[0m      elfutils [1;37m(target)[0m
>>> elfutils:target seq 199 >>>
[200/737] [DONE] install elfutils:target
<<< libvorbis:target seq 201 <<<
[1;32mINSTALL[0m      libvorbis [1;37m(target)[0m
>>> libvorbis:target seq 201 >>>
[201/737] [DONE] install libvorbis:target
<<< gptfdisk:target seq 203 <<<
[1;32mINSTALL[0m      gptfdisk [1;37m(target)[0m
>>> gptfdisk:target seq 203 >>>
[202/737] [DONE] install gptfdisk:target
[203/737] [DONE] install libpng:target
<<< libpng:target seq 204 <<<
[1;32mINSTALL[0m      libpng [1;37m(target)[0m
>>> libpng:target seq 204 >>>
<<< fribidi:target seq 205 <<<
[1;32mINSTALL[0m      fribidi [1;37m(target)[0m
>>> fribidi:target seq 205 >>>
[204/737] [DONE] install fribidi:target
<<< json-c:target seq 206 <<<
[1;32mINSTALL[0m      json-c [1;37m(target)[0m
>>> json-c:target seq 206 >>>
[205/737] [DONE] install json-c:target
[206/737] [DONE] install libxcvt:target
<<< libxcvt:target seq 207 <<<
[1;32mINSTALL[0m      libxcvt [1;37m(target)[0m
>>> libxcvt:target seq 207 >>>
[207/737] [DONE] build   fuse2:init
<<< fuse2:init seq 218 <<<
>>> fuse2:init seq 218 >>>
<<< bash:target seq 208 <<<
[1;32mINSTALL[0m      bash [1;37m(target)[0m
>>> bash:target seq 208 >>>
[208/737] [DONE] install bash:target
[209/737] [DONE] install libzip:target
<<< libzip:target seq 209 <<<
[1;32mINSTALL[0m      libzip [1;37m(target)[0m
>>> libzip:target seq 209 >>>
<<< libusb:target seq 210 <<<
[1;32mINSTALL[0m      libusb [1;37m(target)[0m
>>> libusb:target seq 210 >>>
[210/737] [DONE] install libusb:target
<<< rpcbind:target seq 211 <<<
[1;32mINSTALL[0m      rpcbind [1;37m(target)[0m
>>> rpcbind:target seq 211 >>>
[211/737] [DONE] install rpcbind:target
<<< sleep:target seq 213 <<<
[1;32mINSTALL[0m      sleep [1;37m(target)[0m
>>> sleep:target seq 213 >>>
[212/737] [DONE] install sleep:target
<<< btrfs-progs:target seq 212 <<<
[1;32mINSTALL[0m      btrfs-progs [1;37m(target)[0m
>>> btrfs-progs:target seq 212 >>>
[213/737] [DONE] install btrfs-progs:target
<<< powerstate:target seq 215 <<<
[1;32mINSTALL[0m      powerstate [1;37m(target)[0m
>>> powerstate:target seq 215 >>>
[214/737] [DONE] install powerstate:target
<<< dbus:target seq 216 <<<
[1;32mINSTALL[0m      dbus [1;37m(target)[0m
>>> dbus:target seq 216 >>>
[215/737] [DONE] install dbus:target
<<< xtrans:target seq 219 <<<
[1;32mINSTALL[0m      xtrans [1;37m(target)[0m
>>> xtrans:target seq 219 >>>
[216/737] [DONE] install xtrans:target
<<< libpciaccess:target seq 217 <<<
[1;32mINSTALL[0m      libpciaccess [1;37m(target)[0m
>>> libpciaccess:target seq 217 >>>
[217/737] [DONE] install libpciaccess:target
<<< avfs:init seq 231 <<<
>>> avfs:init seq 231 >>>
[218/737] [DONE] build   avfs:init
<<< xorgproto:target seq 220 <<<
[1;32mINSTALL[0m      xorgproto [1;37m(target)[0m
>>> xorgproto:target seq 220 >>>
[219/737] [DONE] install xorgproto:target
<<< xcb-proto:target seq 221 <<<
[1;32mINSTALL[0m      xcb-proto [1;37m(target)[0m
>>> xcb-proto:target seq 221 >>>
[220/737] [DONE] install xcb-proto:target
<<< xkeyboard-config:target seq 222 <<<
[1;32mINSTALL[0m      xkeyboard-config [1;37m(target)[0m
>>> xkeyboard-config:target seq 222 >>>
[221/737] [DONE] install xkeyboard-config:target
[222/737] [DONE] install volk:target
<<< volk:target seq 223 <<<
[1;32mINSTALL[0m      volk [1;37m(target)[0m
>>> volk:target seq 223 >>>
[223/737] [DONE] install libsndfile:target
<<< libsndfile:target seq 225 <<<
[1;32mINSTALL[0m      libsndfile [1;37m(target)[0m
>>> libsndfile:target seq 225 >>>
[224/737] [DONE] install libinput:target
<<< libinput:target seq 224 <<<
[1;32mINSTALL[0m      libinput [1;37m(target)[0m
>>> libinput:target seq 224 >>>
<<< pixman:target seq 226 <<<
[1;32mINSTALL[0m      pixman [1;37m(target)[0m
>>> pixman:target seq 226 >>>
[225/737] [DONE] install pixman:target
[226/737] [DONE] install freetype:target
<<< freetype:target seq 227 <<<
[1;32mINSTALL[0m      freetype [1;37m(target)[0m
>>> freetype:target seq 227 >>>
<<< json-glib:target seq 228 <<<
[1;32mINSTALL[0m      json-glib [1;37m(target)[0m
>>> json-glib:target seq 228 >>>
[227/737] [DONE] install json-glib:target
[228/737] [DONE] install seatd:target
<<< seatd:target seq 229 <<<
[1;32mINSTALL[0m      seatd [1;37m(target)[0m
>>> seatd:target seq 229 >>>
[229/737] [DONE] install font-util:target
<<< font-util:target seq 230 <<<
[1;32mINSTALL[0m      font-util [1;37m(target)[0m
>>> font-util:target seq 230 >>>
[230/737] [DONE] install xorg-launch-helper:target
<<< xorg-launch-helper:target seq 232 <<<
[1;32mINSTALL[0m      xorg-launch-helper [1;37m(target)[0m
>>> xorg-launch-helper:target seq 232 >>>
[231/737] [DONE] install autostart:target
<<< autostart:target seq 214 <<<
[1;36mUNPACK[0m      autostart
[1;33mBUILD[0m      autostart [1;37m(target)[0m
    [1;35mTOOLCHAIN[0m      manual
[1;32mINSTALL[0m      autostart [1;37m(target)[0m
>>> autostart:target seq 214 >>>
<<< initramfs:init seq 242 <<<
>>> initramfs:init seq 242 >>>
[232/737] [DONE] build   initramfs:init
[233/737] [DONE] install jasper:target
<<< jasper:target seq 233 <<<
[1;32mINSTALL[0m      jasper [1;37m(target)[0m
>>> jasper:target seq 233 >>>
[234/737] [DONE] install usbutils:target
<<< usbutils:target seq 234 <<<
[1;32mINSTALL[0m      usbutils [1;37m(target)[0m
>>> usbutils:target seq 234 >>>
<<< usb-modeswitch:target seq 235 <<<
[1;32mINSTALL[0m      usb-modeswitch [1;37m(target)[0m
>>> usb-modeswitch:target seq 235 >>>
[235/737] [DONE] install usb-modeswitch:target
<<< shared-mime-info:target seq 237 <<<
[1;32mINSTALL[0m      shared-mime-info [1;37m(target)[0m
>>> shared-mime-info:target seq 237 >>>
[236/737] [DONE] install shared-mime-info:target
<<< tiff:target seq 238 <<<
[1;32mINSTALL[0m      tiff [1;37m(target)[0m
>>> tiff:target seq 238 >>>
[237/737] [DONE] install tiff:target
[238/737] [DONE] install avahi:target
<<< avahi:target seq 239 <<<
[1;32mINSTALL[0m      avahi [1;37m(target)[0m
>>> avahi:target seq 239 >>>
<<< tllist:target seq 240 <<<
[1;32mINSTALL[0m      tllist [1;37m(target)[0m
>>> tllist:target seq 240 >>>
[239/737] [DONE] install tllist:target
[240/737] [DONE] install libXau:target
<<< libXau:target seq 243 <<<
[1;32mINSTALL[0m      libXau [1;37m(target)[0m
>>> libXau:target seq 243 >>>
<<< libxshmfence:target seq 244 <<<
[1;32mINSTALL[0m      libxshmfence [1;37m(target)[0m
>>> libxshmfence:target seq 244 >>>
[241/737] [DONE] install libxshmfence:target
<<< libdrm:target seq 241 <<<
[1;32mINSTALL[0m      libdrm [1;37m(target)[0m
>>> libdrm:target seq 241 >>>
[242/737] [DONE] install libdrm:target
[243/737] [DONE] install libICE:target
<<< libICE:target seq 245 <<<
[1;32mINSTALL[0m      libICE [1;37m(target)[0m
>>> libICE:target seq 245 >>>
<<< libdatrie:target seq 246 <<<
[1;32mINSTALL[0m      libdatrie [1;37m(target)[0m
>>> libdatrie:target seq 246 >>>
[244/737] [DONE] install libdatrie:target
<<< wlr-randr:target seq 247 <<<
[1;32mINSTALL[0m      wlr-randr [1;37m(target)[0m
>>> wlr-randr:target seq 247 >>>
[245/737] [DONE] install wlr-randr:target
<<< libwebp:target seq 248 <<<
[1;32mINSTALL[0m      libwebp [1;37m(target)[0m
>>> libwebp:target seq 248 >>>
[246/737] [DONE] install libwebp:target
[247/737] [DONE] install jsoncpp:target
<<< jsoncpp:target seq 249 <<<
[1;32mINSTALL[0m      jsoncpp [1;37m(target)[0m
>>> jsoncpp:target seq 249 >>>
[248/737] [DONE] install fontconfig:target
<<< fontconfig:target seq 250 <<<
[1;32mINSTALL[0m      fontconfig [1;37m(target)[0m
>>> fontconfig:target seq 250 >>>
<<< grim:target seq 251 <<<
[1;32mINSTALL[0m      grim [1;37m(target)[0m
>>> grim:target seq 251 >>>
[249/737] [DONE] install grim:target
<<< sqlite:target seq 252 <<<
[1;32mINSTALL[0m      sqlite [1;37m(target)[0m
>>> sqlite:target seq 252 >>>
[250/737] [DONE] install sqlite:target
<<< libfontenc:target seq 253 <<<
[1;32mINSTALL[0m      libfontenc [1;37m(target)[0m
>>> libfontenc:target seq 253 >>>
[251/737] [DONE] install libfontenc:target
[252/737] [DONE] install libxslt:target
<<< libxslt:target seq 254 <<<
[1;32mINSTALL[0m      libxslt [1;37m(target)[0m
>>> libxslt:target seq 254 >>>
[253/737] [DONE] install system-utils:target
<<< system-utils:target seq 236 <<<
[1;36mUNPACK[0m      system-utils
[1;33mBUILD[0m      system-utils [1;37m(target)[0m
    [1;35mTOOLCHAIN[0m      manual
[1;32mINSTALL[0m      system-utils [1;37m(target)[0m
>>> system-utils:target seq 236 >>>
<<< dialog:target seq 257 <<<
[1;32mINSTALL[0m      dialog [1;37m(target)[0m
>>> dialog:target seq 257 >>>
[254/737] [DONE] install dialog:target
<<< linux:target seq 256 <<<
[1;32mINSTALL[0m      linux [1;37m(target)[0m
>>> linux:target seq 256 >>>
[255/737] [DONE] install linux:target
<<< busybox:target seq 258 <<<
[1;32mINSTALL[0m      busybox [1;37m(target)[0m
>>> busybox:target seq 258 >>>
[256/737] [DONE] install busybox:target
[257/737] [DONE] install iwd:target
<<< iwd:target seq 259 <<<
[1;32mINSTALL[0m      iwd [1;37m(target)[0m
>>> iwd:target seq 259 >>>
[258/737] [DONE] install libndp:target
<<< libndp:target seq 260 <<<
[1;32mINSTALL[0m      libndp [1;37m(target)[0m
>>> libndp:target seq 260 >>>
[259/737] [DONE] install gdk-pixbuf:target
<<< gdk-pixbuf:target seq 261 <<<
[1;32mINSTALL[0m      gdk-pixbuf [1;37m(target)[0m
>>> gdk-pixbuf:target seq 261 >>>
<<< pulseaudio:target seq 262 <<<
[1;32mINSTALL[0m      pulseaudio [1;37m(target)[0m
>>> pulseaudio:target seq 262 >>>
[260/737] [DONE] install pulseaudio:target
<<< netbase:target seq 263 <<<
[1;32mINSTALL[0m      netbase [1;37m(target)[0m
>>> netbase:target seq 263 >>>
[261/737] [DONE] install netbase:target
<<< libxcb:target seq 264 <<<
[1;32mINSTALL[0m      libxcb [1;37m(target)[0m
>>> libxcb:target seq 264 >>>
[262/737] [DONE] install libxcb:target
<<< ethtool:target seq 265 <<<
[1;32mINSTALL[0m      ethtool [1;37m(target)[0m
>>> ethtool:target seq 265 >>>
[263/737] [DONE] install ethtool:target
<<< openssh:target seq 266 <<<
[1;32mINSTALL[0m      openssh [1;37m(target)[0m
>>> openssh:target seq 266 >>>
[264/737] [DONE] install openssh:target
[265/737] [DONE] install libSM:target
<<< libSM:target seq 267 <<<
[1;32mINSTALL[0m      libSM [1;37m(target)[0m
>>> libSM:target seq 267 >>>
<<< libthai:target seq 268 <<<
[1;32mINSTALL[0m      libthai [1;37m(target)[0m
>>> libthai:target seq 268 >>>
[266/737] [DONE] install libthai:target
<<< libnl:target seq 269 <<<
[1;32mINSTALL[0m      libnl [1;37m(target)[0m
>>> libnl:target seq 269 >>>
[267/737] [DONE] install libnl:target
[268/737] [DONE] install rsync:target
<<< rsync:target seq 270 <<<
[1;32mINSTALL[0m      rsync [1;37m(target)[0m
>>> rsync:target seq 270 >>>
<<< miniupnpc:target seq 271 <<<
[1;32mINSTALL[0m      miniupnpc [1;37m(target)[0m
>>> miniupnpc:target seq 271 >>>
[269/737] [DONE] install miniupnpc:target
[270/737] [DONE] install fcft:target
<<< fcft:target seq 272 <<<
[1;32mINSTALL[0m      fcft [1;37m(target)[0m
>>> fcft:target seq 272 >>>
<<< nss-mdns:target seq 273 <<<
[1;32mINSTALL[0m      nss-mdns [1;37m(target)[0m
>>> nss-mdns:target seq 273 >>>
[271/737] [DONE] install nss-mdns:target
<<< quirks:target seq 255 <<<
[1;33mBUILD[0m      quirks [1;37m(target)[0m
    [1;35mTOOLCHAIN[0m      manual
[1;32mINSTALL[0m      quirks [1;37m(target)[0m
>>> quirks:target seq 255 >>>
[272/737] [DONE] install quirks:target
<<< Python3:target seq 274 <<<
[1;32mINSTALL[0m      Python3 [1;37m(target)[0m
>>> Python3:target seq 274 >>>
[273/737] [DONE] install Python3:target
<<< libXfont2:target seq 275 <<<
[1;32mINSTALL[0m      libXfont2 [1;37m(target)[0m
>>> libXfont2:target seq 275 >>>
[274/737] [DONE] install libXfont2:target
<<< xmlstarlet:target seq 276 <<<
[1;32mINSTALL[0m      xmlstarlet [1;37m(target)[0m
>>> xmlstarlet:target seq 276 >>>
[275/737] [DONE] install xmlstarlet:target
<<< nss:target seq 277 <<<
[1;32mINSTALL[0m      nss [1;37m(target)[0m
>>> nss:target seq 277 >>>
[276/737] [DONE] install nss:target
<<< speedtest-cli:target seq 278 <<<
[1;32mINSTALL[0m      speedtest-cli [1;37m(target)[0m
>>> speedtest-cli:target seq 278 >>>
[277/737] [DONE] install speedtest-cli:target
<<< empty:target seq 279 <<<
[1;32mINSTALL[0m      empty [1;37m(target)[0m
>>> empty:target seq 279 >>>
[278/737] [DONE] install empty:target
<<< raofflineproxy-rcheevos:target seq 281 <<<
[1;32mINSTALL[0m      raofflineproxy-rcheevos [1;37m(target)[0m
>>> raofflineproxy-rcheevos:target seq 281 >>>
[279/737] [DONE] install raofflineproxy-rcheevos:target
<<< wireguard-tools:target seq 280 <<<
[1;32mINSTALL[0m      wireguard-tools [1;37m(target)[0m
>>> wireguard-tools:target seq 280 >>>
[280/737] [DONE] install wireguard-tools:target
<<< raofflineproxy-libchdr:target seq 282 <<<
[1;32mINSTALL[0m      raofflineproxy-libchdr [1;37m(target)[0m
>>> raofflineproxy-libchdr:target seq 282 >>>
[281/737] [DONE] install raofflineproxy-libchdr:target
<<< libX11:target seq 286 <<<
[1;32mINSTALL[0m      libX11 [1;37m(target)[0m
>>> libX11:target seq 286 >>>
[282/737] [DONE] install libX11:target
[283/737] [DONE] install bluez:target
<<< bluez:target seq 283 <<<
[1;32mINSTALL[0m      bluez [1;37m(target)[0m
>>> bluez:target seq 283 >>>
<<< libaio:target seq 284 <<<
[1;32mINSTALL[0m      libaio [1;37m(target)[0m
>>> libaio:target seq 284 >>>
[284/737] [DONE] install libaio:target
[285/737] [DONE] install talloc:target
<<< talloc:target seq 285 <<<
[1;32mINSTALL[0m      talloc [1;37m(target)[0m
>>> talloc:target seq 285 >>>
[286/737] [DONE] install libxkbcommon:target
<<< libxkbcommon:target seq 287 <<<
[1;32mINSTALL[0m      libxkbcommon [1;37m(target)[0m
>>> libxkbcommon:target seq 287 >>>
<<< xcb-util-wm:target seq 288 <<<
[1;32mINSTALL[0m      xcb-util-wm [1;37m(target)[0m
>>> xcb-util-wm:target seq 288 >>>
[287/737] [DONE] install xcb-util-wm:target
<<< simple-http-server:target seq 289 <<<
[1;32mINSTALL[0m      simple-http-server [1;37m(target)[0m
>>> simple-http-server:target seq 289 >>>
[288/737] [DONE] install simple-http-server:target
<<< nlohmann-json:target seq 290 <<<
[1;32mINSTALL[0m      nlohmann-json [1;37m(target)[0m
>>> nlohmann-json:target seq 290 >>>
[289/737] [DONE] install nlohmann-json:target
[290/737] [DONE] install iw:target
<<< iw:target seq 291 <<<
[1;32mINSTALL[0m      iw [1;37m(target)[0m
>>> iw:target seq 291 >>>
[291/737] [DONE] install mako-notify:target
<<< mako-notify:target seq 292 <<<
[1;32mINSTALL[0m      mako-notify [1;37m(target)[0m
>>> mako-notify:target seq 292 >>>
[292/737] [DONE] install zip:target
<<< zip:target seq 293 <<<
[1;32mINSTALL[0m      zip [1;37m(target)[0m
>>> zip:target seq 293 >>>
<<< patchelf:target seq 294 <<<
[1;32mINSTALL[0m      patchelf [1;37m(target)[0m
>>> patchelf:target seq 294 >>>
[293/737] [DONE] install patchelf:target
<<< evtest:target seq 295 <<<
[1;32mINSTALL[0m      evtest [1;37m(target)[0m
>>> evtest:target seq 295 >>>
[294/737] [DONE] install evtest:target
[295/737] [DONE] install liberation-fonts-ttf:target
<<< liberation-fonts-ttf:target seq 296 <<<
[1;32mINSTALL[0m      liberation-fonts-ttf [1;37m(target)[0m
>>> liberation-fonts-ttf:target seq 296 >>>
<<< six:target seq 297 <<<
[1;32mINSTALL[0m      six [1;37m(target)[0m
>>> six:target seq 297 >>>
[296/737] [DONE] install six:target
<<< pyudev:target seq 298 <<<
[1;32mINSTALL[0m      pyudev [1;37m(target)[0m
>>> pyudev:target seq 298 >>>
[297/737] [DONE] install pyudev:target
<<< dbussy:target seq 299 <<<
[1;32mINSTALL[0m      dbussy [1;37m(target)[0m
>>> dbussy:target seq 299 >>>
[298/737] [DONE] install dbussy:target
<<< networkmanager:target seq 300 <<<
[1;32mINSTALL[0m      networkmanager [1;37m(target)[0m
>>> networkmanager:target seq 300 >>>
[299/737] [DONE] install networkmanager:target
<<< i2c-tools:target seq 301 <<<
[1;32mINSTALL[0m      i2c-tools [1;37m(target)[0m
>>> i2c-tools:target seq 301 >>>
[300/737] [DONE] install i2c-tools:target
<<< ruby:host seq 318 <<<
>>> ruby:host seq 318 >>>
[301/737] [DONE] build   ruby:host
<<< noto-sans-cjk:target seq 302 <<<
[1;32mINSTALL[0m      noto-sans-cjk [1;37m(target)[0m
>>> noto-sans-cjk:target seq 302 >>>
[302/737] [DONE] install noto-sans-cjk:target
<<< espeak:target seq 303 <<<
[1;32mINSTALL[0m      espeak [1;37m(target)[0m
>>> espeak:target seq 303 >>>
[303/737] [DONE] install espeak:target
<<< tailscale:target seq 304 <<<
[1;32mINSTALL[0m      tailscale [1;37m(target)[0m
>>> tailscale:target seq 304 >>>
[304/737] [DONE] install tailscale:target
<<< raofflineproxy:target seq 305 <<<
[1;32mINSTALL[0m      raofflineproxy [1;37m(target)[0m
>>> raofflineproxy:target seq 305 >>>
[305/737] [DONE] install raofflineproxy:target
<<< libXext:target seq 306 <<<
[1;32mINSTALL[0m      libXext [1;37m(target)[0m
>>> libXext:target seq 306 >>>
[306/737] [DONE] install libXext:target
[307/737] [DONE] install libxkbfile:target
<<< libxkbfile:target seq 309 <<<
[1;32mINSTALL[0m      libxkbfile [1;37m(target)[0m
>>> libxkbfile:target seq 309 >>>
[308/737] [DONE] install libXrender:target
<<< libXrender:target seq 307 <<<
[1;32mINSTALL[0m      libXrender [1;37m(target)[0m
>>> libXrender:target seq 307 >>>
[309/737] [DONE] install libXfixes:target
<<< libXfixes:target seq 308 <<<
[1;32mINSTALL[0m      libXfixes [1;37m(target)[0m
>>> libXfixes:target seq 308 >>>
[310/737] [DONE] install fuse:target
<<< fuse:target seq 315 <<<
[1;32mINSTALL[0m      fuse [1;37m(target)[0m
>>> fuse:target seq 315 >>>
<<< foot:target seq 310 <<<
[1;32mINSTALL[0m      foot [1;37m(target)[0m
>>> foot:target seq 310 >>>
[311/737] [DONE] install foot:target
<<< libXt:target seq 311 <<<
[1;32mINSTALL[0m      libXt [1;37m(target)[0m
>>> libXt:target seq 311 >>>
[312/737] [DONE] install libXt:target
<<< unifdef:host seq 320 <<<
>>> unifdef:host seq 320 >>>
[313/737] [DONE] build   unifdef:host
<<< zerotier-one:target seq 313 <<<
[1;32mINSTALL[0m      zerotier-one [1;37m(target)[0m
>>> zerotier-one:target seq 313 >>>
[314/737] [DONE] install zerotier-one:target
[315/737] [DONE] install samba:target
<<< samba:target seq 312 <<<
[1;32mINSTALL[0m      samba [1;37m(target)[0m
>>> samba:target seq 312 >>>
[316/737] [DONE] install libao:target
<<< libao:target seq 314 <<<
[1;32mINSTALL[0m      libao [1;37m(target)[0m
>>> libao:target seq 314 >>>
<<< qrencode:target seq 317 <<<
[1;32mINSTALL[0m      qrencode [1;37m(target)[0m
>>> qrencode:target seq 317 >>>
[317/737] [DONE] install qrencode:target
<<< go:host seq 329 <<<
>>> go:host seq 329 >>>
[318/737] [DONE] build   go:host
<<< corefonts:target seq 319 <<<
[1;32mINSTALL[0m      corefonts [1;37m(target)[0m
>>> corefonts:target seq 319 >>>
[319/737] [DONE] install corefonts:target
[320/737] [DONE] install atk:target
<<< atk:target seq 321 <<<
[1;32mINSTALL[0m      atk [1;37m(target)[0m
>>> atk:target seq 321 >>>
<<< icu:target seq 322 <<<
[1;32mINSTALL[0m      icu [1;37m(target)[0m
>>> icu:target seq 322 >>>
[321/737] [DONE] install icu:target
<<< nghttp2:target seq 323 <<<
[1;32mINSTALL[0m      nghttp2 [1;37m(target)[0m
>>> nghttp2:target seq 323 >>>
[322/737] [DONE] install nghttp2:target
<<< openjpeg:target seq 324 <<<
[1;32mINSTALL[0m      openjpeg [1;37m(target)[0m
>>> openjpeg:target seq 324 >>>
[323/737] [DONE] install openjpeg:target
<<< brotli:target seq 325 <<<
[1;32mINSTALL[0m      brotli [1;37m(target)[0m
>>> brotli:target seq 325 >>>
[324/737] [DONE] install brotli:target
<<< libtasn1:target seq 326 <<<
[1;32mINSTALL[0m      libtasn1 [1;37m(target)[0m
>>> libtasn1:target seq 326 >>>
[325/737] [DONE] install libtasn1:target
<<< gstreamer:target seq 327 <<<
[1;32mINSTALL[0m      gstreamer [1;37m(target)[0m
>>> gstreamer:target seq 327 >>>
[326/737] [DONE] install gstreamer:target
<<< libXxf86vm:target seq 336 <<<
[1;32mINSTALL[0m      libXxf86vm [1;37m(target)[0m
>>> libXxf86vm:target seq 336 >>>
[327/737] [DONE] install libXxf86vm:target
<<< rocknix:target seq 316 <<<
[1;36mUNPACK[0m      rocknix
[1;33mBUILD[0m      rocknix [1;37m(target)[0m
    [1;35mTOOLCHAIN[0m      make
sending incremental file list
system/
system/configs/
system/configs/system.cfg
system/configs/tz

sent 14,179 bytes  received 66 bytes  28,490.00 bytes/sec
total size is 13,934  speedup is 0.98
'/workspace/repos/rocknix.worktrees/m7-pixelelated-sm8550-01/projects/ROCKNIX/devices/SM8550/bootloader/update.sh' -> '/workspace/repos/rocknix.worktrees/m7-pixelelated-sm8550-01/build.pixelelated-SM8550.aarch64/install_pkg/rocknix-/usr/share/bootloader/update.sh'
[1;32mINSTALL[0m      rocknix [1;37m(target)[0m
>>> rocknix:target seq 316 >>>
[328/737] [DONE] install rocknix:target
<<< glib-networking:target seq 328 <<<
[1;32mINSTALL[0m      glib-networking [1;37m(target)[0m
>>> glib-networking:target seq 328 >>>
[329/737] [DONE] install glib-networking:target
[330/737] [DONE] install libXcursor:target
<<< libXcursor:target seq 333 <<<
[1;32mINSTALL[0m      libXcursor [1;37m(target)[0m
>>> libXcursor:target seq 333 >>>
<<< libglvnd:target seq 330 <<<
[1;32mINSTALL[0m      libglvnd [1;37m(target)[0m
>>> libglvnd:target seq 330 >>>
[331/737] [DONE] install libglvnd:target
[332/737] [DONE] install libXinerama:target
<<< libXinerama:target seq 331 <<<
[1;32mINSTALL[0m      libXinerama [1;37m(target)[0m
>>> libXinerama:target seq 331 >>>
<<< libXrandr:target seq 332 <<<
[1;32mINSTALL[0m      libXrandr [1;37m(target)[0m
>>> libXrandr:target seq 332 >>>
[333/737] [DONE] install libXrandr:target
[334/737] [DONE] install libXdamage:target
<<< libXdamage:target seq 335 <<<
[1;32mINSTALL[0m      libXdamage [1;37m(target)[0m
>>> libXdamage:target seq 335 >>>
[335/737] [DONE] install libXi:target
<<< libXi:target seq 334 <<<
[1;32mINSTALL[0m      libXi [1;37m(target)[0m
>>> libXi:target seq 334 >>>
[336/737] [DONE] install xkbcomp:target
<<< xkbcomp:target seq 337 <<<
[1;32mINSTALL[0m      xkbcomp [1;37m(target)[0m
>>> xkbcomp:target seq 337 >>>
[337/737] [DONE] install libXmu:target
<<< libXmu:target seq 338 <<<
[1;32mINSTALL[0m      libXmu [1;37m(target)[0m
>>> libXmu:target seq 338 >>>
<<< lcms2:target seq 340 <<<
[1;32mINSTALL[0m      lcms2 [1;37m(target)[0m
>>> lcms2:target seq 340 >>>
[338/737] [DONE] install lcms2:target
[339/737] [DONE] install boost:target
<<< boost:target seq 341 <<<
[1;32mINSTALL[0m      boost [1;37m(target)[0m
>>> boost:target seq 341 >>>
[340/737] [DONE] install freeimage:target
<<< freeimage:target seq 343 <<<
[1;32mINSTALL[0m      freeimage [1;37m(target)[0m
>>> freeimage:target seq 343 >>>
[341/737] [DONE] install syncthing:target
<<< syncthing:target seq 342 <<<
[1;32mINSTALL[0m      syncthing [1;37m(target)[0m
>>> syncthing:target seq 342 >>>
[342/737] [DONE] install rapidjson:target
<<< rapidjson:target seq 344 <<<
[1;32mINSTALL[0m      rapidjson [1;37m(target)[0m
>>> rapidjson:target seq 344 >>>
[343/737] [DONE] install network:target
<<< network:target seq 339 <<<
[1;32mINSTALL[0m      network [1;37m(target)[0m
>>> network:target seq 339 >>>
[344/737] [DONE] install curl:target
<<< curl:target seq 346 <<<
[1;32mINSTALL[0m      curl [1;37m(target)[0m
>>> curl:target seq 346 >>>
[345/737] [DONE] install openal-soft:target
<<< openal-soft:target seq 350 <<<
[1;32mINSTALL[0m      openal-soft [1;37m(target)[0m
>>> openal-soft:target seq 350 >>>
<<< libpsl:target seq 345 <<<
[1;32mINSTALL[0m      libpsl [1;37m(target)[0m
>>> libpsl:target seq 345 >>>
[346/737] [DONE] install libpsl:target
[347/737] [DONE] install gcem:target
<<< gcem:target seq 347 <<<
[1;32mINSTALL[0m      gcem [1;37m(target)[0m
>>> gcem:target seq 347 >>>
[348/737] [DONE] install woff2:target
<<< woff2:target seq 348 <<<
[1;32mINSTALL[0m      woff2 [1;37m(target)[0m
>>> woff2:target seq 348 >>>
[349/737] [DONE] install opusfile:target
<<< opusfile:target seq 349 <<<
[1;32mINSTALL[0m      opusfile [1;37m(target)[0m
>>> opusfile:target seq 349 >>>
[350/737] [DONE] install libmodplug:target
<<< libmodplug:target seq 351 <<<
[1;32mINSTALL[0m      libmodplug [1;37m(target)[0m
>>> libmodplug:target seq 351 >>>
[351/737] [DONE] install libiconv:target
<<< libiconv:target seq 352 <<<
[1;32mINSTALL[0m      libiconv [1;37m(target)[0m
>>> libiconv:target seq 352 >>>
<<< libxmp:target seq 353 <<<
[1;32mINSTALL[0m      libxmp [1;37m(target)[0m
>>> libxmp:target seq 353 >>>
[352/737] [DONE] install libxmp:target
[353/737] [DONE] install fping:target
<<< fping:target seq 354 <<<
[1;32mINSTALL[0m      fping [1;37m(target)[0m
>>> fping:target seq 354 >>>
<<< libXtst:target seq 360 <<<
[1;32mINSTALL[0m      libXtst [1;37m(target)[0m
>>> libXtst:target seq 360 >>>
[354/737] [DONE] install libXtst:target
[355/737] [DONE] install alsa-utils:target
<<< alsa-utils:target seq 355 <<<
[1;32mINSTALL[0m      alsa-utils [1;37m(target)[0m
>>> alsa-utils:target seq 355 >>>
[356/737] [DONE] install libdvbpsi:target
<<< libdvbpsi:target seq 356 <<<
[1;32mINSTALL[0m      libdvbpsi [1;37m(target)[0m
>>> libdvbpsi:target seq 356 >>>
[357/737] [DONE] install vulkan-loader:target
<<< vulkan-loader:target seq 357 <<<
[1;32mINSTALL[0m      vulkan-loader [1;37m(target)[0m
>>> vulkan-loader:target seq 357 >>>
[358/737] [DONE] install xrandr:target
<<< xrandr:target seq 358 <<<
[1;32mINSTALL[0m      xrandr [1;37m(target)[0m
>>> xrandr:target seq 358 >>>
[359/737] [DONE] install glfw:target
<<< glfw:target seq 359 <<<
[1;32mINSTALL[0m      glfw [1;37m(target)[0m
>>> glfw:target seq 359 >>>
<<< libXpm:target seq 361 <<<
[1;32mINSTALL[0m      libXpm [1;37m(target)[0m
>>> libXpm:target seq 361 >>>
[360/737] [DONE] install libXpm:target
[361/737] [DONE] install libraw:target
<<< libraw:target seq 362 <<<
[1;32mINSTALL[0m      libraw [1;37m(target)[0m
>>> libraw:target seq 362 >>>
[362/737] [DONE] install speex:target
<<< speex:target seq 363 <<<
[1;32mINSTALL[0m      speex [1;37m(target)[0m
>>> speex:target seq 363 >>>
[363/737] [DONE] install dav1d:target
<<< dav1d:target seq 364 <<<
[1;32mINSTALL[0m      dav1d [1;37m(target)[0m
>>> dav1d:target seq 364 >>>
<<< libmpeg2:target seq 365 <<<
[1;32mINSTALL[0m      libmpeg2 [1;37m(target)[0m
>>> libmpeg2:target seq 365 >>>
[364/737] [DONE] install libmpeg2:target
[365/737] [DONE] install x264:target
<<< x264:target seq 366 <<<
[1;32mINSTALL[0m      x264 [1;37m(target)[0m
>>> x264:target seq 366 >>>
<<< x265:target seq 367 <<<
[1;32mINSTALL[0m      x265 [1;37m(target)[0m
>>> x265:target seq 367 >>>
[366/737] [DONE] install x265:target
<<< aom:target seq 368 <<<
[1;32mINSTALL[0m      aom [1;37m(target)[0m
>>> aom:target seq 368 >>>
[367/737] [DONE] install aom:target
[368/737] [DONE] install drm_tool:target
<<< drm_tool:target seq 369 <<<
[1;32mINSTALL[0m      drm_tool [1;37m(target)[0m
>>> drm_tool:target seq 369 >>>
<<< libsoup:target seq 370 <<<
[1;32mINSTALL[0m      libsoup [1;37m(target)[0m
>>> libsoup:target seq 370 >>>
[369/737] [DONE] install libsoup:target
<<< fluidsynth:target seq 371 <<<
[1;32mINSTALL[0m      fluidsynth [1;37m(target)[0m
>>> fluidsynth:target seq 371 >>>
[370/737] [DONE] install fluidsynth:target
[371/737] [DONE] install poppler:target
<<< poppler:target seq 372 <<<
[1;32mINSTALL[0m      poppler [1;37m(target)[0m
>>> poppler:target seq 372 >>>
<<< pugixml:target seq 373 <<<
[1;32mINSTALL[0m      pugixml [1;37m(target)[0m
>>> pugixml:target seq 373 >>>
[372/737] [DONE] install pugixml:target
<<< es-theme-art-book-next:target seq 374 <<<
[1;32mINSTALL[0m      es-theme-art-book-next [1;37m(target)[0m
>>> es-theme-art-book-next:target seq 374 >>>
[373/737] [DONE] install es-theme-art-book-next:target
<<< wavpack:target seq 375 <<<
[1;32mINSTALL[0m      wavpack [1;37m(target)[0m
>>> wavpack:target seq 375 >>>
[374/737] [DONE] install wavpack:target
[375/737] [DONE] install glslang:target
<<< glslang:target seq 380 <<<
[1;32mINSTALL[0m      glslang [1;37m(target)[0m
>>> glslang:target seq 380 >>>
[376/737] [DONE] install fbgrab:target
<<< fbgrab:target seq 376 <<<
[1;32mINSTALL[0m      fbgrab [1;37m(target)[0m
>>> fbgrab:target seq 376 >>>
[377/737] [DONE] install luajit:target
<<< luajit:target seq 377 <<<
[1;32mINSTALL[0m      luajit [1;37m(target)[0m
>>> luajit:target seq 377 >>>
[378/737] [DONE] install at-spi2-core:target
<<< at-spi2-core:target seq 378 <<<
[1;32mINSTALL[0m      at-spi2-core [1;37m(target)[0m
>>> at-spi2-core:target seq 378 >>>
[379/737] [DONE] install alsa:target
<<< alsa:target seq 379 <<<
[1;32mINSTALL[0m      alsa [1;37m(target)[0m
>>> alsa:target seq 379 >>>
[380/737] [DONE] install vulkan-tools:target
<<< vulkan-tools:target seq 381 <<<
[1;32mINSTALL[0m      vulkan-tools [1;37m(target)[0m
>>> vulkan-tools:target seq 381 >>>
[381/737] [DONE] install spirv-tools:target
<<< spirv-tools:target seq 382 <<<
[1;32mINSTALL[0m      spirv-tools [1;37m(target)[0m
>>> spirv-tools:target seq 382 >>>
[382/737] [DONE] install libserialport:target
<<< libserialport:target seq 383 <<<
[1;32mINSTALL[0m      libserialport [1;37m(target)[0m
>>> libserialport:target seq 383 >>>
[383/737] [DONE] install libXaw:target
<<< libXaw:target seq 384 <<<
[1;32mINSTALL[0m      libXaw [1;37m(target)[0m
>>> libXaw:target seq 384 >>>
<<< pyxel:target seq 385 <<<
[1;32mINSTALL[0m      pyxel [1;37m(target)[0m
>>> pyxel:target seq 385 >>>
[384/737] [DONE] install pyxel:target
<<< libiio:target seq 386 <<<
[1;32mINSTALL[0m      libiio [1;37m(target)[0m
>>> libiio:target seq 386 >>>
[385/737] [DONE] install libiio:target
[386/737] [DONE] install ffmpeg:target
<<< ffmpeg:target seq 387 <<<
[1;32mINSTALL[0m      ffmpeg [1;37m(target)[0m
>>> ffmpeg:target seq 387 >>>
[387/737] [DONE] install polkit:target
<<< polkit:target seq 388 <<<
[1;32mINSTALL[0m      polkit [1;37m(target)[0m
>>> polkit:target seq 388 >>>
[388/737] [DONE] install libXcomposite:target
<<< libXcomposite:target seq 389 <<<
[1;32mINSTALL[0m      libXcomposite [1;37m(target)[0m
>>> libXcomposite:target seq 389 >>>
[389/737] [DONE] install assimp:target
<<< assimp:target seq 390 <<<
[1;32mINSTALL[0m      assimp [1;37m(target)[0m
>>> assimp:target seq 390 >>>
<<< sbc:target seq 391 <<<
[1;32mINSTALL[0m      sbc [1;37m(target)[0m
>>> sbc:target seq 391 >>>
[390/737] [DONE] install sbc:target
<<< ldacBT:target seq 392 <<<
[1;32mINSTALL[0m      ldacBT [1;37m(target)[0m
>>> ldacBT:target seq 392 >>>
[391/737] [DONE] install ldacBT:target
<<< libfreeaptx:target seq 393 <<<
[1;32mINSTALL[0m      libfreeaptx [1;37m(target)[0m
>>> libfreeaptx:target seq 393 >>>
[392/737] [DONE] install libfreeaptx:target
[393/737] [DONE] install fdk-aac:target
<<< fdk-aac:target seq 394 <<<
[1;32mINSTALL[0m      fdk-aac [1;37m(target)[0m
>>> fdk-aac:target seq 394 >>>
<<< lua54:target seq 395 <<<
[1;32mINSTALL[0m      lua54 [1;37m(target)[0m
>>> lua54:target seq 395 >>>
[394/737] [DONE] install lua54:target
[395/737] [DONE] build   libvpx:host
<<< libvpx:host seq 399 <<<
>>> libvpx:host seq 399 >>>
<<< capsimg:target seq 396 <<<
[1;32mINSTALL[0m      capsimg [1;37m(target)[0m
>>> capsimg:target seq 396 >>>
[396/737] [DONE] install capsimg:target
<<< rust:host seq 408 <<<
>>> rust:host seq 408 >>>
[397/737] [DONE] build   rust:host
<<< libcom-err:target seq 398 <<<
[1;32mINSTALL[0m      libcom-err [1;37m(target)[0m
>>> libcom-err:target seq 398 >>>
[398/737] [DONE] install libcom-err:target
<<< es-themes:target seq 397 <<<
[1;32mINSTALL[0m      es-themes [1;37m(target)[0m
>>> es-themes:target seq 397 >>>
[399/737] [DONE] install es-themes:target
[400/737] [DONE] install zmusic:target
<<< zmusic:target seq 400 <<<
[1;32mINSTALL[0m      zmusic [1;37m(target)[0m
>>> zmusic:target seq 400 >>>
[401/737] [DONE] install enet:target
<<< enet:target seq 405 <<<
[1;32mINSTALL[0m      enet [1;37m(target)[0m
>>> enet:target seq 405 >>>
<<< gzdoom-sa:host seq 419 <<<
>>> gzdoom-sa:host seq 419 >>>
[402/737] [DONE] build   gzdoom-sa:host
[403/737] [DONE] install libvpx:target
<<< libvpx:target seq 401 <<<
[1;32mINSTALL[0m      libvpx [1;37m(target)[0m
>>> libvpx:target seq 401 >>>
[404/737] [DONE] install at-spi2-atk:target
<<< at-spi2-atk:target seq 402 <<<
[1;32mINSTALL[0m      at-spi2-atk [1;37m(target)[0m
>>> at-spi2-atk:target seq 402 >>>
<<< portaudio:target seq 403 <<<
[1;32mINSTALL[0m      portaudio [1;37m(target)[0m
>>> portaudio:target seq 403 >>>
[405/737] [DONE] install portaudio:target
<<< libvorbisidec:target seq 406 <<<
[1;32mINSTALL[0m      libvorbisidec [1;37m(target)[0m
>>> libvorbisidec:target seq 406 >>>
[406/737] [DONE] install libvorbisidec:target
<<< soundfont-generaluser:target seq 407 <<<
[1;32mINSTALL[0m      soundfont-generaluser [1;37m(target)[0m
>>> soundfont-generaluser:target seq 407 >>>
[407/737] [DONE] install soundfont-generaluser:target
<<< cargo:host seq 421 <<<
>>> cargo:host seq 421 >>>
[408/737] [DONE] build   cargo:host
<<< mesa:target seq 404 <<<
[1;32mINSTALL[0m      mesa [1;37m(target)[0m
>>> mesa:target seq 404 >>>
[409/737] [DONE] install mesa:target
[410/737] [DONE] install sndio:target
<<< sndio:target seq 409 <<<
[1;32mINSTALL[0m      sndio [1;37m(target)[0m
>>> sndio:target seq 409 >>>
<<< libsamplerate:target seq 410 <<<
[1;32mINSTALL[0m      libsamplerate [1;37m(target)[0m
>>> libsamplerate:target seq 410 >>>
[411/737] [DONE] install libsamplerate:target
<<< inputplumber:target seq 411 <<<
[1;32mINSTALL[0m      inputplumber [1;37m(target)[0m
>>> inputplumber:target seq 411 >>>
[412/737] [DONE] install inputplumber:target
[413/737] [DONE] install libXdmcp:target
<<< libXdmcp:target seq 412 <<<
[1;32mINSTALL[0m      libXdmcp [1;37m(target)[0m
>>> libXdmcp:target seq 412 >>>
<<< ares-sa:host seq 425 <<<
>>> ares-sa:host seq 425 >>>
[414/737] [DONE] build   ares-sa:host
[415/737] [DONE] install cups:target
<<< cups:target seq 413 <<<
[1;32mINSTALL[0m      cups [1;37m(target)[0m
>>> cups:target seq 413 >>>
[416/737] [DONE] install cabextract:target
<<< cabextract:target seq 414 <<<
[1;32mINSTALL[0m      cabextract [1;37m(target)[0m
>>> cabextract:target seq 414 >>>
[417/737] [DONE] install xcb-util-keysyms:target
<<< xcb-util-keysyms:target seq 420 <<<
[1;32mINSTALL[0m      xcb-util-keysyms [1;37m(target)[0m
>>> xcb-util-keysyms:target seq 420 >>>
<<< scrnsaverproto:target seq 415 <<<
[1;32mINSTALL[0m      scrnsaverproto [1;37m(target)[0m
>>> scrnsaverproto:target seq 415 >>>
[418/737] [DONE] install scrnsaverproto:target
[419/737] [DONE] install libXft:target
<<< libXft:target seq 416 <<<
[1;32mINSTALL[0m      libXft [1;37m(target)[0m
>>> libXft:target seq 416 >>>
[420/737] [DONE] install pipewire:target
<<< pipewire:target seq 417 <<<
[1;32mINSTALL[0m      pipewire [1;37m(target)[0m
>>> pipewire:target seq 417 >>>
[421/737] [DONE] install xcb-util:target
<<< xcb-util:target seq 418 <<<
[1;32mINSTALL[0m      xcb-util [1;37m(target)[0m
>>> xcb-util:target seq 418 >>>
[422/737] [DONE] install xcb-util-renderutil:target
<<< xcb-util-renderutil:target seq 423 <<<
[1;32mINSTALL[0m      xcb-util-renderutil [1;37m(target)[0m
>>> xcb-util-renderutil:target seq 423 >>>
[423/737] [DONE] install libpcap:target
<<< libpcap:target seq 424 <<<
[1;32mINSTALL[0m      libpcap [1;37m(target)[0m
>>> libpcap:target seq 424 >>>
<<< libfmt:target seq 426 <<<
[1;32mINSTALL[0m      libfmt [1;37m(target)[0m
>>> libfmt:target seq 426 >>>
[424/737] [DONE] install libfmt:target
[425/737] [DONE] install libsodium:target
<<< libsodium:target seq 427 <<<
[1;32mINSTALL[0m      libsodium [1;37m(target)[0m
>>> libsodium:target seq 427 >>>
[426/737] [DONE] install hidapi:target
<<< hidapi:target seq 428 <<<
[1;32mINSTALL[0m      hidapi [1;37m(target)[0m
>>> hidapi:target seq 428 >>>
<<< ecm:target seq 429 <<<
[1;32mINSTALL[0m      ecm [1;37m(target)[0m
>>> ecm:target seq 429 >>>
[427/737] [DONE] install ecm:target
<<< libslirp:target seq 430 <<<
[1;32mINSTALL[0m      libslirp [1;37m(target)[0m
>>> libslirp:target seq 430 >>>
[428/737] [DONE] install libslirp:target
<<< faad2:target seq 431 <<<
[1;32mINSTALL[0m      faad2 [1;37m(target)[0m
>>> faad2:target seq 431 >>>
[429/737] [DONE] install faad2:target
<<< librashader:target seq 432 <<<
[1;32mINSTALL[0m      librashader [1;37m(target)[0m
>>> librashader:target seq 432 >>>
[430/737] [DONE] install librashader:target
<<< glu:target seq 433 <<<
[1;32mINSTALL[0m      glu [1;37m(target)[0m
>>> glu:target seq 433 >>>
[431/737] [DONE] install glu:target
<<< cairo:target seq 434 <<<
[1;32mINSTALL[0m      cairo [1;37m(target)[0m
>>> cairo:target seq 434 >>>
[432/737] [DONE] install cairo:target
<<< libepoxy:target seq 435 <<<
[1;32mINSTALL[0m      libepoxy [1;37m(target)[0m
>>> libepoxy:target seq 435 >>>
[433/737] [DONE] install libepoxy:target
[434/737] [DONE] install gst-plugins-base:target
<<< gst-plugins-base:target seq 436 <<<
[1;32mINSTALL[0m      gst-plugins-base [1;37m(target)[0m
>>> gst-plugins-base:target seq 436 >>>
[435/737] [DONE] install llvm:target
<<< llvm:target seq 440 <<<
[1;32mINSTALL[0m      llvm [1;37m(target)[0m
>>> llvm:target seq 440 >>>
[436/737] [DONE] install glmark2:target
<<< glmark2:target seq 437 <<<
[1;32mINSTALL[0m      glmark2 [1;37m(target)[0m
>>> glmark2:target seq 437 >>>
<<< duckstation-sa:target seq 422 <<<
[1;36mUNPACK[0m      duckstation-sa
[1;33mBUILD[0m      duckstation-sa [1;37m(target)[0m
    [1;35mTOOLCHAIN[0m      manual
[1;32mINSTALL[0m      duckstation-sa [1;37m(target)[0m
>>> duckstation-sa:target seq 422 >>>
[437/737] [DONE] install duckstation-sa:target
<<< glm:target seq 438 <<<
[1;32mINSTALL[0m      glm [1;37m(target)[0m
>>> glm:target seq 438 >>>
[438/737] [DONE] install glm:target
<<< wine:target seq 439 <<<
[1;32mINSTALL[0m      wine [1;37m(target)[0m
>>> wine:target seq 439 >>>
[439/737] [DONE] install wine:target
<<< squashfs-tools:target seq 441 <<<
[1;32mINSTALL[0m      squashfs-tools [1;37m(target)[0m
>>> squashfs-tools:target seq 441 >>>
[440/737] [DONE] install squashfs-tools:target
[441/737] [DONE] install libxss:target
<<< libxss:target seq 442 <<<
[1;32mINSTALL[0m      libxss [1;37m(target)[0m
>>> libxss:target seq 442 >>>
<<< squashfuse:target seq 443 <<<
[1;32mINSTALL[0m      squashfuse [1;37m(target)[0m
>>> squashfuse:target seq 443 >>>
[442/737] [DONE] install squashfuse:target
<<< wireplumber:target seq 444 <<<
[1;32mINSTALL[0m      wireplumber [1;37m(target)[0m
>>> wireplumber:target seq 444 >>>
[443/737] [DONE] install wireplumber:target
[444/737] [DONE] install xcb-util-image:target
<<< xcb-util-image:target seq 445 <<<
[1;32mINSTALL[0m      xcb-util-image [1;37m(target)[0m
>>> xcb-util-image:target seq 445 >>>
[445/737] [DONE] install libXres:target
<<< libXres:target seq 446 <<<
[1;32mINSTALL[0m      libXres [1;37m(target)[0m
>>> libXres:target seq 446 >>>
<<< gamescope-glm:target seq 447 <<<
[1;32mINSTALL[0m      gamescope-glm [1;37m(target)[0m
>>> gamescope-glm:target seq 447 >>>
[446/737] [DONE] install gamescope-glm:target
<<< gamescope-stb:target seq 448 <<<
[1;32mINSTALL[0m      gamescope-stb [1;37m(target)[0m
>>> gamescope-stb:target seq 448 >>>
[447/737] [DONE] install gamescope-stb:target
<<< lsfg-vk:target seq 449 <<<
[1;32mINSTALL[0m      lsfg-vk [1;37m(target)[0m
>>> lsfg-vk:target seq 449 >>>
[448/737] [DONE] install lsfg-vk:target
<<< plutovg:target seq 450 <<<
[1;32mINSTALL[0m      plutovg [1;37m(target)[0m
>>> plutovg:target seq 450 >>>
[449/737] [DONE] install plutovg:target
<<< shaderc:target seq 451 <<<
[1;32mINSTALL[0m      shaderc [1;37m(target)[0m
>>> shaderc:target seq 451 >>>
[450/737] [DONE] install shaderc:target
<<< gpsp-lr:target seq 453 <<<
[1;32mINSTALL[0m      gpsp-lr [1;37m(target)[0m
>>> gpsp-lr:target seq 453 >>>
[451/737] [DONE] install gpsp-lr:target
<<< armsx2-turnip:target seq 452 <<<
[1;32mINSTALL[0m      armsx2-turnip [1;37m(target)[0m
>>> armsx2-turnip:target seq 452 >>>
[452/737] [DONE] install armsx2-turnip:target
[453/737] [DONE] install desmume-lr:target
<<< desmume-lr:target seq 455 <<<
[1;32mINSTALL[0m      desmume-lr [1;37m(target)[0m
>>> desmume-lr:target seq 455 >>>
[454/737] [DONE] install harfbuzz:target
<<< harfbuzz:target seq 456 <<<
[1;32mINSTALL[0m      harfbuzz [1;37m(target)[0m
>>> harfbuzz:target seq 456 >>>
<<< swayimg:target seq 458 <<<
[1;32mINSTALL[0m      swayimg [1;37m(target)[0m
>>> swayimg:target seq 458 >>>
[455/737] [DONE] install swayimg:target
<<< xwayland:target seq 457 <<<
[1;32mINSTALL[0m      xwayland [1;37m(target)[0m
>>> xwayland:target seq 457 >>>
[456/737] [DONE] install xwayland:target
[457/737] [DONE] install gst-plugins-bad:target
<<< gst-plugins-bad:target seq 460 <<<
[1;32mINSTALL[0m      gst-plugins-bad [1;37m(target)[0m
>>> gst-plugins-bad:target seq 460 >>>
<<< harfbuzz-icu:target seq 459 <<<
[1;32mINSTALL[0m      harfbuzz-icu [1;37m(target)[0m
>>> harfbuzz-icu:target seq 459 >>>
[458/737] [DONE] install harfbuzz-icu:target
<<< gst-plugins-good:target seq 461 <<<
[1;32mINSTALL[0m      gst-plugins-good [1;37m(target)[0m
>>> gst-plugins-good:target seq 461 >>>
[459/737] [DONE] install gst-plugins-good:target
<<< vkmark:target seq 462 <<<
[1;32mINSTALL[0m      vkmark [1;37m(target)[0m
>>> vkmark:target seq 462 >>>
[460/737] [DONE] install vkmark:target
<<< gst-libav:target seq 463 <<<
[1;32mINSTALL[0m      gst-libav [1;37m(target)[0m
>>> gst-libav:target seq 463 >>>
[461/737] [DONE] install gst-libav:target
<<< core-info:target seq 464 <<<
[1;32mINSTALL[0m      core-info [1;37m(target)[0m
>>> core-info:target seq 464 >>>
[462/737] [DONE] install core-info:target
<<< joyutils:target seq 465 <<<
[1;32mINSTALL[0m      joyutils [1;37m(target)[0m
>>> joyutils:target seq 465 >>>
[463/737] [DONE] install joyutils:target
<<< 81-lr:target seq 466 <<<
[1;32mINSTALL[0m      81-lr [1;37m(target)[0m
>>> 81-lr:target seq 466 >>>
[464/737] [DONE] install 81-lr:target
<<< libxcb-cursor:target seq 468 <<<
[1;32mINSTALL[0m      libxcb-cursor [1;37m(target)[0m
>>> libxcb-cursor:target seq 468 >>>
[465/737] [DONE] install libxcb-cursor:target
[466/737] [DONE] install a5200-lr:target
<<< a5200-lr:target seq 467 <<<
[1;32mINSTALL[0m      a5200-lr [1;37m(target)[0m
>>> a5200-lr:target seq 467 >>>
<<< arduous-lr:target seq 469 <<<
[1;32mINSTALL[0m      arduous-lr [1;37m(target)[0m
>>> arduous-lr:target seq 469 >>>
[467/737] [DONE] install arduous-lr:target
<<< atari800-lr:target seq 470 <<<
[1;32mINSTALL[0m      atari800-lr [1;37m(target)[0m
>>> atari800-lr:target seq 470 >>>
[468/737] [DONE] install atari800-lr:target
[469/737] [DONE] install b2-lr:target
<<< b2-lr:target seq 471 <<<
[1;32mINSTALL[0m      b2-lr [1;37m(target)[0m
>>> b2-lr:target seq 471 >>>
<<< beetle-gba-lr:target seq 472 <<<
[1;32mINSTALL[0m      beetle-gba-lr [1;37m(target)[0m
>>> beetle-gba-lr:target seq 472 >>>
[470/737] [DONE] install beetle-gba-lr:target
<<< plutosvg:target seq 473 <<<
[1;32mINSTALL[0m      plutosvg [1;37m(target)[0m
>>> plutosvg:target seq 473 >>>
[471/737] [DONE] install plutosvg:target
[472/737] [DONE] install beetle-lynx-lr:target
<<< beetle-lynx-lr:target seq 474 <<<
[1;32mINSTALL[0m      beetle-lynx-lr [1;37m(target)[0m
>>> beetle-lynx-lr:target seq 474 >>>
<<< beetle-ngp-lr:target seq 475 <<<
[1;32mINSTALL[0m      beetle-ngp-lr [1;37m(target)[0m
>>> beetle-ngp-lr:target seq 475 >>>
[473/737] [DONE] install beetle-ngp-lr:target
<<< beetle-pce-fast-lr:target seq 477 <<<
[1;32mINSTALL[0m      beetle-pce-fast-lr [1;37m(target)[0m
>>> beetle-pce-fast-lr:target seq 477 >>>
[474/737] [DONE] install beetle-pce-fast-lr:target
<<< beetle-pce-lr:target seq 476 <<<
[1;32mINSTALL[0m      beetle-pce-lr [1;37m(target)[0m
>>> beetle-pce-lr:target seq 476 >>>
[475/737] [DONE] install beetle-pce-lr:target
<<< pango:target seq 478 <<<
[1;32mINSTALL[0m      pango [1;37m(target)[0m
>>> pango:target seq 478 >>>
[476/737] [DONE] install pango:target
[477/737] [DONE] install libass:target
<<< libass:target seq 479 <<<
[1;32mINSTALL[0m      libass [1;37m(target)[0m
>>> libass:target seq 479 >>>
<<< xterm:target seq 481 <<<
[1;32mINSTALL[0m      xterm [1;37m(target)[0m
>>> xterm:target seq 481 >>>
[478/737] [DONE] install xterm:target
<<< wlroots:target seq 480 <<<
[1;32mINSTALL[0m      wlroots [1;37m(target)[0m
>>> wlroots:target seq 480 >>>
[479/737] [DONE] install wlroots:target
<<< beetle-pcfx-lr:target seq 482 <<<
[1;32mINSTALL[0m      beetle-pcfx-lr [1;37m(target)[0m
>>> beetle-pcfx-lr:target seq 482 >>>
[480/737] [DONE] install beetle-pcfx-lr:target
<<< bk-lr:target seq 483 <<<
[1;32mINSTALL[0m      bk-lr [1;37m(target)[0m
>>> bk-lr:target seq 483 >>>
[481/737] [DONE] install bk-lr:target
[482/737] [DONE] install bsnes2014-accuracy-lr:target
<<< bsnes2014-accuracy-lr:target seq 484 <<<
[1;32mINSTALL[0m      bsnes2014-accuracy-lr [1;37m(target)[0m
>>> bsnes2014-accuracy-lr:target seq 484 >>>
[483/737] [DONE] install bsnes2014-balanced-lr:target
<<< bsnes2014-balanced-lr:target seq 485 <<<
[1;32mINSTALL[0m      bsnes2014-balanced-lr [1;37m(target)[0m
>>> bsnes2014-balanced-lr:target seq 485 >>>
<<< bsnes-mercury-performance-lr:target seq 489 <<<
[1;32mINSTALL[0m      bsnes-mercury-performance-lr [1;37m(target)[0m
>>> bsnes-mercury-performance-lr:target seq 489 >>>
[484/737] [DONE] install bsnes-mercury-performance-lr:target
<<< bsnes2014-performance-lr:target seq 486 <<<
[1;32mINSTALL[0m      bsnes2014-performance-lr [1;37m(target)[0m
>>> bsnes2014-performance-lr:target seq 486 >>>
[485/737] [DONE] install bsnes2014-performance-lr:target
[486/737] [DONE] install bsnes-mercury-accuracy-lr:target
<<< bsnes-mercury-accuracy-lr:target seq 487 <<<
[1;32mINSTALL[0m      bsnes-mercury-accuracy-lr [1;37m(target)[0m
>>> bsnes-mercury-accuracy-lr:target seq 487 >>>
<<< bsnes-mercury-balanced-lr:target seq 488 <<<
[1;32mINSTALL[0m      bsnes-mercury-balanced-lr [1;37m(target)[0m
>>> bsnes-mercury-balanced-lr:target seq 488 >>>
[487/737] [DONE] install bsnes-mercury-balanced-lr:target
<<< beetle-supafaust-lr:target seq 490 <<<
[1;32mINSTALL[0m      beetle-supafaust-lr [1;37m(target)[0m
>>> beetle-supafaust-lr:target seq 490 >>>
[488/737] [DONE] install beetle-supafaust-lr:target
<<< beetle-supergrafx-lr:target seq 491 <<<
[1;32mINSTALL[0m      beetle-supergrafx-lr [1;37m(target)[0m
>>> beetle-supergrafx-lr:target seq 491 >>>
[489/737] [DONE] install beetle-supergrafx-lr:target
<<< beetle-vb-lr:target seq 492 <<<
[1;32mINSTALL[0m      beetle-vb-lr [1;37m(target)[0m
>>> beetle-vb-lr:target seq 492 >>>
[490/737] [DONE] install beetle-vb-lr:target
[491/737] [DONE] install beetle-wswan-lr:target
<<< beetle-wswan-lr:target seq 493 <<<
[1;32mINSTALL[0m      beetle-wswan-lr [1;37m(target)[0m
>>> beetle-wswan-lr:target seq 493 >>>
<<< bluemsx-lr:target seq 494 <<<
[1;32mINSTALL[0m      bluemsx-lr [1;37m(target)[0m
>>> bluemsx-lr:target seq 494 >>>
[492/737] [DONE] install bluemsx-lr:target
<<< cap32-lr:target seq 495 <<<
[1;32mINSTALL[0m      cap32-lr [1;37m(target)[0m
>>> cap32-lr:target seq 495 >>>
[493/737] [DONE] install cap32-lr:target
<<< crocods-lr:target seq 496 <<<
[1;32mINSTALL[0m      crocods-lr [1;37m(target)[0m
>>> crocods-lr:target seq 496 >>>
[494/737] [DONE] install crocods-lr:target
[495/737] [DONE] install daphne-lr:target
<<< daphne-lr:target seq 497 <<<
[1;32mINSTALL[0m      daphne-lr [1;37m(target)[0m
>>> daphne-lr:target seq 497 >>>
[496/737] [DONE] install doublecherrygb-lr:target
<<< doublecherrygb-lr:target seq 498 <<<
[1;32mINSTALL[0m      doublecherrygb-lr [1;37m(target)[0m
>>> doublecherrygb-lr:target seq 498 >>>
<<< bin2c:host seq 507 <<<
>>> bin2c:host seq 507 >>>
[497/737] [DONE] build   bin2c:host
<<< dosbox-pure-lr:target seq 499 <<<
[1;32mINSTALL[0m      dosbox-pure-lr [1;37m(target)[0m
>>> dosbox-pure-lr:target seq 499 >>>
[498/737] [DONE] install dosbox-pure-lr:target
<<< swaybg:target seq 500 <<<
[1;32mINSTALL[0m      swaybg [1;37m(target)[0m
>>> swaybg:target seq 500 >>>
[499/737] [DONE] install swaybg:target
<<< bemenu:target seq 501 <<<
[1;32mINSTALL[0m      bemenu [1;37m(target)[0m
>>> bemenu:target seq 501 >>>
[500/737] [DONE] install bemenu:target
<<< imagemagick:target seq 502 <<<
[1;32mINSTALL[0m      imagemagick [1;37m(target)[0m
>>> imagemagick:target seq 502 >>>
[501/737] [DONE] install imagemagick:target
<<< inih:target seq 503 <<<
[1;32mINSTALL[0m      inih [1;37m(target)[0m
>>> inih:target seq 503 >>>
[502/737] [DONE] install inih:target
[503/737] [DONE] install libspeexdsp:target
<<< libspeexdsp:target seq 504 <<<
[1;32mINSTALL[0m      libspeexdsp [1;37m(target)[0m
>>> libspeexdsp:target seq 504 >>>
[504/737] [DONE] install wildmidi:target
<<< wildmidi:target seq 505 <<<
[1;32mINSTALL[0m      wildmidi [1;37m(target)[0m
>>> wildmidi:target seq 505 >>>
<<< libxmp-lite:target seq 506 <<<
[1;32mINSTALL[0m      libxmp-lite [1;37m(target)[0m
>>> libxmp-lite:target seq 506 >>>
[505/737] [DONE] install libxmp-lite:target
<<< fbalpha2012-lr:target seq 509 <<<
[1;32mINSTALL[0m      fbalpha2012-lr [1;37m(target)[0m
>>> fbalpha2012-lr:target seq 509 >>>
[506/737] [DONE] install fbalpha2012-lr:target
<<< fake08-lr:target seq 508 <<<
[1;32mINSTALL[0m      fake08-lr [1;37m(target)[0m
>>> fake08-lr:target seq 508 >>>
[507/737] [DONE] install fake08-lr:target
<<< fbalpha2019-lr:target seq 510 <<<
[1;32mINSTALL[0m      fbalpha2019-lr [1;37m(target)[0m
>>> fbalpha2019-lr:target seq 510 >>>
[508/737] [DONE] install fbalpha2019-lr:target
<<< fbneo-lr:target seq 511 <<<
[1;32mINSTALL[0m      fbneo-lr [1;37m(target)[0m
>>> fbneo-lr:target seq 511 >>>
[509/737] [DONE] install fbneo-lr:target
<<< fceumm-lr:target seq 512 <<<
[1;32mINSTALL[0m      fceumm-lr [1;37m(target)[0m
>>> fceumm-lr:target seq 512 >>>
[510/737] [DONE] install fceumm-lr:target
<<< flycast-lr:target seq 513 <<<
[1;32mINSTALL[0m      flycast-lr [1;37m(target)[0m
>>> flycast-lr:target seq 513 >>>
[511/737] [DONE] install flycast-lr:target
<<< fmsx-lr:target seq 514 <<<
[1;32mINSTALL[0m      fmsx-lr [1;37m(target)[0m
>>> fmsx-lr:target seq 514 >>>
[512/737] [DONE] install fmsx-lr:target
<<< freechaf-lr:target seq 515 <<<
[1;32mINSTALL[0m      freechaf-lr [1;37m(target)[0m
>>> freechaf-lr:target seq 515 >>>
[513/737] [DONE] install freechaf-lr:target
<<< freeintv-lr:target seq 516 <<<
[1;32mINSTALL[0m      freeintv-lr [1;37m(target)[0m
>>> freeintv-lr:target seq 516 >>>
[514/737] [DONE] install freeintv-lr:target
[515/737] [DONE] install freej2me-lr:target
<<< freej2me-lr:target seq 517 <<<
[1;32mINSTALL[0m      freej2me-lr [1;37m(target)[0m
>>> freej2me-lr:target seq 517 >>>
[516/737] [DONE] install fuse-lr:target
<<< fuse-lr:target seq 518 <<<
[1;32mINSTALL[0m      fuse-lr [1;37m(target)[0m
>>> fuse-lr:target seq 518 >>>
<<< gambatte-lr:target seq 519 <<<
[1;32mINSTALL[0m      gambatte-lr [1;37m(target)[0m
>>> gambatte-lr:target seq 519 >>>
[517/737] [DONE] install gambatte-lr:target
<<< gearboy-lr:target seq 520 <<<
[1;32mINSTALL[0m      gearboy-lr [1;37m(target)[0m
>>> gearboy-lr:target seq 520 >>>
[518/737] [DONE] install gearboy-lr:target
<<< gearcoleco-lr:target seq 521 <<<
[1;32mINSTALL[0m      gearcoleco-lr [1;37m(target)[0m
>>> gearcoleco-lr:target seq 521 >>>
[519/737] [DONE] install gearcoleco-lr:target
<<< geargrafx-lr:target seq 522 <<<
[1;32mINSTALL[0m      geargrafx-lr [1;37m(target)[0m
>>> geargrafx-lr:target seq 522 >>>
[520/737] [DONE] install geargrafx-lr:target
[521/737] [DONE] install gearlynx-lr:target
<<< gearlynx-lr:target seq 523 <<<
[1;32mINSTALL[0m      gearlynx-lr [1;37m(target)[0m
>>> gearlynx-lr:target seq 523 >>>
[522/737] [DONE] install sway:target
<<< sway:target seq 524 <<<
[1;32mINSTALL[0m      sway [1;37m(target)[0m
>>> sway:target seq 524 >>>
[523/737] [DONE] install gearsystem-lr:target
<<< gearsystem-lr:target seq 525 <<<
[1;32mINSTALL[0m      gearsystem-lr [1;37m(target)[0m
>>> gearsystem-lr:target seq 525 >>>
<<< liblcf:target seq 526 <<<
[1;32mINSTALL[0m      liblcf [1;37m(target)[0m
>>> liblcf:target seq 526 >>>
[524/737] [DONE] install liblcf:target
<<< geolith-lr:target seq 527 <<<
[1;32mINSTALL[0m      geolith-lr [1;37m(target)[0m
>>> geolith-lr:target seq 527 >>>
[525/737] [DONE] install geolith-lr:target
<<< genesis-plus-gx-lr:target seq 528 <<<
[1;32mINSTALL[0m      genesis-plus-gx-lr [1;37m(target)[0m
>>> genesis-plus-gx-lr:target seq 528 >>>
[526/737] [DONE] install genesis-plus-gx-lr:target
[527/737] [DONE] install genesis-plus-gx-wide-lr:target
<<< genesis-plus-gx-wide-lr:target seq 529 <<<
[1;32mINSTALL[0m      genesis-plus-gx-wide-lr [1;37m(target)[0m
>>> genesis-plus-gx-wide-lr:target seq 529 >>>
<<< gw-lr:target seq 530 <<<
[1;32mINSTALL[0m      gw-lr [1;37m(target)[0m
>>> gw-lr:target seq 530 >>>
[528/737] [DONE] install gw-lr:target
[529/737] [DONE] install handy-lr:target
<<< handy-lr:target seq 531 <<<
[1;32mINSTALL[0m      handy-lr [1;37m(target)[0m
>>> handy-lr:target seq 531 >>>
<<< hatari-lr:target seq 532 <<<
[1;32mINSTALL[0m      hatari-lr [1;37m(target)[0m
>>> hatari-lr:target seq 532 >>>
[530/737] [DONE] install hatari-lr:target
<<< prboom-lr:target seq 533 <<<
[1;32mINSTALL[0m      prboom-lr [1;37m(target)[0m
>>> prboom-lr:target seq 533 >>>
[531/737] [DONE] install prboom-lr:target
[532/737] [DONE] install tyrquake-lr:target
<<< tyrquake-lr:target seq 534 <<<
[1;32mINSTALL[0m      tyrquake-lr [1;37m(target)[0m
>>> tyrquake-lr:target seq 534 >>>
<<< vitaquake2-rogue-lr:target seq 535 <<<
[1;32mINSTALL[0m      vitaquake2-rogue-lr [1;37m(target)[0m
>>> vitaquake2-rogue-lr:target seq 535 >>>
[533/737] [DONE] install vitaquake2-rogue-lr:target
[534/737] [DONE] install jaxe-lr:target
<<< jaxe-lr:target seq 538 <<<
[1;32mINSTALL[0m      jaxe-lr [1;37m(target)[0m
>>> jaxe-lr:target seq 538 >>>
[535/737] [DONE] install vitaquake2-xatrix-lr:target
<<< vitaquake2-xatrix-lr:target seq 536 <<<
[1;32mINSTALL[0m      vitaquake2-xatrix-lr [1;37m(target)[0m
>>> vitaquake2-xatrix-lr:target seq 536 >>>
[536/737] [DONE] install vitaquake2-zaero-lr:target
<<< vitaquake2-zaero-lr:target seq 537 <<<
[1;32mINSTALL[0m      vitaquake2-zaero-lr [1;37m(target)[0m
>>> vitaquake2-zaero-lr:target seq 537 >>>
<<< mame-lr:target seq 539 <<<
[1;32mINSTALL[0m      mame-lr [1;37m(target)[0m
>>> mame-lr:target seq 539 >>>
[537/737] [DONE] install mame-lr:target
<<< mame2015-lr:target seq 542 <<<
[1;32mINSTALL[0m      mame2015-lr [1;37m(target)[0m
>>> mame2015-lr:target seq 542 >>>
[538/737] [DONE] install mame2015-lr:target
[539/737] [DONE] install mame2003-plus-lr:target
<<< mame2003-plus-lr:target seq 540 <<<
[1;32mINSTALL[0m      mame2003-plus-lr [1;37m(target)[0m
>>> mame2003-plus-lr:target seq 540 >>>
[540/737] [DONE] install mame2010-lr:target
<<< mame2010-lr:target seq 541 <<<
[1;32mINSTALL[0m      mame2010-lr [1;37m(target)[0m
>>> mame2010-lr:target seq 541 >>>
[541/737] [DONE] install melonds-lr:target
<<< melonds-lr:target seq 543 <<<
[1;32mINSTALL[0m      melonds-lr [1;37m(target)[0m
>>> melonds-lr:target seq 543 >>>
<<< melonds-ds-lr:target seq 544 <<<
[1;32mINSTALL[0m      melonds-ds-lr [1;37m(target)[0m
>>> melonds-ds-lr:target seq 544 >>>
[542/737] [DONE] install melonds-ds-lr:target
<<< mesen-lr:target seq 545 <<<
[1;32mINSTALL[0m      mesen-lr [1;37m(target)[0m
>>> mesen-lr:target seq 545 >>>
[543/737] [DONE] install mesen-lr:target
[544/737] [DONE] install mako-osd:target
<<< mako-osd:target seq 547 <<<
[1;32mINSTALL[0m      mako-osd [1;37m(target)[0m
>>> mako-osd:target seq 547 >>>
<<< rocknix-screenshot:target seq 546 <<<
[1;32mINSTALL[0m      rocknix-screenshot [1;37m(target)[0m
>>> rocknix-screenshot:target seq 546 >>>
[545/737] [DONE] install rocknix-screenshot:target
[546/737] [DONE] install mesen-s-lr:target
<<< mesen-s-lr:target seq 548 <<<
[1;32mINSTALL[0m      mesen-s-lr [1;37m(target)[0m
>>> mesen-s-lr:target seq 548 >>>
<<< mupen64plus-lr:target seq 552 <<<
[1;32mINSTALL[0m      mupen64plus-lr [1;37m(target)[0m
>>> mupen64plus-lr:target seq 552 >>>
[547/737] [DONE] install mupen64plus-lr:target
[548/737] [DONE] install mgba-lr:target
<<< mgba-lr:target seq 549 <<<
[1;32mINSTALL[0m      mgba-lr [1;37m(target)[0m
>>> mgba-lr:target seq 549 >>>
[549/737] [DONE] install minivmac-lr:target
<<< minivmac-lr:target seq 550 <<<
[1;32mINSTALL[0m      minivmac-lr [1;37m(target)[0m
>>> minivmac-lr:target seq 550 >>>
<<< mu-lr:target seq 551 <<<
[1;32mINSTALL[0m      mu-lr [1;37m(target)[0m
>>> mu-lr:target seq 551 >>>
[550/737] [DONE] install mu-lr:target
[551/737] [DONE] install mupen64plus-nx-lr:target
<<< mupen64plus-nx-lr:target seq 553 <<<
[1;32mINSTALL[0m      mupen64plus-nx-lr [1;37m(target)[0m
>>> mupen64plus-nx-lr:target seq 553 >>>
<<< neocd_lr:target seq 554 <<<
[1;32mINSTALL[0m      neocd_lr [1;37m(target)[0m
>>> neocd_lr:target seq 554 >>>
[552/737] [DONE] install neocd_lr:target
[553/737] [DONE] install nestopia-lr:target
<<< nestopia-lr:target seq 555 <<<
[1;32mINSTALL[0m      nestopia-lr [1;37m(target)[0m
>>> nestopia-lr:target seq 555 >>>
[554/737] [DONE] install np2kai-lr:target
<<< np2kai-lr:target seq 556 <<<
[1;32mINSTALL[0m      np2kai-lr [1;37m(target)[0m
>>> np2kai-lr:target seq 556 >>>
[555/737] [DONE] install o2em-lr:target
<<< o2em-lr:target seq 557 <<<
[1;32mINSTALL[0m      o2em-lr [1;37m(target)[0m
>>> o2em-lr:target seq 557 >>>
[556/737] [DONE] install opera-lr:target
<<< opera-lr:target seq 558 <<<
[1;32mINSTALL[0m      opera-lr [1;37m(target)[0m
>>> opera-lr:target seq 558 >>>
[557/737] [DONE] install parallel-n64-lr:target
<<< parallel-n64-lr:target seq 559 <<<
[1;32mINSTALL[0m      parallel-n64-lr [1;37m(target)[0m
>>> parallel-n64-lr:target seq 559 >>>
<<< vitaquake2-lr:target seq 560 <<<
[1;32mINSTALL[0m      vitaquake2-lr [1;37m(target)[0m
>>> vitaquake2-lr:target seq 560 >>>
[558/737] [DONE] install vitaquake2-lr:target
<<< picodrive-lr:target seq 561 <<<
[1;32mINSTALL[0m      picodrive-lr [1;37m(target)[0m
>>> picodrive-lr:target seq 561 >>>
[559/737] [DONE] install picodrive-lr:target
<<< pokemini-lr:target seq 562 <<<
[1;32mINSTALL[0m      pokemini-lr [1;37m(target)[0m
>>> pokemini-lr:target seq 562 >>>
[560/737] [DONE] install pokemini-lr:target
<<< potator-lr:target seq 563 <<<
[1;32mINSTALL[0m      potator-lr [1;37m(target)[0m
>>> potator-lr:target seq 563 >>>
[561/737] [DONE] install potator-lr:target
<<< prosystem-lr:target seq 564 <<<
[1;32mINSTALL[0m      prosystem-lr [1;37m(target)[0m
>>> prosystem-lr:target seq 564 >>>
[562/737] [DONE] install prosystem-lr:target
<<< puae-lr:target seq 565 <<<
[1;32mINSTALL[0m      puae-lr [1;37m(target)[0m
>>> puae-lr:target seq 565 >>>
[563/737] [DONE] install puae-lr:target
[564/737] [DONE] install puae2021-lr:target
<<< puae2021-lr:target seq 566 <<<
[1;32mINSTALL[0m      puae2021-lr [1;37m(target)[0m
>>> puae2021-lr:target seq 566 >>>
<<< px68k-lr:target seq 567 <<<
[1;32mINSTALL[0m      px68k-lr [1;37m(target)[0m
>>> px68k-lr:target seq 567 >>>
[565/737] [DONE] install px68k-lr:target
[566/737] [DONE] install quasi88-lr:target
<<< quasi88-lr:target seq 568 <<<
[1;32mINSTALL[0m      quasi88-lr [1;37m(target)[0m
>>> quasi88-lr:target seq 568 >>>
<<< swaywm-env:target seq 569 <<<
[1;32mINSTALL[0m      swaywm-env [1;37m(target)[0m
>>> swaywm-env:target seq 569 >>>
[567/737] [DONE] install swaywm-env:target
[568/737] [DONE] install quicknes-lr:target
<<< quicknes-lr:target seq 570 <<<
[1;32mINSTALL[0m      quicknes-lr [1;37m(target)[0m
>>> quicknes-lr:target seq 570 >>>
<<< race-lr:target seq 571 <<<
[1;32mINSTALL[0m      race-lr [1;37m(target)[0m
>>> race-lr:target seq 571 >>>
[569/737] [DONE] install race-lr:target
<<< same_cdi-lr:target seq 572 <<<
[1;32mINSTALL[0m      same_cdi-lr [1;37m(target)[0m
>>> same_cdi-lr:target seq 572 >>>
[570/737] [DONE] install same_cdi-lr:target
[571/737] [DONE] install sameboy-lr:target
<<< sameboy-lr:target seq 573 <<<
[1;32mINSTALL[0m      sameboy-lr [1;37m(target)[0m
>>> sameboy-lr:target seq 573 >>>
<<< sameduck-lr:target seq 574 <<<
[1;32mINSTALL[0m      sameduck-lr [1;37m(target)[0m
>>> sameduck-lr:target seq 574 >>>
[572/737] [DONE] install sameduck-lr:target
<<< scummvm-lr:target seq 575 <<<
[1;32mINSTALL[0m      scummvm-lr [1;37m(target)[0m
>>> scummvm-lr:target seq 575 >>>
[573/737] [DONE] install scummvm-lr:target
<<< smsplus-gx-lr:target seq 576 <<<
[1;32mINSTALL[0m      smsplus-gx-lr [1;37m(target)[0m
>>> smsplus-gx-lr:target seq 576 >>>
[574/737] [DONE] install smsplus-gx-lr:target
<<< snes9x-lr:target seq 577 <<<
[1;32mINSTALL[0m      snes9x-lr [1;37m(target)[0m
>>> snes9x-lr:target seq 577 >>>
[575/737] [DONE] install snes9x-lr:target
<<< supersnes9x-lr:target seq 582 <<<
[1;32mINSTALL[0m      supersnes9x-lr [1;37m(target)[0m
>>> supersnes9x-lr:target seq 582 >>>
[576/737] [DONE] install supersnes9x-lr:target
<<< snes9x2002-lr:target seq 578 <<<
[1;32mINSTALL[0m      snes9x2002-lr [1;37m(target)[0m
>>> snes9x2002-lr:target seq 578 >>>
[577/737] [DONE] install snes9x2002-lr:target
[578/737] [DONE] install snes9x2005_plus-lr:target
<<< snes9x2005_plus-lr:target seq 579 <<<
[1;32mINSTALL[0m      snes9x2005_plus-lr [1;37m(target)[0m
>>> snes9x2005_plus-lr:target seq 579 >>>
<<< snes9x2010-lr:target seq 580 <<<
[1;32mINSTALL[0m      snes9x2010-lr [1;37m(target)[0m
>>> snes9x2010-lr:target seq 580 >>>
[579/737] [DONE] install snes9x2010-lr:target
<<< stella-lr:target seq 581 <<<
[1;32mINSTALL[0m      stella-lr [1;37m(target)[0m
>>> stella-lr:target seq 581 >>>
[580/737] [DONE] install stella-lr:target
<<< swanstation-lr:target seq 583 <<<
[1;32mINSTALL[0m      swanstation-lr [1;37m(target)[0m
>>> swanstation-lr:target seq 583 >>>
[581/737] [DONE] install swanstation-lr:target
<<< tgbdual-lr:target seq 584 <<<
[1;32mINSTALL[0m      tgbdual-lr [1;37m(target)[0m
>>> tgbdual-lr:target seq 584 >>>
[582/737] [DONE] install tgbdual-lr:target
<<< theodore-lr:target seq 585 <<<
[1;32mINSTALL[0m      theodore-lr [1;37m(target)[0m
>>> theodore-lr:target seq 585 >>>
[583/737] [DONE] install theodore-lr:target
[584/737] [DONE] install tic80-lr:target
<<< tic80-lr:target seq 586 <<<
[1;32mINSTALL[0m      tic80-lr [1;37m(target)[0m
>>> tic80-lr:target seq 586 >>>
<<< uzem-lr:target seq 587 <<<
[1;32mINSTALL[0m      uzem-lr [1;37m(target)[0m
>>> uzem-lr:target seq 587 >>>
[585/737] [DONE] install uzem-lr:target
<<< vba-next-lr:target seq 588 <<<
[1;32mINSTALL[0m      vba-next-lr [1;37m(target)[0m
>>> vba-next-lr:target seq 588 >>>
[586/737] [DONE] install vba-next-lr:target
<<< vbam-lr:target seq 589 <<<
[1;32mINSTALL[0m      vbam-lr [1;37m(target)[0m
>>> vbam-lr:target seq 589 >>>
[587/737] [DONE] install vbam-lr:target
<<< vecx-lr:target seq 590 <<<
[1;32mINSTALL[0m      vecx-lr [1;37m(target)[0m
>>> vecx-lr:target seq 590 >>>
[588/737] [DONE] install vecx-lr:target
<<< SDL2:target seq 591 <<<
[1;32mINSTALL[0m      SDL2 [1;37m(target)[0m
>>> SDL2:target seq 591 >>>
[589/737] [DONE] install SDL2:target
<<< glew:target seq 592 <<<
[1;32mINSTALL[0m      glew [1;37m(target)[0m
>>> glew:target seq 592 >>>
[590/737] [DONE] install glew:target
[591/737] [DONE] install SDL3:target
<<< SDL3:target seq 593 <<<
[1;32mINSTALL[0m      SDL3 [1;37m(target)[0m
>>> SDL3:target seq 593 >>>
<<< vice-lr:target seq 594 <<<
[1;32mINSTALL[0m      vice-lr [1;37m(target)[0m
>>> vice-lr:target seq 594 >>>
[592/737] [DONE] install vice-lr:target
<<< vircon32-lr:target seq 595 <<<
[1;32mINSTALL[0m      vircon32-lr [1;37m(target)[0m
>>> vircon32-lr:target seq 595 >>>
[593/737] [DONE] install vircon32-lr:target
<<< virtualjaguar-lr:target seq 596 <<<
[1;32mINSTALL[0m      virtualjaguar-lr [1;37m(target)[0m
>>> virtualjaguar-lr:target seq 596 >>>
[594/737] [DONE] install virtualjaguar-lr:target
<<< wasm4-lr:target seq 598 <<<
[1;32mINSTALL[0m      wasm4-lr [1;37m(target)[0m
>>> wasm4-lr:target seq 598 >>>
[595/737] [DONE] install wasm4-lr:target
<<< xmil-lr:target seq 597 <<<
[1;32mINSTALL[0m      xmil-lr [1;37m(target)[0m
>>> xmil-lr:target seq 597 >>>
[596/737] [DONE] install xmil-lr:target
<<< yabasanshiro-lr:target seq 599 <<<
[1;32mINSTALL[0m      yabasanshiro-lr [1;37m(target)[0m
>>> yabasanshiro-lr:target seq 599 >>>
[597/737] [DONE] install yabasanshiro-lr:target
[598/737] [DONE] install flycast2021-lr:target
<<< flycast2021-lr:target seq 600 <<<
[1;32mINSTALL[0m      flycast2021-lr [1;37m(target)[0m
>>> flycast2021-lr:target seq 600 >>>
[599/737] [DONE] install beetle-psx-lr:target
<<< beetle-psx-lr:target seq 601 <<<
[1;32mINSTALL[0m      beetle-psx-lr [1;37m(target)[0m
>>> beetle-psx-lr:target seq 601 >>>
[600/737] [DONE] install beetle-saturn-lr:target
<<< beetle-saturn-lr:target seq 602 <<<
[1;32mINSTALL[0m      beetle-saturn-lr [1;37m(target)[0m
>>> beetle-saturn-lr:target seq 602 >>>
[601/737] [DONE] install bsnes-lr:target
<<< bsnes-lr:target seq 603 <<<
[1;32mINSTALL[0m      bsnes-lr [1;37m(target)[0m
>>> bsnes-lr:target seq 603 >>>
<<< bsnes-hd-lr:target seq 604 <<<
[1;32mINSTALL[0m      bsnes-hd-lr [1;37m(target)[0m
>>> bsnes-hd-lr:target seq 604 >>>
[602/737] [DONE] install bsnes-hd-lr:target
<<< dolphin-lr:target seq 605 <<<
[1;32mINSTALL[0m      dolphin-lr [1;37m(target)[0m
>>> dolphin-lr:target seq 605 >>>
[603/737] [DONE] install dolphin-lr:target
[604/737] [DONE] install pcsx_rearmed-lr:target
<<< pcsx_rearmed-lr:target seq 454 <<<
[1;36mUNPACK[0m      pcsx_rearmed-lr
    [1;32mAPPLY PATCH [1;37m(common - aarch64)[0m[0m      projects/ROCKNIX/packages/emulators/libretro/pcsx_rearmed-lr/patches/aarch64/pcsx_rearmed-add_platform.patch
patching file Makefile.libretro
Hunk #1 succeeded at 501 (offset 116 lines).
    [1;32mAPPLY PATCH [1;37m(common - aarch64)[0m[0m      projects/ROCKNIX/packages/emulators/libretro/pcsx_rearmed-lr/patches/aarch64/pcsx_rearmed-patch-enable-threaded-rendering.patch
patching file frontend/libretro_core_options.h
Hunk #1 succeeded at 827 with fuzz 1 (offset -21 lines).
[1;33mBUILD[0m      pcsx_rearmed-lr [1;37m(target)[0m
    [1;35mTOOLCHAIN[0m      make
Executing (target): make -f Makefile.libretro -C .. GIT_VERSION=da2cb8ecd17fd0932ab6d94774c0522beebce6e3 platform=SM8550
make[3]: Entering directory '/workspace/repos/rocknix.worktrees/m7-pixelelated-sm8550-01/build.pixelelated-SM8550.aarch64/build/pcsx_rearmed-lr-da2cb8ecd17fd0932ab6d94774c0522beebce6e3'
TARGET:      pcsx_rearmed_libretro.so
platform:    SM8550
ARCH:        arm64
DYNAREC:     ari64
BUILTIN_GPU: neon
CC:          /workspace/repos/rocknix.worktrees/m7-pixelelated-sm8550-01/build.pixelelated-SM8550.aarch64/toolchain/bin/aarch64-rocknix-linux-gnu-gcc : aarch64-rocknix-linux-gnu-gcc-15.2.0 (GCC) 15.2.0
CFLAGS:      -march=armv9-a+fp16+crypto+i8mm+bf16+memtag+sm4+sha3+nosve+nosve2 -mabi=lp64 -Wno-psabi -mtune=cortex-x3 -mno-outline-atomics -Wall -pipe  -O2 -fomit-frame-pointer -DNDEBUG -DGIT_VERSION=\"da2cb8ecd17fd0932ab6d94774c0522beebce6e3\" -ftree-vectorize -fPIC 
MAIN_LDLIBS: -lpthread -lm -ldl 

/workspace/repos/rocknix.worktrees/m7-pixelelated-sm8550-01/build.pixelelated-SM8550.aarch64/toolchain/bin/aarch64-rocknix-linux-gnu-gcc  -march=armv9-a+fp16+crypto+i8mm+bf16+memtag+sm4+sha3+nosve+nosve2 -mabi=lp64 -Wno-psabi -mtune=cortex-x3 -mno-outline-atomics -Wall -pipe  -O2 -fomit-frame-pointer -DNDEBUG -DGIT_VERSION=\"da2cb8ecd17fd0932ab6d94774c0522beebce6e3\" -ftree-vectorize -fPIC  -Wall -Iinclude -ffast-math -Ofast -DNDEBUG -ffunction-sections -fdata-sections -DP_HAVE_MMAP=1 -DP_HAVE_POSIX_MEMALIGN=1 -DDISABLE_MEM_LUTS=0 -DGPU_NEON -DHAVE_CHD -Ideps/libchdr/include -Ideps/libchdr/deps/miniz-3.1.1 -DUSE_MINIZ -DHAVE_CDROM -DUSE_LIBRETRO_VFS -DHAVE_LIBRETRO -Ideps/libretro-common/include -DNO_FRONTEND  -Wno-unused-function -MMD -MP -c libpcsxcore/cdriso.c -o libpcsxcore/cdriso.o
/workspace/repos/rocknix.worktrees/m7-pixelelated-sm8550-01/build.pixelelated-SM8550.aarch64/toolchain/bin/aarch64-rocknix-linux-gnu-gcc  -march=armv9-a+fp16+crypto+i8mm+bf16+memtag+sm4+sha3+nosve+nosve2 -mabi=lp64 -Wno-psabi -mtune=cortex-x3 -mno-outline-atomics -Wall -pipe  -O2 -fomit-frame-pointer -DNDEBUG -DGIT_VERSION=\"da2cb8ecd17fd0932ab6d94774c0522beebce6e3\" -ftree-vectorize -fPIC  -Wall -Iinclude -ffast-math -Ofast -DNDEBUG -ffunction-sections -fdata-sections -DP_HAVE_MMAP=1 -DP_HAVE_POSIX_MEMALIGN=1 -DDISABLE_MEM_LUTS=0 -DGPU_NEON -DHAVE_CHD -Ideps/libchdr/include -Ideps/libchdr/deps/miniz-3.1.1 -DUSE_MINIZ -DHAVE_CDROM -DUSE_LIBRETRO_VFS -DHAVE_LIBRETRO -Ideps/libretro-common/include -DNO_FRONTEND  -MMD -MP -c libpcsxcore/cdrom.c -o libpcsxcore/cdrom.o
/workspace/repos/rocknix.worktrees/m7-pixelelated-sm8550-01/build.pixelelated-SM8550.aarch64/toolchain/bin/aarch64-rocknix-linux-gnu-gcc  -march=armv9-a+fp16+crypto+i8mm+bf16+memtag+sm4+sha3+nosve+nosve2 -mabi=lp64 -Wno-psabi -mtune=cortex-x3 -mno-outline-atomics -Wall -pipe  -O2 -fomit-frame-pointer -DNDEBUG -DGIT_VERSION=\"da2cb8ecd17fd0932ab6d94774c0522beebce6e3\" -ftree-vectorize -fPIC  -Wall -Iinclude -ffast-math -Ofast -DNDEBUG -ffunction-sections -fdata-sections -DP_HAVE_MMAP=1 -DP_HAVE_POSIX_MEMALIGN=1 -DDISABLE_MEM_LUTS=0 -DGPU_NEON -DHAVE_CHD -Ideps/libchdr/include -Ideps/libchdr/deps/miniz-3.1.1 -DUSE_MINIZ -DHAVE_CDROM -DUSE_LIBRETRO_VFS -DHAVE_LIBRETRO -Ideps/libretro-common/include -DNO_FRONTEND  -DUSE_ASYNC_CDROM -MMD -MP -c libpcsxcore/cdrom-async.c -o libpcsxcore/cdrom-async.o
/workspace/repos/rocknix.worktrees/m7-pixelelated-sm8550-01/build.pixelelated-SM8550.aarch64/toolchain/bin/aarch64-rocknix-linux-gnu-gcc  -march=armv9-a+fp16+crypto+i8mm+bf16+memtag+sm4+sha3+nosve+nosve2 -mabi=lp64 -Wno-psabi -mtune=cortex-x3 -mno-outline-atomics -Wall -pipe  -O2 -fomit-frame-pointer -DNDEBUG -DGIT_VERSION=\"da2cb8ecd17fd0932ab6d94774c0522beebce6e3\" -ftree-vectorize -fPIC  -Wall -Iinclude -ffast-math -Ofast -DNDEBUG -ffunction-sections -fdata-sections -DP_HAVE_MMAP=1 -DP_HAVE_POSIX_MEMALIGN=1 -DDISABLE_MEM_LUTS=0 -DGPU_NEON -DHAVE_CHD -Ideps/libchdr/include -Ideps/libchdr/deps/miniz-3.1.1 -DUSE_MINIZ -DHAVE_CDROM -DUSE_LIBRETRO_VFS -DHAVE_LIBRETRO -Ideps/libretro-common/include -DNO_FRONTEND  -MMD -MP -c libpcsxcore/cheat.c -o libpcsxcore/cheat.o
/workspace/repos/rocknix.worktrees/m7-pixelelated-sm8550-01/build.pixelelated-SM8550.aarch64/toolchain/bin/aarch64-rocknix-linux-gnu-gcc  -march=armv9-a+fp16+crypto+i8mm+bf16+memtag+sm4+sha3+nosve+nosve2 -mabi=lp64 -Wno-psabi -mtune=cortex-x3 -mno-outline-atomics -Wall -pipe  -O2 -fomit-frame-pointer -DNDEBUG -DGIT_VERSION=\"da2cb8ecd17fd0932ab6d94774c0522beebce6e3\" -ftree-vectorize -fPIC  -Wall -Iinclude -ffast-math -Ofast -DNDEBUG -ffunction-sections -fdata-sections -DP_HAVE_MMAP=1 -DP_HAVE_POSIX_MEMALIGN=1 -DDISABLE_MEM_LUTS=0 -DGPU_NEON -DHAVE_CHD -Ideps/libchdr/include -Ideps/libchdr/deps/miniz-3.1.1 -DUSE_MINIZ -DHAVE_CDROM -DUSE_LIBRETRO_VFS -DHAVE_LIBRETRO -Ideps/libretro-common/include -DNO_FRONTEND  -MMD -MP -c libpcsxcore/database.c -o libpcsxcore/database.o
/workspace/repos/rocknix.worktrees/m7-pixelelated-sm8550-01/build.pixelelated-SM8550.aarch64/toolchain/bin/aarch64-rocknix-linux-gnu-gcc  -march=armv9-a+fp16+crypto+i8mm+bf16+memtag+sm4+sha3+nosve+nosve2 -mabi=lp64 -Wno-psabi -mtune=cortex-x3 -mno-outline-atomics -Wall -pipe  -O2 -fomit-frame-pointer -DNDEBUG -DGIT_VERSION=\"da2cb8ecd17fd0932ab6d94774c0522beebce6e3\" -ftree-vectorize -fPIC  -Wall -Iinclude -ffast-math -Ofast -DNDEBUG -ffunction-sections -fdata-sections -DP_HAVE_MMAP=1 -DP_HAVE_POSIX_MEMALIGN=1 -DDISABLE_MEM_LUTS=0 -DGPU_NEON -DHAVE_CHD -Ideps/libchdr/include -Ideps/libchdr/deps/miniz-3.1.1 -DUSE_MINIZ -DHAVE_CDROM -DUSE_LIBRETRO_VFS -DHAVE_LIBRETRO -Ideps/libretro-common/include -DNO_FRONTEND  -MMD -MP -c libpcsxcore/decode_xa.c -o libpcsxcore/decode_xa.o
/workspace/repos/rocknix.worktrees/m7-pixelelated-sm8550-01/build.pixelelated-SM8550.aarch64/toolchain/bin/aarch64-rocknix-linux-gnu-gcc  -march=armv9-a+fp16+crypto+i8mm+bf16+memtag+sm4+sha3+nosve+nosve2 -mabi=lp64 -Wno-psabi -mtune=cortex-x3 -mno-outline-atomics -Wall -pipe  -O2 -fomit-frame-pointer -DNDEBUG -DGIT_VERSION=\"da2cb8ecd17fd0932ab6d94774c0522beebce6e3\" -ftree-vectorize -fPIC  -Wall -Iinclude -ffast-math -Ofast -DNDEBUG -ffunction-sections -fdata-sections -DP_HAVE_MMAP=1 -DP_HAVE_POSIX_MEMALIGN=1 -DDISABLE_MEM_LUTS=0 -DGPU_NEON -DHAVE_CHD -Ideps/libchdr/include -Ideps/libchdr/deps/miniz-3.1.1 -DUSE_MINIZ -DHAVE_CDROM -DUSE_LIBRETRO_VFS -DHAVE_LIBRETRO -Ideps/libretro-common/include -DNO_FRONTEND  -MMD -MP -c libpcsxcore/mdec.c -o libpcsxcore/mdec.o
/workspace/repos/rocknix.worktrees/m7-pixelelated-sm8550-01/build.pixelelated-SM8550.aarch64/toolchain/bin/aarch64-rocknix-linux-gnu-gcc  -march=armv9-a+fp16+crypto+i8mm+bf16+memtag+sm4+sha3+nosve+nosve2 -mabi=lp64 -Wno-psabi -mtune=cortex-x3 -mno-outline-atomics -Wall -pipe  -O2 -fomit-frame-pointer -DNDEBUG -DGIT_VERSION=\"da2cb8ecd17fd0932ab6d94774c0522beebce6e3\" -ftree-vectorize -fPIC  -Wall -Iinclude -ffast-math -Ofast -DNDEBUG -ffunction-sections -fdata-sections -DP_HAVE_MMAP=1 -DP_HAVE_POSIX_MEMALIGN=1 -DDISABLE_MEM_LUTS=0 -DGPU_NEON -DHAVE_CHD -Ideps/libchdr/include -Ideps/libchdr/deps/miniz-3.1.1 -DUSE_MINIZ -DHAVE_CDROM -DUSE_LIBRETRO_VFS -DHAVE_LIBRETRO -Ideps/libretro-common/include -DNO_FRONTEND  -MMD -MP -c libpcsxcore/plugins.c -o libpcsxcore/plugins.o
/workspace/repos/rocknix.worktrees/m7-pixelelated-sm8550-01/build.pixelelated-SM8550.aarch64/toolchain/bin/aarch64-rocknix-linux-gnu-gcc  -march=armv9-a+fp16+crypto+i8mm+bf16+memtag+sm4+sha3+nosve+nosve2 -mabi=lp64 -Wno-psabi -mtune=cortex-x3 -mno-outline-atomics -Wall -pipe  -O2 -fomit-frame-pointer -DNDEBUG -DGIT_VERSION=\"da2cb8ecd17fd0932ab6d94774c0522beebce6e3\" -ftree-vectorize -fPIC  -Wall -Iinclude -ffast-math -Ofast -DNDEBUG -ffunction-sections -fdata-sections -DP_HAVE_MMAP=1 -DP_HAVE_POSIX_MEMALIGN=1 -DDISABLE_MEM_LUTS=0 -DGPU_NEON -DHAVE_CHD -Ideps/libchdr/include -Ideps/libchdr/deps/miniz-3.1.1 -DUSE_MINIZ -DHAVE_CDROM -DUSE_LIBRETRO_VFS -DHAVE_LIBRETRO -Ideps/libretro-common/include -DNO_FRONTEND  -MMD -MP -c libpcsxcore/ppf.c -o libpcsxcore/ppf.o
/workspace/repos/rocknix.worktrees/m7-pixelelated-sm8550-01/build.pixelelated-SM8550.aarch64/toolchain/bin/aarch64-rocknix-linux-gnu-gcc  -march=armv9-a+fp16+crypto+i8mm+bf16+memtag+sm4+sha3+nosve+nosve2 -mabi=lp64 -Wno-psabi -mtune=cortex-x3 -mno-outline-atomics -Wall -pipe  -O2 -fomit-frame-pointer -DNDEBUG -DGIT_VERSION=\"da2cb8ecd17fd0932ab6d94774c0522beebce6e3\" -ftree-vectorize -fPIC  -Wall -Iinclude -ffast-math -Ofast -DNDEBUG -ffunction-sections -fdata-sections -DP_HAVE_MMAP=1 -DP_HAVE_POSIX_MEMALIGN=1 -DDISABLE_MEM_LUTS=0 -DGPU_NEON -DHAVE_CHD -Ideps/libchdr/include -Ideps/libchdr/deps/miniz-3.1.1 -DUSE_MINIZ -DHAVE_CDROM -DUSE_LIBRETRO_VFS -DHAVE_LIBRETRO -Ideps/libretro-common/include -DNO_FRONTEND  -Wno-nonnull -MMD -MP -c libpcsxcore/psxbios.c -o libpcsxcore/psxbios.o
/workspace/repos/rocknix.worktrees/m7-pixelelated-sm8550-01/build.pixelelated-SM8550.aarch64/toolchain/bin/aarch64-rocknix-linux-gnu-gcc  -march=armv9-a+fp16+crypto+i8mm+bf16+memtag+sm4+sha3+nosve+nosve2 -mabi=lp64 -Wno-psabi -mtune=cortex-x3 -mno-outline-atomics -Wall -pipe  -O2 -fomit-frame-pointer -DNDEBUG -DGIT_VERSION=\"da2cb8ecd17fd0932ab6d94774c0522beebce6e3\" -ftree-vectorize -fPIC  -Wall -Iinclude -ffast-math -Ofast -DNDEBUG -ffunction-sections -fdata-sections -DP_HAVE_MMAP=1 -DP_HAVE_POSIX_MEMALIGN=1 -DDISABLE_MEM_LUTS=0 -DGPU_NEON -DHAVE_CHD -Ideps/libchdr/include -Ideps/libchdr/deps/miniz-3.1.1 -DUSE_MINIZ -DHAVE_CDROM -DUSE_LIBRETRO_VFS -DHAVE_LIBRETRO -Ideps/libretro-common/include -DNO_FRONTEND  -MMD -MP -c libpcsxcore/psxcommon.c -o libpcsxcore/psxcommon.o
/workspace/repos/rocknix.worktrees/m7-pixelelated-sm8550-01/build.pixelelated-SM8550.aarch64/toolchain/bin/aarch64-rocknix-linux-gnu-gcc  -march=armv9-a+fp16+crypto+i8mm+bf16+memtag+sm4+sha3+nosve+nosve2 -mabi=lp64 -Wno-psabi -mtune=cortex-x3 -mno-outline-atomics -Wall -pipe  -O2 -fomit-frame-pointer -DNDEBUG -DGIT_VERSION=\"da2cb8ecd17fd0932ab6d94774c0522beebce6e3\" -ftree-vectorize -fPIC  -Wall -Iinclude -ffast-math -Ofast -DNDEBUG -ffunction-sections -fdata-sections -DP_HAVE_MMAP=1 -DP_HAVE_POSIX_MEMALIGN=1 -DDISABLE_MEM_LUTS=0 -DGPU_NEON -DHAVE_CHD -Ideps/libchdr/include -Ideps/libchdr/deps/miniz-3.1.1 -DUSE_MINIZ -DHAVE_CDROM -DUSE_LIBRETRO_VFS -DHAVE_LIBRETRO -Ideps/libretro-common/include -DNO_FRONTEND  -MMD -MP -c libpcsxcore/psxcounters.c -o libpcsxcore/psxcounters.o
/workspace/repos/rocknix.worktrees/m7-pixelelated-sm8550-01/build.pixelelated-SM8550.aarch64/toolchain/bin/aarch64-rocknix-linux-gnu-gcc  -march=armv9-a+fp16+crypto+i8mm+bf16+memtag+sm4+sha3+nosve+nosve2 -mabi=lp64 -Wno-psabi -mtune=cortex-x3 -mno-outline-atomics -Wall -pipe  -O2 -fomit-frame-pointer -DNDEBUG -DGIT_VERSION=\"da2cb8ecd17fd0932ab6d94774c0522beebce6e3\" -ftree-vectorize -fPIC  -Wall -Iinclude -ffast-math -Ofast -DNDEBUG -ffunction-sections -fdata-sections -DP_HAVE_MMAP=1 -DP_HAVE_POSIX_MEMALIGN=1 -DDISABLE_MEM_LUTS=0 -DGPU_NEON -DHAVE_CHD -Ideps/libchdr/include -Ideps/libchdr/deps/miniz-3.1.1 -DUSE_MINIZ -DHAVE_CDROM -DUSE_LIBRETRO_VFS -DHAVE_LIBRETRO -Ideps/libretro-common/include -DNO_FRONTEND  -MMD -MP -c libpcsxcore/psxdma.c -o libpcsxcore/psxdma.o
/workspace/repos/rocknix.worktrees/m7-pixelelated-sm8550-01/build.pixelelated-SM8550.aarch64/toolchain/bin/aarch64-rocknix-linux-gnu-gcc  -march=armv9-a+fp16+crypto+i8mm+bf16+memtag+sm4+sha3+nosve+nosve2 -mabi=lp64 -Wno-psabi -mtune=cortex-x3 -mno-outline-atomics -Wall -pipe  -O2 -fomit-frame-pointer -DNDEBUG -DGIT_VERSION=\"da2cb8ecd17fd0932ab6d94774c0522beebce6e3\" -ftree-vectorize -fPIC  -Wall -Iinclude -ffast-math -Ofast -DNDEBUG -ffunction-sections -fdata-sections -DP_HAVE_MMAP=1 -DP_HAVE_POSIX_MEMALIGN=1 -DDISABLE_MEM_LUTS=0 -DGPU_NEON -DHAVE_CHD -Ideps/libchdr/include -Ideps/libchdr/deps/miniz-3.1.1 -DUSE_MINIZ -DHAVE_CDROM -DUSE_LIBRETRO_VFS -DHAVE_LIBRETRO -Ideps/libretro-common/include -DNO_FRONTEND  -MMD -MP -c libpcsxcore/psxhw.c -o libpcsxcore/psxhw.o
/workspace/repos/rocknix.worktrees/m7-pixelelated-sm8550-01/build.pixelelated-SM8550.aarch64/toolchain/bin/aarch64-rocknix-linux-gnu-gcc  -march=armv9-a+fp16+crypto+i8mm+bf16+memtag+sm4+sha3+nosve+nosve2 -mabi=lp64 -Wno-psabi -mtune=cortex-x3 -mno-outline-atomics -Wall -pipe  -O2 -fomit-frame-pointer -DNDEBUG -DGIT_VERSION=\"da2cb8ecd17fd0932ab6d94774c0522beebce6e3\" -ftree-vectorize -fPIC  -Wall -Iinclude -ffast-math -Ofast -DNDEBUG -ffunction-sections -fdata-sections -DP_HAVE_MMAP=1 -DP_HAVE_POSIX_MEMALIGN=1 -DDISABLE_MEM_LUTS=0 -DGPU_NEON -DHAVE_CHD -Ideps/libchdr/include -Ideps/libchdr/deps/miniz-3.1.1 -DUSE_MINIZ -DHAVE_CDROM -DUSE_LIBRETRO_VFS -DHAVE_LIBRETRO -Ideps/libretro-common/include -DNO_FRONTEND  -MMD -MP -c libpcsxcore/psxinterpreter.c -o libpcsxcore/psxinterpreter.o
/workspace/repos/rocknix.worktrees/m7-pixelelated-sm8550-01/build.pixelelated-SM8550.aarch64/toolchain/bin/aarch64-rocknix-linux-gnu-gcc  -march=armv9-a+fp16+crypto+i8mm+bf16+memtag+sm4+sha3+nosve+nosve2 -mabi=lp64 -Wno-psabi -mtune=cortex-x3 -mno-outline-atomics -Wall -pipe  -O2 -fomit-frame-pointer -DNDEBUG -DGIT_VERSION=\"da2cb8ecd17fd0932ab6d94774c0522beebce6e3\" -ftree-vectorize -fPIC  -Wall -Iinclude -ffast-math -Ofast -DNDEBUG -ffunction-sections -fdata-sections -DP_HAVE_MMAP=1 -DP_HAVE_POSIX_MEMALIGN=1 -DDISABLE_MEM_LUTS=0 -DGPU_NEON -DHAVE_CHD -Ideps/libchdr/include -Ideps/libchdr/deps/miniz-3.1.1 -DUSE_MINIZ -DHAVE_CDROM -DUSE_LIBRETRO_VFS -DHAVE_LIBRETRO -Ideps/libretro-common/include -DNO_FRONTEND  -MMD -MP -c libpcsxcore/psxmem.c -o libpcsxcore/psxmem.o
/workspace/repos/rocknix.worktrees/m7-pixelelated-sm8550-01/build.pixelelated-SM8550.aarch64/toolchain/bin/aarch64-rocknix-linux-gnu-gcc  -march=armv9-a+fp16+crypto+i8mm+bf16+memtag+sm4+sha3+nosve+nosve2 -mabi=lp64 -Wno-psabi -mtune=cortex-x3 -mno-outline-atomics -Wall -pipe  -O2 -fomit-frame-pointer -DNDEBUG -DGIT_VERSION=\"da2cb8ecd17fd0932ab6d94774c0522beebce6e3\" -ftree-vectorize -fPIC  -Wall -Iinclude -ffast-math -Ofast -DNDEBUG -ffunction-sections -fdata-sections -DP_HAVE_MMAP=1 -DP_HAVE_POSIX_MEMALIGN=1 -DDISABLE_MEM_LUTS=0 -DGPU_NEON -DHAVE_CHD -Ideps/libchdr/include -Ideps/libchdr/deps/miniz-3.1.1 -DUSE_MINIZ -DHAVE_CDROM -DUSE_LIBRETRO_VFS -DHAVE_LIBRETRO -Ideps/libretro-common/include -DNO_FRONTEND  -MMD -MP -c libpcsxcore/psxevents.c -o libpcsxcore/psxevents.o
/workspace/repos/rocknix.worktrees/m7-pixelelated-sm8550-01/build.pixelelated-SM8550.aarch64/toolchain/bin/aarch64-rocknix-linux-gnu-gcc  -march=armv9-a+fp16+crypto+i8mm+bf16+memtag+sm4+sha3+nosve+nosve2 -mabi=lp64 -Wno-psabi -mtune=cortex-x3 -mno-outline-atomics -Wall -pipe  -O2 -fomit-frame-pointer -DNDEBUG -DGIT_VERSION=\"da2cb8ecd17fd0932ab6d94774c0522beebce6e3\" -ftree-vectorize -fPIC  -Wall -Iinclude -ffast-math -Ofast -DNDEBUG -ffunction-sections -fdata-sections -DP_HAVE_MMAP=1 -DP_HAVE_POSIX_MEMALIGN=1 -DDISABLE_MEM_LUTS=0 -DGPU_NEON -DHAVE_CHD -Ideps/libchdr/include -Ideps/libchdr/deps/miniz-3.1.1 -DUSE_MINIZ -DHAVE_CDROM -DUSE_LIBRETRO_VFS -DHAVE_LIBRETRO -Ideps/libretro-common/include -DNO_FRONTEND  -MMD -MP -c libpcsxcore/r3000a.c -o libpcsxcore/r3000a.o
/workspace/repos/rocknix.worktrees/m7-pixelelated-sm8550-01/build.pixelelated-SM8550.aarch64/toolchain/bin/aarch64-rocknix-linux-gnu-gcc  -march=armv9-a+fp16+crypto+i8mm+bf16+memtag+sm4+sha3+nosve+nosve2 -mabi=lp64 -Wno-psabi -mtune=cortex-x3 -mno-outline-atomics -Wall -pipe  -O2 -fomit-frame-pointer -DNDEBUG -DGIT_VERSION=\"da2cb8ecd17fd0932ab6d94774c0522beebce6e3\" -ftree-vectorize -fPIC  -Wall -Iinclude -ffast-math -Ofast -DNDEBUG -ffunction-sections -fdata-sections -DP_HAVE_MMAP=1 -DP_HAVE_POSIX_MEMALIGN=1 -DDISABLE_MEM_LUTS=0 -DGPU_NEON -DHAVE_CHD -Ideps/libchdr/include -Ideps/libchdr/deps/miniz-3.1.1 -DUSE_MINIZ -DHAVE_CDROM -DUSE_LIBRETRO_VFS -DHAVE_LIBRETRO -Ideps/libretro-common/include -DNO_FRONTEND  -MMD -MP -c libpcsxcore/sio.c -o libpcsxcore/sio.o
/workspace/repos/rocknix.worktrees/m7-pixelelated-sm8550-01/build.pixelelated-SM8550.aarch64/toolchain/bin/aarch64-rocknix-linux-gnu-gcc  -march=armv9-a+fp16+crypto+i8mm+bf16+memtag+sm4+sha3+nosve+nosve2 -mabi=lp64 -Wno-psabi -mtune=cortex-x3 -mno-outline-atomics -Wall -pipe  -O2 -fomit-frame-pointer -DNDEBUG -DGIT_VERSION=\"da2cb8ecd17fd0932ab6d94774c0522beebce6e3\" -ftree-vectorize -fPIC  -Wall -Iinclude -ffast-math -Ofast -DNDEBUG -ffunction-sections -fdata-sections -DP_HAVE_MMAP=1 -DP_HAVE_POSIX_MEMALIGN=1 -DDISABLE_MEM_LUTS=0 -DGPU_NEON -DHAVE_CHD -Ideps/libchdr/include -Ideps/libchdr/deps/miniz-3.1.1 -DUSE_MINIZ -DHAVE_CDROM -DUSE_LIBRETRO_VFS -DHAVE_LIBRETRO -Ideps/libretro-common/include -DNO_FRONTEND  -MMD -MP -c libpcsxcore/spu.c -o libpcsxcore/spu.o
/workspace/repos/rocknix.worktrees/m7-pixelelated-sm8550-01/build.pixelelated-SM8550.aarch64/toolchain/bin/aarch64-rocknix-linux-gnu-gcc  -march=armv9-a+fp16+crypto+i8mm+bf16+memtag+sm4+sha3+nosve+nosve2 -mabi=lp64 -Wno-psabi -mtune=cortex-x3 -mno-outline-atomics -Wall -pipe  -O2 -fomit-frame-pointer -DNDEBUG -DGIT_VERSION=\"da2cb8ecd17fd0932ab6d94774c0522beebce6e3\" -ftree-vectorize -fPIC  -Wall -Iinclude -ffast-math -Ofast -DNDEBUG -ffunction-sections -fdata-sections -DP_HAVE_MMAP=1 -DP_HAVE_POSIX_MEMALIGN=1 -DDISABLE_MEM_LUTS=0 -DGPU_NEON -DHAVE_CHD -Ideps/libchdr/include -Ideps/libchdr/deps/miniz-3.1.1 -DUSE_MINIZ -DHAVE_CDROM -DUSE_LIBRETRO_VFS -DHAVE_LIBRETRO -Ideps/libretro-common/include -DNO_FRONTEND  -MMD -MP -c libpcsxcore/gpu.c -o libpcsxcore/gpu.o
/workspace/repos/rocknix.worktrees/m7-pixelelated-sm8550-01/build.pixelelated-SM8550.aarch64/toolchain/bin/aarch64-rocknix-linux-gnu-gcc  -march=armv9-a+fp16+crypto+i8mm+bf16+memtag+sm4+sha3+nosve+nosve2 -mabi=lp64 -Wno-psabi -mtune=cortex-x3 -mno-outline-atomics -Wall -pipe  -O2 -fomit-frame-pointer -DNDEBUG -DGIT_VERSION=\"da2cb8ecd17fd0932ab6d94774c0522beebce6e3\" -ftree-vectorize -fPIC  -Wall -Iinclude -ffast-math -Ofast -DNDEBUG -ffunction-sections -fdata-sections -DP_HAVE_MMAP=1 -DP_HAVE_POSIX_MEMALIGN=1 -DDISABLE_MEM_LUTS=0 -DGPU_NEON -DHAVE_CHD -Ideps/libchdr/include -Ideps/libchdr/deps/miniz-3.1.1 -DUSE_MINIZ -DHAVE_CDROM -DUSE_LIBRETRO_VFS -DHAVE_LIBRETRO -Ideps/libretro-common/include -DNO_FRONTEND  -MMD -MP -c libpcsxcore/pad.c -o libpcsxcore/pad.o
/workspace/repos/rocknix.worktrees/m7-pixelelated-sm8550-01/build.pixelelated-SM8550.aarch64/toolchain/bin/aarch64-rocknix-linux-gnu-gcc  -march=armv9-a+fp16+crypto+i8mm+bf16+memtag+sm4+sha3+nosve+nosve2 -mabi=lp64 -Wno-psabi -mtune=cortex-x3 -mno-outline-atomics -Wall -pipe  -O2 -fomit-frame-pointer -DNDEBUG -DGIT_VERSION=\"da2cb8ecd17fd0932ab6d94774c0522beebce6e3\" -ftree-vectorize -fPIC  -Wall -Iinclude -ffast-math -Ofast -DNDEBUG -ffunction-sections -fdata-sections -DP_HAVE_MMAP=1 -DP_HAVE_POSIX_MEMALIGN=1 -DDISABLE_MEM_LUTS=0 -DGPU_NEON -DHAVE_CHD -Ideps/libchdr/include -Ideps/libchdr/deps/miniz-3.1.1 -DUSE_MINIZ -DHAVE_CDROM -DUSE_LIBRETRO_VFS -DHAVE_LIBRETRO -Ideps/libretro-common/include -DNO_FRONTEND  -MMD -MP -c libpcsxcore/gte.c -o libpcsxcore/gte.o
/workspace/repos/rocknix.worktrees/m7-pixelelated-sm8550-01/build.pixelelated-SM8550.aarch64/toolchain/bin/aarch64-rocknix-linux-gnu-gcc  -march=armv9-a+fp16+crypto+i8mm+bf16+memtag+sm4+sha3+nosve+nosve2 -mabi=lp64 -Wno-psabi -mtune=cortex-x3 -mno-outline-atomics -Wall -pipe  -O2 -fomit-frame-pointer -DNDEBUG -DGIT_VERSION=\"da2cb8ecd17fd0932ab6d94774c0522beebce6e3\" -ftree-vectorize -fPIC  -Wall -Iinclude -ffast-math -Ofast -DNDEBUG -ffunction-sections -fdata-sections -DP_HAVE_MMAP=1 -DP_HAVE_POSIX_MEMALIGN=1 -DDISABLE_MEM_LUTS=0 -DGPU_NEON -DHAVE_CHD -Ideps/libchdr/include -Ideps/libchdr/deps/miniz-3.1.1 -DUSE_MINIZ -DHAVE_CDROM -DUSE_LIBRETRO_VFS -DHAVE_LIBRETRO -Ideps/libretro-common/include -DNO_FRONTEND  -MMD -MP -c libpcsxcore/gte_nf.c -o libpcsxcore/gte_nf.o
/workspace/repos/rocknix.worktrees/m7-pixelelated-sm8550-01/build.pixelelated-SM8550.aarch64/toolchain/bin/aarch64-rocknix-linux-gnu-gcc  -march=armv9-a+fp16+crypto+i8mm+bf16+memtag+sm4+sha3+nosve+nosve2 -mabi=lp64 -Wno-psabi -mtune=cortex-x3 -mno-outline-atomics -Wall -pipe  -O2 -fomit-frame-pointer -DNDEBUG -DGIT_VERSION=\"da2cb8ecd17fd0932ab6d94774c0522beebce6e3\" -ftree-vectorize -fPIC  -Wall -Iinclude -ffast-math -Ofast -DNDEBUG -ffunction-sections -fdata-sections -DP_HAVE_MMAP=1 -DP_HAVE_POSIX_MEMALIGN=1 -DDISABLE_MEM_LUTS=0 -DGPU_NEON -DHAVE_CHD -Ideps/libchdr/include -Ideps/libchdr/deps/miniz-3.1.1 -DUSE_MINIZ -DHAVE_CDROM -DUSE_LIBRETRO_VFS -DHAVE_LIBRETRO -Ideps/libretro-common/include -DNO_FRONTEND  -MMD -MP -c libpcsxcore/gte_divider.c -o libpcsxcore/gte_divider.o
/workspace/repos/rocknix.worktrees/m7-pixelelated-sm8550-01/build.pixelelated-SM8550.aarch64/toolchain/bin/aarch64-rocknix-linux-gnu-gcc  -march=armv9-a+fp16+crypto+i8mm+bf16+memtag+sm4+sha3+nosve+nosve2 -mabi=lp64 -Wno-psabi -mtune=cortex-x3 -mno-outline-atomics -Wall -pipe  -O2 -fomit-frame-pointer -DNDEBUG -DGIT_VERSION=\"da2cb8ecd17fd0932ab6d94774c0522beebce6e3\" -ftree-vectorize -fPIC  -Wall -Iinclude -ffast-math -Ofast -DNDEBUG -ffunction-sections -fdata-sections -DP_HAVE_MMAP=1 -DP_HAVE_POSIX_MEMALIGN=1 -DDISABLE_MEM_LUTS=0 -DGPU_NEON -DHAVE_CHD -Ideps/libchdr/include -Ideps/libchdr/deps/miniz-3.1.1 -DUSE_MINIZ -DHAVE_CDROM -DUSE_LIBRETRO_VFS -DHAVE_LIBRETRO -Ideps/libretro-common/include -DNO_FRONTEND  -MMD -MP -c libpcsxcore/gte_arm64.S -o libpcsxcore/gte_arm64.o
/workspace/repos/rocknix.worktrees/m7-pixelelated-sm8550-01/build.pixelelated-SM8550.aarch64/toolchain/bin/aarch64-rocknix-linux-gnu-gcc  -march=armv9-a+fp16+crypto+i8mm+bf16+memtag+sm4+sha3+nosve+nosve2 -mabi=lp64 -Wno-psabi -mtune=cortex-x3 -mno-outline-atomics -Wall -pipe  -O2 -fomit-frame-pointer -DNDEBUG -DGIT_VERSION=\"da2cb8ecd17fd0932ab6d94774c0522beebce6e3\" -ftree-vectorize -fPIC  -Wall -Iinclude -ffast-math -Ofast -DNDEBUG -ffunction-sections -fdata-sections -DP_HAVE_MMAP=1 -DP_HAVE_POSIX_MEMALIGN=1 -DDISABLE_MEM_LUTS=0 -DGPU_NEON -DHAVE_CHD -Ideps/libchdr/include -Ideps/libchdr/deps/miniz-3.1.1 -DUSE_MINIZ -DHAVE_CDROM -DUSE_LIBRETRO_VFS -DHAVE_LIBRETRO -Ideps/libretro-common/include -DNO_FRONTEND  -MMD -MP -c libpcsxcore/gte_nf_arm64.S -o libpcsxcore/gte_nf_arm64.o
/workspace/repos/rocknix.worktrees/m7-pixelelated-sm8550-01/build.pixelelated-SM8550.aarch64/toolchain/bin/aarch64-rocknix-linux-gnu-gcc  -march=armv9-a+fp16+crypto+i8mm+bf16+memtag+sm4+sha3+nosve+nosve2 -mabi=lp64 -Wno-psabi -mtune=cortex-x3 -mno-outline-atomics -Wall -pipe  -O2 -fomit-frame-pointer -DNDEBUG -DGIT_VERSION=\"da2cb8ecd17fd0932ab6d94774c0522beebce6e3\" -ftree-vectorize -fPIC  -Wall -Iinclude -ffast-math -Ofast -DNDEBUG -ffunction-sections -fdata-sections -DP_HAVE_MMAP=1 -DP_HAVE_POSIX_MEMALIGN=1 -DDISABLE_MEM_LUTS=0 -DGPU_NEON -DHAVE_CHD -Ideps/libchdr/include -Ideps/libchdr/deps/miniz-3.1.1 -DUSE_MINIZ -DHAVE_CDROM -DUSE_LIBRETRO_VFS -DHAVE_LIBRETRO -Ideps/libretro-common/include -DNO_FRONTEND  -Ofast  -DNDRC_THREAD -MMD -MP -c libpcsxcore/new_dynarec/new_dynarec.c -o libpcsxcore/new_dynarec/new_dynarec.o
/workspace/repos/rocknix.worktrees/m7-pixelelated-sm8550-01/build.pixelelated-SM8550.aarch64/toolchain/bin/aarch64-rocknix-linux-gnu-gcc  -march=armv9-a+fp16+crypto+i8mm+bf16+memtag+sm4+sha3+nosve+nosve2 -mabi=lp64 -Wno-psabi -mtune=cortex-x3 -mno-outline-atomics -Wall -pipe  -O2 -fomit-frame-pointer -DNDEBUG -DGIT_VERSION=\"da2cb8ecd17fd0932ab6d94774c0522beebce6e3\" -ftree-vectorize -fPIC  -Wall -Iinclude -ffast-math -Ofast -DNDEBUG -ffunction-sections -fdata-sections -DP_HAVE_MMAP=1 -DP_HAVE_POSIX_MEMALIGN=1 -DDISABLE_MEM_LUTS=0 -DGPU_NEON -DHAVE_CHD -Ideps/libchdr/include -Ideps/libchdr/deps/miniz-3.1.1 -DUSE_MINIZ -DHAVE_CDROM -DUSE_LIBRETRO_VFS -DHAVE_LIBRETRO -Ideps/libretro-common/include -DNO_FRONTEND  -MMD -MP -c libpcsxcore/new_dynarec/pcsxmem.c -o libpcsxcore/new_dynarec/pcsxmem.o
/workspace/repos/rocknix.worktrees/m7-pixelelated-sm8550-01/build.pixelelated-SM8550.aarch64/toolchain/bin/aarch64-rocknix-linux-gnu-gcc  -march=armv9-a+fp16+crypto+i8mm+bf16+memtag+sm4+sha3+nosve+nosve2 -mabi=lp64 -Wno-psabi -mtune=cortex-x3 -mno-outline-atomics -Wall -pipe  -O2 -fomit-frame-pointer -DNDEBUG -DGIT_VERSION=\"da2cb8ecd17fd0932ab6d94774c0522beebce6e3\" -ftree-vectorize -fPIC  -Wall -Iinclude -ffast-math -Ofast -DNDEBUG -ffunction-sections -fdata-sections -DP_HAVE_MMAP=1 -DP_HAVE_POSIX_MEMALIGN=1 -DDISABLE_MEM_LUTS=0 -DGPU_NEON -DHAVE_CHD -Ideps/libchdr/include -Ideps/libchdr/deps/miniz-3.1.1 -DUSE_MINIZ -DHAVE_CDROM -DUSE_LIBRETRO_VFS -DHAVE_LIBRETRO -Ideps/libretro-common/include -DNO_FRONTEND  -MMD -MP -c libpcsxcore/new_dynarec/linkage_arm64.S -o libpcsxcore/new_dynarec/linkage_arm64.o
/workspace/repos/rocknix.worktrees/m7-pixelelated-sm8550-01/build.pixelelated-SM8550.aarch64/toolchain/bin/aarch64-rocknix-linux-gnu-gcc  -march=armv9-a+fp16+crypto+i8mm+bf16+memtag+sm4+sha3+nosve+nosve2 -mabi=lp64 -Wno-psabi -mtune=cortex-x3 -mno-outline-atomics -Wall -pipe  -O2 -fomit-frame-pointer -DNDEBUG -DGIT_VERSION=\"da2cb8ecd17fd0932ab6d94774c0522beebce6e3\" -ftree-vectorize -fPIC  -Wall -Iinclude -ffast-math -Ofast -DNDEBUG -ffunction-sections -fdata-sections -DP_HAVE_MMAP=1 -DP_HAVE_POSIX_MEMALIGN=1 -DDISABLE_MEM_LUTS=0 -DGPU_NEON -DHAVE_CHD -Ideps/libchdr/include -Ideps/libchdr/deps/miniz-3.1.1 -DUSE_MINIZ -DHAVE_CDROM -DUSE_LIBRETRO_VFS -DHAVE_LIBRETRO -Ideps/libretro-common/include -DNO_FRONTEND  -DNDRC_THREAD -MMD -MP -c libpcsxcore/new_dynarec/emu_if.c -o libpcsxcore/new_dynarec/emu_if.o
/workspace/repos/rocknix.worktrees/m7-pixelelated-sm8550-01/build.pixelelated-SM8550.aarch64/toolchain/bin/aarch64-rocknix-linux-gnu-gcc  -march=armv9-a+fp16+crypto+i8mm+bf16+memtag+sm4+sha3+nosve+nosve2 -mabi=lp64 -Wno-psabi -mtune=cortex-x3 -mno-outline-atomics -Wall -pipe  -O2 -fomit-frame-pointer -DNDEBUG -DGIT_VERSION=\"da2cb8ecd17fd0932ab6d94774c0522beebce6e3\" -ftree-vectorize -fPIC  -Wall -Iinclude -ffast-math -Ofast -DNDEBUG -ffunction-sections -fdata-sections -DP_HAVE_MMAP=1 -DP_HAVE_POSIX_MEMALIGN=1 -DDISABLE_MEM_LUTS=0 -DGPU_NEON -DHAVE_CHD -Ideps/libchdr/include -Ideps/libchdr/deps/miniz-3.1.1 -DUSE_MINIZ -DHAVE_CDROM -DUSE_LIBRETRO_VFS -DHAVE_LIBRETRO -Ideps/libretro-common/include -DNO_FRONTEND  -DUSE_ASYNC_SPU -MMD -MP -c plugins/dfsound/dma.c -o plugins/dfsound/dma.o
/workspace/repos/rocknix.worktrees/m7-pixelelated-sm8550-01/build.pixelelated-SM8550.aarch64/toolchain/bin/aarch64-rocknix-linux-gnu-gcc  -march=armv9-a+fp16+crypto+i8mm+bf16+memtag+sm4+sha3+nosve+nosve2 -mabi=lp64 -Wno-psabi -mtune=cortex-x3 -mno-outline-atomics -Wall -pipe  -O2 -fomit-frame-pointer -DNDEBUG -DGIT_VERSION=\"da2cb8ecd17fd0932ab6d94774c0522beebce6e3\" -ftree-vectorize -fPIC  -Wall -Iinclude -ffast-math -Ofast -DNDEBUG -ffunction-sections -fdata-sections -DP_HAVE_MMAP=1 -DP_HAVE_POSIX_MEMALIGN=1 -DDISABLE_MEM_LUTS=0 -DGPU_NEON -DHAVE_CHD -Ideps/libchdr/include -Ideps/libchdr/deps/miniz-3.1.1 -DUSE_MINIZ -DHAVE_CDROM -DUSE_LIBRETRO_VFS -DHAVE_LIBRETRO -Ideps/libretro-common/include -DNO_FRONTEND  -DUSE_ASYNC_SPU -MMD -MP -c plugins/dfsound/freeze.c -o plugins/dfsound/freeze.o
/workspace/repos/rocknix.worktrees/m7-pixelelated-sm8550-01/build.pixelelated-SM8550.aarch64/toolchain/bin/aarch64-rocknix-linux-gnu-gcc  -march=armv9-a+fp16+crypto+i8mm+bf16+memtag+sm4+sha3+nosve+nosve2 -mabi=lp64 -Wno-psabi -mtune=cortex-x3 -mno-outline-atomics -Wall -pipe  -O2 -fomit-frame-pointer -DNDEBUG -DGIT_VERSION=\"da2cb8ecd17fd0932ab6d94774c0522beebce6e3\" -ftree-vectorize -fPIC  -Wall -Iinclude -ffast-math -Ofast -DNDEBUG -ffunction-sections -fdata-sections -DP_HAVE_MMAP=1 -DP_HAVE_POSIX_MEMALIGN=1 -DDISABLE_MEM_LUTS=0 -DGPU_NEON -DHAVE_CHD -Ideps/libchdr/include -Ideps/libchdr/deps/miniz-3.1.1 -DUSE_MINIZ -DHAVE_CDROM -DUSE_LIBRETRO_VFS -DHAVE_LIBRETRO -Ideps/libretro-common/include -DNO_FRONTEND  -DUSE_ASYNC_SPU -MMD -MP -c plugins/dfsound/registers.c -o plugins/dfsound/registers.o
/workspace/repos/rocknix.worktrees/m7-pixelelated-sm8550-01/build.pixelelated-SM8550.aarch64/toolchain/bin/aarch64-rocknix-linux-gnu-gcc  -march=armv9-a+fp16+crypto+i8mm+bf16+memtag+sm4+sha3+nosve+nosve2 -mabi=lp64 -Wno-psabi -mtune=cortex-x3 -mno-outline-atomics -Wall -pipe  -O2 -fomit-frame-pointer -DNDEBUG -DGIT_VERSION=\"da2cb8ecd17fd0932ab6d94774c0522beebce6e3\" -ftree-vectorize -fPIC  -Wall -Iinclude -ffast-math -Ofast -DNDEBUG -ffunction-sections -fdata-sections -DP_HAVE_MMAP=1 -DP_HAVE_POSIX_MEMALIGN=1 -DDISABLE_MEM_LUTS=0 -DGPU_NEON -DHAVE_CHD -Ideps/libchdr/include -Ideps/libchdr/deps/miniz-3.1.1 -DUSE_MINIZ -DHAVE_CDROM -DUSE_LIBRETRO_VFS -DHAVE_LIBRETRO -Ideps/libretro-common/include -DNO_FRONTEND  -DUSE_ASYNC_SPU -MMD -MP -c plugins/dfsound/spu.c -o plugins/dfsound/spu.o
/workspace/repos/rocknix.worktrees/m7-pixelelated-sm8550-01/build.pixelelated-SM8550.aarch64/toolchain/bin/aarch64-rocknix-linux-gnu-gcc  -march=armv9-a+fp16+crypto+i8mm+bf16+memtag+sm4+sha3+nosve+nosve2 -mabi=lp64 -Wno-psabi -mtune=cortex-x3 -mno-outline-atomics -Wall -pipe  -O2 -fomit-frame-pointer -DNDEBUG -DGIT_VERSION=\"da2cb8ecd17fd0932ab6d94774c0522beebce6e3\" -ftree-vectorize -fPIC  -Wall -Iinclude -ffast-math -Ofast -DNDEBUG -ffunction-sections -fdata-sections -DP_HAVE_MMAP=1 -DP_HAVE_POSIX_MEMALIGN=1 -DDISABLE_MEM_LUTS=0 -DGPU_NEON -DHAVE_CHD -Ideps/libchdr/include -Ideps/libchdr/deps/miniz-3.1.1 -DUSE_MINIZ -DHAVE_CDROM -DUSE_LIBRETRO_VFS -DHAVE_LIBRETRO -Ideps/libretro-common/include -DNO_FRONTEND  -DUSE_ASYNC_SPU -DHAVE_LIBRETRO -MMD -MP -c plugins/dfsound/out.c -o plugins/dfsound/out.o
/workspace/repos/rocknix.worktrees/m7-pixelelated-sm8550-01/build.pixelelated-SM8550.aarch64/toolchain/bin/aarch64-rocknix-linux-gnu-gcc  -march=armv9-a+fp16+crypto+i8mm+bf16+memtag+sm4+sha3+nosve+nosve2 -mabi=lp64 -Wno-psabi -mtune=cortex-x3 -mno-outline-atomics -Wall -pipe  -O2 -fomit-frame-pointer -DNDEBUG -DGIT_VERSION=\"da2cb8ecd17fd0932ab6d94774c0522beebce6e3\" -ftree-vectorize -fPIC  -Wall -Iinclude -ffast-math -Ofast -DNDEBUG -ffunction-sections -fdata-sections -DP_HAVE_MMAP=1 -DP_HAVE_POSIX_MEMALIGN=1 -DDISABLE_MEM_LUTS=0 -DGPU_NEON -DHAVE_CHD -Ideps/libchdr/include -Ideps/libchdr/deps/miniz-3.1.1 -DUSE_MINIZ -DHAVE_CDROM -DUSE_LIBRETRO_VFS -DHAVE_LIBRETRO -Ideps/libretro-common/include -DNO_FRONTEND  -DUSE_ASYNC_SPU -MMD -MP -c plugins/dfsound/nullsnd.c -o plugins/dfsound/nullsnd.o
/workspace/repos/rocknix.worktrees/m7-pixelelated-sm8550-01/build.pixelelated-SM8550.aarch64/toolchain/bin/aarch64-rocknix-linux-gnu-gcc  -march=armv9-a+fp16+crypto+i8mm+bf16+memtag+sm4+sha3+nosve+nosve2 -mabi=lp64 -Wno-psabi -mtune=cortex-x3 -mno-outline-atomics -Wall -pipe  -O2 -fomit-frame-pointer -DNDEBUG -DGIT_VERSION=\"da2cb8ecd17fd0932ab6d94774c0522beebce6e3\" -ftree-vectorize -fPIC  -Wall -Iinclude -ffast-math -Ofast -DNDEBUG -ffunction-sections -fdata-sections -DP_HAVE_MMAP=1 -DP_HAVE_POSIX_MEMALIGN=1 -DDISABLE_MEM_LUTS=0 -DGPU_NEON -DHAVE_CHD -Ideps/libchdr/include -Ideps/libchdr/deps/miniz-3.1.1 -DUSE_MINIZ -DHAVE_CDROM -DUSE_LIBRETRO_VFS -DHAVE_LIBRETRO -Ideps/libretro-common/include -DNO_FRONTEND  -DUSE_ASYNC_GPU -MMD -MP -c plugins/gpulib/gpu.c -o plugins/gpulib/gpu.o
/workspace/repos/rocknix.worktrees/m7-pixelelated-sm8550-01/build.pixelelated-SM8550.aarch64/toolchain/bin/aarch64-rocknix-linux-gnu-gcc  -march=armv9-a+fp16+crypto+i8mm+bf16+memtag+sm4+sha3+nosve+nosve2 -mabi=lp64 -Wno-psabi -mtune=cortex-x3 -mno-outline-atomics -Wall -pipe  -O2 -fomit-frame-pointer -DNDEBUG -DGIT_VERSION=\"da2cb8ecd17fd0932ab6d94774c0522beebce6e3\" -ftree-vectorize -fPIC  -Wall -Iinclude -ffast-math -Ofast -DNDEBUG -ffunction-sections -fdata-sections -DP_HAVE_MMAP=1 -DP_HAVE_POSIX_MEMALIGN=1 -DDISABLE_MEM_LUTS=0 -DGPU_NEON -DHAVE_CHD -Ideps/libchdr/include -Ideps/libchdr/deps/miniz-3.1.1 -DUSE_MINIZ -DHAVE_CDROM -DUSE_LIBRETRO_VFS -DHAVE_LIBRETRO -Ideps/libretro-common/include -DNO_FRONTEND  -DUSE_ASYNC_GPU -MMD -MP -c plugins/gpulib/vout_pl.c -o plugins/gpulib/vout_pl.o
/workspace/repos/rocknix.worktrees/m7-pixelelated-sm8550-01/build.pixelelated-SM8550.aarch64/toolchain/bin/aarch64-rocknix-linux-gnu-gcc  -march=armv9-a+fp16+crypto+i8mm+bf16+memtag+sm4+sha3+nosve+nosve2 -mabi=lp64 -Wno-psabi -mtune=cortex-x3 -mno-outline-atomics -Wall -pipe  -O2 -fomit-frame-pointer -DNDEBUG -DGIT_VERSION=\"da2cb8ecd17fd0932ab6d94774c0522beebce6e3\" -ftree-vectorize -fPIC  -Wall -Iinclude -ffast-math -Ofast -DNDEBUG -ffunction-sections -fdata-sections -DP_HAVE_MMAP=1 -DP_HAVE_POSIX_MEMALIGN=1 -DDISABLE_MEM_LUTS=0 -DGPU_NEON -DHAVE_CHD -Ideps/libchdr/include -Ideps/libchdr/deps/miniz-3.1.1 -DUSE_MINIZ -DHAVE_CDROM -DUSE_LIBRETRO_VFS -DHAVE_LIBRETRO -Ideps/libretro-common/include -DNO_FRONTEND  -DUSE_ASYNC_GPU -MMD -MP -c plugins/gpulib/prim.c -o plugins/gpulib/prim.o
/workspace/repos/rocknix.worktrees/m7-pixelelated-sm8550-01/build.pixelelated-SM8550.aarch64/toolchain/bin/aarch64-rocknix-linux-gnu-gcc  -march=armv9-a+fp16+crypto+i8mm+bf16+memtag+sm4+sha3+nosve+nosve2 -mabi=lp64 -Wno-psabi -mtune=cortex-x3 -mno-outline-atomics -Wall -pipe  -O2 -fomit-frame-pointer -DNDEBUG -DGIT_VERSION=\"da2cb8ecd17fd0932ab6d94774c0522beebce6e3\" -ftree-vectorize -fPIC  -Wall -Iinclude -ffast-math -Ofast -DNDEBUG -ffunction-sections -fdata-sections -DP_HAVE_MMAP=1 -DP_HAVE_POSIX_MEMALIGN=1 -DDISABLE_MEM_LUTS=0 -DGPU_NEON -DHAVE_CHD -Ideps/libchdr/include -Ideps/libchdr/deps/miniz-3.1.1 -DUSE_MINIZ -DHAVE_CDROM -DUSE_LIBRETRO_VFS -DHAVE_LIBRETRO -Ideps/libretro-common/include -DNO_FRONTEND  -DUSE_ASYNC_GPU -MMD -MP -c plugins/gpulib/gpu_async.c -o plugins/gpulib/gpu_async.o
/workspace/repos/rocknix.worktrees/m7-pixelelated-sm8550-01/build.pixelelated-SM8550.aarch64/toolchain/bin/aarch64-rocknix-linux-gnu-gcc  -march=armv9-a+fp16+crypto+i8mm+bf16+memtag+sm4+sha3+nosve+nosve2 -mabi=lp64 -Wno-psabi -mtune=cortex-x3 -mno-outline-atomics -Wall -pipe  -O2 -fomit-frame-pointer -DNDEBUG -DGIT_VERSION=\"da2cb8ecd17fd0932ab6d94774c0522beebce6e3\" -ftree-vectorize -fPIC  -Wall -Iinclude -ffast-math -Ofast -DNDEBUG -ffunction-sections -fdata-sections -DP_HAVE_MMAP=1 -DP_HAVE_POSIX_MEMALIGN=1 -DDISABLE_MEM_LUTS=0 -DGPU_NEON -DHAVE_CHD -Ideps/libchdr/include -Ideps/libchdr/deps/miniz-3.1.1 -DUSE_MINIZ -DHAVE_CDROM -DUSE_LIBRETRO_VFS -DHAVE_LIBRETRO -Ideps/libretro-common/include -DNO_FRONTEND  -DNEON_BUILD -DTEXTURE_CACHE_4BPP -DTEXTURE_CACHE_8BPP -DSIMD_BUILD -MMD -MP -c plugins/gpu_neon/psx_gpu_if.c -o plugins/gpu_neon/psx_gpu_if.o
/workspace/repos/rocknix.worktrees/m7-pixelelated-sm8550-01/build.pixelelated-SM8550.aarch64/toolchain/bin/aarch64-rocknix-linux-gnu-gcc  -march=armv9-a+fp16+crypto+i8mm+bf16+memtag+sm4+sha3+nosve+nosve2 -mabi=lp64 -Wno-psabi -mtune=cortex-x3 -mno-outline-atomics -Wall -pipe  -O2 -fomit-frame-pointer -DNDEBUG -DGIT_VERSION=\"da2cb8ecd17fd0932ab6d94774c0522beebce6e3\" -ftree-vectorize -fPIC  -Wall -Iinclude -ffast-math -Ofast -DNDEBUG -ffunction-sections -fdata-sections -DP_HAVE_MMAP=1 -DP_HAVE_POSIX_MEMALIGN=1 -DDISABLE_MEM_LUTS=0 -DGPU_NEON -DHAVE_CHD -Ideps/libchdr/include -Ideps/libchdr/deps/miniz-3.1.1 -DUSE_MINIZ -DHAVE_CDROM -DUSE_LIBRETRO_VFS -DHAVE_LIBRETRO -Ideps/libretro-common/include -DNO_FRONTEND  -DSIMD_BUILD -MMD -MP -c plugins/gpu_neon/psx_gpu/psx_gpu_simd.c -o plugins/gpu_neon/psx_gpu/psx_gpu_simd.o
/workspace/repos/rocknix.worktrees/m7-pixelelated-sm8550-01/build.pixelelated-SM8550.aarch64/toolchain/bin/aarch64-rocknix-linux-gnu-gcc  -march=armv9-a+fp16+crypto+i8mm+bf16+memtag+sm4+sha3+nosve+nosve2 -mabi=lp64 -Wno-psabi -mtune=cortex-x3 -mno-outline-atomics -Wall -pipe  -O2 -fomit-frame-pointer -DNDEBUG -DGIT_VERSION=\"da2cb8ecd17fd0932ab6d94774c0522beebce6e3\" -ftree-vectorize -fPIC  -Wall -Iinclude -ffast-math -Ofast -DNDEBUG -ffunction-sections -fdata-sections -DP_HAVE_MMAP=1 -DP_HAVE_POSIX_MEMALIGN=1 -DDISABLE_MEM_LUTS=0 -DGPU_NEON -DHAVE_CHD -Ideps/libchdr/include -Ideps/libchdr/deps/miniz-3.1.1 -DUSE_MINIZ -DHAVE_CDROM -DUSE_LIBRETRO_VFS -DHAVE_LIBRETRO -Ideps/libretro-common/include -DNO_FRONTEND  -Wno-unused -Wno-unused-function -Ideps/libchdr/deps/lzma-25.01/include -MMD -MP -c deps/libchdr/src/libchdr_bitstream.c -o deps/libchdr/src/libchdr_bitstream.o
/workspace/repos/rocknix.worktrees/m7-pixelelated-sm8550-01/build.pixelelated-SM8550.aarch64/toolchain/bin/aarch64-rocknix-linux-gnu-gcc  -march=armv9-a+fp16+crypto+i8mm+bf16+memtag+sm4+sha3+nosve+nosve2 -mabi=lp64 -Wno-psabi -mtune=cortex-x3 -mno-outline-atomics -Wall -pipe  -O2 -fomit-frame-pointer -DNDEBUG -DGIT_VERSION=\"da2cb8ecd17fd0932ab6d94774c0522beebce6e3\" -ftree-vectorize -fPIC  -Wall -Iinclude -ffast-math -Ofast -DNDEBUG -ffunction-sections -fdata-sections -DP_HAVE_MMAP=1 -DP_HAVE_POSIX_MEMALIGN=1 -DDISABLE_MEM_LUTS=0 -DGPU_NEON -DHAVE_CHD -Ideps/libchdr/include -Ideps/libchdr/deps/miniz-3.1.1 -DUSE_MINIZ -DHAVE_CDROM -DUSE_LIBRETRO_VFS -DHAVE_LIBRETRO -Ideps/libretro-common/include -DNO_FRONTEND  -Wno-unused -Wno-unused-function -Ideps/libchdr/deps/lzma-25.01/include -MMD -MP -c deps/libchdr/src/libchdr_cdrom.c -o deps/libchdr/src/libchdr_cdrom.o
/workspace/repos/rocknix.worktrees/m7-pixelelated-sm8550-01/build.pixelelated-SM8550.aarch64/toolchain/bin/aarch64-rocknix-linux-gnu-gcc  -march=armv9-a+fp16+crypto+i8mm+bf16+memtag+sm4+sha3+nosve+nosve2 -mabi=lp64 -Wno-psabi -mtune=cortex-x3 -mno-outline-atomics -Wall -pipe  -O2 -fomit-frame-pointer -DNDEBUG -DGIT_VERSION=\"da2cb8ecd17fd0932ab6d94774c0522beebce6e3\" -ftree-vectorize -fPIC  -Wall -Iinclude -ffast-math -Ofast -DNDEBUG -ffunction-sections -fdata-sections -DP_HAVE_MMAP=1 -DP_HAVE_POSIX_MEMALIGN=1 -DDISABLE_MEM_LUTS=0 -DGPU_NEON -DHAVE_CHD -Ideps/libchdr/include -Ideps/libchdr/deps/miniz-3.1.1 -DUSE_MINIZ -DHAVE_CDROM -DUSE_LIBRETRO_VFS -DHAVE_LIBRETRO -Ideps/libretro-common/include -DNO_FRONTEND  -Wno-unused -Wno-unused-function -Ideps/libchdr/deps/lzma-25.01/include -MMD -MP -c deps/libchdr/src/libchdr_chd.c -o deps/libchdr/src/libchdr_chd.o
/workspace/repos/rocknix.worktrees/m7-pixelelated-sm8550-01/build.pixelelated-SM8550.aarch64/toolchain/bin/aarch64-rocknix-linux-gnu-gcc  -march=armv9-a+fp16+crypto+i8mm+bf16+memtag+sm4+sha3+nosve+nosve2 -mabi=lp64 -Wno-psabi -mtune=cortex-x3 -mno-outline-atomics -Wall -pipe  -O2 -fomit-frame-pointer -DNDEBUG -DGIT_VERSION=\"da2cb8ecd17fd0932ab6d94774c0522beebce6e3\" -ftree-vectorize -fPIC  -Wall -Iinclude -ffast-math -Ofast -DNDEBUG -ffunction-sections -fdata-sections -DP_HAVE_MMAP=1 -DP_HAVE_POSIX_MEMALIGN=1 -DDISABLE_MEM_LUTS=0 -DGPU_NEON -DHAVE_CHD -Ideps/libchdr/include -Ideps/libchdr/deps/miniz-3.1.1 -DUSE_MINIZ -DHAVE_CDROM -DUSE_LIBRETRO_VFS -DHAVE_LIBRETRO -Ideps/libretro-common/include -DNO_FRONTEND  -Wno-unused -Wno-unused-function -Ideps/libchdr/deps/lzma-25.01/include -MMD -MP -c deps/libchdr/src/libchdr_codec_cdfl.c -o deps/libchdr/src/libchdr_codec_cdfl.o
/workspace/repos/rocknix.worktrees/m7-pixelelated-sm8550-01/build.pixelelated-SM8550.aarch64/toolchain/bin/aarch64-rocknix-linux-gnu-gcc  -march=armv9-a+fp16+crypto+i8mm+bf16+memtag+sm4+sha3+nosve+nosve2 -mabi=lp64 -Wno-psabi -mtune=cortex-x3 -mno-outline-atomics -Wall -pipe  -O2 -fomit-frame-pointer -DNDEBUG -DGIT_VERSION=\"da2cb8ecd17fd0932ab6d94774c0522beebce6e3\" -ftree-vectorize -fPIC  -Wall -Iinclude -ffast-math -Ofast -DNDEBUG -ffunction-sections -fdata-sections -DP_HAVE_MMAP=1 -DP_HAVE_POSIX_MEMALIGN=1 -DDISABLE_MEM_LUTS=0 -DGPU_NEON -DHAVE_CHD -Ideps/libchdr/include -Ideps/libchdr/deps/miniz-3.1.1 -DUSE_MINIZ -DHAVE_CDROM -DUSE_LIBRETRO_VFS -DHAVE_LIBRETRO -Ideps/libretro-common/include -DNO_FRONTEND  -Wno-unused -Wno-unused-function -Ideps/libchdr/deps/lzma-25.01/include -MMD -MP -c deps/libchdr/src/libchdr_codec_cdlz.c -o deps/libchdr/src/libchdr_codec_cdlz.o
/workspace/repos/rocknix.worktrees/m7-pixelelated-sm8550-01/build.pixelelated-SM8550.aarch64/toolchain/bin/aarch64-rocknix-linux-gnu-gcc  -march=armv9-a+fp16+crypto+i8mm+bf16+memtag+sm4+sha3+nosve+nosve2 -mabi=lp64 -Wno-psabi -mtune=cortex-x3 -mno-outline-atomics -Wall -pipe  -O2 -fomit-frame-pointer -DNDEBUG -DGIT_VERSION=\"da2cb8ecd17fd0932ab6d94774c0522beebce6e3\" -ftree-vectorize -fPIC  -Wall -Iinclude -ffast-math -Ofast -DNDEBUG -ffunction-sections -fdata-sections -DP_HAVE_MMAP=1 -DP_HAVE_POSIX_MEMALIGN=1 -DDISABLE_MEM_LUTS=0 -DGPU_NEON -DHAVE_CHD -Ideps/libchdr/include -Ideps/libchdr/deps/miniz-3.1.1 -DUSE_MINIZ -DHAVE_CDROM -DUSE_LIBRETRO_VFS -DHAVE_LIBRETRO -Ideps/libretro-common/include -DNO_FRONTEND  -Wno-unused -Wno-unused-function -Ideps/libchdr/deps/lzma-25.01/include -MMD -MP -c deps/libchdr/src/libchdr_codec_cdzl.c -o deps/libchdr/src/libchdr_codec_cdzl.o
/workspace/repos/rocknix.worktrees/m7-pixelelated-sm8550-01/build.pixelelated-SM8550.aarch64/toolchain/bin/aarch64-rocknix-linux-gnu-gcc  -march=armv9-a+fp16+crypto+i8mm+bf16+memtag+sm4+sha3+nosve+nosve2 -mabi=lp64 -Wno-psabi -mtune=cortex-x3 -mno-outline-atomics -Wall -pipe  -O2 -fomit-frame-pointer -DNDEBUG -DGIT_VERSION=\"da2cb8ecd17fd0932ab6d94774c0522beebce6e3\" -ftree-vectorize -fPIC  -Wall -Iinclude -ffast-math -Ofast -DNDEBUG -ffunction-sections -fdata-sections -DP_HAVE_MMAP=1 -DP_HAVE_POSIX_MEMALIGN=1 -DDISABLE_MEM_LUTS=0 -DGPU_NEON -DHAVE_CHD -Ideps/libchdr/include -Ideps/libchdr/deps/miniz-3.1.1 -DUSE_MINIZ -DHAVE_CDROM -DUSE_LIBRETRO_VFS -DHAVE_LIBRETRO -Ideps/libretro-common/include -DNO_FRONTEND  -Wno-unused -Wno-unused-function -Ideps/libchdr/deps/lzma-25.01/include -MMD -MP -c deps/libchdr/src/libchdr_codec_cdzs.c -o deps/libchdr/src/libchdr_codec_cdzs.o
/workspace/repos/rocknix.worktrees/m7-pixelelated-sm8550-01/build.pixelelated-SM8550.aarch64/toolchain/bin/aarch64-rocknix-linux-gnu-gcc  -march=armv9-a+fp16+crypto+i8mm+bf16+memtag+sm4+sha3+nosve+nosve2 -mabi=lp64 -Wno-psabi -mtune=cortex-x3 -mno-outline-atomics -Wall -pipe  -O2 -fomit-frame-pointer -DNDEBUG -DGIT_VERSION=\"da2cb8ecd17fd0932ab6d94774c0522beebce6e3\" -ftree-vectorize -fPIC  -Wall -Iinclude -ffast-math -Ofast -DNDEBUG -ffunction-sections -fdata-sections -DP_HAVE_MMAP=1 -DP_HAVE_POSIX_MEMALIGN=1 -DDISABLE_MEM_LUTS=0 -DGPU_NEON -DHAVE_CHD -Ideps/libchdr/include -Ideps/libchdr/deps/miniz-3.1.1 -DUSE_MINIZ -DHAVE_CDROM -DUSE_LIBRETRO_VFS -DHAVE_LIBRETRO -Ideps/libretro-common/include -DNO_FRONTEND  -Wno-unused -Wno-unused-function -Ideps/libchdr/deps/lzma-25.01/include -MMD -MP -c deps/libchdr/src/libchdr_codec_flac.c -o deps/libchdr/src/libchdr_codec_flac.o
/workspace/repos/rocknix.worktrees/m7-pixelelated-sm8550-01/build.pixelelated-SM8550.aarch64/toolchain/bin/aarch64-rocknix-linux-gnu-gcc  -march=armv9-a+fp16+crypto+i8mm+bf16+memtag+sm4+sha3+nosve+nosve2 -mabi=lp64 -Wno-psabi -mtune=cortex-x3 -mno-outline-atomics -Wall -pipe  -O2 -fomit-frame-pointer -DNDEBUG -DGIT_VERSION=\"da2cb8ecd17fd0932ab6d94774c0522beebce6e3\" -ftree-vectorize -fPIC  -Wall -Iinclude -ffast-math -Ofast -DNDEBUG -ffunction-sections -fdata-sections -DP_HAVE_MMAP=1 -DP_HAVE_POSIX_MEMALIGN=1 -DDISABLE_MEM_LUTS=0 -DGPU_NEON -DHAVE_CHD -Ideps/libchdr/include -Ideps/libchdr/deps/miniz-3.1.1 -DUSE_MINIZ -DHAVE_CDROM -DUSE_LIBRETRO_VFS -DHAVE_LIBRETRO -Ideps/libretro-common/include -DNO_FRONTEND  -Wno-unused -Wno-unused-function -Ideps/libchdr/deps/lzma-25.01/include -MMD -MP -c deps/libchdr/src/libchdr_codec_huff.c -o deps/libchdr/src/libchdr_codec_huff.o
/workspace/repos/rocknix.worktrees/m7-pixelelated-sm8550-01/build.pixelelated-SM8550.aarch64/toolchain/bin/aarch64-rocknix-linux-gnu-gcc  -march=armv9-a+fp16+crypto+i8mm+bf16+memtag+sm4+sha3+nosve+nosve2 -mabi=lp64 -Wno-psabi -mtune=cortex-x3 -mno-outline-atomics -Wall -pipe  -O2 -fomit-frame-pointer -DNDEBUG -DGIT_VERSION=\"da2cb8ecd17fd0932ab6d94774c0522beebce6e3\" -ftree-vectorize -fPIC  -Wall -Iinclude -ffast-math -Ofast -DNDEBUG -ffunction-sections -fdata-sections -DP_HAVE_MMAP=1 -DP_HAVE_POSIX_MEMALIGN=1 -DDISABLE_MEM_LUTS=0 -DGPU_NEON -DHAVE_CHD -Ideps/libchdr/include -Ideps/libchdr/deps/miniz-3.1.1 -DUSE_MINIZ -DHAVE_CDROM -DUSE_LIBRETRO_VFS -DHAVE_LIBRETRO -Ideps/libretro-common/include -DNO_FRONTEND  -Wno-unused -Wno-unused-function -Ideps/libchdr/deps/lzma-25.01/include -MMD -MP -c deps/libchdr/src/libchdr_codec_lzma.c -o deps/libchdr/src/libchdr_codec_lzma.o
/workspace/repos/rocknix.worktrees/m7-pixelelated-sm8550-01/build.pixelelated-SM8550.aarch64/toolchain/bin/aarch64-rocknix-linux-gnu-gcc  -march=armv9-a+fp16+crypto+i8mm+bf16+memtag+sm4+sha3+nosve+nosve2 -mabi=lp64 -Wno-psabi -mtune=cortex-x3 -mno-outline-atomics -Wall -pipe  -O2 -fomit-frame-pointer -DNDEBUG -DGIT_VERSION=\"da2cb8ecd17fd0932ab6d94774c0522beebce6e3\" -ftree-vectorize -fPIC  -Wall -Iinclude -ffast-math -Ofast -DNDEBUG -ffunction-sections -fdata-sections -DP_HAVE_MMAP=1 -DP_HAVE_POSIX_MEMALIGN=1 -DDISABLE_MEM_LUTS=0 -DGPU_NEON -DHAVE_CHD -Ideps/libchdr/include -Ideps/libchdr/deps/miniz-3.1.1 -DUSE_MINIZ -DHAVE_CDROM -DUSE_LIBRETRO_VFS -DHAVE_LIBRETRO -Ideps/libretro-common/include -DNO_FRONTEND  -Wno-unused -Wno-unused-function -Ideps/libchdr/deps/lzma-25.01/include -MMD -MP -c deps/libchdr/src/libchdr_codec_zlib.c -o deps/libchdr/src/libchdr_codec_zlib.o
/workspace/repos/rocknix.worktrees/m7-pixelelated-sm8550-01/build.pixelelated-SM8550.aarch64/toolchain/bin/aarch64-rocknix-linux-gnu-gcc  -march=armv9-a+fp16+crypto+i8mm+bf16+memtag+sm4+sha3+nosve+nosve2 -mabi=lp64 -Wno-psabi -mtune=cortex-x3 -mno-outline-atomics -Wall -pipe  -O2 -fomit-frame-pointer -DNDEBUG -DGIT_VERSION=\"da2cb8ecd17fd0932ab6d94774c0522beebce6e3\" -ftree-vectorize -fPIC  -Wall -Iinclude -ffast-math -Ofast -DNDEBUG -ffunction-sections -fdata-sections -DP_HAVE_MMAP=1 -DP_HAVE_POSIX_MEMALIGN=1 -DDISABLE_MEM_LUTS=0 -DGPU_NEON -DHAVE_CHD -Ideps/libchdr/include -Ideps/libchdr/deps/miniz-3.1.1 -DUSE_MINIZ -DHAVE_CDROM -DUSE_LIBRETRO_VFS -DHAVE_LIBRETRO -Ideps/libretro-common/include -DNO_FRONTEND  -Wno-unused -Wno-unused-function -Ideps/libchdr/deps/lzma-25.01/include -MMD -MP -c deps/libchdr/src/libchdr_codec_zstd.c -o deps/libchdr/src/libchdr_codec_zstd.o
/workspace/repos/rocknix.worktrees/m7-pixelelated-sm8550-01/build.pixelelated-SM8550.aarch64/toolchain/bin/aarch64-rocknix-linux-gnu-gcc  -march=armv9-a+fp16+crypto+i8mm+bf16+memtag+sm4+sha3+nosve+nosve2 -mabi=lp64 -Wno-psabi -mtune=cortex-x3 -mno-outline-atomics -Wall -pipe  -O2 -fomit-frame-pointer -DNDEBUG -DGIT_VERSION=\"da2cb8ecd17fd0932ab6d94774c0522beebce6e3\" -ftree-vectorize -fPIC  -Wall -Iinclude -ffast-math -Ofast -DNDEBUG -ffunction-sections -fdata-sections -DP_HAVE_MMAP=1 -DP_HAVE_POSIX_MEMALIGN=1 -DDISABLE_MEM_LUTS=0 -DGPU_NEON -DHAVE_CHD -Ideps/libchdr/include -Ideps/libchdr/deps/miniz-3.1.1 -DUSE_MINIZ -DHAVE_CDROM -DUSE_LIBRETRO_VFS -DHAVE_LIBRETRO -Ideps/libretro-common/include -DNO_FRONTEND  -Wno-unused -Wno-unused-function -Ideps/libchdr/deps/lzma-25.01/include -MMD -MP -c deps/libchdr/src/libchdr_flac.c -o deps/libchdr/src/libchdr_flac.o
/workspace/repos/rocknix.worktrees/m7-pixelelated-sm8550-01/build.pixelelated-SM8550.aarch64/toolchain/bin/aarch64-rocknix-linux-gnu-gcc  -march=armv9-a+fp16+crypto+i8mm+bf16+memtag+sm4+sha3+nosve+nosve2 -mabi=lp64 -Wno-psabi -mtune=cortex-x3 -mno-outline-atomics -Wall -pipe  -O2 -fomit-frame-pointer -DNDEBUG -DGIT_VERSION=\"da2cb8ecd17fd0932ab6d94774c0522beebce6e3\" -ftree-vectorize -fPIC  -Wall -Iinclude -ffast-math -Ofast -DNDEBUG -ffunction-sections -fdata-sections -DP_HAVE_MMAP=1 -DP_HAVE_POSIX_MEMALIGN=1 -DDISABLE_MEM_LUTS=0 -DGPU_NEON -DHAVE_CHD -Ideps/libchdr/include -Ideps/libchdr/deps/miniz-3.1.1 -DUSE_MINIZ -DHAVE_CDROM -DUSE_LIBRETRO_VFS -DHAVE_LIBRETRO -Ideps/libretro-common/include -DNO_FRONTEND  -Wno-unused -Wno-unused-function -Ideps/libchdr/deps/lzma-25.01/include -MMD -MP -c deps/libchdr/src/libchdr_huffman.c -o deps/libchdr/src/libchdr_huffman.o
/workspace/repos/rocknix.worktrees/m7-pixelelated-sm8550-01/build.pixelelated-SM8550.aarch64/toolchain/bin/aarch64-rocknix-linux-gnu-gcc  -march=armv9-a+fp16+crypto+i8mm+bf16+memtag+sm4+sha3+nosve+nosve2 -mabi=lp64 -Wno-psabi -mtune=cortex-x3 -mno-outline-atomics -Wall -pipe  -O2 -fomit-frame-pointer -DNDEBUG -DGIT_VERSION=\"da2cb8ecd17fd0932ab6d94774c0522beebce6e3\" -ftree-vectorize -fPIC  -Wall -Iinclude -ffast-math -Ofast -DNDEBUG -ffunction-sections -fdata-sections -DP_HAVE_MMAP=1 -DP_HAVE_POSIX_MEMALIGN=1 -DDISABLE_MEM_LUTS=0 -DGPU_NEON -DHAVE_CHD -Ideps/libchdr/include -Ideps/libchdr/deps/miniz-3.1.1 -DUSE_MINIZ -DHAVE_CDROM -DUSE_LIBRETRO_VFS -DHAVE_LIBRETRO -Ideps/libretro-common/include -DNO_FRONTEND  -Wno-unused -Wno-unused-function -DZ7_LZMA_DEC_OPT -MMD -MP -c deps/libchdr/deps/lzma-25.01/src/LzmaDec.c -o deps/libchdr/deps/lzma-25.01/src/LzmaDec.o
/workspace/repos/rocknix.worktrees/m7-pixelelated-sm8550-01/build.pixelelated-SM8550.aarch64/toolchain/bin/aarch64-rocknix-linux-gnu-gcc  -march=armv9-a+fp16+crypto+i8mm+bf16+memtag+sm4+sha3+nosve+nosve2 -mabi=lp64 -Wno-psabi -mtune=cortex-x3 -mno-outline-atomics -Wall -pipe  -O2 -fomit-frame-pointer -DNDEBUG -DGIT_VERSION=\"da2cb8ecd17fd0932ab6d94774c0522beebce6e3\" -ftree-vectorize -fPIC  -Wall -Iinclude -ffast-math -Ofast -DNDEBUG -ffunction-sections -fdata-sections -DP_HAVE_MMAP=1 -DP_HAVE_POSIX_MEMALIGN=1 -DDISABLE_MEM_LUTS=0 -DGPU_NEON -DHAVE_CHD -Ideps/libchdr/include -Ideps/libchdr/deps/miniz-3.1.1 -DUSE_MINIZ -DHAVE_CDROM -DUSE_LIBRETRO_VFS -DHAVE_LIBRETRO -Ideps/libretro-common/include -DNO_FRONTEND  -Wno-unused -Wno-unused-function -MMD -MP -c deps/libchdr/deps/lzma-25.01/Asm/arm64/LzmaDecOpt.S -o deps/libchdr/deps/lzma-25.01/Asm/arm64/LzmaDecOpt.o
/workspace/repos/rocknix.worktrees/m7-pixelelated-sm8550-01/build.pixelelated-SM8550.aarch64/toolchain/bin/aarch64-rocknix-linux-gnu-gcc  -march=armv9-a+fp16+crypto+i8mm+bf16+memtag+sm4+sha3+nosve+nosve2 -mabi=lp64 -Wno-psabi -mtune=cortex-x3 -mno-outline-atomics -Wall -pipe  -O2 -fomit-frame-pointer -DNDEBUG -DGIT_VERSION=\"da2cb8ecd17fd0932ab6d94774c0522beebce6e3\" -ftree-vectorize -fPIC  -Wall -Iinclude -ffast-math -Ofast -DNDEBUG -ffunction-sections -fdata-sections -DP_HAVE_MMAP=1 -DP_HAVE_POSIX_MEMALIGN=1 -DDISABLE_MEM_LUTS=0 -DGPU_NEON -DHAVE_CHD -Ideps/libchdr/include -Ideps/libchdr/deps/miniz-3.1.1 -DUSE_MINIZ -DHAVE_CDROM -DUSE_LIBRETRO_VFS -DHAVE_LIBRETRO -Ideps/libretro-common/include -DNO_FRONTEND  -Wno-unused -Wno-unused-function -MMD -MP -c deps/libchdr/deps/zstd-1.5.7/zstddeclib.c -o deps/libchdr/deps/zstd-1.5.7/zstddeclib.o
/workspace/repos/rocknix.worktrees/m7-pixelelated-sm8550-01/build.pixelelated-SM8550.aarch64/toolchain/bin/aarch64-rocknix-linux-gnu-gcc  -march=armv9-a+fp16+crypto+i8mm+bf16+memtag+sm4+sha3+nosve+nosve2 -mabi=lp64 -Wno-psabi -mtune=cortex-x3 -mno-outline-atomics -Wall -pipe  -O2 -fomit-frame-pointer -DNDEBUG -DGIT_VERSION=\"da2cb8ecd17fd0932ab6d94774c0522beebce6e3\" -ftree-vectorize -fPIC  -Wall -Iinclude -ffast-math -Ofast -DNDEBUG -ffunction-sections -fdata-sections -DP_HAVE_MMAP=1 -DP_HAVE_POSIX_MEMALIGN=1 -DDISABLE_MEM_LUTS=0 -DGPU_NEON -DHAVE_CHD -Ideps/libchdr/include -Ideps/libchdr/deps/miniz-3.1.1 -DUSE_MINIZ -DHAVE_CDROM -DUSE_LIBRETRO_VFS -DHAVE_LIBRETRO -Ideps/libretro-common/include -DNO_FRONTEND  -Wno-unused -Wno-unused-function -DMINIZ_NO_STDIO -DMINIZ_NO_DEFLATE_APIS -DMINIZ_NO_ARCHIVE_APIS -MMD -MP -c deps/libchdr/deps/miniz-3.1.1/miniz.c -o deps/libchdr/deps/miniz-3.1.1/miniz.o
/workspace/repos/rocknix.worktrees/m7-pixelelated-sm8550-01/build.pixelelated-SM8550.aarch64/toolchain/bin/aarch64-rocknix-linux-gnu-gcc  -march=armv9-a+fp16+crypto+i8mm+bf16+memtag+sm4+sha3+nosve+nosve2 -mabi=lp64 -Wno-psabi -mtune=cortex-x3 -mno-outline-atomics -Wall -pipe  -O2 -fomit-frame-pointer -DNDEBUG -DGIT_VERSION=\"da2cb8ecd17fd0932ab6d94774c0522beebce6e3\" -ftree-vectorize -fPIC  -Wall -Iinclude -ffast-math -Ofast -DNDEBUG -ffunction-sections -fdata-sections -DP_HAVE_MMAP=1 -DP_HAVE_POSIX_MEMALIGN=1 -DDISABLE_MEM_LUTS=0 -DGPU_NEON -DHAVE_CHD -Ideps/libchdr/include -Ideps/libchdr/deps/miniz-3.1.1 -DUSE_MINIZ -DHAVE_CDROM -DUSE_LIBRETRO_VFS -DHAVE_LIBRETRO -Ideps/libretro-common/include -DNO_FRONTEND  -MMD -MP -c frontend/cspace.c -o frontend/cspace.o
/workspace/repos/rocknix.worktrees/m7-pixelelated-sm8550-01/build.pixelelated-SM8550.aarch64/toolchain/bin/aarch64-rocknix-linux-gnu-gcc  -march=armv9-a+fp16+crypto+i8mm+bf16+memtag+sm4+sha3+nosve+nosve2 -mabi=lp64 -Wno-psabi -mtune=cortex-x3 -mno-outline-atomics -Wall -pipe  -O2 -fomit-frame-pointer -DNDEBUG -DGIT_VERSION=\"da2cb8ecd17fd0932ab6d94774c0522beebce6e3\" -ftree-vectorize -fPIC  -Wall -Iinclude -ffast-math -Ofast -DNDEBUG -ffunction-sections -fdata-sections -DP_HAVE_MMAP=1 -DP_HAVE_POSIX_MEMALIGN=1 -DDISABLE_MEM_LUTS=0 -DGPU_NEON -DHAVE_CHD -Ideps/libchdr/include -Ideps/libchdr/deps/miniz-3.1.1 -DUSE_MINIZ -DHAVE_CDROM -DUSE_LIBRETRO_VFS -DHAVE_LIBRETRO -Ideps/libretro-common/include -DNO_FRONTEND  -Wno-unused -Wno-unused-function -MMD -MP -c deps/libretro-common/compat/compat_strl.c -o deps/libretro-common/compat/compat_strl.o
/workspace/repos/rocknix.worktrees/m7-pixelelated-sm8550-01/build.pixelelated-SM8550.aarch64/toolchain/bin/aarch64-rocknix-linux-gnu-gcc  -march=armv9-a+fp16+crypto+i8mm+bf16+memtag+sm4+sha3+nosve+nosve2 -mabi=lp64 -Wno-psabi -mtune=cortex-x3 -mno-outline-atomics -Wall -pipe  -O2 -fomit-frame-pointer -DNDEBUG -DGIT_VERSION=\"da2cb8ecd17fd0932ab6d94774c0522beebce6e3\" -ftree-vectorize -fPIC  -Wall -Iinclude -ffast-math -Ofast -DNDEBUG -ffunction-sections -fdata-sections -DP_HAVE_MMAP=1 -DP_HAVE_POSIX_MEMALIGN=1 -DDISABLE_MEM_LUTS=0 -DGPU_NEON -DHAVE_CHD -Ideps/libchdr/include -Ideps/libchdr/deps/miniz-3.1.1 -DUSE_MINIZ -DHAVE_CDROM -DUSE_LIBRETRO_VFS -DHAVE_LIBRETRO -Ideps/libretro-common/include -DNO_FRONTEND  -Wno-unused -Wno-unused-function -MMD -MP -c deps/libretro-common/file/file_path.c -o deps/libretro-common/file/file_path.o
/workspace/repos/rocknix.worktrees/m7-pixelelated-sm8550-01/build.pixelelated-SM8550.aarch64/toolchain/bin/aarch64-rocknix-linux-gnu-gcc  -march=armv9-a+fp16+crypto+i8mm+bf16+memtag+sm4+sha3+nosve+nosve2 -mabi=lp64 -Wno-psabi -mtune=cortex-x3 -mno-outline-atomics -Wall -pipe  -O2 -fomit-frame-pointer -DNDEBUG -DGIT_VERSION=\"da2cb8ecd17fd0932ab6d94774c0522beebce6e3\" -ftree-vectorize -fPIC  -Wall -Iinclude -ffast-math -Ofast -DNDEBUG -ffunction-sections -fdata-sections -DP_HAVE_MMAP=1 -DP_HAVE_POSIX_MEMALIGN=1 -DDISABLE_MEM_LUTS=0 -DGPU_NEON -DHAVE_CHD -Ideps/libchdr/include -Ideps/libchdr/deps/miniz-3.1.1 -DUSE_MINIZ -DHAVE_CDROM -DUSE_LIBRETRO_VFS -DHAVE_LIBRETRO -Ideps/libretro-common/include -DNO_FRONTEND  -Wno-unused -Wno-unused-function -MMD -MP -c deps/libretro-common/file/file_path_io.c -o deps/libretro-common/file/file_path_io.o
/workspace/repos/rocknix.worktrees/m7-pixelelated-sm8550-01/build.pixelelated-SM8550.aarch64/toolchain/bin/aarch64-rocknix-linux-gnu-gcc  -march=armv9-a+fp16+crypto+i8mm+bf16+memtag+sm4+sha3+nosve+nosve2 -mabi=lp64 -Wno-psabi -mtune=cortex-x3 -mno-outline-atomics -Wall -pipe  -O2 -fomit-frame-pointer -DNDEBUG -DGIT_VERSION=\"da2cb8ecd17fd0932ab6d94774c0522beebce6e3\" -ftree-vectorize -fPIC  -Wall -Iinclude -ffast-math -Ofast -DNDEBUG -ffunction-sections -fdata-sections -DP_HAVE_MMAP=1 -DP_HAVE_POSIX_MEMALIGN=1 -DDISABLE_MEM_LUTS=0 -DGPU_NEON -DHAVE_CHD -Ideps/libchdr/include -Ideps/libchdr/deps/miniz-3.1.1 -DUSE_MINIZ -DHAVE_CDROM -DUSE_LIBRETRO_VFS -DHAVE_LIBRETRO -Ideps/libretro-common/include -DNO_FRONTEND  -Wno-unused -Wno-unused-function -MMD -MP -c deps/libretro-common/string/stdstring.c -o deps/libretro-common/string/stdstring.o
/workspace/repos/rocknix.worktrees/m7-pixelelated-sm8550-01/build.pixelelated-SM8550.aarch64/toolchain/bin/aarch64-rocknix-linux-gnu-gcc  -march=armv9-a+fp16+crypto+i8mm+bf16+memtag+sm4+sha3+nosve+nosve2 -mabi=lp64 -Wno-psabi -mtune=cortex-x3 -mno-outline-atomics -Wall -pipe  -O2 -fomit-frame-pointer -DNDEBUG -DGIT_VERSION=\"da2cb8ecd17fd0932ab6d94774c0522beebce6e3\" -ftree-vectorize -fPIC  -Wall -Iinclude -ffast-math -Ofast -DNDEBUG -ffunction-sections -fdata-sections -DP_HAVE_MMAP=1 -DP_HAVE_POSIX_MEMALIGN=1 -DDISABLE_MEM_LUTS=0 -DGPU_NEON -DHAVE_CHD -Ideps/libchdr/include -Ideps/libchdr/deps/miniz-3.1.1 -DUSE_MINIZ -DHAVE_CDROM -DUSE_LIBRETRO_VFS -DHAVE_LIBRETRO -Ideps/libretro-common/include -DNO_FRONTEND  -Wno-unused -Wno-unused-function -MMD -MP -c deps/libretro-common/vfs/vfs_implementation.c -o deps/libretro-common/vfs/vfs_implementation.o
/workspace/repos/rocknix.worktrees/m7-pixelelated-sm8550-01/build.pixelelated-SM8550.aarch64/toolchain/bin/aarch64-rocknix-linux-gnu-gcc  -march=armv9-a+fp16+crypto+i8mm+bf16+memtag+sm4+sha3+nosve+nosve2 -mabi=lp64 -Wno-psabi -mtune=cortex-x3 -mno-outline-atomics -Wall -pipe  -O2 -fomit-frame-pointer -DNDEBUG -DGIT_VERSION=\"da2cb8ecd17fd0932ab6d94774c0522beebce6e3\" -ftree-vectorize -fPIC  -Wall -Iinclude -ffast-math -Ofast -DNDEBUG -ffunction-sections -fdata-sections -DP_HAVE_MMAP=1 -DP_HAVE_POSIX_MEMALIGN=1 -DDISABLE_MEM_LUTS=0 -DGPU_NEON -DHAVE_CHD -Ideps/libchdr/include -Ideps/libchdr/deps/miniz-3.1.1 -DUSE_MINIZ -DHAVE_CDROM -DUSE_LIBRETRO_VFS -DHAVE_LIBRETRO -Ideps/libretro-common/include -DNO_FRONTEND  -MMD -MP -c frontend/libretro-cdrom.c -o frontend/libretro-cdrom.o
/workspace/repos/rocknix.worktrees/m7-pixelelated-sm8550-01/build.pixelelated-SM8550.aarch64/toolchain/bin/aarch64-rocknix-linux-gnu-gcc  -march=armv9-a+fp16+crypto+i8mm+bf16+memtag+sm4+sha3+nosve+nosve2 -mabi=lp64 -Wno-psabi -mtune=cortex-x3 -mno-outline-atomics -Wall -pipe  -O2 -fomit-frame-pointer -DNDEBUG -DGIT_VERSION=\"da2cb8ecd17fd0932ab6d94774c0522beebce6e3\" -ftree-vectorize -fPIC  -Wall -Iinclude -ffast-math -Ofast -DNDEBUG -ffunction-sections -fdata-sections -DP_HAVE_MMAP=1 -DP_HAVE_POSIX_MEMALIGN=1 -DDISABLE_MEM_LUTS=0 -DGPU_NEON -DHAVE_CHD -Ideps/libchdr/include -Ideps/libchdr/deps/miniz-3.1.1 -DUSE_MINIZ -DHAVE_CDROM -DUSE_LIBRETRO_VFS -DHAVE_LIBRETRO -Ideps/libretro-common/include -DNO_FRONTEND  -Wno-unused -Wno-unused-function -MMD -MP -c deps/libretro-common/lists/string_list.c -o deps/libretro-common/lists/string_list.o
/workspace/repos/rocknix.worktrees/m7-pixelelated-sm8550-01/build.pixelelated-SM8550.aarch64/toolchain/bin/aarch64-rocknix-linux-gnu-gcc  -march=armv9-a+fp16+crypto+i8mm+bf16+memtag+sm4+sha3+nosve+nosve2 -mabi=lp64 -Wno-psabi -mtune=cortex-x3 -mno-outline-atomics -Wall -pipe  -O2 -fomit-frame-pointer -DNDEBUG -DGIT_VERSION=\"da2cb8ecd17fd0932ab6d94774c0522beebce6e3\" -ftree-vectorize -fPIC  -Wall -Iinclude -ffast-math -Ofast -DNDEBUG -ffunction-sections -fdata-sections -DP_HAVE_MMAP=1 -DP_HAVE_POSIX_MEMALIGN=1 -DDISABLE_MEM_LUTS=0 -DGPU_NEON -DHAVE_CHD -Ideps/libchdr/include -Ideps/libchdr/deps/miniz-3.1.1 -DUSE_MINIZ -DHAVE_CDROM -DUSE_LIBRETRO_VFS -DHAVE_LIBRETRO -Ideps/libretro-common/include -DNO_FRONTEND  -Wno-unused -Wno-unused-function -MMD -MP -c deps/libretro-common/memmap/memalign.c -o deps/libretro-common/memmap/memalign.o
/workspace/repos/rocknix.worktrees/m7-pixelelated-sm8550-01/build.pixelelated-SM8550.aarch64/toolchain/bin/aarch64-rocknix-linux-gnu-gcc  -march=armv9-a+fp16+crypto+i8mm+bf16+memtag+sm4+sha3+nosve+nosve2 -mabi=lp64 -Wno-psabi -mtune=cortex-x3 -mno-outline-atomics -Wall -pipe  -O2 -fomit-frame-pointer -DNDEBUG -DGIT_VERSION=\"da2cb8ecd17fd0932ab6d94774c0522beebce6e3\" -ftree-vectorize -fPIC  -Wall -Iinclude -ffast-math -Ofast -DNDEBUG -ffunction-sections -fdata-sections -DP_HAVE_MMAP=1 -DP_HAVE_POSIX_MEMALIGN=1 -DDISABLE_MEM_LUTS=0 -DGPU_NEON -DHAVE_CHD -Ideps/libchdr/include -Ideps/libchdr/deps/miniz-3.1.1 -DUSE_MINIZ -DHAVE_CDROM -DUSE_LIBRETRO_VFS -DHAVE_LIBRETRO -Ideps/libretro-common/include -DNO_FRONTEND  -Wno-unused -Wno-unused-function -MMD -MP -c deps/libretro-common/vfs/vfs_implementation_cdrom.c -o deps/libretro-common/vfs/vfs_implementation_cdrom.o
/workspace/repos/rocknix.worktrees/m7-pixelelated-sm8550-01/build.pixelelated-SM8550.aarch64/toolchain/bin/aarch64-rocknix-linux-gnu-gcc  -march=armv9-a+fp16+crypto+i8mm+bf16+memtag+sm4+sha3+nosve+nosve2 -mabi=lp64 -Wno-psabi -mtune=cortex-x3 -mno-outline-atomics -Wall -pipe  -O2 -fomit-frame-pointer -DNDEBUG -DGIT_VERSION=\"da2cb8ecd17fd0932ab6d94774c0522beebce6e3\" -ftree-vectorize -fPIC  -Wall -Iinclude -ffast-math -Ofast -DNDEBUG -ffunction-sections -fdata-sections -DP_HAVE_MMAP=1 -DP_HAVE_POSIX_MEMALIGN=1 -DDISABLE_MEM_LUTS=0 -DGPU_NEON -DHAVE_CHD -Ideps/libchdr/include -Ideps/libchdr/deps/miniz-3.1.1 -DUSE_MINIZ -DHAVE_CDROM -DUSE_LIBRETRO_VFS -DHAVE_LIBRETRO -Ideps/libretro-common/include -DNO_FRONTEND  -Wno-unused -Wno-unused-function -MMD -MP -c deps/libretro-common/compat/compat_posix_string.c -o deps/libretro-common/compat/compat_posix_string.o
/workspace/repos/rocknix.worktrees/m7-pixelelated-sm8550-01/build.pixelelated-SM8550.aarch64/toolchain/bin/aarch64-rocknix-linux-gnu-gcc  -march=armv9-a+fp16+crypto+i8mm+bf16+memtag+sm4+sha3+nosve+nosve2 -mabi=lp64 -Wno-psabi -mtune=cortex-x3 -mno-outline-atomics -Wall -pipe  -O2 -fomit-frame-pointer -DNDEBUG -DGIT_VERSION=\"da2cb8ecd17fd0932ab6d94774c0522beebce6e3\" -ftree-vectorize -fPIC  -Wall -Iinclude -ffast-math -Ofast -DNDEBUG -ffunction-sections -fdata-sections -DP_HAVE_MMAP=1 -DP_HAVE_POSIX_MEMALIGN=1 -DDISABLE_MEM_LUTS=0 -DGPU_NEON -DHAVE_CHD -Ideps/libchdr/include -Ideps/libchdr/deps/miniz-3.1.1 -DUSE_MINIZ -DHAVE_CDROM -DUSE_LIBRETRO_VFS -DHAVE_LIBRETRO -Ideps/libretro-common/include -DNO_FRONTEND  -Wno-unused -Wno-unused-function -MMD -MP -c deps/libretro-common/compat/fopen_utf8.c -o deps/libretro-common/compat/fopen_utf8.o
/workspace/repos/rocknix.worktrees/m7-pixelelated-sm8550-01/build.pixelelated-SM8550.aarch64/toolchain/bin/aarch64-rocknix-linux-gnu-gcc  -march=armv9-a+fp16+crypto+i8mm+bf16+memtag+sm4+sha3+nosve+nosve2 -mabi=lp64 -Wno-psabi -mtune=cortex-x3 -mno-outline-atomics -Wall -pipe  -O2 -fomit-frame-pointer -DNDEBUG -DGIT_VERSION=\"da2cb8ecd17fd0932ab6d94774c0522beebce6e3\" -ftree-vectorize -fPIC  -Wall -Iinclude -ffast-math -Ofast -DNDEBUG -ffunction-sections -fdata-sections -DP_HAVE_MMAP=1 -DP_HAVE_POSIX_MEMALIGN=1 -DDISABLE_MEM_LUTS=0 -DGPU_NEON -DHAVE_CHD -Ideps/libchdr/include -Ideps/libchdr/deps/miniz-3.1.1 -DUSE_MINIZ -DHAVE_CDROM -DUSE_LIBRETRO_VFS -DHAVE_LIBRETRO -Ideps/libretro-common/include -DNO_FRONTEND  -Wno-unused -Wno-unused-function -MMD -MP -c deps/libretro-common/encodings/encoding_utf.c -o deps/libretro-common/encodings/encoding_utf.o
/workspace/repos/rocknix.worktrees/m7-pixelelated-sm8550-01/build.pixelelated-SM8550.aarch64/toolchain/bin/aarch64-rocknix-linux-gnu-gcc  -march=armv9-a+fp16+crypto+i8mm+bf16+memtag+sm4+sha3+nosve+nosve2 -mabi=lp64 -Wno-psabi -mtune=cortex-x3 -mno-outline-atomics -Wall -pipe  -O2 -fomit-frame-pointer -DNDEBUG -DGIT_VERSION=\"da2cb8ecd17fd0932ab6d94774c0522beebce6e3\" -ftree-vectorize -fPIC  -Wall -Iinclude -ffast-math -Ofast -DNDEBUG -ffunction-sections -fdata-sections -DP_HAVE_MMAP=1 -DP_HAVE_POSIX_MEMALIGN=1 -DDISABLE_MEM_LUTS=0 -DGPU_NEON -DHAVE_CHD -Ideps/libchdr/include -Ideps/libchdr/deps/miniz-3.1.1 -DUSE_MINIZ -DHAVE_CDROM -DUSE_LIBRETRO_VFS -DHAVE_LIBRETRO -Ideps/libretro-common/include -DNO_FRONTEND  -Wno-unused -Wno-unused-function -MMD -MP -c deps/libretro-common/file/retro_dirent.c -o deps/libretro-common/file/retro_dirent.o
/workspace/repos/rocknix.worktrees/m7-pixelelated-sm8550-01/build.pixelelated-SM8550.aarch64/toolchain/bin/aarch64-rocknix-linux-gnu-gcc  -march=armv9-a+fp16+crypto+i8mm+bf16+memtag+sm4+sha3+nosve+nosve2 -mabi=lp64 -Wno-psabi -mtune=cortex-x3 -mno-outline-atomics -Wall -pipe  -O2 -fomit-frame-pointer -DNDEBUG -DGIT_VERSION=\"da2cb8ecd17fd0932ab6d94774c0522beebce6e3\" -ftree-vectorize -fPIC  -Wall -Iinclude -ffast-math -Ofast -DNDEBUG -ffunction-sections -fdata-sections -DP_HAVE_MMAP=1 -DP_HAVE_POSIX_MEMALIGN=1 -DDISABLE_MEM_LUTS=0 -DGPU_NEON -DHAVE_CHD -Ideps/libchdr/include -Ideps/libchdr/deps/miniz-3.1.1 -DUSE_MINIZ -DHAVE_CDROM -DUSE_LIBRETRO_VFS -DHAVE_LIBRETRO -Ideps/libretro-common/include -DNO_FRONTEND  -Wno-unused -Wno-unused-function -MMD -MP -c deps/libretro-common/streams/file_stream.c -o deps/libretro-common/streams/file_stream.o
/workspace/repos/rocknix.worktrees/m7-pixelelated-sm8550-01/build.pixelelated-SM8550.aarch64/toolchain/bin/aarch64-rocknix-linux-gnu-gcc  -march=armv9-a+fp16+crypto+i8mm+bf16+memtag+sm4+sha3+nosve+nosve2 -mabi=lp64 -Wno-psabi -mtune=cortex-x3 -mno-outline-atomics -Wall -pipe  -O2 -fomit-frame-pointer -DNDEBUG -DGIT_VERSION=\"da2cb8ecd17fd0932ab6d94774c0522beebce6e3\" -ftree-vectorize -fPIC  -Wall -Iinclude -ffast-math -Ofast -DNDEBUG -ffunction-sections -fdata-sections -DP_HAVE_MMAP=1 -DP_HAVE_POSIX_MEMALIGN=1 -DDISABLE_MEM_LUTS=0 -DGPU_NEON -DHAVE_CHD -Ideps/libchdr/include -Ideps/libchdr/deps/miniz-3.1.1 -DUSE_MINIZ -DHAVE_CDROM -DUSE_LIBRETRO_VFS -DHAVE_LIBRETRO -Ideps/libretro-common/include -DNO_FRONTEND  -Wno-unused -Wno-unused-function -MMD -MP -c deps/libretro-common/streams/file_stream_transforms.c -o deps/libretro-common/streams/file_stream_transforms.o
/workspace/repos/rocknix.worktrees/m7-pixelelated-sm8550-01/build.pixelelated-SM8550.aarch64/toolchain/bin/aarch64-rocknix-linux-gnu-gcc  -march=armv9-a+fp16+crypto+i8mm+bf16+memtag+sm4+sha3+nosve+nosve2 -mabi=lp64 -Wno-psabi -mtune=cortex-x3 -mno-outline-atomics -Wall -pipe  -O2 -fomit-frame-pointer -DNDEBUG -DGIT_VERSION=\"da2cb8ecd17fd0932ab6d94774c0522beebce6e3\" -ftree-vectorize -fPIC  -Wall -Iinclude -ffast-math -Ofast -DNDEBUG -ffunction-sections -fdata-sections -DP_HAVE_MMAP=1 -DP_HAVE_POSIX_MEMALIGN=1 -DDISABLE_MEM_LUTS=0 -DGPU_NEON -DHAVE_CHD -Ideps/libchdr/include -Ideps/libchdr/deps/miniz-3.1.1 -DUSE_MINIZ -DHAVE_CDROM -DUSE_LIBRETRO_VFS -DHAVE_LIBRETRO -Ideps/libretro-common/include -DNO_FRONTEND  -Wno-unused -Wno-unused-function -MMD -MP -c deps/libretro-common/time/rtime.c -o deps/libretro-common/time/rtime.o
/workspace/repos/rocknix.worktrees/m7-pixelelated-sm8550-01/build.pixelelated-SM8550.aarch64/toolchain/bin/aarch64-rocknix-linux-gnu-gcc  -march=armv9-a+fp16+crypto+i8mm+bf16+memtag+sm4+sha3+nosve+nosve2 -mabi=lp64 -Wno-psabi -mtune=cortex-x3 -mno-outline-atomics -Wall -pipe  -O2 -fomit-frame-pointer -DNDEBUG -DGIT_VERSION=\"da2cb8ecd17fd0932ab6d94774c0522beebce6e3\" -ftree-vectorize -fPIC  -Wall -Iinclude -ffast-math -Ofast -DNDEBUG -ffunction-sections -fdata-sections -DP_HAVE_MMAP=1 -DP_HAVE_POSIX_MEMALIGN=1 -DDISABLE_MEM_LUTS=0 -DGPU_NEON -DHAVE_CHD -Ideps/libchdr/include -Ideps/libchdr/deps/miniz-3.1.1 -DUSE_MINIZ -DHAVE_CDROM -DUSE_LIBRETRO_VFS -DHAVE_LIBRETRO -Ideps/libretro-common/include -DNO_FRONTEND  -DUSE_ASYNC_CDROM -DUSE_ASYNC_GPU -DUSE_ASYNC_SPU -DNDRC_THREAD -MMD -MP -c frontend/libretro.c -o frontend/libretro.o
/workspace/repos/rocknix.worktrees/m7-pixelelated-sm8550-01/build.pixelelated-SM8550.aarch64/toolchain/bin/aarch64-rocknix-linux-gnu-gcc  -march=armv9-a+fp16+crypto+i8mm+bf16+memtag+sm4+sha3+nosve+nosve2 -mabi=lp64 -Wno-psabi -mtune=cortex-x3 -mno-outline-atomics -Wall -pipe  -O2 -fomit-frame-pointer -DNDEBUG -DGIT_VERSION=\"da2cb8ecd17fd0932ab6d94774c0522beebce6e3\" -ftree-vectorize -fPIC  -Wall -Iinclude -ffast-math -Ofast -DNDEBUG -ffunction-sections -fdata-sections -DP_HAVE_MMAP=1 -DP_HAVE_POSIX_MEMALIGN=1 -DDISABLE_MEM_LUTS=0 -DGPU_NEON -DHAVE_CHD -Ideps/libchdr/include -Ideps/libchdr/deps/miniz-3.1.1 -DUSE_MINIZ -DHAVE_CDROM -DUSE_LIBRETRO_VFS -DHAVE_LIBRETRO -Ideps/libretro-common/include -DNO_FRONTEND  -MMD -MP -c frontend/pcsxr-threads.c -o frontend/pcsxr-threads.o
/workspace/repos/rocknix.worktrees/m7-pixelelated-sm8550-01/build.pixelelated-SM8550.aarch64/toolchain/bin/aarch64-rocknix-linux-gnu-gcc  -march=armv9-a+fp16+crypto+i8mm+bf16+memtag+sm4+sha3+nosve+nosve2 -mabi=lp64 -Wno-psabi -mtune=cortex-x3 -mno-outline-atomics -Wall -pipe  -O2 -fomit-frame-pointer -DNDEBUG -DGIT_VERSION=\"da2cb8ecd17fd0932ab6d94774c0522beebce6e3\" -ftree-vectorize -fPIC  -Wall -Iinclude -ffast-math -Ofast -DNDEBUG -ffunction-sections -fdata-sections -DP_HAVE_MMAP=1 -DP_HAVE_POSIX_MEMALIGN=1 -DDISABLE_MEM_LUTS=0 -DGPU_NEON -DHAVE_CHD -Ideps/libchdr/include -Ideps/libchdr/deps/miniz-3.1.1 -DUSE_MINIZ -DHAVE_CDROM -DUSE_LIBRETRO_VFS -DHAVE_LIBRETRO -Ideps/libretro-common/include -DNO_FRONTEND  -Wno-unused -Wno-unused-function -MMD -MP -c deps/libretro-common/features/features_cpu.c -o deps/libretro-common/features/features_cpu.o
/workspace/repos/rocknix.worktrees/m7-pixelelated-sm8550-01/build.pixelelated-SM8550.aarch64/toolchain/bin/aarch64-rocknix-linux-gnu-gcc  -march=armv9-a+fp16+crypto+i8mm+bf16+memtag+sm4+sha3+nosve+nosve2 -mabi=lp64 -Wno-psabi -mtune=cortex-x3 -mno-outline-atomics -Wall -pipe  -O2 -fomit-frame-pointer -DNDEBUG -DGIT_VERSION=\"da2cb8ecd17fd0932ab6d94774c0522beebce6e3\" -ftree-vectorize -fPIC  -Wall -Iinclude -ffast-math -Ofast -DNDEBUG -ffunction-sections -fdata-sections -DP_HAVE_MMAP=1 -DP_HAVE_POSIX_MEMALIGN=1 -DDISABLE_MEM_LUTS=0 -DGPU_NEON -DHAVE_CHD -Ideps/libchdr/include -Ideps/libchdr/deps/miniz-3.1.1 -DUSE_MINIZ -DHAVE_CDROM -DUSE_LIBRETRO_VFS -DHAVE_LIBRETRO -Ideps/libretro-common/include -DNO_FRONTEND  -DHAVE_RTHREADS -DBUILTIN_GPU=neon -MMD -MP -c frontend/main.c -o frontend/main.o
/workspace/repos/rocknix.worktrees/m7-pixelelated-sm8550-01/build.pixelelated-SM8550.aarch64/toolchain/bin/aarch64-rocknix-linux-gnu-gcc  -march=armv9-a+fp16+crypto+i8mm+bf16+memtag+sm4+sha3+nosve+nosve2 -mabi=lp64 -Wno-psabi -mtune=cortex-x3 -mno-outline-atomics -Wall -pipe  -O2 -fomit-frame-pointer -DNDEBUG -DGIT_VERSION=\"da2cb8ecd17fd0932ab6d94774c0522beebce6e3\" -ftree-vectorize -fPIC  -Wall -Iinclude -ffast-math -Ofast -DNDEBUG -ffunction-sections -fdata-sections -DP_HAVE_MMAP=1 -DP_HAVE_POSIX_MEMALIGN=1 -DDISABLE_MEM_LUTS=0 -DGPU_NEON -DHAVE_CHD -Ideps/libchdr/include -Ideps/libchdr/deps/miniz-3.1.1 -DUSE_MINIZ -DHAVE_CDROM -DUSE_LIBRETRO_VFS -DHAVE_LIBRETRO -Ideps/libretro-common/include -DNO_FRONTEND  -MMD -MP -c frontend/plugin.c -o frontend/plugin.o
/workspace/repos/rocknix.worktrees/m7-pixelelated-sm8550-01/build.pixelelated-SM8550.aarch64/toolchain/bin/aarch64-rocknix-linux-gnu-gcc  -march=armv9-a+fp16+crypto+i8mm+bf16+memtag+sm4+sha3+nosve+nosve2 -mabi=lp64 -Wno-psabi -mtune=cortex-x3 -mno-outline-atomics -Wall -pipe  -O2 -fomit-frame-pointer -DNDEBUG -DGIT_VERSION=\"da2cb8ecd17fd0932ab6d94774c0522beebce6e3\" -ftree-vectorize -fPIC  -Wall -Iinclude -ffast-math -Ofast -DNDEBUG -ffunction-sections -fdata-sections -DP_HAVE_MMAP=1 -DP_HAVE_POSIX_MEMALIGN=1 -DDISABLE_MEM_LUTS=0 -DGPU_NEON -DHAVE_CHD -Ideps/libchdr/include -Ideps/libchdr/deps/miniz-3.1.1 -DUSE_MINIZ -DHAVE_CDROM -DUSE_LIBRETRO_VFS -DHAVE_LIBRETRO -Ideps/libretro-common/include -DNO_FRONTEND  -DBUILTIN_GPU=neon -MMD -MP -c libpcsxcore/misc.c -o libpcsxcore/misc.o
/workspace/repos/rocknix.worktrees/m7-pixelelated-sm8550-01/build.pixelelated-SM8550.aarch64/toolchain/bin/aarch64-rocknix-linux-gnu-gcc -march=armv9-a+fp16+crypto+i8mm+bf16+memtag+sm4+sha3+nosve+nosve2 -mabi=lp64 -Wno-psabi -mtune=cortex-x3 -mno-outline-atomics -Wall -pipe  -O2 -fomit-frame-pointer -DNDEBUG -DGIT_VERSION=\"da2cb8ecd17fd0932ab6d94774c0522beebce6e3\" -ftree-vectorize -fPIC  -Wall -Iinclude -ffast-math -Ofast -DNDEBUG -ffunction-sections -fdata-sections -DP_HAVE_MMAP=1 -DP_HAVE_POSIX_MEMALIGN=1 -DDISABLE_MEM_LUTS=0 -DGPU_NEON -DHAVE_CHD -Ideps/libchdr/include -Ideps/libchdr/deps/miniz-3.1.1 -DUSE_MINIZ -DHAVE_CDROM -DUSE_LIBRETRO_VFS -DHAVE_LIBRETRO -Ideps/libretro-common/include -DNO_FRONTEND  -o pcsx_rearmed_libretro.so libpcsxcore/cdriso.o libpcsxcore/cdrom.o libpcsxcore/cdrom-async.o libpcsxcore/cheat.o libpcsxcore/database.o libpcsxcore/decode_xa.o libpcsxcore/mdec.o libpcsxcore/misc.o libpcsxcore/plugins.o libpcsxcore/ppf.o libpcsxcore/psxbios.o libpcsxcore/psxcommon.o libpcsxcore/psxcounters.o libpcsxcore/psxdma.o libpcsxcore/psxhw.o libpcsxcore/psxinterpreter.o libpcsxcore/psxmem.o libpcsxcore/psxevents.o libpcsxcore/r3000a.o libpcsxcore/sio.o libpcsxcore/spu.o libpcsxcore/gpu.o libpcsxcore/pad.o libpcsxcore/gte.o libpcsxcore/gte_nf.o libpcsxcore/gte_divider.o libpcsxcore/gte_arm64.o libpcsxcore/gte_nf_arm64.o libpcsxcore/new_dynarec/new_dynarec.o libpcsxcore/new_dynarec/pcsxmem.o libpcsxcore/new_dynarec/linkage_arm64.o libpcsxcore/new_dynarec/emu_if.o plugins/dfsound/dma.o plugins/dfsound/freeze.o plugins/dfsound/registers.o plugins/dfsound/spu.o plugins/dfsound/out.o plugins/dfsound/nullsnd.o plugins/gpulib/gpu.o plugins/gpulib/vout_pl.o plugins/gpulib/prim.o plugins/gpulib/gpu_async.o plugins/gpu_neon/psx_gpu_if.o plugins/gpu_neon/psx_gpu/psx_gpu_simd.o deps/libchdr/src/libchdr_bitstream.o deps/libchdr/src/libchdr_cdrom.o deps/libchdr/src/libchdr_chd.o deps/libchdr/src/libchdr_codec_cdfl.o deps/libchdr/src/libchdr_codec_cdlz.o deps/libchdr/src/libchdr_codec_cdzl.o deps/libchdr/src/libchdr_codec_cdzs.o deps/libchdr/src/libchdr_codec_flac.o deps/libchdr/src/libchdr_codec_huff.o deps/libchdr/src/libchdr_codec_lzma.o deps/libchdr/src/libchdr_codec_zlib.o deps/libchdr/src/libchdr_codec_zstd.o deps/libchdr/src/libchdr_flac.o deps/libchdr/src/libchdr_huffman.o deps/libchdr/deps/lzma-25.01/src/LzmaDec.o deps/libchdr/deps/lzma-25.01/Asm/arm64/LzmaDecOpt.o deps/libchdr/deps/zstd-1.5.7/zstddeclib.o deps/libchdr/deps/miniz-3.1.1/miniz.o frontend/cspace.o deps/libretro-common/compat/compat_strl.o deps/libretro-common/file/file_path.o deps/libretro-common/file/file_path_io.o deps/libretro-common/string/stdstring.o deps/libretro-common/vfs/vfs_implementation.o frontend/libretro-cdrom.o deps/libretro-common/lists/string_list.o deps/libretro-common/memmap/memalign.o deps/libretro-common/vfs/vfs_implementation_cdrom.o deps/libretro-common/compat/compat_posix_string.o deps/libretro-common/compat/fopen_utf8.o deps/libretro-common/encodings/encoding_utf.o deps/libretro-common/file/retro_dirent.o deps/libretro-common/streams/file_stream.o deps/libretro-common/streams/file_stream_transforms.o deps/libretro-common/time/rtime.o frontend/libretro.o frontend/pcsxr-threads.o deps/libretro-common/features/features_cpu.o frontend/main.o frontend/plugin.o  -Wl,--as-needed -fuse-ld=bfd -shared -Wl,-version-script=frontend/libretro-version-script -Wl,--no-undefined -Wl,--gc-sections -lpthread -lm -ldl  
make[3]: Leaving directory '/workspace/repos/rocknix.worktrees/m7-pixelelated-sm8550-01/build.pixelelated-SM8550.aarch64/build/pcsx_rearmed-lr-da2cb8ecd17fd0932ab6d94774c0522beebce6e3'
[1;32mINSTALL[0m      pcsx_rearmed-lr [1;37m(target)[0m
>>> pcsx_rearmed-lr:target seq 454 >>>
[605/737] [DONE] install kronos-lr:target
<<< kronos-lr:target seq 606 <<<
[1;32mINSTALL[0m      kronos-lr [1;37m(target)[0m
>>> kronos-lr:target seq 606 >>>
<<< sixaxis:target seq 607 <<<
[1;32mINSTALL[0m      sixaxis [1;37m(target)[0m
>>> sixaxis:target seq 607 >>>
[606/737] [DONE] install sixaxis:target
<<< mangohud-vulkan-headers:target seq 608 <<<
[1;32mINSTALL[0m      mangohud-vulkan-headers [1;37m(target)[0m
>>> mangohud-vulkan-headers:target seq 608 >>>
[607/737] [DONE] install mangohud-vulkan-headers:target
<<< mangohud-vulkan-utility-libraries:target seq 609 <<<
[1;32mINSTALL[0m      mangohud-vulkan-utility-libraries [1;37m(target)[0m
>>> mangohud-vulkan-utility-libraries:target seq 609 >>>
[608/737] [DONE] install mangohud-vulkan-utility-libraries:target
[609/737] [DONE] install rocknix-touchscreen-keyboard:target
<<< rocknix-touchscreen-keyboard:target seq 610 <<<
[1;32mINSTALL[0m      rocknix-touchscreen-keyboard [1;37m(target)[0m
>>> rocknix-touchscreen-keyboard:target seq 610 >>>
[610/737] [DONE] install mpfr:target
<<< mpfr:target seq 611 <<<
[1;32mINSTALL[0m      mpfr [1;37m(target)[0m
>>> mpfr:target seq 611 >>>
<<< memtester:target seq 612 <<<
[1;32mINSTALL[0m      memtester [1;37m(target)[0m
>>> memtester:target seq 612 >>>
[611/737] [DONE] install memtester:target
[612/737] [DONE] install SDL2_ttf:target
<<< SDL2_ttf:target seq 613 <<<
[1;32mINSTALL[0m      SDL2_ttf [1;37m(target)[0m
>>> SDL2_ttf:target seq 613 >>>
<<< gtk3:target seq 614 <<<
[1;32mINSTALL[0m      gtk3 [1;37m(target)[0m
>>> gtk3:target seq 614 >>>
[613/737] [DONE] install gtk3:target
<<< mpg123:target seq 615 <<<
[1;32mINSTALL[0m      mpg123 [1;37m(target)[0m
>>> mpg123:target seq 615 >>>
[614/737] [DONE] install mpg123:target
<<< vlc:target seq 616 <<<
[1;32mINSTALL[0m      vlc [1;37m(target)[0m
>>> vlc:target seq 616 >>>
[615/737] [DONE] install vlc:target
[616/737] [DONE] install textviewer:target
<<< textviewer:target seq 617 <<<
[1;32mINSTALL[0m      textviewer [1;37m(target)[0m
>>> textviewer:target seq 617 >>>
<<< SDL2_image:target seq 618 <<<
[1;32mINSTALL[0m      SDL2_image [1;37m(target)[0m
>>> SDL2_image:target seq 618 >>>
[617/737] [DONE] install SDL2_image:target
[618/737] [DONE] install libplacebo:target
<<< libplacebo:target seq 619 <<<
[1;32mINSTALL[0m      libplacebo [1;37m(target)[0m
>>> libplacebo:target seq 619 >>>
<<< m8c:target seq 620 <<<
[1;32mINSTALL[0m      m8c [1;37m(target)[0m
>>> m8c:target seq 620 >>>
[619/737] [DONE] install m8c:target
<<< gamecontrollerdb:target seq 621 <<<
[1;32mINSTALL[0m      gamecontrollerdb [1;37m(target)[0m
>>> gamecontrollerdb:target seq 621 >>>
[620/737] [DONE] install gamecontrollerdb:target
[621/737] [DONE] install flycast-sa:target
<<< flycast-sa:target seq 622 <<<
[1;32mINSTALL[0m      flycast-sa [1;37m(target)[0m
>>> flycast-sa:target seq 622 >>>
<<< gzdoom-sa:target seq 623 <<<
[1;32mINSTALL[0m      gzdoom-sa [1;37m(target)[0m
>>> gzdoom-sa:target seq 623 >>>
[622/737] [DONE] install gzdoom-sa:target
<<< hatarisa:target seq 624 <<<
[1;32mINSTALL[0m      hatarisa [1;37m(target)[0m
>>> hatarisa:target seq 624 >>>
[623/737] [DONE] install hatarisa:target
[624/737] [DONE] install moonlight:target
<<< moonlight:target seq 625 <<<
[1;32mINSTALL[0m      moonlight [1;37m(target)[0m
>>> moonlight:target seq 625 >>>
<<< SDL2_net:target seq 626 <<<
[1;32mINSTALL[0m      SDL2_net [1;37m(target)[0m
>>> SDL2_net:target seq 626 >>>
[625/737] [DONE] install SDL2_net:target
[626/737] [DONE] install openbor:target
<<< openbor:target seq 627 <<<
[1;32mINSTALL[0m      openbor [1;37m(target)[0m
>>> openbor:target seq 627 >>>
<<< pico-8:target seq 628 <<<
[1;32mINSTALL[0m      pico-8 [1;37m(target)[0m
>>> pico-8:target seq 628 >>>
[627/737] [DONE] install pico-8:target
<<< touchhle-sa:target seq 630 <<<
[1;32mINSTALL[0m      touchhle-sa [1;37m(target)[0m
>>> touchhle-sa:target seq 630 >>>
[628/737] [DONE] install touchhle-sa:target
<<< ppsspp-sa:target seq 629 <<<
[1;32mINSTALL[0m      ppsspp-sa [1;37m(target)[0m
>>> ppsspp-sa:target seq 629 >>>
[629/737] [DONE] install ppsspp-sa:target
[630/737] [DONE] install yabasanshiro-sa:target
<<< yabasanshiro-sa:target seq 631 <<<
[1;32mINSTALL[0m      yabasanshiro-sa [1;37m(target)[0m
>>> yabasanshiro-sa:target seq 631 >>>
[631/737] [DONE] install gtk2:target
<<< gtk2:target seq 632 <<<
[1;32mINSTALL[0m      gtk2 [1;37m(target)[0m
>>> gtk2:target seq 632 >>>
[632/737] [DONE] install dsperate-sa:target
<<< dsperate-sa:target seq 633 <<<
[1;32mINSTALL[0m      dsperate-sa [1;37m(target)[0m
>>> dsperate-sa:target seq 633 >>>
[633/737] [DONE] install control-gen:target
<<< control-gen:target seq 634 <<<
[1;32mINSTALL[0m      control-gen [1;37m(target)[0m
>>> control-gen:target seq 634 >>>
<<< oga_controls:target seq 635 <<<
[1;32mINSTALL[0m      oga_controls [1;37m(target)[0m
>>> oga_controls:target seq 635 >>>
[634/737] [DONE] install oga_controls:target
<<< sdl2notify:target seq 636 <<<
[1;32mINSTALL[0m      sdl2notify [1;37m(target)[0m
>>> sdl2notify:target seq 636 >>>
[635/737] [DONE] install sdl2notify:target
<<< webkitgtk:target seq 637 <<<
[1;32mINSTALL[0m      webkitgtk [1;37m(target)[0m
>>> webkitgtk:target seq 637 >>>
[636/737] [DONE] install webkitgtk:target
[637/737] [DONE] install SDL2_mixer:target
<<< SDL2_mixer:target seq 638 <<<
[1;32mINSTALL[0m      SDL2_mixer [1;37m(target)[0m
>>> SDL2_mixer:target seq 638 >>>
<<< gmu:target seq 639 <<<
[1;32mINSTALL[0m      gmu [1;37m(target)[0m
>>> gmu:target seq 639 >>>
[638/737] [DONE] install gmu:target
<<< lowerdeck:target seq 641 <<<
[1;32mINSTALL[0m      lowerdeck [1;37m(target)[0m
>>> lowerdeck:target seq 641 >>>
[639/737] [DONE] install lowerdeck:target
[640/737] [DONE] install libdecor:target
<<< libdecor:target seq 640 <<<
[1;32mINSTALL[0m      libdecor [1;37m(target)[0m
>>> libdecor:target seq 640 >>>
<<< mpv:target seq 642 <<<
[1;32mINSTALL[0m      mpv [1;37m(target)[0m
>>> mpv:target seq 642 >>>
[641/737] [DONE] install mpv:target
[642/737] [DONE] install amiberry:target
<<< amiberry:target seq 643 <<<
[1;32mINSTALL[0m      amiberry [1;37m(target)[0m
>>> amiberry:target seq 643 >>>
[643/737] [DONE] install gamepadcalibration:target
<<< gamepadcalibration:target seq 644 <<<
[1;32mINSTALL[0m      gamepadcalibration [1;37m(target)[0m
>>> gamepadcalibration:target seq 644 >>>
<<< hypseus-singe:target seq 645 <<<
[1;32mINSTALL[0m      hypseus-singe [1;37m(target)[0m
>>> hypseus-singe:target seq 645 >>>
[644/737] [DONE] install hypseus-singe:target
<<< vice-sa:target seq 646 <<<
[1;32mINSTALL[0m      vice-sa [1;37m(target)[0m
>>> vice-sa:target seq 646 >>>
[645/737] [DONE] install vice-sa:target
<<< list-guid:target seq 647 <<<
[1;32mINSTALL[0m      list-guid [1;37m(target)[0m
>>> list-guid:target seq 647 >>>
[646/737] [DONE] install list-guid:target
[647/737] [DONE] install qt6:target
<<< qt6:target seq 648 <<<
[1;32mINSTALL[0m      qt6 [1;37m(target)[0m
>>> qt6:target seq 648 >>>
<<< mupen64plus-sa-core:target seq 649 <<<
[1;32mINSTALL[0m      mupen64plus-sa-core [1;37m(target)[0m
>>> mupen64plus-sa-core:target seq 649 >>>
[648/737] [DONE] install mupen64plus-sa-core:target
[649/737] [DONE] install scummvm-sa:target
<<< scummvm-sa:target seq 650 <<<
[1;32mINSTALL[0m      scummvm-sa [1;37m(target)[0m
>>> scummvm-sa:target seq 650 >>>
<<< ares-sa:target seq 651 <<<
[1;32mINSTALL[0m      ares-sa [1;37m(target)[0m
>>> ares-sa:target seq 651 >>>
[650/737] [DONE] install ares-sa:target
<<< bigpemu-sa:target seq 652 <<<
[1;32mINSTALL[0m      bigpemu-sa [1;37m(target)[0m
>>> bigpemu-sa:target seq 652 >>>
[651/737] [DONE] install bigpemu-sa:target
[652/737] [DONE] install wxwidgets:target
<<< wxwidgets:target seq 653 <<<
[1;32mINSTALL[0m      wxwidgets [1;37m(target)[0m
>>> wxwidgets:target seq 653 >>>
<<< SDL3_ttf:target seq 654 <<<
[1;32mINSTALL[0m      SDL3_ttf [1;37m(target)[0m
>>> SDL3_ttf:target seq 654 >>>
[653/737] [DONE] install SDL3_ttf:target
<<< box64:target seq 655 <<<
[1;32mINSTALL[0m      box64 [1;37m(target)[0m
>>> box64:target seq 655 >>>
[654/737] [DONE] install box64:target
<<< rocknix-hotkey:target seq 657 <<<
[1;32mINSTALL[0m      rocknix-hotkey [1;37m(target)[0m
>>> rocknix-hotkey:target seq 657 >>>
[655/737] [DONE] install rocknix-hotkey:target
<<< mednafen:target seq 656 <<<
[1;32mINSTALL[0m      mednafen [1;37m(target)[0m
>>> mednafen:target seq 656 >>>
[656/737] [DONE] install mednafen:target
<<< nanoboyadvance-sa:target seq 658 <<<
[1;32mINSTALL[0m      nanoboyadvance-sa [1;37m(target)[0m
>>> nanoboyadvance-sa:target seq 658 >>>
[657/737] [DONE] install nanoboyadvance-sa:target
[658/737] [DONE] install supermodel-sa:target
<<< supermodel-sa:target seq 659 <<<
[1;32mINSTALL[0m      supermodel-sa [1;37m(target)[0m
>>> supermodel-sa:target seq 659 >>>
<<< cloud-signin-window:target seq 660 <<<
[1;32mINSTALL[0m      cloud-signin-window [1;37m(target)[0m
>>> cloud-signin-window:target seq 660 >>>
[659/737] [DONE] install cloud-signin-window:target
<<< kernel-firmware:target seq 5 <<<
[1;36mUNPACK[0m      kernel-firmware
    [1;32mAPPLY PATCH [1;37m(common)[0m[0m      projects/ROCKNIX/packages/linux-firmware/kernel-firmware/patches/kernel-firmware-02-add-brcmfmac-43xxx-configs.patch
patching file brcm/brcmfmac43430-sdio.txt
patching file brcm/brcmfmac43455-sdio.txt
copying/compressing file brcm/BCM-0bb4-0306.hcd
copying/compressing file korg/k1212.dsp
copying/compressing file ess/maestro3_assp_kernel.fw
copying/compressing file ess/maestro3_assp_minisrc.fw
copying/compressing file yamaha/ds1_ctrl.fw
copying/compressing file yamaha/ds1_dsp.fw
copying/compressing file yamaha/ds1e_ctrl.fw
copying/compressing file advansys/mcode.bin
copying/compressing file advansys/3550.bin
copying/compressing file advansys/38C0800.bin
copying/compressing file advansys/38C1600.bin
copying/compressing file qlogic/1040.bin
copying/compressing file qlogic/1280.bin
copying/compressing file qlogic/12160.bin
copying/compressing file kaweth/new_code.bin
copying/compressing file kaweth/new_code_fix.bin
copying/compressing file kaweth/trigger_code.bin
copying/compressing file kaweth/trigger_code_fix.bin
copying/compressing file ttusb-budget/dspbootcode.bin
copying/compressing file keyspan/mpr.fw
copying/compressing file keyspan/usa18x.fw
copying/compressing file keyspan/usa19.fw
copying/compressing file keyspan/usa19qi.fw
copying/compressing file keyspan/usa19qw.fw
copying/compressing file keyspan/usa19w.fw
copying/compressing file keyspan/usa28.fw
copying/compressing file keyspan/usa28xa.fw
copying/compressing file keyspan/usa28xb.fw
copying/compressing file keyspan/usa28x.fw
copying/compressing file keyspan/usa49w.fw
copying/compressing file keyspan/usa49wlc.fw
copying/compressing file keyspan_pda/keyspan_pda.fw
copying/compressing file keyspan_pda/xircom_pgs.fw
copying/compressing file emi26/bitstream.fw
copying/compressing file emi26/firmware.fw
copying/compressing file emi26/loader.fw
copying/compressing file emi62/bitstream.fw
copying/compressing file emi62/loader.fw
copying/compressing file emi62/midi.fw
copying/compressing file emi62/spdif.fw
copying/compressing file ti_3410.fw
copying/compressing file ti_5052.fw
copying/compressing file mts_cdma.fw
copying/compressing file mts_gsm.fw
copying/compressing file mts_edge.fw
copying/compressing file mts_mt9234mu.fw
copying/compressing file mts_mt9234zba.fw
copying/compressing file whiteheat.fw
copying/compressing file whiteheat_loader.fw
copying/compressing file cpia2/stv0672_vp4.bin
copying/compressing file dabusb/firmware.fw
copying/compressing file dabusb/bitstream.bin
copying/compressing file vicam/firmware.fw
copying/compressing file edgeport/boot.fw
copying/compressing file edgeport/boot2.fw
copying/compressing file edgeport/down.fw
copying/compressing file edgeport/down2.fw
copying/compressing file edgeport/down3.bin
copying/compressing file dsp56k/bootstrap.bin
copying/compressing file sb16/mulaw_main.csp
copying/compressing file sb16/alaw_main.csp
copying/compressing file sb16/ima_adpcm_init.csp
copying/compressing file sb16/ima_adpcm_playback.csp
copying/compressing file sb16/ima_adpcm_capture.csp
copying/compressing file ql2100_fw.bin
copying/compressing file ql2200_fw.bin
copying/compressing file ql2300_fw.bin
copying/compressing file ql2322_fw.bin
copying/compressing file ql2400_fw.bin
copying/compressing file ql2500_fw.bin
copying/compressing file agere_sta_fw.bin
copying/compressing file agere_ap_fw.bin
copying/compressing file ar9170-1.fw
copying/compressing file ar9170-2.fw
copying/compressing file ar9271.fw
copying/compressing file ar7010.fw
copying/compressing file ar7010_1_1.fw
copying/compressing file htc_9271.fw
copying/compressing file htc_7010.fw
copying/compressing file ath9k_htc/htc_7010-1.4.0.fw
copying/compressing file ath9k_htc/htc_9271-1.4.0.fw
copying/compressing file sun/cassini.bin
copying/compressing file slicoss/gbdownload.sys
copying/compressing file slicoss/gbrcvucode.sys
copying/compressing file slicoss/oasisdbgdownload.sys
copying/compressing file slicoss/oasisdownload.sys
copying/compressing file slicoss/oasisrcvucode.sys
copying/compressing file sxg/saharadownloadB.sys
copying/compressing file sxg/saharadbgdownloadB.sys
copying/compressing file cxgb3/t3b_psram-1.1.0.bin
copying/compressing file cxgb3/t3c_psram-1.1.0.bin
copying/compressing file cxgb3/t3fw-7.0.0.bin
copying/compressing file cxgb3/t3fw-7.1.0.bin
copying/compressing file cxgb3/t3fw-7.4.0.bin
copying/compressing file cxgb3/t3fw-7.10.0.bin
copying/compressing file cxgb3/t3fw-7.12.0.bin
copying/compressing file cxgb3/ael2005_opt_edc.bin
copying/compressing file cxgb3/ael2005_twx_edc.bin
copying/compressing file cxgb3/ael2020_twx_edc.bin
copying/compressing file cxgb4/t4fw-1.14.4.0.bin
copying/compressing file cxgb4/t4fw-1.15.37.0.bin
copying/compressing file cxgb4/t4fw-1.27.5.0.bin
copying/compressing file cxgb4/t5fw-1.14.4.0.bin
copying/compressing file cxgb4/t5fw-1.15.37.0.bin
copying/compressing file cxgb4/t5fw-1.27.5.0.bin
copying/compressing file cxgb4/t6fw-1.27.5.0.bin
copying/compressing file cxgb4/aq1202_fw.cld
copying/compressing file cxgb4/bcm8483.bin
copying/compressing file cxgb4/configs/t4-config-default.txt
copying/compressing file cxgb4/configs/t5-config-default.txt
copying/compressing file cxgb4/configs/t6-config-default.txt
copying/compressing file cxgb4/configs/t5-config-hashfilter.txt
copying/compressing file cxgb4/configs/t6-config-hashfilter.txt
copying/compressing file e100/d101m_ucode.bin
copying/compressing file e100/d101s_ucode.bin
copying/compressing file e100/d102e_ucode.bin
copying/compressing file acenic/tg1.bin
copying/compressing file acenic/tg2.bin
copying/compressing file tigon/tg3.bin
copying/compressing file tigon/tg3_tso.bin
copying/compressing file tigon/tg3_tso5.bin
copying/compressing file tigon/tg357766.bin
copying/compressing file adaptec/starfire_rx.bin
copying/compressing file adaptec/starfire_tx.bin
copying/compressing file libertas/cf8381.bin
copying/compressing file libertas/cf8381_helper.bin
copying/compressing file libertas/cf8385.bin
copying/compressing file libertas/cf8385_helper.bin
copying/compressing file libertas/gspi8682.bin
copying/compressing file libertas/gspi8682_helper.bin
copying/compressing file libertas/gspi8686_v9.bin
copying/compressing file libertas/gspi8686_v9_helper.bin
copying/compressing file libertas/gspi8688.bin
copying/compressing file libertas/gspi8688_helper.bin
copying/compressing file libertas/sd8385.bin
copying/compressing file libertas/sd8385_helper.bin
copying/compressing file libertas/sd8682.bin
copying/compressing file libertas/sd8682_helper.bin
copying/compressing file libertas/sd8686_v8.bin
copying/compressing file libertas/sd8686_v8_helper.bin
copying/compressing file libertas/sd8686_v9.bin
copying/compressing file libertas/sd8686_v9_helper.bin
copying/compressing file libertas/usb8388_v5.bin
copying/compressing file libertas/usb8388_v9.bin
copying/compressing file libertas/usb8682.bin
copying/compressing file mrvl/sd8688.bin
copying/compressing file mrvl/sd8688_helper.bin
copying/compressing file libertas/lbtf_sdio.bin
copying/compressing file lbtf_usb.bin
copying/compressing file libertas/usb8388_olpc.bin
copying/compressing file mwl8k/fmimage_8687.fw
copying/compressing file mwl8k/helper_8687.fw
copying/compressing file mwl8k/fmimage_8366.fw
copying/compressing file mwl8k/fmimage_8366_ap-1.fw
copying/compressing file mwl8k/fmimage_8366_ap-2.fw
copying/compressing file mwl8k/fmimage_8366_ap-3.fw
copying/compressing file mwl8k/helper_8366.fw
copying/compressing file mwl8k/fmimage_8764_ap-1.fw
copying/compressing file mrvl/sd8787_uapsta.bin
copying/compressing file mrvl/usb8766_uapsta.bin
copying/compressing file mrvl/sd8797_uapsta.bin
copying/compressing file mrvl/usb8797_uapsta.bin
copying/compressing file mrvl/sd8897_uapsta.bin
copying/compressing file mrvl/usb8897_uapsta.bin
copying/compressing file mrvl/pcie8897_uapsta.bin
copying/compressing file mrvl/sd8887_uapsta.bin
copying/compressing file mrvl/sd8801_uapsta.bin
copying/compressing file mrvl/usb8801_uapsta.bin
copying/compressing file mrvl/pcieuart8997_combo_v4.bin
copying/compressing file mrvl/pcieusb8997_combo_v4.bin
copying/compressing file mrvl/pcie8997_wlan_v4.bin
copying/compressing file mrvl/usbusb8997_combo_v4.bin
copying/compressing file mrvl/sdsd8997_combo_v4.bin
copying/compressing file mrvl/sdsd8977_combo_v2.bin
copying/compressing file intel/iwlwifi/iwlwifi-3945-2.ucode
copying/compressing file intel/iwlwifi/iwlwifi-4965-2.ucode
copying/compressing file intel/iwlwifi/iwlwifi-5000-5.ucode
copying/compressing file intel/iwlwifi/iwlwifi-5150-2.ucode
copying/compressing file intel/iwlwifi/iwlwifi-1000-5.ucode
copying/compressing file intel/iwlwifi/iwlwifi-6000-4.ucode
copying/compressing file intel/iwlwifi/iwlwifi-6050-5.ucode
copying/compressing file intel/iwlwifi/iwlwifi-6000g2a-6.ucode
copying/compressing file intel/iwlwifi/iwlwifi-6000g2b-6.ucode
copying/compressing file intel/iwlwifi/iwlwifi-135-6.ucode
copying/compressing file intel/iwlwifi/iwlwifi-100-5.ucode
copying/compressing file intel/iwlwifi/iwlwifi-105-6.ucode
copying/compressing file intel/iwlwifi/iwlwifi-2030-6.ucode
copying/compressing file intel/iwlwifi/iwlwifi-2000-6.ucode
copying/compressing file intel/iwlwifi/iwlwifi-7260-17.ucode
copying/compressing file intel/iwlwifi/iwlwifi-3160-17.ucode
copying/compressing file intel/iwlwifi/iwlwifi-7265-17.ucode
copying/compressing file intel/iwlwifi/iwlwifi-7265D-29.ucode
copying/compressing file intel/iwlwifi/iwlwifi-3168-29.ucode
copying/compressing file intel/iwlwifi/iwlwifi-8000C-34.ucode
copying/compressing file intel/iwlwifi/iwlwifi-8000C-36.ucode
copying/compressing file intel/iwlwifi/iwlwifi-8265-34.ucode
copying/compressing file intel/iwlwifi/iwlwifi-8265-36.ucode
copying/compressing file intel/iwlwifi/iwlwifi-9000-pu-b0-jf-b0-34.ucode
copying/compressing file intel/iwlwifi/iwlwifi-9000-pu-b0-jf-b0-38.ucode
copying/compressing file intel/iwlwifi/iwlwifi-9000-pu-b0-jf-b0-46.ucode
copying/compressing file intel/iwlwifi/iwlwifi-9260-th-b0-jf-b0-34.ucode
copying/compressing file intel/iwlwifi/iwlwifi-9260-th-b0-jf-b0-38.ucode
copying/compressing file intel/iwlwifi/iwlwifi-9260-th-b0-jf-b0-46.ucode
copying/compressing file intel/iwlwifi/iwlwifi-cc-a0-50.ucode
copying/compressing file intel/iwlwifi/iwlwifi-Qu-b0-hr-b0-50.ucode
copying/compressing file intel/iwlwifi/iwlwifi-Qu-b0-jf-b0-50.ucode
copying/compressing file intel/iwlwifi/iwlwifi-Qu-c0-hr-b0-50.ucode
copying/compressing file intel/iwlwifi/iwlwifi-Qu-c0-jf-b0-50.ucode
copying/compressing file intel/iwlwifi/iwlwifi-QuZ-a0-hr-b0-50.ucode
copying/compressing file intel/iwlwifi/iwlwifi-QuZ-a0-jf-b0-50.ucode
copying/compressing file intel/iwlwifi/iwlwifi-cc-a0-59.ucode
copying/compressing file intel/iwlwifi/iwlwifi-Qu-b0-hr-b0-59.ucode
copying/compressing file intel/iwlwifi/iwlwifi-Qu-b0-jf-b0-59.ucode
copying/compressing file intel/iwlwifi/iwlwifi-Qu-c0-hr-b0-59.ucode
copying/compressing file intel/iwlwifi/iwlwifi-Qu-c0-jf-b0-59.ucode
copying/compressing file intel/iwlwifi/iwlwifi-QuZ-a0-hr-b0-59.ucode
copying/compressing file intel/iwlwifi/iwlwifi-QuZ-a0-jf-b0-59.ucode
copying/compressing file intel/iwlwifi/iwlwifi-so-a0-gf-a0.pnvm
copying/compressing file intel/iwlwifi/iwlwifi-so-a0-gf4-a0.pnvm
copying/compressing file intel/iwlwifi/iwlwifi-ty-a0-gf-a0-59.ucode
copying/compressing file intel/iwlwifi/iwlwifi-cc-a0-66.ucode
copying/compressing file intel/iwlwifi/iwlwifi-Qu-b0-hr-b0-66.ucode
copying/compressing file intel/iwlwifi/iwlwifi-Qu-b0-jf-b0-66.ucode
copying/compressing file intel/iwlwifi/iwlwifi-Qu-c0-hr-b0-66.ucode
copying/compressing file intel/iwlwifi/iwlwifi-Qu-c0-jf-b0-66.ucode
copying/compressing file intel/iwlwifi/iwlwifi-QuZ-a0-hr-b0-66.ucode
copying/compressing file intel/iwlwifi/iwlwifi-QuZ-a0-jf-b0-66.ucode
copying/compressing file intel/iwlwifi/iwlwifi-ty-a0-gf-a0-66.ucode
copying/compressing file intel/iwlwifi/iwlwifi-cc-a0-72.ucode
copying/compressing file intel/iwlwifi/iwlwifi-Qu-b0-hr-b0-72.ucode
copying/compressing file intel/iwlwifi/iwlwifi-Qu-b0-jf-b0-72.ucode
copying/compressing file intel/iwlwifi/iwlwifi-Qu-c0-hr-b0-72.ucode
copying/compressing file intel/iwlwifi/iwlwifi-Qu-c0-jf-b0-72.ucode
copying/compressing file intel/iwlwifi/iwlwifi-QuZ-a0-hr-b0-72.ucode
copying/compressing file intel/iwlwifi/iwlwifi-QuZ-a0-jf-b0-72.ucode
copying/compressing file intel/iwlwifi/iwlwifi-ty-a0-gf-a0-72.ucode
copying/compressing file intel/iwlwifi/iwlwifi-so-a0-gf4-a0-72.ucode
copying/compressing file intel/iwlwifi/iwlwifi-so-a0-gf-a0-72.ucode
copying/compressing file intel/iwlwifi/iwlwifi-so-a0-hr-b0-72.ucode
copying/compressing file intel/iwlwifi/iwlwifi-so-a0-jf-b0-72.ucode
copying/compressing file intel/iwlwifi/iwlwifi-cc-a0-73.ucode
copying/compressing file intel/iwlwifi/iwlwifi-Qu-b0-hr-b0-73.ucode
copying/compressing file intel/iwlwifi/iwlwifi-Qu-b0-jf-b0-73.ucode
copying/compressing file intel/iwlwifi/iwlwifi-Qu-c0-hr-b0-73.ucode
copying/compressing file intel/iwlwifi/iwlwifi-Qu-c0-jf-b0-73.ucode
copying/compressing file intel/iwlwifi/iwlwifi-QuZ-a0-hr-b0-73.ucode
copying/compressing file intel/iwlwifi/iwlwifi-QuZ-a0-jf-b0-73.ucode
copying/compressing file intel/iwlwifi/iwlwifi-ty-a0-gf-a0-73.ucode
copying/compressing file intel/iwlwifi/iwlwifi-so-a0-gf4-a0-73.ucode
copying/compressing file intel/iwlwifi/iwlwifi-so-a0-gf-a0-73.ucode
copying/compressing file intel/iwlwifi/iwlwifi-so-a0-hr-b0-73.ucode
copying/compressing file intel/iwlwifi/iwlwifi-so-a0-jf-b0-73.ucode
copying/compressing file intel/iwlwifi/iwlwifi-cc-a0-74.ucode
copying/compressing file intel/iwlwifi/iwlwifi-Qu-b0-hr-b0-74.ucode
copying/compressing file intel/iwlwifi/iwlwifi-Qu-b0-jf-b0-74.ucode
copying/compressing file intel/iwlwifi/iwlwifi-Qu-c0-hr-b0-74.ucode
copying/compressing file intel/iwlwifi/iwlwifi-Qu-c0-jf-b0-74.ucode
copying/compressing file intel/iwlwifi/iwlwifi-QuZ-a0-hr-b0-74.ucode
copying/compressing file intel/iwlwifi/iwlwifi-QuZ-a0-jf-b0-74.ucode
copying/compressing file intel/iwlwifi/iwlwifi-ty-a0-gf-a0-74.ucode
copying/compressing file intel/iwlwifi/iwlwifi-so-a0-gf4-a0-74.ucode
copying/compressing file intel/iwlwifi/iwlwifi-so-a0-gf-a0-74.ucode
copying/compressing file intel/iwlwifi/iwlwifi-so-a0-hr-b0-74.ucode
copying/compressing file intel/iwlwifi/iwlwifi-so-a0-jf-b0-74.ucode
copying/compressing file intel/iwlwifi/iwlwifi-cc-a0-77.ucode
copying/compressing file intel/iwlwifi/iwlwifi-Qu-b0-hr-b0-77.ucode
copying/compressing file intel/iwlwifi/iwlwifi-Qu-b0-jf-b0-77.ucode
copying/compressing file intel/iwlwifi/iwlwifi-Qu-c0-hr-b0-77.ucode
copying/compressing file intel/iwlwifi/iwlwifi-Qu-c0-jf-b0-77.ucode
copying/compressing file intel/iwlwifi/iwlwifi-QuZ-a0-hr-b0-77.ucode
copying/compressing file intel/iwlwifi/iwlwifi-QuZ-a0-jf-b0-77.ucode
copying/compressing file intel/iwlwifi/iwlwifi-ty-a0-gf-a0-77.ucode
copying/compressing file intel/iwlwifi/iwlwifi-ty-a0-gf-a0-78.ucode
copying/compressing file intel/iwlwifi/iwlwifi-ty-a0-gf-a0-79.ucode
copying/compressing file intel/iwlwifi/iwlwifi-ty-a0-gf-a0-81.ucode
copying/compressing file intel/iwlwifi/iwlwifi-ty-a0-gf-a0-83.ucode
copying/compressing file intel/iwlwifi/iwlwifi-ty-a0-gf-a0-84.ucode
copying/compressing file intel/iwlwifi/iwlwifi-ty-a0-gf-a0-86.ucode
copying/compressing file intel/iwlwifi/iwlwifi-ty-a0-gf-a0-89.ucode
copying/compressing file intel/iwlwifi/iwlwifi-so-a0-gf4-a0-77.ucode
copying/compressing file intel/iwlwifi/iwlwifi-so-a0-gf4-a0-78.ucode
copying/compressing file intel/iwlwifi/iwlwifi-so-a0-gf4-a0-79.ucode
copying/compressing file intel/iwlwifi/iwlwifi-so-a0-gf4-a0-81.ucode
copying/compressing file intel/iwlwifi/iwlwifi-so-a0-gf4-a0-83.ucode
copying/compressing file intel/iwlwifi/iwlwifi-so-a0-gf4-a0-84.ucode
copying/compressing file intel/iwlwifi/iwlwifi-so-a0-gf4-a0-86.ucode
copying/compressing file intel/iwlwifi/iwlwifi-so-a0-gf4-a0-89.ucode
copying/compressing file intel/iwlwifi/iwlwifi-so-a0-gf-a0-77.ucode
copying/compressing file intel/iwlwifi/iwlwifi-so-a0-gf-a0-78.ucode
copying/compressing file intel/iwlwifi/iwlwifi-so-a0-gf-a0-79.ucode
copying/compressing file intel/iwlwifi/iwlwifi-so-a0-gf-a0-81.ucode
copying/compressing file intel/iwlwifi/iwlwifi-so-a0-gf-a0-83.ucode
copying/compressing file intel/iwlwifi/iwlwifi-so-a0-gf-a0-84.ucode
copying/compressing file intel/iwlwifi/iwlwifi-so-a0-gf-a0-86.ucode
copying/compressing file intel/iwlwifi/iwlwifi-so-a0-gf-a0-89.ucode
copying/compressing file intel/iwlwifi/iwlwifi-so-a0-hr-b0-77.ucode
copying/compressing file intel/iwlwifi/iwlwifi-so-a0-hr-b0-79.ucode
copying/compressing file intel/iwlwifi/iwlwifi-so-a0-hr-b0-81.ucode
copying/compressing file intel/iwlwifi/iwlwifi-so-a0-hr-b0-83.ucode
copying/compressing file intel/iwlwifi/iwlwifi-so-a0-hr-b0-84.ucode
copying/compressing file intel/iwlwifi/iwlwifi-so-a0-hr-b0-86.ucode
copying/compressing file intel/iwlwifi/iwlwifi-so-a0-hr-b0-89.ucode
copying/compressing file intel/iwlwifi/iwlwifi-so-a0-jf-b0-77.ucode
copying/compressing file intel/iwlwifi/iwlwifi-ty-a0-gf-a0.pnvm
copying/compressing file intel/iwlwifi/iwlwifi-bz-b0-hr-b0-93.ucode
copying/compressing file intel/iwlwifi/iwlwifi-bz-b0-hr-b0-96.ucode
copying/compressing file intel/iwlwifi/iwlwifi-bz-b0-hr-b0-98.ucode
copying/compressing file intel/iwlwifi/iwlwifi-bz-b0-hr-b0-100.ucode
copying/compressing file intel/iwlwifi/iwlwifi-bz-b0-hr-b0.pnvm
copying/compressing file intel/iwlwifi/iwlwifi-bz-b0-gf-a0-92.ucode
copying/compressing file intel/iwlwifi/iwlwifi-bz-b0-gf-a0-94.ucode
copying/compressing file intel/iwlwifi/iwlwifi-bz-b0-gf-a0-96.ucode
copying/compressing file intel/iwlwifi/iwlwifi-bz-b0-gf-a0-97.ucode
copying/compressing file intel/iwlwifi/iwlwifi-bz-b0-gf-a0-98.ucode
copying/compressing file intel/iwlwifi/iwlwifi-bz-b0-gf-a0-100.ucode
copying/compressing file intel/iwlwifi/iwlwifi-bz-b0-gf-a0.pnvm
copying/compressing file intel/iwlwifi/iwlwifi-gl-c0-fm-c0-83.ucode
copying/compressing file intel/iwlwifi/iwlwifi-gl-c0-fm-c0-86.ucode
copying/compressing file intel/iwlwifi/iwlwifi-gl-c0-fm-c0-90.ucode
copying/compressing file intel/iwlwifi/iwlwifi-gl-c0-fm-c0-92.ucode
copying/compressing file intel/iwlwifi/iwlwifi-gl-c0-fm-c0-94.ucode
copying/compressing file intel/iwlwifi/iwlwifi-gl-c0-fm-c0-96.ucode
copying/compressing file intel/iwlwifi/iwlwifi-gl-c0-fm-c0-97.ucode
copying/compressing file intel/iwlwifi/iwlwifi-gl-c0-fm-c0-98.ucode
copying/compressing file intel/iwlwifi/iwlwifi-gl-c0-fm-c0-100.ucode
copying/compressing file intel/iwlwifi/iwlwifi-gl-c0-fm-c0-101.ucode
copying/compressing file intel/iwlwifi/iwlwifi-gl-c0-fm-c0-c101.ucode
copying/compressing file intel/iwlwifi/iwlwifi-gl-c0-fm-c0-c102.ucode
copying/compressing file intel/iwlwifi/iwlwifi-gl-c0-fm-c0.pnvm
copying/compressing file intel/iwlwifi/iwlwifi-bz-b0-fm-c0-92.ucode
copying/compressing file intel/iwlwifi/iwlwifi-bz-b0-fm-c0-93.ucode
copying/compressing file intel/iwlwifi/iwlwifi-bz-b0-fm-c0-94.ucode
copying/compressing file intel/iwlwifi/iwlwifi-bz-b0-fm-c0-96.ucode
copying/compressing file intel/iwlwifi/iwlwifi-bz-b0-fm-c0-97.ucode
copying/compressing file intel/iwlwifi/iwlwifi-bz-b0-fm-c0-98.ucode
copying/compressing file intel/iwlwifi/iwlwifi-bz-b0-fm-c0-100.ucode
copying/compressing file intel/iwlwifi/iwlwifi-bz-b0-fm-c0-101.ucode
copying/compressing file intel/iwlwifi/iwlwifi-bz-b0-fm-c0-c101.ucode
copying/compressing file intel/iwlwifi/iwlwifi-bz-b0-fm-c0-c102.ucode
copying/compressing file intel/iwlwifi/iwlwifi-bz-b0-fm-c0.pnvm
copying/compressing file intel/iwlwifi/iwlwifi-ma-b0-gf-a0-83.ucode
copying/compressing file intel/iwlwifi/iwlwifi-ma-b0-gf-a0-86.ucode
copying/compressing file intel/iwlwifi/iwlwifi-ma-b0-gf-a0-89.ucode
copying/compressing file intel/iwlwifi/iwlwifi-ma-b0-gf-a0.pnvm
copying/compressing file intel/iwlwifi/iwlwifi-ma-b0-gf4-a0-83.ucode
copying/compressing file intel/iwlwifi/iwlwifi-ma-b0-gf4-a0-86.ucode
copying/compressing file intel/iwlwifi/iwlwifi-ma-b0-gf4-a0-89.ucode
copying/compressing file intel/iwlwifi/iwlwifi-ma-b0-gf4-a0.pnvm
copying/compressing file intel/iwlwifi/iwlwifi-ma-b0-hr-b0-83.ucode
copying/compressing file intel/iwlwifi/iwlwifi-ma-b0-hr-b0-86.ucode
copying/compressing file intel/iwlwifi/iwlwifi-ma-b0-hr-b0-89.ucode
copying/compressing file intel/iwlwifi/iwlwifi-sc-a0-wh-b0-101.ucode
copying/compressing file intel/iwlwifi/iwlwifi-sc-a0-wh-b0-c101.ucode
copying/compressing file intel/iwlwifi/iwlwifi-sc-a0-wh-b0-c102.ucode
copying/compressing file intel/iwlwifi/iwlwifi-sc-a0-gf-a0-100.ucode
copying/compressing file intel/iwlwifi/iwlwifi-sc-a0-fm-c0-c101.ucode
copying/compressing file intel/iwlwifi/iwlwifi-sc-a0-fm-c0-c102.ucode
copying/compressing file intel/ipu/shisp_2400b0_v21.bin
copying/compressing file intel/ipu/shisp_2401a0_v21.bin
copying/compressing file intel/ipu/irci_irci_ecr-master_20161208_0213_20170112_1500.bin
copying/compressing file intel/ipu/ipu6epadln_fw.bin
copying/compressing file intel/ipu/ipu6ep_fw.bin
copying/compressing file intel/ipu/ipu6epmtl_fw.bin
copying/compressing file intel/ipu/ipu6_fw.bin
copying/compressing file intel/ipu/ipu6se_fw.bin
copying/compressing file intel/ipu/ipu7_fw.bin
copying/compressing file intel/ipu/ipu7ptl_fw.bin
copying/compressing file intel/vsc/ivsc_fw.bin
copying/compressing file intel/vsc/ivsc_pkg_hi556_0.bin
copying/compressing file intel/vsc/ivsc_pkg_himx11b1_0.bin
copying/compressing file intel/vsc/ivsc_pkg_himx2170_0.bin
copying/compressing file intel/vsc/ivsc_pkg_himx2172_0.bin
copying/compressing file intel/vsc/ivsc_pkg_int3537_0.bin
copying/compressing file intel/vsc/ivsc_pkg_ovti01a0_0.bin
copying/compressing file intel/vsc/ivsc_pkg_ovti01af_0.bin
copying/compressing file intel/vsc/ivsc_pkg_ovti01as_0.bin
copying/compressing file intel/vsc/ivsc_pkg_ovti02c1_0.bin
copying/compressing file intel/vsc/ivsc_pkg_ovti02e1_0.bin
copying/compressing file intel/vsc/ivsc_pkg_ovti2740_0.bin
copying/compressing file intel/vsc/ivsc_pkg_ovti5678_0.bin
copying/compressing file intel/vsc/ivsc_pkg_ovti9734_0.bin
copying/compressing file intel/vsc/ivsc_pkg_ovti9738_0.bin
copying/compressing file intel/vsc/ivsc_skucfg_hi556_0_1.bin
copying/compressing file intel/vsc/ivsc_skucfg_himx11b1_0_1.bin
copying/compressing file intel/vsc/ivsc_skucfg_himx2170_0_1.bin
copying/compressing file intel/vsc/ivsc_skucfg_himx2172_0_1.bin
copying/compressing file intel/vsc/ivsc_skucfg_int3537_0_1.bin
copying/compressing file intel/vsc/ivsc_skucfg_ovti01a0_0_1.bin
copying/compressing file intel/vsc/ivsc_skucfg_ovti01af_0_1.bin
copying/compressing file intel/vsc/ivsc_skucfg_ovti01as_0_1.bin
copying/compressing file intel/vsc/ivsc_skucfg_ovti02c1_0_1.bin
copying/compressing file intel/vsc/ivsc_skucfg_ovti02e1_0_1.bin
copying/compressing file intel/vsc/ivsc_skucfg_ovti2740_0_1.bin
copying/compressing file intel/vsc/ivsc_skucfg_ovti5678_0_1.bin
copying/compressing file intel/vsc/ivsc_skucfg_ovti9734_0_1.bin
copying/compressing file intel/vsc/ivsc_skucfg_ovti9738_0_1.bin
copying/compressing file ixp4xx/NPE-A
copying/compressing file ixp4xx/NPE-A-HSS
copying/compressing file ixp4xx/NPE-B
copying/compressing file ixp4xx/NPE-C
copying/compressing file tehuti/bdx.bin
copying/compressing file 3com/typhoon.bin
copying/compressing file yam/1200.bin
copying/compressing file yam/9600.bin
copying/compressing file cis/LA-PCM.cis
copying/compressing file cis/PCMLM28.cis
copying/compressing file cis/DP83903.cis
copying/compressing file cis/NE2K.cis
copying/compressing file cis/tamarack.cis
copying/compressing file cis/PE-200.cis
copying/compressing file cis/PE520.cis
copying/compressing file cis/3CXEM556.cis
copying/compressing file cis/3CCFEM556.cis
copying/compressing file cis/MT5634ZLX.cis
copying/compressing file cis/RS-COM-2P.cis
copying/compressing file cis/COMpad2.cis
copying/compressing file cis/COMpad4.cis
copying/compressing file cis/SW_555_SER.cis
copying/compressing file cis/SW_7xx_SER.cis
copying/compressing file cis/SW_8xx_SER.cis
copying/compressing file ositech/Xilinx7OD.bin
copying/compressing file v4l-cx231xx-avcore-01.fw
copying/compressing file v4l-cx23418-apu.fw
copying/compressing file v4l-cx23418-cpu.fw
copying/compressing file v4l-cx23418-dig.fw
copying/compressing file v4l-cx23885-avcore-01.fw
copying/compressing file v4l-cx25840.fw
copying/compressing file qlogic/isp1000.bin
copying/compressing file myricom/lanai.bin
copying/compressing file bnx2x/bnx2x-e1-7.13.1.0.fw
copying/compressing file bnx2x/bnx2x-e1-7.13.11.0.fw
copying/compressing file bnx2x/bnx2x-e1-7.13.15.0.fw
copying/compressing file bnx2x/bnx2x-e1-7.13.21.0.fw
copying/compressing file bnx2x/bnx2x-e1h-7.13.1.0.fw
copying/compressing file bnx2x/bnx2x-e1h-7.13.11.0.fw
copying/compressing file bnx2x/bnx2x-e1h-7.13.15.0.fw
copying/compressing file bnx2x/bnx2x-e1h-7.13.21.0.fw
copying/compressing file bnx2x/bnx2x-e2-7.13.1.0.fw
copying/compressing file bnx2x/bnx2x-e2-7.13.11.0.fw
copying/compressing file bnx2x/bnx2x-e2-7.13.15.0.fw
copying/compressing file bnx2x/bnx2x-e2-7.13.21.0.fw
copying/compressing file bnx2/bnx2-mips-06-6.2.3.fw
copying/compressing file bnx2/bnx2-mips-09-6.2.1b.fw
copying/compressing file bnx2/bnx2-rv2p-06-6.0.15.fw
copying/compressing file bnx2/bnx2-rv2p-09-6.0.17.fw
copying/compressing file bnx2/bnx2-rv2p-09ax-6.0.17.fw
copying/compressing file phanfw.bin
copying/compressing file av7110/bootcode.bin
copying/compressing file yamaha/yss225_registers.bin
copying/compressing file rt2561.bin
copying/compressing file rt2561s.bin
copying/compressing file rt2661.bin
copying/compressing file rt73.bin
copying/compressing file mediatek/mt7601u.bin
copying/compressing file rt2860.bin
copying/compressing file rt3290.bin
copying/compressing file rt2870.bin
copying/compressing file rt3071.bin
copying/compressing file usbdux_firmware.bin
copying/compressing file usbduxfast_firmware.bin
copying/compressing file usbduxsigma_firmware.bin
copying/compressing file dvb-fe-xc4000-1.4.1.fw
copying/compressing file dvb-fe-xc5000-1.6.114.fw
copying/compressing file dvb-fe-xc5000c-4.1.30.7.fw
copying/compressing file dvb-usb-dib0700-1.20.fw
copying/compressing file ath3k-1.fw
copying/compressing file matrox/g200_warp.fw
copying/compressing file matrox/g400_warp.fw
copying/compressing file r128/r128_cce.bin
copying/compressing file radeon/R100_cp.bin
copying/compressing file radeon/R200_cp.bin
copying/compressing file radeon/R300_cp.bin
copying/compressing file radeon/R420_cp.bin
copying/compressing file radeon/RS600_cp.bin
copying/compressing file radeon/RS690_cp.bin
copying/compressing file radeon/R520_cp.bin
copying/compressing file radeon/R600_pfp.bin
copying/compressing file radeon/R600_me.bin
copying/compressing file radeon/RV610_pfp.bin
copying/compressing file radeon/RV610_me.bin
copying/compressing file radeon/RV630_pfp.bin
copying/compressing file radeon/RV630_me.bin
copying/compressing file radeon/RV620_pfp.bin
copying/compressing file radeon/RV620_me.bin
copying/compressing file radeon/RV635_pfp.bin
copying/compressing file radeon/RV635_me.bin
copying/compressing file radeon/RV670_pfp.bin
copying/compressing file radeon/RV670_me.bin
copying/compressing file radeon/RS780_pfp.bin
copying/compressing file radeon/RS780_me.bin
copying/compressing file radeon/RV770_pfp.bin
copying/compressing file radeon/RV770_me.bin
copying/compressing file radeon/RV730_pfp.bin
copying/compressing file radeon/RV730_me.bin
copying/compressing file radeon/RV710_pfp.bin
copying/compressing file radeon/RV710_me.bin
copying/compressing file radeon/R600_rlc.bin
copying/compressing file radeon/R600_uvd.bin
copying/compressing file radeon/RS780_uvd.bin
copying/compressing file radeon/R700_rlc.bin
copying/compressing file radeon/RV710_uvd.bin
copying/compressing file radeon/RV710_smc.bin
copying/compressing file radeon/RV730_smc.bin
copying/compressing file radeon/RV740_smc.bin
copying/compressing file radeon/RV770_smc.bin
copying/compressing file radeon/RV770_uvd.bin
copying/compressing file radeon/CEDAR_me.bin
copying/compressing file radeon/CEDAR_pfp.bin
copying/compressing file radeon/CEDAR_rlc.bin
copying/compressing file radeon/CEDAR_smc.bin
copying/compressing file radeon/CYPRESS_me.bin
copying/compressing file radeon/CYPRESS_pfp.bin
copying/compressing file radeon/CYPRESS_rlc.bin
copying/compressing file radeon/CYPRESS_uvd.bin
copying/compressing file radeon/CYPRESS_smc.bin
copying/compressing file radeon/JUNIPER_me.bin
copying/compressing file radeon/JUNIPER_pfp.bin
copying/compressing file radeon/JUNIPER_rlc.bin
copying/compressing file radeon/JUNIPER_smc.bin
copying/compressing file radeon/REDWOOD_me.bin
copying/compressing file radeon/REDWOOD_pfp.bin
copying/compressing file radeon/REDWOOD_rlc.bin
copying/compressing file radeon/REDWOOD_smc.bin
copying/compressing file radeon/PALM_me.bin
copying/compressing file radeon/PALM_pfp.bin
copying/compressing file radeon/SUMO_rlc.bin
copying/compressing file radeon/SUMO_uvd.bin
copying/compressing file radeon/BARTS_mc.bin
copying/compressing file radeon/BARTS_me.bin
copying/compressing file radeon/BARTS_pfp.bin
copying/compressing file radeon/BARTS_smc.bin
copying/compressing file radeon/BTC_rlc.bin
copying/compressing file radeon/CAICOS_mc.bin
copying/compressing file radeon/CAICOS_me.bin
copying/compressing file radeon/CAICOS_pfp.bin
copying/compressing file radeon/CAICOS_smc.bin
copying/compressing file radeon/TURKS_mc.bin
copying/compressing file radeon/TURKS_me.bin
copying/compressing file radeon/TURKS_pfp.bin
copying/compressing file radeon/TURKS_smc.bin
copying/compressing file radeon/CAYMAN_mc.bin
copying/compressing file radeon/CAYMAN_me.bin
copying/compressing file radeon/CAYMAN_pfp.bin
copying/compressing file radeon/CAYMAN_rlc.bin
copying/compressing file radeon/CAYMAN_smc.bin
copying/compressing file radeon/SUMO_pfp.bin
copying/compressing file radeon/SUMO_me.bin
copying/compressing file radeon/SUMO2_pfp.bin
copying/compressing file radeon/SUMO2_me.bin
copying/compressing file radeon/ARUBA_me.bin
copying/compressing file radeon/ARUBA_pfp.bin
copying/compressing file radeon/ARUBA_rlc.bin
copying/compressing file radeon/PITCAIRN_ce.bin
copying/compressing file radeon/PITCAIRN_mc.bin
copying/compressing file radeon/PITCAIRN_mc2.bin
copying/compressing file radeon/PITCAIRN_me.bin
copying/compressing file radeon/PITCAIRN_pfp.bin
copying/compressing file radeon/PITCAIRN_rlc.bin
copying/compressing file radeon/PITCAIRN_smc.bin
copying/compressing file radeon/TAHITI_ce.bin
copying/compressing file radeon/TAHITI_mc.bin
copying/compressing file radeon/TAHITI_mc2.bin
copying/compressing file radeon/TAHITI_me.bin
copying/compressing file radeon/TAHITI_pfp.bin
copying/compressing file radeon/TAHITI_rlc.bin
copying/compressing file radeon/TAHITI_uvd.bin
copying/compressing file radeon/TAHITI_smc.bin
copying/compressing file radeon/TAHITI_vce.bin
copying/compressing file radeon/VERDE_ce.bin
copying/compressing file radeon/VERDE_mc.bin
copying/compressing file radeon/VERDE_mc2.bin
copying/compressing file radeon/VERDE_me.bin
copying/compressing file radeon/VERDE_pfp.bin
copying/compressing file radeon/VERDE_rlc.bin
copying/compressing file radeon/VERDE_smc.bin
copying/compressing file radeon/OLAND_ce.bin
copying/compressing file radeon/OLAND_mc.bin
copying/compressing file radeon/OLAND_mc2.bin
copying/compressing file radeon/OLAND_me.bin
copying/compressing file radeon/OLAND_pfp.bin
copying/compressing file radeon/OLAND_rlc.bin
copying/compressing file radeon/OLAND_smc.bin
copying/compressing file radeon/HAINAN_ce.bin
copying/compressing file radeon/HAINAN_mc.bin
copying/compressing file radeon/HAINAN_mc2.bin
copying/compressing file radeon/HAINAN_me.bin
copying/compressing file radeon/HAINAN_pfp.bin
copying/compressing file radeon/HAINAN_rlc.bin
copying/compressing file radeon/HAINAN_smc.bin
copying/compressing file radeon/BONAIRE_ce.bin
copying/compressing file radeon/BONAIRE_mc.bin
copying/compressing file radeon/BONAIRE_mc2.bin
copying/compressing file radeon/BONAIRE_me.bin
copying/compressing file radeon/BONAIRE_mec.bin
copying/compressing file radeon/BONAIRE_pfp.bin
copying/compressing file radeon/BONAIRE_rlc.bin
copying/compressing file radeon/BONAIRE_sdma.bin
copying/compressing file radeon/BONAIRE_uvd.bin
copying/compressing file radeon/BONAIRE_smc.bin
copying/compressing file radeon/BONAIRE_vce.bin
copying/compressing file radeon/KABINI_ce.bin
copying/compressing file radeon/KABINI_me.bin
copying/compressing file radeon/KABINI_mec.bin
copying/compressing file radeon/KABINI_pfp.bin
copying/compressing file radeon/KABINI_rlc.bin
copying/compressing file radeon/KABINI_sdma.bin
copying/compressing file radeon/KAVERI_ce.bin
copying/compressing file radeon/KAVERI_me.bin
copying/compressing file radeon/KAVERI_mec.bin
copying/compressing file radeon/KAVERI_pfp.bin
copying/compressing file radeon/KAVERI_rlc.bin
copying/compressing file radeon/KAVERI_sdma.bin
copying/compressing file radeon/HAWAII_ce.bin
copying/compressing file radeon/HAWAII_mc.bin
copying/compressing file radeon/HAWAII_mc2.bin
copying/compressing file radeon/HAWAII_me.bin
copying/compressing file radeon/HAWAII_mec.bin
copying/compressing file radeon/HAWAII_pfp.bin
copying/compressing file radeon/HAWAII_rlc.bin
copying/compressing file radeon/HAWAII_sdma.bin
copying/compressing file radeon/HAWAII_smc.bin
copying/compressing file radeon/MULLINS_ce.bin
copying/compressing file radeon/MULLINS_me.bin
copying/compressing file radeon/MULLINS_mec.bin
copying/compressing file radeon/MULLINS_pfp.bin
copying/compressing file radeon/MULLINS_rlc.bin
copying/compressing file radeon/MULLINS_sdma.bin
copying/compressing file radeon/pitcairn_ce.bin
copying/compressing file radeon/pitcairn_k_smc.bin
copying/compressing file radeon/pitcairn_mc.bin
copying/compressing file radeon/pitcairn_me.bin
copying/compressing file radeon/pitcairn_pfp.bin
copying/compressing file radeon/pitcairn_rlc.bin
copying/compressing file radeon/pitcairn_smc.bin
copying/compressing file radeon/tahiti_ce.bin
copying/compressing file radeon/tahiti_k_smc.bin
copying/compressing file radeon/tahiti_mc.bin
copying/compressing file radeon/tahiti_me.bin
copying/compressing file radeon/tahiti_pfp.bin
copying/compressing file radeon/tahiti_rlc.bin
copying/compressing file radeon/tahiti_smc.bin
copying/compressing file radeon/verde_ce.bin
copying/compressing file radeon/verde_k_smc.bin
copying/compressing file radeon/verde_mc.bin
copying/compressing file radeon/verde_me.bin
copying/compressing file radeon/verde_pfp.bin
copying/compressing file radeon/verde_rlc.bin
copying/compressing file radeon/verde_smc.bin
copying/compressing file radeon/oland_ce.bin
copying/compressing file radeon/oland_k_smc.bin
copying/compressing file radeon/oland_mc.bin
copying/compressing file radeon/oland_me.bin
copying/compressing file radeon/oland_pfp.bin
copying/compressing file radeon/oland_rlc.bin
copying/compressing file radeon/oland_smc.bin
copying/compressing file radeon/hainan_ce.bin
copying/compressing file radeon/hainan_k_smc.bin
copying/compressing file radeon/hainan_mc.bin
copying/compressing file radeon/hainan_me.bin
copying/compressing file radeon/hainan_pfp.bin
copying/compressing file radeon/hainan_rlc.bin
copying/compressing file radeon/hainan_smc.bin
copying/compressing file radeon/bonaire_ce.bin
copying/compressing file radeon/bonaire_k_smc.bin
copying/compressing file radeon/bonaire_mc.bin
copying/compressing file radeon/bonaire_me.bin
copying/compressing file radeon/bonaire_mec.bin
copying/compressing file radeon/bonaire_pfp.bin
copying/compressing file radeon/bonaire_rlc.bin
copying/compressing file radeon/bonaire_sdma.bin
copying/compressing file radeon/bonaire_sdma1.bin
copying/compressing file radeon/bonaire_smc.bin
copying/compressing file radeon/bonaire_uvd.bin
copying/compressing file radeon/bonaire_vce.bin
copying/compressing file radeon/kabini_ce.bin
copying/compressing file radeon/kabini_me.bin
copying/compressing file radeon/kabini_mec.bin
copying/compressing file radeon/kabini_pfp.bin
copying/compressing file radeon/kabini_rlc.bin
copying/compressing file radeon/kabini_sdma.bin
copying/compressing file radeon/kabini_sdma1.bin
copying/compressing file radeon/kabini_uvd.bin
copying/compressing file radeon/kabini_vce.bin
copying/compressing file radeon/kaveri_ce.bin
copying/compressing file radeon/kaveri_me.bin
copying/compressing file radeon/kaveri_mec.bin
copying/compressing file radeon/kaveri_mec2.bin
copying/compressing file radeon/kaveri_pfp.bin
copying/compressing file radeon/kaveri_rlc.bin
copying/compressing file radeon/kaveri_sdma.bin
copying/compressing file radeon/kaveri_sdma1.bin
copying/compressing file radeon/kaveri_uvd.bin
copying/compressing file radeon/kaveri_vce.bin
copying/compressing file radeon/hawaii_ce.bin
copying/compressing file radeon/hawaii_k_smc.bin
copying/compressing file radeon/hawaii_mc.bin
copying/compressing file radeon/hawaii_me.bin
copying/compressing file radeon/hawaii_mec.bin
copying/compressing file radeon/hawaii_pfp.bin
copying/compressing file radeon/hawaii_rlc.bin
copying/compressing file radeon/hawaii_sdma.bin
copying/compressing file radeon/hawaii_sdma1.bin
copying/compressing file radeon/hawaii_smc.bin
copying/compressing file radeon/hawaii_uvd.bin
copying/compressing file radeon/hawaii_vce.bin
copying/compressing file radeon/mullins_ce.bin
copying/compressing file radeon/mullins_me.bin
copying/compressing file radeon/mullins_mec.bin
copying/compressing file radeon/mullins_pfp.bin
copying/compressing file radeon/mullins_rlc.bin
copying/compressing file radeon/mullins_sdma.bin
copying/compressing file radeon/mullins_sdma1.bin
copying/compressing file radeon/mullins_uvd.bin
copying/compressing file radeon/mullins_vce.bin
copying/compressing file radeon/banks_k_2_smc.bin
copying/compressing file radeon/si58_mc.bin
copying/compressing file aeonsemi/as21x1x_fw.bin
copying/compressing file airoha/EthMD32.dm.bin
copying/compressing file airoha/EthMD32.DSP.bin
copying/compressing file airoha/an8811hb/EthMD32_CRC.DM.bin
copying/compressing file airoha/an8811hb/EthMD32_CRC.DSP.bin
copying/compressing file airoha/en7581_npu_data.bin
copying/compressing file airoha/en7581_npu_rv32.bin
copying/compressing file airoha/en7581_MT7996_npu_data.bin
copying/compressing file airoha/en7581_MT7996_npu_rv32.bin
copying/compressing file airoha/an7583_npu_data.bin
copying/compressing file airoha/an7583_npu_rv32.bin
copying/compressing file amdgpu/tahiti_ce.bin
copying/compressing file amdgpu/tahiti_k_smc.bin
copying/compressing file amdgpu/tahiti_mc.bin
copying/compressing file amdgpu/tahiti_me.bin
copying/compressing file amdgpu/tahiti_pfp.bin
copying/compressing file amdgpu/tahiti_rlc.bin
copying/compressing file amdgpu/tahiti_smc.bin
copying/compressing file amdgpu/tahiti_uvd.bin
copying/compressing file amdgpu/pitcairn_ce.bin
copying/compressing file amdgpu/pitcairn_k_smc.bin
copying/compressing file amdgpu/pitcairn_mc.bin
copying/compressing file amdgpu/pitcairn_me.bin
copying/compressing file amdgpu/pitcairn_pfp.bin
copying/compressing file amdgpu/pitcairn_rlc.bin
copying/compressing file amdgpu/pitcairn_smc.bin
copying/compressing file amdgpu/pitcairn_uvd.bin
copying/compressing file amdgpu/verde_ce.bin
copying/compressing file amdgpu/verde_k_smc.bin
copying/compressing file amdgpu/verde_mc.bin
copying/compressing file amdgpu/verde_me.bin
copying/compressing file amdgpu/verde_pfp.bin
copying/compressing file amdgpu/verde_rlc.bin
copying/compressing file amdgpu/verde_smc.bin
copying/compressing file amdgpu/verde_uvd.bin
copying/compressing file amdgpu/hainan_ce.bin
copying/compressing file amdgpu/hainan_k_smc.bin
copying/compressing file amdgpu/hainan_mc.bin
copying/compressing file amdgpu/hainan_me.bin
copying/compressing file amdgpu/hainan_pfp.bin
copying/compressing file amdgpu/hainan_rlc.bin
copying/compressing file amdgpu/hainan_smc.bin
copying/compressing file amdgpu/oland_ce.bin
copying/compressing file amdgpu/oland_k_smc.bin
copying/compressing file amdgpu/oland_mc.bin
copying/compressing file amdgpu/oland_me.bin
copying/compressing file amdgpu/oland_pfp.bin
copying/compressing file amdgpu/oland_rlc.bin
copying/compressing file amdgpu/oland_smc.bin
copying/compressing file amdgpu/oland_uvd.bin
copying/compressing file amdgpu/si58_mc.bin
copying/compressing file amdgpu/banks_k_2_smc.bin
copying/compressing file amdgpu/bonaire_ce.bin
copying/compressing file amdgpu/bonaire_k_smc.bin
copying/compressing file amdgpu/bonaire_mc.bin
copying/compressing file amdgpu/bonaire_me.bin
copying/compressing file amdgpu/bonaire_mec.bin
copying/compressing file amdgpu/bonaire_pfp.bin
copying/compressing file amdgpu/bonaire_rlc.bin
copying/compressing file amdgpu/bonaire_sdma.bin
copying/compressing file amdgpu/bonaire_sdma1.bin
copying/compressing file amdgpu/bonaire_smc.bin
copying/compressing file amdgpu/bonaire_uvd.bin
copying/compressing file amdgpu/bonaire_vce.bin
copying/compressing file amdgpu/hawaii_ce.bin
copying/compressing file amdgpu/hawaii_k_smc.bin
copying/compressing file amdgpu/hawaii_mc.bin
copying/compressing file amdgpu/hawaii_me.bin
copying/compressing file amdgpu/hawaii_mec.bin
copying/compressing file amdgpu/hawaii_pfp.bin
copying/compressing file amdgpu/hawaii_rlc.bin
copying/compressing file amdgpu/hawaii_sdma.bin
copying/compressing file amdgpu/hawaii_sdma1.bin
copying/compressing file amdgpu/hawaii_smc.bin
copying/compressing file amdgpu/hawaii_uvd.bin
copying/compressing file amdgpu/hawaii_vce.bin
copying/compressing file amdgpu/kabini_ce.bin
copying/compressing file amdgpu/kabini_me.bin
copying/compressing file amdgpu/kabini_mec.bin
copying/compressing file amdgpu/kabini_pfp.bin
copying/compressing file amdgpu/kabini_rlc.bin
copying/compressing file amdgpu/kabini_sdma.bin
copying/compressing file amdgpu/kabini_sdma1.bin
copying/compressing file amdgpu/kabini_uvd.bin
copying/compressing file amdgpu/kabini_vce.bin
copying/compressing file amdgpu/mullins_ce.bin
copying/compressing file amdgpu/mullins_me.bin
copying/compressing file amdgpu/mullins_mec.bin
copying/compressing file amdgpu/mullins_pfp.bin
copying/compressing file amdgpu/mullins_rlc.bin
copying/compressing file amdgpu/mullins_sdma.bin
copying/compressing file amdgpu/mullins_sdma1.bin
copying/compressing file amdgpu/mullins_uvd.bin
copying/compressing file amdgpu/mullins_vce.bin
copying/compressing file amdgpu/kaveri_ce.bin
copying/compressing file amdgpu/kaveri_me.bin
copying/compressing file amdgpu/kaveri_mec.bin
copying/compressing file amdgpu/kaveri_mec2.bin
copying/compressing file amdgpu/kaveri_pfp.bin
copying/compressing file amdgpu/kaveri_rlc.bin
copying/compressing file amdgpu/kaveri_sdma.bin
copying/compressing file amdgpu/kaveri_sdma1.bin
copying/compressing file amdgpu/kaveri_uvd.bin
copying/compressing file amdgpu/kaveri_vce.bin
copying/compressing file amdgpu/topaz_ce.bin
copying/compressing file amdgpu/topaz_k_smc.bin
copying/compressing file amdgpu/topaz_mc.bin
copying/compressing file amdgpu/topaz_me.bin
copying/compressing file amdgpu/topaz_mec2.bin
copying/compressing file amdgpu/topaz_mec.bin
copying/compressing file amdgpu/topaz_pfp.bin
copying/compressing file amdgpu/topaz_rlc.bin
copying/compressing file amdgpu/topaz_sdma1.bin
copying/compressing file amdgpu/topaz_sdma.bin
copying/compressing file amdgpu/topaz_smc.bin
copying/compressing file amdgpu/tonga_ce.bin
copying/compressing file amdgpu/tonga_k_smc.bin
copying/compressing file amdgpu/tonga_mc.bin
copying/compressing file amdgpu/tonga_me.bin
copying/compressing file amdgpu/tonga_mec2.bin
copying/compressing file amdgpu/tonga_mec.bin
copying/compressing file amdgpu/tonga_pfp.bin
copying/compressing file amdgpu/tonga_rlc.bin
copying/compressing file amdgpu/tonga_sdma1.bin
copying/compressing file amdgpu/tonga_sdma.bin
copying/compressing file amdgpu/tonga_smc.bin
copying/compressing file amdgpu/tonga_uvd.bin
copying/compressing file amdgpu/tonga_vce.bin
copying/compressing file amdgpu/carrizo_ce.bin
copying/compressing file amdgpu/carrizo_me.bin
copying/compressing file amdgpu/carrizo_mec2.bin
copying/compressing file amdgpu/carrizo_mec.bin
copying/compressing file amdgpu/carrizo_pfp.bin
copying/compressing file amdgpu/carrizo_rlc.bin
copying/compressing file amdgpu/carrizo_sdma1.bin
copying/compressing file amdgpu/carrizo_sdma.bin
copying/compressing file amdgpu/carrizo_uvd.bin
copying/compressing file amdgpu/carrizo_vce.bin
copying/compressing file amdgpu/fiji_ce.bin
copying/compressing file amdgpu/fiji_mc.bin
copying/compressing file amdgpu/fiji_me.bin
copying/compressing file amdgpu/fiji_mec2.bin
copying/compressing file amdgpu/fiji_mec.bin
copying/compressing file amdgpu/fiji_pfp.bin
copying/compressing file amdgpu/fiji_rlc.bin
copying/compressing file amdgpu/fiji_sdma1.bin
copying/compressing file amdgpu/fiji_sdma.bin
copying/compressing file amdgpu/fiji_smc.bin
copying/compressing file amdgpu/fiji_uvd.bin
copying/compressing file amdgpu/fiji_vce.bin
copying/compressing file amdgpu/stoney_ce.bin
copying/compressing file amdgpu/stoney_me.bin
copying/compressing file amdgpu/stoney_mec.bin
copying/compressing file amdgpu/stoney_pfp.bin
copying/compressing file amdgpu/stoney_rlc.bin
copying/compressing file amdgpu/stoney_sdma.bin
copying/compressing file amdgpu/stoney_uvd.bin
copying/compressing file amdgpu/stoney_vce.bin
copying/compressing file amdgpu/polaris10_ce.bin
copying/compressing file amdgpu/polaris10_ce_2.bin
copying/compressing file amdgpu/polaris10_mc.bin
copying/compressing file amdgpu/polaris10_k_mc.bin
copying/compressing file amdgpu/polaris10_me.bin
copying/compressing file amdgpu/polaris10_me_2.bin
copying/compressing file amdgpu/polaris10_mec2.bin
copying/compressing file amdgpu/polaris10_mec2_2.bin
copying/compressing file amdgpu/polaris10_mec.bin
copying/compressing file amdgpu/polaris10_mec_2.bin
copying/compressing file amdgpu/polaris10_pfp.bin
copying/compressing file amdgpu/polaris10_pfp_2.bin
copying/compressing file amdgpu/polaris10_rlc.bin
copying/compressing file amdgpu/polaris10_sdma1.bin
copying/compressing file amdgpu/polaris10_sdma.bin
copying/compressing file amdgpu/polaris10_smc.bin
copying/compressing file amdgpu/polaris10_k_smc.bin
copying/compressing file amdgpu/polaris10_k2_smc.bin
copying/compressing file amdgpu/polaris10_smc_sk.bin
copying/compressing file amdgpu/polaris10_uvd.bin
copying/compressing file amdgpu/polaris10_vce.bin
copying/compressing file amdgpu/polaris11_ce.bin
copying/compressing file amdgpu/polaris11_ce_2.bin
copying/compressing file amdgpu/polaris11_mc.bin
copying/compressing file amdgpu/polaris11_k_mc.bin
copying/compressing file amdgpu/polaris11_me.bin
copying/compressing file amdgpu/polaris11_me_2.bin
copying/compressing file amdgpu/polaris11_mec2.bin
copying/compressing file amdgpu/polaris11_mec2_2.bin
copying/compressing file amdgpu/polaris11_mec.bin
copying/compressing file amdgpu/polaris11_mec_2.bin
copying/compressing file amdgpu/polaris11_pfp.bin
copying/compressing file amdgpu/polaris11_pfp_2.bin
copying/compressing file amdgpu/polaris11_rlc.bin
copying/compressing file amdgpu/polaris11_sdma1.bin
copying/compressing file amdgpu/polaris11_sdma.bin
copying/compressing file amdgpu/polaris11_smc.bin
copying/compressing file amdgpu/polaris11_k_smc.bin
copying/compressing file amdgpu/polaris11_k2_smc.bin
copying/compressing file amdgpu/polaris11_smc_sk.bin
copying/compressing file amdgpu/polaris11_uvd.bin
copying/compressing file amdgpu/polaris11_vce.bin
copying/compressing file amdgpu/polaris12_ce.bin
copying/compressing file amdgpu/polaris12_ce_2.bin
copying/compressing file amdgpu/polaris12_mc.bin
copying/compressing file amdgpu/polaris12_k_mc.bin
copying/compressing file amdgpu/polaris12_32_mc.bin
copying/compressing file amdgpu/polaris12_me.bin
copying/compressing file amdgpu/polaris12_me_2.bin
copying/compressing file amdgpu/polaris12_mec.bin
copying/compressing file amdgpu/polaris12_mec_2.bin
copying/compressing file amdgpu/polaris12_mec2.bin
copying/compressing file amdgpu/polaris12_mec2_2.bin
copying/compressing file amdgpu/polaris12_pfp.bin
copying/compressing file amdgpu/polaris12_pfp_2.bin
copying/compressing file amdgpu/polaris12_rlc.bin
copying/compressing file amdgpu/polaris12_sdma.bin
copying/compressing file amdgpu/polaris12_sdma1.bin
copying/compressing file amdgpu/polaris12_smc.bin
copying/compressing file amdgpu/polaris12_k_smc.bin
copying/compressing file amdgpu/polaris12_uvd.bin
copying/compressing file amdgpu/polaris12_vce.bin
copying/compressing file amdgpu/vegam_ce.bin
copying/compressing file amdgpu/vegam_me.bin
copying/compressing file amdgpu/vegam_mec.bin
copying/compressing file amdgpu/vegam_mec2.bin
copying/compressing file amdgpu/vegam_pfp.bin
copying/compressing file amdgpu/vegam_rlc.bin
copying/compressing file amdgpu/vegam_sdma.bin
copying/compressing file amdgpu/vegam_sdma1.bin
copying/compressing file amdgpu/vegam_smc.bin
copying/compressing file amdgpu/vegam_uvd.bin
copying/compressing file amdgpu/vegam_vce.bin
copying/compressing file amdgpu/vega10_acg_smc.bin
copying/compressing file amdgpu/vega10_asd.bin
copying/compressing file amdgpu/vega10_ce.bin
copying/compressing file amdgpu/vega10_gpu_info.bin
copying/compressing file amdgpu/vega10_ip_discovery.bin
copying/compressing file amdgpu/vega10_me.bin
copying/compressing file amdgpu/vega10_mec.bin
copying/compressing file amdgpu/vega10_mec2.bin
copying/compressing file amdgpu/vega10_pfp.bin
copying/compressing file amdgpu/vega10_rlc.bin
copying/compressing file amdgpu/vega10_sdma.bin
copying/compressing file amdgpu/vega10_sdma1.bin
copying/compressing file amdgpu/vega10_smc.bin
copying/compressing file amdgpu/vega10_sos.bin
copying/compressing file amdgpu/vega10_uvd.bin
copying/compressing file amdgpu/vega10_vce.bin
copying/compressing file amdgpu/vega12_asd.bin
copying/compressing file amdgpu/vega12_ce.bin
copying/compressing file amdgpu/vega12_gpu_info.bin
copying/compressing file amdgpu/vega12_ip_discovery.bin
copying/compressing file amdgpu/vega12_me.bin
copying/compressing file amdgpu/vega12_mec.bin
copying/compressing file amdgpu/vega12_mec2.bin
copying/compressing file amdgpu/vega12_pfp.bin
copying/compressing file amdgpu/vega12_rlc.bin
copying/compressing file amdgpu/vega12_sdma.bin
copying/compressing file amdgpu/vega12_sdma1.bin
copying/compressing file amdgpu/vega12_smc.bin
copying/compressing file amdgpu/vega12_sos.bin
copying/compressing file amdgpu/vega12_uvd.bin
copying/compressing file amdgpu/vega12_vce.bin
copying/compressing file amdgpu/vega20_asd.bin
copying/compressing file amdgpu/vega20_ce.bin
copying/compressing file amdgpu/vega20_ip_discovery.bin
copying/compressing file amdgpu/vega20_me.bin
copying/compressing file amdgpu/vega20_mec.bin
copying/compressing file amdgpu/vega20_mec2.bin
copying/compressing file amdgpu/vega20_pfp.bin
copying/compressing file amdgpu/vega20_rlc.bin
copying/compressing file amdgpu/vega20_sdma.bin
copying/compressing file amdgpu/vega20_sdma1.bin
copying/compressing file amdgpu/vega20_smc.bin
copying/compressing file amdgpu/vega20_sos.bin
copying/compressing file amdgpu/vega20_uvd.bin
copying/compressing file amdgpu/vega20_vce.bin
copying/compressing file amdgpu/vega20_ta.bin
copying/compressing file amdgpu/raven_asd.bin
copying/compressing file amdgpu/raven_ce.bin
copying/compressing file amdgpu/raven_gpu_info.bin
copying/compressing file amdgpu/raven_ip_discovery.bin
copying/compressing file amdgpu/raven_me.bin
copying/compressing file amdgpu/raven_mec.bin
copying/compressing file amdgpu/raven_mec2.bin
copying/compressing file amdgpu/raven_pfp.bin
copying/compressing file amdgpu/raven_rlc.bin
copying/compressing file amdgpu/raven_sdma.bin
copying/compressing file amdgpu/raven_vcn.bin
copying/compressing file amdgpu/raven_dmcu.bin
copying/compressing file amdgpu/raven_kicker_rlc.bin
copying/compressing file amdgpu/raven_ta.bin
copying/compressing file amdgpu/picasso_asd.bin
copying/compressing file amdgpu/picasso_ce.bin
copying/compressing file amdgpu/picasso_gpu_info.bin
copying/compressing file amdgpu/picasso_ip_discovery.bin
copying/compressing file amdgpu/picasso_me.bin
copying/compressing file amdgpu/picasso_mec.bin
copying/compressing file amdgpu/picasso_mec2.bin
copying/compressing file amdgpu/picasso_pfp.bin
copying/compressing file amdgpu/picasso_rlc.bin
copying/compressing file amdgpu/picasso_rlc_am4.bin
copying/compressing file amdgpu/picasso_sdma.bin
copying/compressing file amdgpu/picasso_vcn.bin
copying/compressing file amdgpu/picasso_ta.bin
copying/compressing file amdgpu/raven2_asd.bin
copying/compressing file amdgpu/raven2_ce.bin
copying/compressing file amdgpu/raven2_gpu_info.bin
copying/compressing file amdgpu/raven2_ip_discovery.bin
copying/compressing file amdgpu/raven2_me.bin
copying/compressing file amdgpu/raven2_mec.bin
copying/compressing file amdgpu/raven2_mec2.bin
copying/compressing file amdgpu/raven2_pfp.bin
copying/compressing file amdgpu/raven2_rlc.bin
copying/compressing file amdgpu/raven2_sdma.bin
copying/compressing file amdgpu/raven2_vcn.bin
copying/compressing file amdgpu/raven2_ta.bin
copying/compressing file amdgpu/navi10_asd.bin
copying/compressing file amdgpu/navi10_ce.bin
copying/compressing file amdgpu/navi10_gpu_info.bin
copying/compressing file amdgpu/navi10_me.bin
copying/compressing file amdgpu/navi10_mec.bin
copying/compressing file amdgpu/navi10_mec2.bin
copying/compressing file amdgpu/navi10_pfp.bin
copying/compressing file amdgpu/navi10_rlc.bin
copying/compressing file amdgpu/navi10_sdma.bin
copying/compressing file amdgpu/navi10_sdma1.bin
copying/compressing file amdgpu/navi10_smc.bin
copying/compressing file amdgpu/navi10_sos.bin
copying/compressing file amdgpu/navi10_vcn.bin
copying/compressing file amdgpu/navi10_ta.bin
copying/compressing file amdgpu/navi14_asd.bin
copying/compressing file amdgpu/navi14_ce.bin
copying/compressing file amdgpu/navi14_ce_wks.bin
copying/compressing file amdgpu/navi14_gpu_info.bin
copying/compressing file amdgpu/navi14_me.bin
copying/compressing file amdgpu/navi14_me_wks.bin
copying/compressing file amdgpu/navi14_mec.bin
copying/compressing file amdgpu/navi14_mec_wks.bin
copying/compressing file amdgpu/navi14_mec2.bin
copying/compressing file amdgpu/navi14_mec2_wks.bin
copying/compressing file amdgpu/navi14_pfp.bin
copying/compressing file amdgpu/navi14_pfp_wks.bin
copying/compressing file amdgpu/navi14_rlc.bin
copying/compressing file amdgpu/navi14_sdma.bin
copying/compressing file amdgpu/navi14_sdma1.bin
copying/compressing file amdgpu/navi14_smc.bin
copying/compressing file amdgpu/navi14_sos.bin
copying/compressing file amdgpu/navi14_vcn.bin
copying/compressing file amdgpu/navi14_ta.bin
copying/compressing file amdgpu/navi12_asd.bin
copying/compressing file amdgpu/navi12_ce.bin
copying/compressing file amdgpu/navi12_dmcu.bin
copying/compressing file amdgpu/navi12_gpu_info.bin
copying/compressing file amdgpu/navi12_me.bin
copying/compressing file amdgpu/navi12_mec.bin
copying/compressing file amdgpu/navi12_mec2.bin
copying/compressing file amdgpu/navi12_pfp.bin
copying/compressing file amdgpu/navi12_rlc.bin
copying/compressing file amdgpu/navi12_sdma.bin
copying/compressing file amdgpu/navi12_sdma1.bin
copying/compressing file amdgpu/navi12_smc.bin
copying/compressing file amdgpu/navi12_sos.bin
copying/compressing file amdgpu/navi12_vcn.bin
copying/compressing file amdgpu/navi12_ta.bin
copying/compressing file amdgpu/renoir_asd.bin
copying/compressing file amdgpu/renoir_ce.bin
copying/compressing file amdgpu/renoir_gpu_info.bin
copying/compressing file amdgpu/renoir_me.bin
copying/compressing file amdgpu/renoir_mec.bin
copying/compressing file amdgpu/renoir_mec2.bin
copying/compressing file amdgpu/renoir_pfp.bin
copying/compressing file amdgpu/renoir_rlc.bin
copying/compressing file amdgpu/renoir_sdma.bin
copying/compressing file amdgpu/renoir_vcn.bin
copying/compressing file amdgpu/renoir_dmcub.bin
copying/compressing file amdgpu/renoir_ta.bin
copying/compressing file amdgpu/sienna_cichlid_ce.bin
copying/compressing file amdgpu/sienna_cichlid_dmcub.bin
copying/compressing file amdgpu/sienna_cichlid_me.bin
copying/compressing file amdgpu/sienna_cichlid_mec.bin
copying/compressing file amdgpu/sienna_cichlid_mec2.bin
copying/compressing file amdgpu/sienna_cichlid_pfp.bin
copying/compressing file amdgpu/sienna_cichlid_rlc.bin
copying/compressing file amdgpu/sienna_cichlid_sdma.bin
copying/compressing file amdgpu/sienna_cichlid_smc.bin
copying/compressing file amdgpu/sienna_cichlid_sos.bin
copying/compressing file amdgpu/sienna_cichlid_ta.bin
copying/compressing file amdgpu/sienna_cichlid_vcn.bin
copying/compressing file amdgpu/green_sardine_asd.bin
copying/compressing file amdgpu/green_sardine_ce.bin
copying/compressing file amdgpu/green_sardine_dmcub.bin
copying/compressing file amdgpu/green_sardine_me.bin
copying/compressing file amdgpu/green_sardine_mec2.bin
copying/compressing file amdgpu/green_sardine_mec.bin
copying/compressing file amdgpu/green_sardine_pfp.bin
copying/compressing file amdgpu/green_sardine_rlc.bin
copying/compressing file amdgpu/green_sardine_sdma.bin
copying/compressing file amdgpu/green_sardine_ta.bin
copying/compressing file amdgpu/green_sardine_vcn.bin
copying/compressing file amdgpu/navy_flounder_ce.bin
copying/compressing file amdgpu/navy_flounder_dmcub.bin
copying/compressing file amdgpu/navy_flounder_me.bin
copying/compressing file amdgpu/navy_flounder_mec.bin
copying/compressing file amdgpu/navy_flounder_mec2.bin
copying/compressing file amdgpu/navy_flounder_pfp.bin
copying/compressing file amdgpu/navy_flounder_rlc.bin
copying/compressing file amdgpu/navy_flounder_sdma.bin
copying/compressing file amdgpu/navy_flounder_smc.bin
copying/compressing file amdgpu/navy_flounder_sos.bin
copying/compressing file amdgpu/navy_flounder_ta.bin
copying/compressing file amdgpu/navy_flounder_vcn.bin
copying/compressing file amdgpu/arcturus_asd.bin
copying/compressing file amdgpu/arcturus_gpu_info.bin
copying/compressing file amdgpu/arcturus_ip_discovery.bin
copying/compressing file amdgpu/arcturus_mec2.bin
copying/compressing file amdgpu/arcturus_mec.bin
copying/compressing file amdgpu/arcturus_rlc.bin
copying/compressing file amdgpu/arcturus_sdma.bin
copying/compressing file amdgpu/arcturus_smc.bin
copying/compressing file amdgpu/arcturus_sos.bin
copying/compressing file amdgpu/arcturus_ta.bin
copying/compressing file amdgpu/arcturus_vcn.bin
copying/compressing file amdgpu/dimgrey_cavefish_ce.bin
copying/compressing file amdgpu/dimgrey_cavefish_dmcub.bin
copying/compressing file amdgpu/dimgrey_cavefish_me.bin
copying/compressing file amdgpu/dimgrey_cavefish_mec.bin
copying/compressing file amdgpu/dimgrey_cavefish_mec2.bin
copying/compressing file amdgpu/dimgrey_cavefish_pfp.bin
copying/compressing file amdgpu/dimgrey_cavefish_rlc.bin
copying/compressing file amdgpu/dimgrey_cavefish_sdma.bin
copying/compressing file amdgpu/dimgrey_cavefish_smc.bin
copying/compressing file amdgpu/dimgrey_cavefish_sos.bin
copying/compressing file amdgpu/dimgrey_cavefish_ta.bin
copying/compressing file amdgpu/dimgrey_cavefish_vcn.bin
copying/compressing file amdgpu/vangogh_asd.bin
copying/compressing file amdgpu/vangogh_ce.bin
copying/compressing file amdgpu/vangogh_dmcub.bin
copying/compressing file amdgpu/vangogh_me.bin
copying/compressing file amdgpu/vangogh_mec2.bin
copying/compressing file amdgpu/vangogh_mec.bin
copying/compressing file amdgpu/vangogh_pfp.bin
copying/compressing file amdgpu/vangogh_rlc.bin
copying/compressing file amdgpu/vangogh_sdma.bin
copying/compressing file amdgpu/vangogh_toc.bin
copying/compressing file amdgpu/vangogh_vcn.bin
copying/compressing file amdgpu/yellow_carp_asd.bin
copying/compressing file amdgpu/yellow_carp_ce.bin
copying/compressing file amdgpu/yellow_carp_dmcub.bin
copying/compressing file amdgpu/yellow_carp_me.bin
copying/compressing file amdgpu/yellow_carp_mec.bin
copying/compressing file amdgpu/yellow_carp_mec2.bin
copying/compressing file amdgpu/yellow_carp_pfp.bin
copying/compressing file amdgpu/yellow_carp_rlc.bin
copying/compressing file amdgpu/yellow_carp_sdma.bin
copying/compressing file amdgpu/yellow_carp_ta.bin
copying/compressing file amdgpu/yellow_carp_toc.bin
copying/compressing file amdgpu/yellow_carp_vcn.bin
copying/compressing file amdgpu/beige_goby_ce.bin
copying/compressing file amdgpu/beige_goby_dmcub.bin
copying/compressing file amdgpu/beige_goby_me.bin
copying/compressing file amdgpu/beige_goby_mec.bin
copying/compressing file amdgpu/beige_goby_mec2.bin
copying/compressing file amdgpu/beige_goby_pfp.bin
copying/compressing file amdgpu/beige_goby_rlc.bin
copying/compressing file amdgpu/beige_goby_sdma.bin
copying/compressing file amdgpu/beige_goby_smc.bin
copying/compressing file amdgpu/beige_goby_sos.bin
copying/compressing file amdgpu/beige_goby_ta.bin
copying/compressing file amdgpu/beige_goby_vcn.bin
copying/compressing file amdgpu/cyan_skillfish2_ce.bin
copying/compressing file amdgpu/cyan_skillfish2_me.bin
copying/compressing file amdgpu/cyan_skillfish2_mec.bin
copying/compressing file amdgpu/cyan_skillfish2_mec2.bin
copying/compressing file amdgpu/cyan_skillfish2_pfp.bin
copying/compressing file amdgpu/cyan_skillfish2_rlc.bin
copying/compressing file amdgpu/cyan_skillfish2_sdma.bin
copying/compressing file amdgpu/cyan_skillfish2_sdma1.bin
copying/compressing file amdgpu/aldebaran_ip_discovery.bin
copying/compressing file amdgpu/aldebaran_mec2.bin
copying/compressing file amdgpu/aldebaran_mec.bin
copying/compressing file amdgpu/aldebaran_rlc.bin
copying/compressing file amdgpu/aldebaran_sdma.bin
copying/compressing file amdgpu/aldebaran_sjt_mec2.bin
copying/compressing file amdgpu/aldebaran_sjt_mec.bin
copying/compressing file amdgpu/aldebaran_smc.bin
copying/compressing file amdgpu/aldebaran_sos.bin
copying/compressing file amdgpu/aldebaran_ta.bin
copying/compressing file amdgpu/aldebaran_vcn.bin
copying/compressing file amdgpu/gc_9_4_3_mec.bin
copying/compressing file amdgpu/gc_9_4_3_rlc.bin
copying/compressing file amdgpu/gc_9_4_3_sjt_mec.bin
copying/compressing file amdgpu/gc_9_4_4_mec.bin
copying/compressing file amdgpu/gc_9_4_4_rlc.bin
copying/compressing file amdgpu/gc_9_4_4_sjt_mec.bin
copying/compressing file amdgpu/gc_9_5_0_mec.bin
copying/compressing file amdgpu/gc_9_5_0_rlc.bin
copying/compressing file amdgpu/gc_9_5_0_sjt_mec.bin
copying/compressing file amdgpu/gc_10_3_6_ce.bin
copying/compressing file amdgpu/gc_10_3_6_me.bin
copying/compressing file amdgpu/gc_10_3_6_mec.bin
copying/compressing file amdgpu/gc_10_3_6_mec2.bin
copying/compressing file amdgpu/gc_10_3_6_pfp.bin
copying/compressing file amdgpu/gc_10_3_6_rlc.bin
copying/compressing file amdgpu/gc_10_3_7_ce.bin
copying/compressing file amdgpu/gc_10_3_7_me.bin
copying/compressing file amdgpu/gc_10_3_7_mec.bin
copying/compressing file amdgpu/gc_10_3_7_mec2.bin
copying/compressing file amdgpu/gc_10_3_7_pfp.bin
copying/compressing file amdgpu/gc_10_3_7_rlc.bin
copying/compressing file amdgpu/gc_11_0_0_imu.bin
copying/compressing file amdgpu/gc_11_0_0_imu_kicker.bin
copying/compressing file amdgpu/gc_11_0_0_me.bin
copying/compressing file amdgpu/gc_11_0_0_mec.bin
copying/compressing file amdgpu/gc_11_0_0_mes1.bin
copying/compressing file amdgpu/gc_11_0_0_mes.bin
copying/compressing file amdgpu/gc_11_0_0_mes_2.bin
copying/compressing file amdgpu/gc_11_0_0_pfp.bin
copying/compressing file amdgpu/gc_11_0_0_rlc.bin
copying/compressing file amdgpu/gc_11_0_0_rlc_kicker.bin
copying/compressing file amdgpu/gc_11_0_0_rlc_1.bin
copying/compressing file amdgpu/gc_11_0_1_imu.bin
copying/compressing file amdgpu/gc_11_0_1_me.bin
copying/compressing file amdgpu/gc_11_0_1_mec.bin
copying/compressing file amdgpu/gc_11_0_1_mes.bin
copying/compressing file amdgpu/gc_11_0_1_mes1.bin
copying/compressing file amdgpu/gc_11_0_1_mes_2.bin
copying/compressing file amdgpu/gc_11_0_1_pfp.bin
copying/compressing file amdgpu/gc_11_0_1_rlc.bin
copying/compressing file amdgpu/gc_11_0_2_imu.bin
copying/compressing file amdgpu/gc_11_0_2_me.bin
copying/compressing file amdgpu/gc_11_0_2_mec.bin
copying/compressing file amdgpu/gc_11_0_2_mes1.bin
copying/compressing file amdgpu/gc_11_0_2_mes.bin
copying/compressing file amdgpu/gc_11_0_2_mes_2.bin
copying/compressing file amdgpu/gc_11_0_2_pfp.bin
copying/compressing file amdgpu/gc_11_0_2_rlc.bin
copying/compressing file amdgpu/gc_11_0_3_imu.bin
copying/compressing file amdgpu/gc_11_0_3_me.bin
copying/compressing file amdgpu/gc_11_0_3_mec.bin
copying/compressing file amdgpu/gc_11_0_3_mes1.bin
copying/compressing file amdgpu/gc_11_0_3_mes_2.bin
copying/compressing file amdgpu/gc_11_0_3_pfp.bin
copying/compressing file amdgpu/gc_11_0_3_rlc.bin
copying/compressing file amdgpu/gc_11_0_4_imu.bin
copying/compressing file amdgpu/gc_11_0_4_me.bin
copying/compressing file amdgpu/gc_11_0_4_mec.bin
copying/compressing file amdgpu/gc_11_0_4_mes.bin
copying/compressing file amdgpu/gc_11_0_4_mes1.bin
copying/compressing file amdgpu/gc_11_0_4_mes_2.bin
copying/compressing file amdgpu/gc_11_0_4_pfp.bin
copying/compressing file amdgpu/gc_11_0_4_rlc.bin
copying/compressing file amdgpu/gc_11_5_0_imu.bin
copying/compressing file amdgpu/gc_11_5_0_me.bin
copying/compressing file amdgpu/gc_11_5_0_mec.bin
copying/compressing file amdgpu/gc_11_5_0_mes1.bin
copying/compressing file amdgpu/gc_11_5_0_mes_2.bin
copying/compressing file amdgpu/gc_11_5_0_pfp.bin
copying/compressing file amdgpu/gc_11_5_0_rlc.bin
copying/compressing file amdgpu/gc_11_5_1_imu.bin
copying/compressing file amdgpu/gc_11_5_1_me.bin
copying/compressing file amdgpu/gc_11_5_1_mec.bin
copying/compressing file amdgpu/gc_11_5_1_mes1.bin
copying/compressing file amdgpu/gc_11_5_1_mes_2.bin
copying/compressing file amdgpu/gc_11_5_1_pfp.bin
copying/compressing file amdgpu/gc_11_5_1_rlc.bin
copying/compressing file amdgpu/gc_11_5_2_imu.bin
copying/compressing file amdgpu/gc_11_5_2_me.bin
copying/compressing file amdgpu/gc_11_5_2_mec.bin
copying/compressing file amdgpu/gc_11_5_2_mes1.bin
copying/compressing file amdgpu/gc_11_5_2_mes_2.bin
copying/compressing file amdgpu/gc_11_5_2_pfp.bin
copying/compressing file amdgpu/gc_11_5_2_rlc.bin
copying/compressing file amdgpu/gc_11_5_3_imu.bin
copying/compressing file amdgpu/gc_11_5_3_me.bin
copying/compressing file amdgpu/gc_11_5_3_mec.bin
copying/compressing file amdgpu/gc_11_5_3_mes1.bin
copying/compressing file amdgpu/gc_11_5_3_mes_2.bin
copying/compressing file amdgpu/gc_11_5_3_pfp.bin
copying/compressing file amdgpu/gc_11_5_3_rlc.bin
copying/compressing file amdgpu/gc_12_0_0_imu.bin
copying/compressing file amdgpu/gc_12_0_0_me.bin
copying/compressing file amdgpu/gc_12_0_0_mec.bin
copying/compressing file amdgpu/gc_12_0_0_mes1.bin
copying/compressing file amdgpu/gc_12_0_0_mes.bin
copying/compressing file amdgpu/gc_12_0_0_pfp.bin
copying/compressing file amdgpu/gc_12_0_0_rlc.bin
copying/compressing file amdgpu/gc_12_0_0_toc.bin
copying/compressing file amdgpu/gc_12_0_0_uni_mes.bin
copying/compressing file amdgpu/gc_12_0_1_imu.bin
copying/compressing file amdgpu/gc_12_0_1_imu_kicker.bin
copying/compressing file amdgpu/gc_12_0_1_me.bin
copying/compressing file amdgpu/gc_12_0_1_mec.bin
copying/compressing file amdgpu/gc_12_0_1_mes1.bin
copying/compressing file amdgpu/gc_12_0_1_mes.bin
copying/compressing file amdgpu/gc_12_0_1_pfp.bin
copying/compressing file amdgpu/gc_12_0_1_rlc.bin
copying/compressing file amdgpu/gc_12_0_1_rlc_kicker.bin
copying/compressing file amdgpu/gc_12_0_1_toc.bin
copying/compressing file amdgpu/gc_12_0_1_uni_mes.bin
copying/compressing file amdgpu/dcn_3_1_4_dmcub.bin
copying/compressing file amdgpu/dcn_3_1_5_dmcub.bin
copying/compressing file amdgpu/dcn_3_1_6_dmcub.bin
copying/compressing file amdgpu/dcn_3_2_0_dmcub.bin
copying/compressing file amdgpu/dcn_3_2_1_dmcub.bin
copying/compressing file amdgpu/dcn_3_5_dmcub.bin
copying/compressing file amdgpu/dcn_3_5_1_dmcub.bin
copying/compressing file amdgpu/dcn_3_6_dmcub.bin
copying/compressing file amdgpu/dcn_4_0_1_dmcub.bin
copying/compressing file amdgpu/psp_13_0_0_sos.bin
copying/compressing file amdgpu/psp_13_0_0_sos_kicker.bin
copying/compressing file amdgpu/psp_13_0_0_ta.bin
copying/compressing file amdgpu/psp_13_0_0_ta_kicker.bin
copying/compressing file amdgpu/psp_13_0_4_ta.bin
copying/compressing file amdgpu/psp_13_0_4_toc.bin
copying/compressing file amdgpu/psp_13_0_5_asd.bin
copying/compressing file amdgpu/psp_13_0_5_ta.bin
copying/compressing file amdgpu/psp_13_0_5_toc.bin
copying/compressing file amdgpu/psp_13_0_6_sos.bin
copying/compressing file amdgpu/psp_13_0_6_ta.bin
copying/compressing file amdgpu/psp_13_0_7_sos.bin
copying/compressing file amdgpu/psp_13_0_7_ta.bin
copying/compressing file amdgpu/psp_13_0_8_asd.bin
copying/compressing file amdgpu/psp_13_0_8_ta.bin
copying/compressing file amdgpu/psp_13_0_8_toc.bin
copying/compressing file amdgpu/psp_13_0_10_sos.bin
copying/compressing file amdgpu/psp_13_0_10_ta.bin
copying/compressing file amdgpu/psp_13_0_11_ta.bin
copying/compressing file amdgpu/psp_13_0_11_toc.bin
copying/compressing file amdgpu/psp_13_0_12_sos.bin
copying/compressing file amdgpu/psp_13_0_12_ta.bin
copying/compressing file amdgpu/psp_13_0_14_sos.bin
copying/compressing file amdgpu/psp_13_0_14_ta.bin
copying/compressing file amdgpu/psp_14_0_0_ta.bin
copying/compressing file amdgpu/psp_14_0_0_toc.bin
copying/compressing file amdgpu/psp_14_0_1_ta.bin
copying/compressing file amdgpu/psp_14_0_1_toc.bin
copying/compressing file amdgpu/psp_14_0_2_sos.bin
copying/compressing file amdgpu/psp_14_0_2_ta.bin
copying/compressing file amdgpu/psp_14_0_3_sos.bin
copying/compressing file amdgpu/psp_14_0_3_sos_kicker.bin
copying/compressing file amdgpu/psp_14_0_3_ta.bin
copying/compressing file amdgpu/psp_14_0_3_ta_kicker.bin
copying/compressing file amdgpu/psp_14_0_4_ta.bin
copying/compressing file amdgpu/psp_14_0_4_toc.bin
copying/compressing file amdgpu/psp_14_0_5_ta.bin
copying/compressing file amdgpu/psp_14_0_5_toc.bin
copying/compressing file amdgpu/sdma_4_4_2.bin
copying/compressing file amdgpu/sdma_4_4_4.bin
copying/compressing file amdgpu/sdma_4_4_5.bin
copying/compressing file amdgpu/sdma_5_2_6.bin
copying/compressing file amdgpu/sdma_5_2_7.bin
copying/compressing file amdgpu/sdma_6_0_0.bin
copying/compressing file amdgpu/sdma_6_0_1.bin
copying/compressing file amdgpu/sdma_6_0_2.bin
copying/compressing file amdgpu/sdma_6_0_3.bin
copying/compressing file amdgpu/sdma_6_1_0.bin
copying/compressing file amdgpu/sdma_6_1_1.bin
copying/compressing file amdgpu/sdma_6_1_2.bin
copying/compressing file amdgpu/sdma_6_1_3.bin
copying/compressing file amdgpu/sdma_7_0_0.bin
copying/compressing file amdgpu/sdma_7_0_1.bin
copying/compressing file amdgpu/smu_13_0_0.bin
copying/compressing file amdgpu/smu_13_0_0_kicker.bin
copying/compressing file amdgpu/smu_13_0_6.bin
copying/compressing file amdgpu/smu_13_0_7.bin
copying/compressing file amdgpu/smu_13_0_10.bin
copying/compressing file amdgpu/smu_13_0_14.bin
copying/compressing file amdgpu/smu_14_0_2.bin
copying/compressing file amdgpu/smu_14_0_3.bin
copying/compressing file amdgpu/smu_14_0_3_kicker.bin
copying/compressing file amdgpu/umsch_mm_4_0_0.bin
copying/compressing file amdgpu/vce_1_0_0.bin
copying/compressing file amdgpu/vcn_3_1_2.bin
copying/compressing file amdgpu/vcn_4_0_0.bin
copying/compressing file amdgpu/vcn_4_0_2.bin
copying/compressing file amdgpu/vcn_4_0_3.bin
copying/compressing file amdgpu/vcn_4_0_4.bin
copying/compressing file amdgpu/vcn_4_0_5.bin
copying/compressing file amdgpu/vcn_4_0_6.bin
copying/compressing file amdgpu/vcn_4_0_6_1.bin
copying/compressing file amdgpu/vcn_5_0_0.bin
copying/compressing file amdgpu/vcn_5_0_1.bin
copying/compressing file amdgpu/vpe_6_1_0.bin
copying/compressing file amdgpu/vpe_6_1_1.bin
copying/compressing file amdgpu/vpe_6_1_3.bin
copying/compressing file amdnpu/1502_00/npu.sbin.1.5.2.380
copying/compressing file amdnpu/17f0_10/npu.sbin.1.0.0.63
copying/compressing file amdnpu/17f0_11/npu.sbin.1.0.0.166
copying/compressing file amdnpu/1502_00/npu.sbin.1.5.5.391
copying/compressing file amdnpu/17f0_10/npu.sbin.1.1.2.64
copying/compressing file amdnpu/17f0_11/npu.sbin.1.1.2.65
copying/compressing file amdtee/773bd96f-b83f-4d52-b12dc529b13d8543.bin
copying/compressing file amdtee/f29bb3d9-bd66-5441-afb88acc2b2b60d6.bin
copying/compressing file f2255usb.bin
copying/compressing file lgs8g75.fw
copying/compressing file qlogic/sd7220.fw
copying/compressing file qed/qed_init_values_zipped-8.4.2.0.bin
copying/compressing file qed/qed_init_values_zipped-8.7.3.0.bin
copying/compressing file qed/qed_init_values_zipped-8.10.5.0.bin
copying/compressing file qed/qed_init_values-8.10.9.0.bin
copying/compressing file qed/qed_init_values_zipped-8.10.10.0.bin
copying/compressing file qed/qed_init_values-8.14.6.0.bin
copying/compressing file qed/qed_init_values_zipped-8.15.3.0.bin
copying/compressing file qed/qed_init_values-8.18.9.0.bin
copying/compressing file qed/qed_init_values_zipped-8.20.0.0.bin
copying/compressing file qed/qed_init_values-8.20.0.0.bin
copying/compressing file qed/qed_init_values-8.30.12.0.bin
copying/compressing file qed/qed_init_values_zipped-8.33.1.0.bin
copying/compressing file qed/qed_init_values_zipped-8.33.11.0.bin
copying/compressing file qed/qed_init_values-8.33.12.0.bin
copying/compressing file qed/qed_init_values_zipped-8.37.2.0.bin
copying/compressing file qed/qed_init_values_zipped-8.37.7.0.bin
copying/compressing file qed/qed_init_values-8.37.7.0.bin
copying/compressing file qed/qed_init_values-8.40.33.0.bin
copying/compressing file qed/qed_init_values_zipped-8.42.2.0.bin
copying/compressing file qed/qed_init_values_zipped-8.59.1.0.bin
copying/compressing file ueagle-atm/CMV4p.bin.v2
copying/compressing file ueagle-atm/DSP4p.bin
copying/compressing file ueagle-atm/eagleIV.fw
copying/compressing file ueagle-atm/930-fpga.bin
copying/compressing file ueagle-atm/CMVeiWO.bin
copying/compressing file ueagle-atm/CMVepFR10.bin
copying/compressing file ueagle-atm/DSP9p.bin
copying/compressing file ueagle-atm/eagleIII.fw
copying/compressing file ueagle-atm/adi930.fw
copying/compressing file ueagle-atm/CMVep.bin
copying/compressing file ueagle-atm/CMVepFR.bin
copying/compressing file ueagle-atm/DSPei.bin
copying/compressing file ueagle-atm/CMV9i.bin
copying/compressing file ueagle-atm/CMVepES03.bin
copying/compressing file ueagle-atm/CMVepIT.bin
copying/compressing file ueagle-atm/DSPep.bin
copying/compressing file ueagle-atm/CMV9p.bin
copying/compressing file ueagle-atm/CMVepES.bin
copying/compressing file ueagle-atm/CMVepWO.bin
copying/compressing file ueagle-atm/eagleI.fw
copying/compressing file ueagle-atm/CMVei.bin
copying/compressing file ueagle-atm/CMVepFR04.bin
copying/compressing file ueagle-atm/DSP9i.bin
copying/compressing file ueagle-atm/eagleII.fw
copying/compressing file vxge/X3fw.ncf
copying/compressing file vxge/X3fw-pxe.ncf
copying/compressing file brcm/bcm43xx-0.fw
copying/compressing file brcm/bcm43xx_hdr-0.fw
copying/compressing file brcm/bcm4329-fullmac-4.bin
copying/compressing file brcm/brcmfmac43236b.bin
copying/compressing file brcm/brcmfmac4329-sdio.bin
copying/compressing file brcm/brcmfmac4330-sdio.bin
copying/compressing file brcm/brcmfmac4334-sdio.bin
copying/compressing file brcm/brcmfmac4335-sdio.bin
copying/compressing file brcm/brcmfmac43241b0-sdio.bin
copying/compressing file brcm/brcmfmac43241b4-sdio.bin
copying/compressing file brcm/brcmfmac43241b5-sdio.bin
copying/compressing file brcm/brcmfmac43242a.bin
copying/compressing file brcm/brcmfmac43143.bin
copying/compressing file brcm/brcmfmac43143-sdio.bin
copying/compressing file brcm/brcmfmac43430a0-sdio.bin
copying/compressing file brcm/brcmfmac4350c2-pcie.bin
copying/compressing file brcm/brcmfmac4350-pcie.bin
copying/compressing file brcm/brcmfmac43569.bin
copying/compressing file brcm/brcmfmac4358-pcie.bin
copying/compressing file brcm/brcmfmac43602-pcie.bin
copying/compressing file brcm/brcmfmac43602-pcie.ap.bin
copying/compressing file brcm/brcmfmac4366b-pcie.bin
copying/compressing file brcm/brcmfmac4366c-pcie.bin
copying/compressing file brcm/brcmfmac4371-pcie.bin
copying/compressing file brcm/brcmfmac4373.bin
copying/compressing file cypress/cyfmac43012-sdio.bin
copying/compressing file cypress/cyfmac43012-sdio.clm_blob
copying/compressing file cypress/cyfmac43340-sdio.bin
copying/compressing file cypress/cyfmac43362-sdio.bin
copying/compressing file cypress/cyfmac4339-sdio.bin
copying/compressing file cypress/cyfmac43430-sdio.bin
copying/compressing file cypress/cyfmac43430-sdio.clm_blob
copying/compressing file cypress/cyfmac43455-sdio.bin
copying/compressing file cypress/cyfmac43455-sdio.clm_blob
copying/compressing file cypress/cyfmac4354-sdio.bin
copying/compressing file cypress/cyfmac4354-sdio.clm_blob
copying/compressing file brcm/brcmfmac4354-sdio.nvidia,p2371-2180.txt
copying/compressing file cypress/cyfmac4356-pcie.bin
copying/compressing file cypress/cyfmac4356-pcie.clm_blob
copying/compressing file cypress/cyfmac4356-sdio.bin
copying/compressing file cypress/cyfmac4356-sdio.clm_blob
copying/compressing file cypress/cyfmac43570-pcie.bin
copying/compressing file cypress/cyfmac43570-pcie.clm_blob
copying/compressing file cypress/cyfmac4373-sdio.bin
copying/compressing file cypress/cyfmac4373-sdio.clm_blob
copying/compressing file cypress/cyfmac54591-pcie.bin
copying/compressing file cypress/cyfmac54591-pcie.clm_blob
copying/compressing file brcm/brcmfmac43241b4-sdio.Advantech-MICA-071.txt
copying/compressing file brcm/brcmfmac43241b4-sdio.Intel Corp.-VALLEYVIEW C0 PLATFORM.txt
copying/compressing file brcm/brcmfmac4330-sdio.Prowise-PT301.txt
copying/compressing file brcm/brcmfmac43340-sdio.Insyde-VESPA2.txt
copying/compressing file brcm/brcmfmac43340-sdio.ASUSTeK COMPUTER INC.-TF103CE.txt
copying/compressing file brcm/brcmfmac43340-sdio.meegopad-t08.txt
copying/compressing file brcm/brcmfmac43340-sdio.pov-tab-p1006w-data.txt
copying/compressing file brcm/brcmfmac43340-sdio.predia-basic.txt
copying/compressing file brcm/brcmfmac43362-sdio.ASUSTeK COMPUTER INC.-ME176C.txt
copying/compressing file brcm/brcmfmac43362-sdio.WC121.txt
copying/compressing file brcm/brcmfmac43362-sdio.cubietech,cubietruck.txt
copying/compressing file brcm/brcmfmac43430a0-sdio.ilife-S806.txt
copying/compressing file brcm/brcmfmac43430a0-sdio.jumper-ezpad-mini3.txt
copying/compressing file brcm/brcmfmac43430a0-sdio.ONDA-V80 PLUS.txt
copying/compressing file brcm/brcmfmac43430-sdio.AP6212.txt
copying/compressing file brcm/brcmfmac43430-sdio.Hampoo-D2D3_Vi8A1.txt
copying/compressing file brcm/brcmfmac43430-sdio.ilife-S806.txt
copying/compressing file brcm/brcmfmac43430-sdio.MUR1DX.txt
copying/compressing file brcm/brcmfmac43430-sdio.raspberrypi,3-model-b.txt
copying/compressing file brcm/brcmfmac43455-sdio.acepc-t8.txt
copying/compressing file brcm/brcmfmac43455-sdio.raspberrypi,3-model-b-plus.txt
copying/compressing file brcm/brcmfmac43455-sdio.raspberrypi,4-model-b.txt
copying/compressing file brcm/brcmfmac43455-sdio.MINIX-NEO Z83-4.txt
copying/compressing file brcm/brcmfmac43455-sdio.Radxa-ROCK Pi X.txt
copying/compressing file brcm/brcmfmac4356-pcie.gpd-win-pocket.txt
copying/compressing file brcm/brcmfmac4356-pcie.Intel Corporation-CHERRYVIEW D1 PLATFORM.txt
copying/compressing file brcm/brcmfmac4356-pcie.Xiaomi Inc-Mipad2.txt
copying/compressing file brcm/brcmfmac4356-sdio.AP6356S.txt
copying/compressing file brcm/brcmfmac43455-sdio.AW-CM256SM.txt
copying/compressing file ti/vpdma-1b8.bin
copying/compressing file ti-connectivity/wl1251-fw.bin
copying/compressing file ti-connectivity/wl1251-nvs.bin
copying/compressing file ti-connectivity/wl1271-fw.bin
copying/compressing file ti-connectivity/wl1271-fw-2.bin
copying/compressing file ti-connectivity/wl1271-fw-ap.bin
copying/compressing file ti-connectivity/wl127x-fw-3.bin
copying/compressing file ti-connectivity/wl127x-fw-plt-3.bin
copying/compressing file ti-connectivity/wl127x-fw-4-sr.bin
copying/compressing file ti-connectivity/wl127x-fw-4-mr.bin
copying/compressing file ti-connectivity/wl127x-fw-4-plt.bin
copying/compressing file ti-connectivity/wl127x-fw-5-sr.bin
copying/compressing file ti-connectivity/wl127x-fw-5-mr.bin
copying/compressing file ti-connectivity/wl127x-fw-5-plt.bin
copying/compressing file ti-connectivity/wl128x-fw.bin
copying/compressing file ti-connectivity/wl128x-fw-ap.bin
copying/compressing file ti-connectivity/wl128x-fw-3.bin
copying/compressing file ti-connectivity/wl128x-fw-plt-3.bin
copying/compressing file ti-connectivity/wl128x-fw-4-sr.bin
copying/compressing file ti-connectivity/wl128x-fw-4-mr.bin
copying/compressing file ti-connectivity/wl128x-fw-4-plt.bin
copying/compressing file ti-connectivity/wl128x-fw-5-sr.bin
copying/compressing file ti-connectivity/wl128x-fw-5-mr.bin
copying/compressing file ti-connectivity/wl128x-fw-5-plt.bin
copying/compressing file ti-connectivity/wl127x-nvs.bin
copying/compressing file ti-connectivity/wl128x-nvs.bin
copying/compressing file ti-connectivity/wl18xx-fw.bin
copying/compressing file ti-connectivity/wl18xx-fw-2.bin
copying/compressing file ti-connectivity/wl18xx-fw-3.bin
copying/compressing file ti-connectivity/wl18xx-fw-4.bin
copying/compressing file ti-connectivity/cc33xx_2nd_loader.bin
copying/compressing file ti-connectivity/cc33xx_fw.bin
copying/compressing file ti-connectivity/cc33xx-conf.bin
copying/compressing file ti-connectivity/TIInit_6.2.31.bts
copying/compressing file ti-connectivity/TIInit_6.6.15.bts
copying/compressing file ti-connectivity/TIInit_7.2.31.bts
copying/compressing file tlg2300_firmware.bin
copying/compressing file rtlwifi/rtl8712u.bin
copying/compressing file rtlwifi/rtl8192cfw.bin
copying/compressing file rtlwifi/rtl8192cfwU.bin
copying/compressing file rtlwifi/rtl8192cfwU_B.bin
copying/compressing file rtlwifi/rtl8192cufw.bin
copying/compressing file rtlwifi/rtl8192cufw_A.bin
copying/compressing file rtlwifi/rtl8192cufw_B.bin
copying/compressing file rtlwifi/rtl8192cufw_TMSC.bin
copying/compressing file rtlwifi/rtl8192sefw.bin
copying/compressing file rtlwifi/rtl8192defw.bin
copying/compressing file rtlwifi/rtl8192dufw.bin
copying/compressing file rtlwifi/rtl8723fw.bin
copying/compressing file rtlwifi/rtl8723fw_B.bin
copying/compressing file rtlwifi/rtl8723befw.bin
copying/compressing file rtlwifi/rtl8723befw_36.bin
copying/compressing file rtlwifi/rtl8723defw.bin
copying/compressing file rtlwifi/rtl8188efw.bin
copying/compressing file rtlwifi/rtl8812aefw.bin
copying/compressing file rtlwifi/rtl8812aefw_wowlan.bin
copying/compressing file rtlwifi/rtl8821aefw.bin
copying/compressing file rtlwifi/rtl8821aefw_wowlan.bin
copying/compressing file rtlwifi/rtl8821aefw_29.bin
copying/compressing file rtlwifi/rtl8822befw.bin
copying/compressing file rtw88/rtw8821a_fw.bin
copying/compressing file rtw88/rtw8822b_fw.bin
copying/compressing file rtw88/rtw8822c_fw.bin
copying/compressing file rtw88/rtw8822c_wow_fw.bin
copying/compressing file rtw88/README
copying/compressing file rtw88/rtw8723d_fw.bin
copying/compressing file rtw88/rtw8821c_fw.bin
copying/compressing file rtw88/rtw8703b_fw.bin
copying/compressing file rtw88/rtw8703b_wow_fw.bin
copying/compressing file rtw88/rtw8812a_fw.bin
copying/compressing file rtw88/rtw8814a_fw.bin
copying/compressing file rtw89/rtw8851b_fw.bin
copying/compressing file rtw89/rtw8851b_fw-1.bin
copying/compressing file rtw89/rtw8852a_fw.bin
copying/compressing file rtw89/rtw8852a_fw-1.bin
copying/compressing file rtw89/rtw8852b_fw.bin
copying/compressing file rtw89/rtw8852b_fw-1.bin
copying/compressing file rtw89/rtw8852b_fw-2.bin
copying/compressing file rtw89/rtw8852bt_fw.bin
copying/compressing file rtw89/rtw8852bt_fw-1.bin
copying/compressing file rtw89/rtw8852c_fw.bin
copying/compressing file rtw89/rtw8852c_fw-1.bin
copying/compressing file rtw89/rtw8852c_fw-2.bin
copying/compressing file rtw89/rtw8922a_fw.bin
copying/compressing file rtw89/rtw8922a_fw-1.bin
copying/compressing file rtw89/rtw8922a_fw-2.bin
copying/compressing file rtw89/rtw8922a_fw-3.bin
copying/compressing file rtw89/rtw8922a_fw-4.bin
copying/compressing file rtlwifi/rtl8723bs_bt.bin
copying/compressing file rtlwifi/rtl8723aufw_A.bin
copying/compressing file rtlwifi/rtl8723aufw_B.bin
copying/compressing file rtlwifi/rtl8723aufw_B_NoBT.bin
copying/compressing file rtlwifi/rtl8723bu_nic.bin
copying/compressing file rtlwifi/rtl8723bu_wowlan.bin
copying/compressing file rtlwifi/rtl8723bu_ap_wowlan.bin
copying/compressing file rtlwifi/rtl8192eu_nic.bin
copying/compressing file rtlwifi/rtl8192eu_wowlan.bin
copying/compressing file rtlwifi/rtl8192eu_ap_wowlan.bin
copying/compressing file rtlwifi/rtl8188fufw.bin
copying/compressing file rtlwifi/rtl8710bufw_SMIC.bin
copying/compressing file rtlwifi/rtl8710bufw_UMC.bin
copying/compressing file rtlwifi/rtl8188eufw.bin
copying/compressing file rtlwifi/rtl8192fufw.bin
copying/compressing file rtl_nic/rtl8168d-1.fw
copying/compressing file rtl_nic/rtl8168d-2.fw
copying/compressing file rtl_nic/rtl8105e-1.fw
copying/compressing file rtl_nic/rtl8168e-1.fw
copying/compressing file rtl_nic/rtl8168e-2.fw
copying/compressing file rtl_nic/rtl8168e-3.fw
copying/compressing file rtl_nic/rtl8168f-1.fw
copying/compressing file rtl_nic/rtl8168f-2.fw
copying/compressing file rtl_nic/rtl8411-1.fw
copying/compressing file rtl_nic/rtl8411-2.fw
copying/compressing file rtl_nic/rtl8402-1.fw
copying/compressing file rtl_nic/rtl8106e-1.fw
copying/compressing file rtl_nic/rtl8106e-2.fw
copying/compressing file rtl_nic/rtl8168g-1.fw
copying/compressing file rtl_nic/rtl8168g-2.fw
copying/compressing file rtl_nic/rtl8168g-3.fw
copying/compressing file rtl_nic/rtl8168h-1.fw
copying/compressing file rtl_nic/rtl8168h-2.fw
copying/compressing file rtl_nic/rtl8168fp-3.fw
copying/compressing file rtl_nic/rtl8107e-1.fw
copying/compressing file rtl_nic/rtl8107e-2.fw
copying/compressing file rtl_nic/rtl8125a-3.fw
copying/compressing file rtl_nic/rtl8125b-1.fw
copying/compressing file rtl_nic/rtl8125b-2.fw
copying/compressing file rtl_nic/rtl8125d-1.fw
copying/compressing file rtl_nic/rtl8125d-2.fw
copying/compressing file rtl_nic/rtl8125k-1.fw
copying/compressing file rtl_nic/rtl8125cp-1.fw
copying/compressing file rtl_nic/rtl9151a-1.fw
copying/compressing file rtl_nic/rtl8126a-2.fw
copying/compressing file rtl_nic/rtl8125bp-2.fw
copying/compressing file rtl_nic/rtl8126a-3.fw
copying/compressing file rtl_nic/rtl8127a-1.fw
copying/compressing file rtl_nic/rtl8153a-2.fw
copying/compressing file rtl_nic/rtl8153a-3.fw
copying/compressing file rtl_nic/rtl8153a-4.fw
copying/compressing file rtl_nic/rtl8153b-2.fw
copying/compressing file rtl_nic/rtl8153c-1.fw
copying/compressing file rtl_nic/rtl8156a-2.fw
copying/compressing file rtl_nic/rtl8156b-2.fw
copying/compressing file realtek/rt1320/rt1320-patch-code-vab.bin
copying/compressing file realtek/rt1320/rt1320-patch-code-vc.bin
copying/compressing file realtek/rt1320/rt1321-patch-code-va.bin
copying/compressing file vntwusb.fw
copying/compressing file ar3k/AthrBT_0x01020001.dfu
copying/compressing file ar3k/ramps_0x01020001_26.dfu
copying/compressing file ar3k/AthrBT_0x01020200.dfu
copying/compressing file ar3k/ramps_0x01020200_26.dfu
copying/compressing file ar3k/ramps_0x01020200_40.dfu
copying/compressing file ar3k/AthrBT_0x31010000.dfu
copying/compressing file ar3k/ramps_0x31010000_40.dfu
copying/compressing file ar3k/AthrBT_0x11020000.dfu
copying/compressing file ar3k/ramps_0x11020000_40.dfu
copying/compressing file ar3k/ramps_0x01020201_26.dfu
copying/compressing file ar3k/ramps_0x01020201_40.dfu
copying/compressing file ar3k/AthrBT_0x41020000.dfu
copying/compressing file ar3k/ramps_0x41020000_40.dfu
copying/compressing file ar3k/AthrBT_0x11020100.dfu
copying/compressing file ar3k/ramps_0x11020100_40.dfu
copying/compressing file ar3k/AthrBT_0x31010100.dfu
copying/compressing file ar3k/ramps_0x31010100_40.dfu
copying/compressing file ar3k/AthrBT_0x01020201.dfu
copying/compressing file ar3k/1020201coex/ramps_0x01020201_26_HighPriority.dfu
copying/compressing file ar3k/1020201/PS_ASIC.pst
copying/compressing file ar3k/1020201/RamPatch.txt
copying/compressing file ar3k/1020200/ar3kbdaddr.pst
copying/compressing file ar3k/1020200/PS_ASIC.pst
copying/compressing file ar3k/1020200/RamPatch.txt
copying/compressing file ar3k/30101/ar3kbdaddr.pst
copying/compressing file ar3k/30101/PS_ASIC.pst
copying/compressing file ar3k/30101/RamPatch.txt
copying/compressing file ar3k/30000/ar3kbdaddr.pst
copying/compressing file ar3k/30000/PS_ASIC.pst
copying/compressing file ar3k/30000/RamPatch.txt
copying/compressing file ath6k/AR6004/hw1.3/fw-3.bin
copying/compressing file ath6k/AR6004/hw1.3/bdata.bin
copying/compressing file ath6k/AR6004/hw1.2/fw-2.bin
copying/compressing file ath6k/AR6004/hw1.2/bdata.bin
copying/compressing file ath6k/AR6003/hw1.0/otp.bin.z77
copying/compressing file ath6k/AR6003/hw1.0/bdata.SD31.bin
copying/compressing file ath6k/AR6003/hw1.0/bdata.SD32.bin
copying/compressing file ath6k/AR6003/hw1.0/data.patch.bin
copying/compressing file ath6k/AR6003/hw1.0/bdata.WB31.bin
copying/compressing file ath6k/AR6003/hw1.0/athwlan.bin.z77
copying/compressing file ath6k/AR6003/hw2.1.1/fw-2.bin
copying/compressing file ath6k/AR6003/hw2.1.1/fw-3.bin
copying/compressing file ath6k/AR6003/hw2.1.1/otp.bin
copying/compressing file ath6k/AR6003/hw2.1.1/athwlan.bin
copying/compressing file ath6k/AR6003/hw2.1.1/endpointping.bin
copying/compressing file ath6k/AR6003/hw2.1.1/bdata.SD31.bin
copying/compressing file ath6k/AR6003/hw2.1.1/bdata.SD32.bin
copying/compressing file ath6k/AR6003/hw2.1.1/data.patch.bin
copying/compressing file ath6k/AR6003/hw2.1.1/bdata.WB31.bin
copying/compressing file ath6k/AR6003/hw2.0/otp.bin.z77
copying/compressing file ath6k/AR6003/hw2.0/bdata.SD31.bin
copying/compressing file ath6k/AR6003/hw2.0/bdata.SD32.bin
copying/compressing file ath6k/AR6003/hw2.0/data.patch.bin
copying/compressing file ath6k/AR6003/hw2.0/bdata.WB31.bin
copying/compressing file ath6k/AR6003/hw2.0/athwlan.bin.z77
copying/compressing file ath6k/AR6002/eeprom.data
copying/compressing file ath6k/AR6002/eeprom.bin
copying/compressing file ath6k/AR6002/athwlan.bin.z77
copying/compressing file ath6k/AR6002/data.patch.hw2_0.bin
copying/compressing file ath10k/QCA988X/hw2.0/board.bin
copying/compressing file ath10k/QCA988X/hw2.0/firmware-4.bin
copying/compressing file ath10k/QCA988X/hw2.0/notice_ath10k_firmware-4.txt
copying/compressing file ath10k/QCA988X/hw2.0/firmware-5.bin
copying/compressing file ath10k/QCA988X/hw2.0/notice_ath10k_firmware-5.txt
copying/compressing file ath10k/QCA6174/hw2.1/board.bin
copying/compressing file ath10k/QCA6174/hw2.1/board-2.bin
copying/compressing file ath10k/QCA6174/hw2.1/firmware-5.bin
copying/compressing file ath10k/QCA6174/hw2.1/notice_ath10k_firmware-5.txt
copying/compressing file ath10k/QCA6174/hw3.0/board.bin
copying/compressing file ath10k/QCA6174/hw3.0/board-2.bin
copying/compressing file ath10k/QCA6174/hw3.0/firmware-4.bin
copying/compressing file ath10k/QCA6174/hw3.0/notice_ath10k_firmware-4.txt
copying/compressing file ath10k/QCA6174/hw3.0/firmware-6.bin
copying/compressing file ath10k/QCA6174/hw3.0/notice_ath10k_firmware-6.txt
copying/compressing file ath10k/QCA6174/hw3.0/firmware-sdio-6.bin
copying/compressing file ath10k/QCA6174/hw3.0/notice_ath10k_firmware-sdio-6.txt
copying/compressing file ath10k/QCA9377/hw1.0/board.bin
copying/compressing file ath10k/QCA9377/hw1.0/board-2.bin
copying/compressing file ath10k/QCA9377/hw1.0/firmware-5.bin
copying/compressing file ath10k/QCA9377/hw1.0/notice_ath10k_firmware-5.txt
copying/compressing file ath10k/QCA9377/hw1.0/firmware-sdio-5.bin
copying/compressing file ath10k/QCA9377/hw1.0/notice_ath10k_firmware-sdio-5.txt
copying/compressing file ath10k/QCA99X0/hw2.0/board-2.bin
copying/compressing file ath10k/QCA99X0/hw2.0/firmware-5.bin
copying/compressing file ath10k/QCA99X0/hw2.0/notice_ath10k_firmware-5.txt
copying/compressing file ath10k/QCA4019/hw1.0/board-2.bin
copying/compressing file ath10k/QCA4019/hw1.0/firmware-5.bin
copying/compressing file ath10k/QCA4019/hw1.0/notice_ath10k_firmware-5.txt
copying/compressing file ath10k/QCA9887/hw1.0/board.bin
copying/compressing file ath10k/QCA9887/hw1.0/firmware-5.bin
copying/compressing file ath10k/QCA9887/hw1.0/notice_ath10k_firmware-5.txt
copying/compressing file ath10k/QCA9888/hw2.0/board-2.bin
copying/compressing file ath10k/QCA9888/hw2.0/firmware-5.bin
copying/compressing file ath10k/QCA9888/hw2.0/notice_ath10k_firmware-5.txt
copying/compressing file ath10k/QCA9984/hw1.0/board-2.bin
copying/compressing file ath10k/QCA9984/hw1.0/firmware-5.bin
copying/compressing file ath10k/QCA9984/hw1.0/notice_ath10k_firmware-5.txt
copying/compressing file ath10k/QCA9377/hw1.0/firmware-6.bin
copying/compressing file ath10k/QCA9377/hw1.0/notice_ath10k_firmware-6.txt
copying/compressing file ath10k/WCN3990/hw1.0/board-2.bin
copying/compressing file ath10k/WCN3990/hw1.0/firmware-5.bin
copying/compressing file ath10k/WCN3990/hw1.0/wlanmdsp.mbn
copying/compressing file ath10k/WCN3990/hw1.0/notice.txt_wlanmdsp
copying/compressing file ath10k/WCN3990/hw1.0/qcm2290/wlanmdsp.mbn
copying/compressing file ath10k/WCN3990/hw1.0/qcm2290/firmware-5.bin
copying/compressing file ath11k/IPQ6018/hw1.0/board-2.bin
copying/compressing file ath11k/IPQ6018/hw1.0/m3_fw.b00
copying/compressing file ath11k/IPQ6018/hw1.0/m3_fw.b01
copying/compressing file ath11k/IPQ6018/hw1.0/m3_fw.b02
copying/compressing file ath11k/IPQ6018/hw1.0/m3_fw.flist
copying/compressing file ath11k/IPQ6018/hw1.0/m3_fw.mdt
copying/compressing file ath11k/IPQ6018/hw1.0/q6_fw.b00
copying/compressing file ath11k/IPQ6018/hw1.0/q6_fw.b01
copying/compressing file ath11k/IPQ6018/hw1.0/q6_fw.b02
copying/compressing file ath11k/IPQ6018/hw1.0/q6_fw.b03
copying/compressing file ath11k/IPQ6018/hw1.0/q6_fw.b04
copying/compressing file ath11k/IPQ6018/hw1.0/q6_fw.b05
copying/compressing file ath11k/IPQ6018/hw1.0/q6_fw.b07
copying/compressing file ath11k/IPQ6018/hw1.0/q6_fw.b08
copying/compressing file ath11k/IPQ6018/hw1.0/q6_fw.flist
copying/compressing file ath11k/IPQ6018/hw1.0/q6_fw.mdt
copying/compressing file ath11k/IPQ6018/hw1.0/Notice.txt
copying/compressing file ath11k/IPQ8074/hw2.0/board-2.bin
copying/compressing file ath11k/IPQ8074/hw2.0/m3_fw.b00
copying/compressing file ath11k/IPQ8074/hw2.0/m3_fw.b01
copying/compressing file ath11k/IPQ8074/hw2.0/m3_fw.b02
copying/compressing file ath11k/IPQ8074/hw2.0/m3_fw.flist
copying/compressing file ath11k/IPQ8074/hw2.0/m3_fw.mdt
copying/compressing file ath11k/IPQ8074/hw2.0/q6_fw.b00
copying/compressing file ath11k/IPQ8074/hw2.0/q6_fw.b01
copying/compressing file ath11k/IPQ8074/hw2.0/q6_fw.b02
copying/compressing file ath11k/IPQ8074/hw2.0/q6_fw.b03
copying/compressing file ath11k/IPQ8074/hw2.0/q6_fw.b04
copying/compressing file ath11k/IPQ8074/hw2.0/q6_fw.b05
copying/compressing file ath11k/IPQ8074/hw2.0/q6_fw.b07
copying/compressing file ath11k/IPQ8074/hw2.0/q6_fw.b08
copying/compressing file ath11k/IPQ8074/hw2.0/q6_fw.flist
copying/compressing file ath11k/IPQ8074/hw2.0/q6_fw.mdt
copying/compressing file ath11k/IPQ8074/hw2.0/Notice.txt
copying/compressing file ath11k/QCA6390/hw2.0/board-2.bin
copying/compressing file ath11k/QCA6390/hw2.0/amss.bin
copying/compressing file ath11k/QCA6390/hw2.0/m3.bin
copying/compressing file ath11k/QCA6390/hw2.0/Notice.txt
copying/compressing file ath11k/WCN6855/hw2.0/regdb.bin
copying/compressing file ath11k/WCN6855/hw2.0/board-2.bin
copying/compressing file ath11k/WCN6855/hw2.0/amss.bin
copying/compressing file ath11k/WCN6855/hw2.0/m3.bin
copying/compressing file ath11k/WCN6855/hw2.0/Notice.txt
copying/compressing file ath11k/WCN6855/hw2.0/nfa765/amss.bin
copying/compressing file ath11k/WCN6855/hw2.0/nfa765/m3.bin
copying/compressing file ath11k/WCN6855/hw2.0/nfa765/Notice.txt
copying/compressing file ath11k/QCN9074/hw1.0/board-2.bin
copying/compressing file ath11k/QCN9074/hw1.0/.notice
copying/compressing file ath11k/QCN9074/hw1.0/amss.bin
copying/compressing file ath11k/QCN9074/hw1.0/m3.bin
copying/compressing file ath11k/QCN9074/hw1.0/Notice.txt
copying/compressing file ath11k/WCN6750/hw1.0/board-2.bin
copying/compressing file ath11k/WCN6750/hw1.0/sc7280/wpss.mbn
copying/compressing file ath11k/WCN6750/hw1.0/Notice.txt
copying/compressing file ath11k/IPQ5018/hw1.0/board-2.bin
copying/compressing file ath11k/IPQ5018/hw1.0/m3_fw.b00
copying/compressing file ath11k/IPQ5018/hw1.0/m3_fw.b01
copying/compressing file ath11k/IPQ5018/hw1.0/m3_fw.b02
copying/compressing file ath11k/IPQ5018/hw1.0/m3_fw.flist
copying/compressing file ath11k/IPQ5018/hw1.0/m3_fw.mdt
copying/compressing file ath11k/IPQ5018/hw1.0/q6_fw.b00
copying/compressing file ath11k/IPQ5018/hw1.0/q6_fw.b01
copying/compressing file ath11k/IPQ5018/hw1.0/q6_fw.b02
copying/compressing file ath11k/IPQ5018/hw1.0/q6_fw.b03
copying/compressing file ath11k/IPQ5018/hw1.0/q6_fw.b04
copying/compressing file ath11k/IPQ5018/hw1.0/q6_fw.b05
copying/compressing file ath11k/IPQ5018/hw1.0/q6_fw.b07
copying/compressing file ath11k/IPQ5018/hw1.0/q6_fw.b08
copying/compressing file ath11k/IPQ5018/hw1.0/q6_fw.b09
copying/compressing file ath11k/IPQ5018/hw1.0/q6_fw.b10
copying/compressing file ath11k/IPQ5018/hw1.0/q6_fw.b11
copying/compressing file ath11k/IPQ5018/hw1.0/q6_fw.b13
copying/compressing file ath11k/IPQ5018/hw1.0/q6_fw.b14
copying/compressing file ath11k/IPQ5018/hw1.0/q6_fw.flist
copying/compressing file ath11k/IPQ5018/hw1.0/q6_fw.mdt
copying/compressing file ath11k/IPQ5018/hw1.0/Notice.txt
copying/compressing file ath11k/QCA2066/hw2.1/board-2.bin
copying/compressing file ath11k/QCA2066/hw2.1/amss.bin
copying/compressing file ath11k/QCA2066/hw2.1/m3.bin
copying/compressing file ath11k/QCA2066/hw2.1/Notice.txt
copying/compressing file ath11k/QCA6698AQ/hw2.1/board-2.bin
copying/compressing file ath11k/QCA6698AQ/hw2.1/amss.bin
copying/compressing file ath11k/QCA6698AQ/hw2.1/m3.bin
copying/compressing file ath11k/QCA6698AQ/hw2.1/Notice.txt
copying/compressing file ath11k/WCN6750/hw1.0/qcm6490/wpss.mbn
copying/compressing file ath12k/WCN7850/hw2.0/board-2.bin
copying/compressing file ath12k/WCN7850/hw2.0/amss.bin
copying/compressing file ath12k/WCN7850/hw2.0/m3.bin
copying/compressing file ath12k/WCN7850/hw2.0/Notice.txt
copying/compressing file ath12k/WCN7850/hw2.0/ncm865/amss.bin
copying/compressing file ath12k/WCN7850/hw2.0/ncm865/m3.bin
copying/compressing file ath12k/WCN7850/hw2.0/ncm865/Notice.txt
copying/compressing file ath12k/QCN9274/hw2.0/board-2.bin
copying/compressing file ath12k/QCN9274/hw2.0/firmware-2.bin
copying/compressing file ath12k/QCN9274/hw2.0/Notice.txt
copying/compressing file myri10ge_eth_z8e.dat
copying/compressing file myri10ge_ethp_z8e.dat
copying/compressing file myri10ge_rss_eth_z8e.dat
copying/compressing file myri10ge_rss_ethp_z8e.dat
copying/compressing file myri10ge_eth_big_z8e.dat
copying/compressing file myri10ge_ethp_big_z8e.dat
copying/compressing file myri10ge_rss_eth_big_z8e.dat
copying/compressing file myri10ge_rss_ethp_big_z8e.dat
copying/compressing file ath6k/AR6003.1/hw2.1.1/athwlan.bin
copying/compressing file ath6k/AR6003.1/hw2.1.1/bdata.SD31.bin
copying/compressing file ath6k/AR6003.1/hw2.1.1/bdata.SD32.bin
copying/compressing file ath6k/AR6003.1/hw2.1.1/bdata.WB31.bin
copying/compressing file ath6k/AR6003.1/hw2.1.1/data.patch.bin
copying/compressing file ath6k/AR6003.1/hw2.1.1/endpointping.bin
copying/compressing file ath6k/AR6003.1/hw2.1.1/otp.bin
copying/compressing file ar3k/30101coex/ar3kbdaddr.pst
copying/compressing file ar3k/30101coex/PS_ASIC_aclLowPri.pst
copying/compressing file ar3k/30101coex/PS_ASIC_aclHighPri.pst
copying/compressing file ar3k/30101coex/PS_ASIC.pst
copying/compressing file ar3k/30101coex/RamPatch.txt
copying/compressing file dvb-usb-terratec-h5-drxk.fw
copying/compressing file ene-ub6250/sd_init1.bin
copying/compressing file ene-ub6250/sd_init2.bin
copying/compressing file ene-ub6250/sd_rdwr.bin
copying/compressing file ene-ub6250/ms_init.bin
copying/compressing file ene-ub6250/msp_rdwr.bin
copying/compressing file ene-ub6250/ms_rdwr.bin
copying/compressing file isci/isci_firmware.bin
copying/compressing file ar5523.bin
copying/compressing file s5p-mfc.fw
copying/compressing file s5p-mfc-v6.fw
copying/compressing file s5p-mfc-v6-v2.fw
copying/compressing file s5p-mfc-v7.fw
copying/compressing file s5p-mfc-v8.fw
copying/compressing file s5p-mfc-v12.fw
copying/compressing file carl9170-1.fw
copying/compressing file ctefx.bin
copying/compressing file ctspeq.bin
copying/compressing file intel/ibt-hw-37.7.bseq
copying/compressing file intel/ibt-hw-37.7.10-fw-1.80.2.3.d.bseq
copying/compressing file intel/ibt-hw-37.7.10-fw-1.0.2.3.d.bseq
copying/compressing file intel/ibt-hw-37.7.10-fw-1.80.1.2d.d.bseq
copying/compressing file intel/ibt-hw-37.7.10-fw-1.0.1.2d.d.bseq
copying/compressing file intel/ibt-hw-37.8.bseq
copying/compressing file intel/ibt-hw-37.8.10-fw-1.10.2.27.d.bseq
copying/compressing file intel/ibt-hw-37.8.10-fw-1.10.3.11.e.bseq
copying/compressing file intel/ibt-hw-37.8.10-fw-22.50.19.14.f.bseq
copying/compressing file intel/ibt-11-5.ddc
copying/compressing file intel/ibt-11-5.sfi
copying/compressing file intel/ibt-12-16.ddc
copying/compressing file intel/ibt-12-16.sfi
copying/compressing file intel/ibt-17-16-1.sfi
copying/compressing file intel/ibt-17-16-1.ddc
copying/compressing file intel/ibt-18-16-1.sfi
copying/compressing file intel/ibt-18-16-1.ddc
copying/compressing file intel/ibt-17-0-1.sfi
copying/compressing file intel/ibt-17-0-1.ddc
copying/compressing file intel/ibt-18-0-1.sfi
copying/compressing file intel/ibt-18-0-1.ddc
copying/compressing file intel/ibt-20-0-3.sfi
copying/compressing file intel/ibt-20-0-3.ddc
copying/compressing file intel/ibt-20-1-3.sfi
copying/compressing file intel/ibt-20-1-3.ddc
copying/compressing file intel/ibt-20-1-4.sfi
copying/compressing file intel/ibt-20-1-4.ddc
copying/compressing file intel/ibt-19-0-4.sfi
copying/compressing file intel/ibt-19-0-4.ddc
copying/compressing file intel/ibt-0041-0041.sfi
copying/compressing file intel/ibt-0041-0041.ddc
copying/compressing file intel/ibt-0040-0041.sfi
copying/compressing file intel/ibt-0040-0041.ddc
copying/compressing file intel/ibt-1040-0041.sfi
copying/compressing file intel/ibt-1040-0041.ddc
copying/compressing file intel/ibt-0040-1020.sfi
copying/compressing file intel/ibt-0040-1020.ddc
copying/compressing file intel/ibt-1040-1020.sfi
copying/compressing file intel/ibt-1040-1020.ddc
copying/compressing file intel/ibt-0093-0041.sfi
copying/compressing file intel/ibt-0093-0041.ddc
copying/compressing file intel/ibt-0093-4150.sfi
copying/compressing file intel/ibt-0093-4150.ddc
copying/compressing file intel/ibt-0093-1050.sfi
copying/compressing file intel/ibt-0093-1050.ddc
copying/compressing file intel/ibt-0291-0291.sfi
copying/compressing file intel/ibt-0291-0291.ddc
copying/compressing file intel/ibt-0093-0291.sfi
copying/compressing file intel/ibt-0093-0291.ddc
copying/compressing file intel/ibt-0180-0041.sfi
copying/compressing file intel/ibt-0180-0041.ddc
copying/compressing file intel/ibt-0180-4150.sfi
copying/compressing file intel/ibt-0180-4150.ddc
copying/compressing file intel/ibt-0180-1050.sfi
copying/compressing file intel/ibt-0180-1050.ddc
copying/compressing file intel/ibt-0190-0291.sfi
copying/compressing file intel/ibt-0190-0291.ddc
copying/compressing file intel/ibt-0190-0041.sfi
copying/compressing file intel/ibt-0190-0041-iml.sfi
copying/compressing file intel/ibt-0190-0041.ddc
copying/compressing file intel/ibt-0190-0041-pci.ddc
copying/compressing file intel/ibt-0190-0041-pci.sfi
copying/compressing file intel/ibt-0190-0041-usb.ddc
copying/compressing file intel/ibt-0190-0041-usb.sfi
copying/compressing file intel/ibt-1190-0041-iml.sfi
copying/compressing file intel/ibt-1190-0041-pci.ddc
copying/compressing file intel/ibt-1190-0041-pci.sfi
copying/compressing file intel/ibt-0190-0291-iml.sfi
copying/compressing file intel/ibt-0190-0291-usb.ddc
copying/compressing file intel/ibt-0190-0291-usb.sfi
copying/compressing file intel/ibt-0190-0291-pci.ddc
copying/compressing file intel/ibt-0190-0291-pci.sfi
copying/compressing file intel/ibt-1190-01a1-iml.sfi
copying/compressing file intel/ibt-1190-01a1-pci.ddc
copying/compressing file intel/ibt-1190-01a1-pci.sfi
copying/compressing file intel/ibt-00a0-01a1-iml.sfi
copying/compressing file intel/ibt-00a0-01a1-pci.ddc
copying/compressing file intel/ibt-00a0-01a1-pci.sfi
copying/compressing file intel/ibt-00a0-01a1-usb.ddc
copying/compressing file intel/ibt-00a0-01a1-usb.sfi
copying/compressing file intel/ibt-00a0-0291-iml.sfi
copying/compressing file intel/ibt-00a0-0291-pci.ddc
copying/compressing file intel/ibt-00a0-0291-pci.sfi
copying/compressing file intel/ibt-00a0-0291-usb.ddc
copying/compressing file intel/ibt-00a0-0291-usb.sfi
copying/compressing file intel/ibt-00a0-0041-iml.sfi
copying/compressing file intel/ibt-00a0-0041-pci.ddc
copying/compressing file intel/ibt-00a0-0041-pci.sfi
copying/compressing file rtl_bt/rtl8192ee_fw.bin
copying/compressing file rtl_bt/rtl8192eu_fw.bin
copying/compressing file rtl_bt/rtl8723a_fw.bin
copying/compressing file rtl_bt/rtl8723b_fw.bin
copying/compressing file rtl_bt/rtl8723bs_fw.bin
copying/compressing file rtl_bt/rtl8723bs_config.bin
copying/compressing file rtl_bt/rtl8723cs_xx_fw.bin
copying/compressing file rtl_bt/rtl8723cs_xx_config.bin
copying/compressing file rtl_bt/rtl8761a_fw.bin
copying/compressing file rtl_bt/rtl8761b_fw.bin
copying/compressing file rtl_bt/rtl8761b_config.bin
copying/compressing file rtl_bt/rtl8761bu_fw.bin
copying/compressing file rtl_bt/rtl8761bu_config.bin
copying/compressing file rtl_bt/rtl8761cu_fw.bin
copying/compressing file rtl_bt/rtl8761cu_config.bin
copying/compressing file rtl_bt/rtl8812ae_fw.bin
copying/compressing file rtl_bt/rtl8821a_fw.bin
copying/compressing file rtl_bt/rtl8822b_fw.bin
copying/compressing file rtl_bt/rtl8822b_config.bin
copying/compressing file rtl_bt/rtl8723d_fw.bin
copying/compressing file rtl_bt/rtl8821c_fw.bin
copying/compressing file rtl_bt/rtl8821c_config.bin
copying/compressing file rtl_bt/rtl8821cs_fw.bin
copying/compressing file rtl_bt/rtl8822cu_fw.bin
copying/compressing file rtl_bt/rtl8822cs_fw.bin
copying/compressing file rtl_bt/rtl8822cs_config.bin
copying/compressing file rtl_bt/rtl8852au_fw.bin
copying/compressing file rtl_bt/rtl8852bu_fw.bin
copying/compressing file rtl_bt/rtl8852cu_fw.bin
copying/compressing file rtl_bt/rtl8852cu_fw_v2.bin
copying/compressing file rtl_bt/rtl8851bu_fw.bin
copying/compressing file rtl_bt/rtl8852btu_fw.bin
copying/compressing file rtl_bt/rtl8922au_fw.bin
copying/compressing file rtl_bt/rtl8922au_config.bin
copying/compressing file mediatek/mt7650.bin
copying/compressing file rp2.fw
copying/compressing file go7007/s2250-1.fw
copying/compressing file go7007/s2250-2.fw
copying/compressing file go7007/go7007fw.bin
copying/compressing file go7007/go7007tv.bin
copying/compressing file go7007/lr192.fw
copying/compressing file go7007/px-m402u.fw
copying/compressing file go7007/px-tv402u.fw
copying/compressing file go7007/wis-startrek.fw
copying/compressing file amd/amd_sev_fam17h_model0xh.sbin
copying/compressing file amd/amd_sev_fam17h_model3xh.sbin
copying/compressing file amd/amd_sev_fam19h_model0xh.sbin
copying/compressing file amd/amd_sev_fam19h_model1xh.sbin
copying/compressing file amd/amd_sev_fam19h_modelaxh.sbin
copying/compressing file amd/amd_sev_fam1ah_model0xh.sbin
copying/compressing file amd-ucode/microcode_amd.bin
copying/compressing file amd-ucode/microcode_amd_fam15h.bin
copying/compressing file amd-ucode/microcode_amd_fam16h.bin
copying/compressing file amd-ucode/microcode_amd_fam17h.bin
copying/compressing file amd-ucode/microcode_amd_fam19h.bin
copying/compressing file amd-ucode/microcode_amd_fam1ah.bin
copying/compressing file amd-ucode/README
copying/compressing file moxa/moxa-1110.fw
copying/compressing file moxa/moxa-1130.fw
copying/compressing file moxa/moxa-1131.fw
copying/compressing file moxa/moxa-1150.fw
copying/compressing file moxa/moxa-1151.fw
copying/compressing file moxa/moxa-1250.fw
copying/compressing file moxa/moxa-1251.fw
copying/compressing file moxa/moxa-1410.fw
copying/compressing file moxa/moxa-1450.fw
copying/compressing file moxa/moxa-1451.fw
copying/compressing file moxa/moxa-1613.fw
copying/compressing file moxa/moxa-1618.fw
copying/compressing file moxa/moxa-1653.fw
copying/compressing file moxa/moxa-1658.fw
copying/compressing file wsm_22.bin
copying/compressing file sdd_sagrad_1091_1098.bin
copying/compressing file cbfw-3.2.5.1.bin
copying/compressing file ctfw-3.2.5.1.bin
copying/compressing file ct2fw-3.2.5.1.bin
copying/compressing file intel/qat/qat_895xcc.bin
copying/compressing file intel/qat/qat_895xcc_mmp.bin
copying/compressing file intel/qat/qat_c3xxx.bin
copying/compressing file intel/qat/qat_c3xxx_mmp.bin
copying/compressing file intel/qat/qat_c62x.bin
copying/compressing file intel/qat/qat_c62x_mmp.bin
copying/compressing file intel/qat/qat_4xxx.bin
copying/compressing file intel/qat/qat_4xxx_mmp.bin
copying/compressing file intel/qat/qat_402xx.bin
copying/compressing file intel/qat/qat_402xx_mmp.bin
copying/compressing file intel/qat/qat_420xx.bin
copying/compressing file intel/qat/qat_420xx_mmp.bin
copying/compressing file rsi_91x.fw
copying/compressing file rsi/rs9113_wlan_qspi.rps
copying/compressing file rsi/rs9113_wlan_bt_dual_mode.rps
copying/compressing file rsi/rs9113_ap_bt_dual_mode.rps
copying/compressing file rsi/rs9116_wlan.rps
copying/compressing file rsi/rs9116_wlan_bt_classic.rps
copying/compressing file r8a779x_usb3_v1.dlmem
copying/compressing file r8a779x_usb3_v2.dlmem
copying/compressing file r8a779x_usb3_v3.dlmem
copying/compressing file intel/fw_sst_0f28.bin-48kHz_i2s_master
copying/compressing file as102_data1_st.hex
copying/compressing file as102_data2_st.hex
copying/compressing file dvb-usb-it9135-01.fw
copying/compressing file dvb-usb-it9135-02.fw
copying/compressing file intel/catpt/bdw/dsp_basefw.bin
copying/compressing file intel/avs/skl/dsp_basefw.bin
copying/compressing file intel/avs/skl/dsp_mod_7CAD0808-AB10-CD23-EF45-12AB34CD56EF.bin
copying/compressing file intel/avs/apl/dsp_basefw.bin
copying/compressing file intel/avs/cnl/dsp_basefw.bin
copying/compressing file intel/avs/da7219-tplg.bin
copying/compressing file intel/avs/dmic-tplg.bin
copying/compressing file intel/avs/hda-808628xx-3ep-tplg.bin
copying/compressing file intel/avs/hda-generic-1ep-tplg.bin
copying/compressing file intel/avs/max98357a-tplg.bin
copying/compressing file intel/avs/max98373-tplg.bin
copying/compressing file intel/avs/max98927-tplg.bin
copying/compressing file intel/avs/nau8825-tplg.bin
copying/compressing file intel/avs/rt274-tplg.bin
copying/compressing file intel/avs/rt286-tplg.bin
copying/compressing file intel/avs/rt298-tplg.bin
copying/compressing file intel/avs/rt5514-tplg.bin
copying/compressing file intel/avs/rt5640-tplg.bin
copying/compressing file intel/avs/rt5663-tplg.bin
copying/compressing file intel/avs/ssm4567-tplg.bin
copying/compressing file intel/fw_sst_0f28.bin
copying/compressing file intel/fw_sst_0f28_ssp0.bin
copying/compressing file intel/fw_sst_22a8.bin
copying/compressing file intel/dsp_fw_release_v969.bin
copying/compressing file intel/dsp_fw_release_v3402.bin
copying/compressing file intel/dsp_fw_bxtn_v2219.bin
copying/compressing file intel/dsp_fw_bxtn_v3366.bin
copying/compressing file intel/dsp_fw_kbl_v701.bin
copying/compressing file intel/dsp_fw_kbl_v1037.bin
copying/compressing file intel/dsp_fw_kbl_v2042.bin
copying/compressing file intel/dsp_fw_kbl_v2630.bin
copying/compressing file intel/dsp_fw_kbl_v3266.bin
copying/compressing file intel/dsp_fw_kbl_v3420.bin
copying/compressing file intel/dsp_fw_kbl_v3402.bin
copying/compressing file intel/dsp_fw_glk_v1814.bin
copying/compressing file intel/dsp_fw_glk_v2880.bin
copying/compressing file intel/dsp_fw_glk_v2768.bin
copying/compressing file intel/dsp_fw_glk_v3366.bin
copying/compressing file intel/dsp_fw_cnl_v1191.bin
copying/compressing file intel/dsp_fw_cnl_v1858.bin
copying/compressing file cmmb_vega_12mhz.inp
copying/compressing file cmmb_venice_12mhz.inp
copying/compressing file dvb_nova_12mhz.inp
copying/compressing file dvb_nova_12mhz_b0.inp
copying/compressing file isdbt_nova_12mhz.inp
copying/compressing file isdbt_nova_12mhz_b0.inp
copying/compressing file isdbt_rio.inp
copying/compressing file sms1xxx-hcw-55xxx-dvbt-02.fw
copying/compressing file sms1xxx-hcw-55xxx-isdbt-02.fw
copying/compressing file sms1xxx-nova-a-dvbt-01.fw
copying/compressing file sms1xxx-nova-b-dvbt-01.fw
copying/compressing file sms1xxx-stellar-dvbt-01.fw
copying/compressing file tdmb_nova_12mhz.inp
copying/compressing file nvidia/tegra124/xusb.bin
copying/compressing file nvidia/tegra210/xusb.bin
copying/compressing file nvidia/tegra186/xusb.bin
copying/compressing file nvidia/tegra194/xusb.bin
copying/compressing file nvidia/tegra124/vic03_ucode.bin
copying/compressing file nvidia/tegra210/vic04_ucode.bin
copying/compressing file nvidia/tegra186/vic04_ucode.bin
copying/compressing file nvidia/tegra194/vic.bin
copying/compressing file atusb/atusb-0.2.dfu
copying/compressing file atusb/atusb-0.3.dfu
copying/compressing file atusb/rzusb-0.3.bin
copying/compressing file qca/nvm_usb_00000201.bin
copying/compressing file qca/nvm_usb_00000200.bin
copying/compressing file qca/nvm_usb_00000300.bin
copying/compressing file qca/nvm_usb_00000302.bin
copying/compressing file qca/rampatch_usb_00000200.bin
copying/compressing file qca/rampatch_usb_00000201.bin
copying/compressing file qca/rampatch_usb_00000300.bin
copying/compressing file qca/rampatch_usb_00000302.bin
copying/compressing file qca/nvm_usb_00000302_eu.bin
copying/compressing file qca/rampatch_usb_00130200.bin
copying/compressing file qca/nvm_usb_00130200.bin
copying/compressing file qca/nvm_usb_00130200_0104.bin
copying/compressing file qca/nvm_usb_00130200_0105.bin
copying/compressing file qca/nvm_usb_00130200_0106.bin
copying/compressing file qca/nvm_usb_00130200_0107.bin
copying/compressing file qca/nvm_usb_00130200_0109.bin
copying/compressing file qca/nvm_usb_00130200_0110.bin
copying/compressing file qca/rampatch_usb_00130201.bin
copying/compressing file qca/nvm_usb_00130201.bin
copying/compressing file qca/nvm_usb_00130201_010a.bin
copying/compressing file qca/nvm_usb_00130201_010b.bin
copying/compressing file qca/nvm_usb_00130201_0303.bin
copying/compressing file qca/nvm_usb_00130201_gf.bin
copying/compressing file qca/nvm_usb_00130201_gf_010a.bin
copying/compressing file qca/nvm_usb_00130201_gf_010b.bin
copying/compressing file qca/nvm_usb_00130201_gf_0303.bin
copying/compressing file qca/rampatch_usb_00190200.bin
copying/compressing file qca/QCA2066/rampatch_usb_00130201.bin
copying/compressing file qca/QCA2066/nvm_usb_00130201_030a.bin
copying/compressing file qca/QCA2066/nvm_usb_00130201_gf_030a.bin
copying/compressing file qca/nvm_usb_00190200.bin
copying/compressing file qca/nvm_usb_00190200_0104.bin
copying/compressing file qca/nvm_usb_00190200_0106.bin
copying/compressing file qca/nvm_usb_00190200_0108.bin
copying/compressing file qca/nvm_usb_00190200_0109.bin
copying/compressing file qca/nvm_usb_00190200_010a.bin
copying/compressing file qca/nvm_usb_00190200_010c.bin
copying/compressing file qca/nvm_usb_00190200_010e.bin
copying/compressing file qca/nvm_usb_00190200_0110.bin
copying/compressing file qca/nvm_usb_00190200_0111.bin
copying/compressing file qca/nvm_usb_00190200_0112.bin
copying/compressing file qca/rampatch_00130300.bin
copying/compressing file qca/rampatch_00130302.bin
copying/compressing file qca/rampatch_00230302.bin
copying/compressing file qca/nvm_00130300.bin
copying/compressing file qca/nvm_00130302.bin
copying/compressing file qca/nvm_00230302.bin
copying/compressing file qca/rampatch_00440302.bin
copying/compressing file qca/nvm_00440302.bin
copying/compressing file qca/nvm_00440302_eu.bin
copying/compressing file qca/nvm_00440302_i2s_eu.bin
copying/compressing file qca/ornbtfw11.tlv
copying/compressing file qca/ornnv11.bin
copying/compressing file qca/cmbtfw12.tlv
copying/compressing file qca/cmbtfw13.tlv
copying/compressing file qca/cmnv12.bin
copying/compressing file qca/cmnv13.bin
copying/compressing file qca/cmnv13s.bin
copying/compressing file qca/cmnv13t.bin
copying/compressing file qca/apbtfw10.tlv
copying/compressing file qca/apbtfw11.tlv
copying/compressing file qca/apnv10.bin
copying/compressing file qca/apnv11.bin
copying/compressing file qca/crbtfw21.tlv
copying/compressing file qca/crnv21.bin
copying/compressing file qca/crbtfw32.tlv
copying/compressing file qca/crnv32.bin
copying/compressing file qca/crnv32u.bin
copying/compressing file qca/msbtfw11.mbn
copying/compressing file qca/msbtfw11.tlv
copying/compressing file qca/msnv11.bin
copying/compressing file qca/msnv11.b0a
copying/compressing file qca/msnv11.b09
copying/compressing file qca/wcnhpbtfw21.tlv
copying/compressing file qca/wcnhpnv21.bin
copying/compressing file qca/wcnhpnv21g.bin
copying/compressing file qca/wcnhpnv21.b8c
copying/compressing file qca/wcnhpnv21.b9f
copying/compressing file qca/wcnhpnv21.ba0
copying/compressing file qca/wcnhpnv21.ba1
copying/compressing file qca/wcnhpnv21.ba2
copying/compressing file qca/wcnhpnv21.ba3
copying/compressing file qca/wcnhpnv21.ba4
copying/compressing file qca/wcnhpnv21.baa
copying/compressing file qca/wcnhpnv21.bb8
copying/compressing file qca/wcnhpnv21.b10c
copying/compressing file qca/wcnhpnv21.b111
copying/compressing file qca/wcnhpnv21g.b8c
copying/compressing file qca/wcnhpnv21g.b9f
copying/compressing file qca/wcnhpnv21g.ba0
copying/compressing file qca/wcnhpnv21g.ba1
copying/compressing file qca/wcnhpnv21g.ba2
copying/compressing file qca/wcnhpnv21g.ba3
copying/compressing file qca/wcnhpnv21g.ba4
copying/compressing file qca/wcnhpnv21g.baa
copying/compressing file qca/wcnhpnv21g.bb8
copying/compressing file qca/wcnhpnv21g.b10c
copying/compressing file qca/wcnhpnv21g.b111
copying/compressing file qca/hpbtfw21.tlv
copying/compressing file qca/hpnv21.bin
copying/compressing file qca/hpnv21g.bin
copying/compressing file qca/hpnv21.301
copying/compressing file qca/hpnv21.302
copying/compressing file qca/hpnv21g.301
copying/compressing file qca/hpnv21g.302
copying/compressing file qca/hpnv21.309
copying/compressing file qca/hpnv21g.309
copying/compressing file qca/hpnv21.30a
copying/compressing file qca/hpnv21g.30a
copying/compressing file qca/hpnv21.b8c
copying/compressing file qca/hpnv21.b9f
copying/compressing file qca/hpnv21.ba0
copying/compressing file qca/hpnv21.ba1
copying/compressing file qca/hpnv21.ba2
copying/compressing file qca/hpnv21.ba3
copying/compressing file qca/hpnv21.ba4
copying/compressing file qca/hpnv21.baa
copying/compressing file qca/hpnv21.bb8
copying/compressing file qca/hpnv21.b10c
copying/compressing file qca/hpnv21.b111
copying/compressing file qca/hpnv21g.b8c
copying/compressing file qca/hpnv21g.b9f
copying/compressing file qca/hpnv21g.ba0
copying/compressing file qca/hpnv21g.ba1
copying/compressing file qca/hpnv21g.ba2
copying/compressing file qca/hpnv21g.ba3
copying/compressing file qca/hpnv21g.ba4
copying/compressing file qca/hpnv21g.baa
copying/compressing file qca/hpnv21g.bb8
copying/compressing file qca/hpnv21g.b10c
copying/compressing file qca/hpnv21g.b111
copying/compressing file qca/htbtfw20.tlv
copying/compressing file qca/htnv20.bin
copying/compressing file qca/hmtbtfw20.tlv
copying/compressing file qca/hmtnv20.b10f
copying/compressing file qca/hmtnv20.b112
copying/compressing file qca/hmtnv20.bin
copying/compressing file qca/QCA6698/hpbtfw21.tlv
copying/compressing file qca/QCA6698/hpnv21.b206
copying/compressing file qca/QCA6698/hpnv21.b207
copying/compressing file qca/QCA6698/hpnv21.bin
copying/compressing file liquidio/lio_23xx_nic.bin
copying/compressing file liquidio/lio_210nv_nic.bin
copying/compressing file liquidio/lio_210sv_nic.bin
copying/compressing file liquidio/lio_410nv_nic.bin
copying/compressing file cavium/cnn55xx_ae.fw
copying/compressing file cavium/cnn55xx_se.fw
copying/compressing file i915/skl_dmc_ver1_23.bin
copying/compressing file i915/skl_dmc_ver1_26.bin
copying/compressing file i915/skl_dmc_ver1_27.bin
copying/compressing file i915/bxt_dmc_ver1_07.bin
copying/compressing file i915/kbl_dmc_ver1_01.bin
copying/compressing file i915/kbl_dmc_ver1_04.bin
copying/compressing file i915/skl_guc_ver1.bin
copying/compressing file i915/skl_guc_ver4.bin
copying/compressing file i915/skl_guc_ver6_1.bin
copying/compressing file i915/skl_guc_ver9_33.bin
copying/compressing file i915/skl_guc_32.0.3.bin
copying/compressing file i915/skl_guc_33.0.0.bin
copying/compressing file i915/skl_guc_49.0.1.bin
copying/compressing file i915/skl_guc_62.0.0.bin
copying/compressing file i915/skl_guc_69.0.3.bin
copying/compressing file i915/skl_guc_70.1.1.bin
copying/compressing file i915/skl_huc_ver01_07_1398.bin
copying/compressing file i915/skl_huc_2.0.0.bin
copying/compressing file i915/bxt_huc_ver01_07_1398.bin
copying/compressing file i915/bxt_huc_ver01_8_2893.bin
copying/compressing file i915/bxt_huc_2.0.0.bin
copying/compressing file i915/kbl_huc_ver02_00_1810.bin
copying/compressing file i915/kbl_huc_4.0.0.bin
copying/compressing file i915/bxt_guc_ver8_7.bin
copying/compressing file i915/bxt_guc_ver9_29.bin
copying/compressing file i915/bxt_guc_32.0.3.bin
copying/compressing file i915/bxt_guc_33.0.0.bin
copying/compressing file i915/bxt_guc_49.0.1.bin
copying/compressing file i915/bxt_guc_62.0.0.bin
copying/compressing file i915/bxt_guc_69.0.3.bin
copying/compressing file i915/bxt_guc_70.1.1.bin
copying/compressing file i915/kbl_guc_ver9_14.bin
copying/compressing file i915/cml_guc_33.0.0.bin
copying/compressing file i915/cml_guc_49.0.1.bin
copying/compressing file i915/cml_guc_62.0.0.bin
copying/compressing file i915/cml_guc_69.0.3.bin
copying/compressing file i915/cml_guc_70.1.1.bin
copying/compressing file i915/kbl_guc_ver9_39.bin
copying/compressing file i915/kbl_guc_32.0.3.bin
copying/compressing file i915/kbl_guc_33.0.0.bin
copying/compressing file i915/kbl_guc_49.0.1.bin
copying/compressing file i915/kbl_guc_62.0.0.bin
copying/compressing file i915/kbl_guc_69.0.3.bin
copying/compressing file i915/kbl_guc_70.1.1.bin
copying/compressing file i915/glk_guc_32.0.3.bin
copying/compressing file i915/glk_guc_33.0.0.bin
copying/compressing file i915/glk_guc_49.0.1.bin
copying/compressing file i915/glk_guc_62.0.0.bin
copying/compressing file i915/glk_guc_69.0.3.bin
copying/compressing file i915/glk_guc_70.1.1.bin
copying/compressing file i915/glk_huc_ver03_01_2893.bin
copying/compressing file i915/glk_huc_4.0.0.bin
copying/compressing file i915/glk_dmc_ver1_04.bin
copying/compressing file i915/cml_huc_4.0.0.bin
copying/compressing file i915/cnl_dmc_ver1_06.bin
copying/compressing file i915/cnl_dmc_ver1_07.bin
copying/compressing file i915/icl_dmc_ver1_07.bin
copying/compressing file i915/icl_dmc_ver1_09.bin
copying/compressing file i915/icl_guc_32.0.3.bin
copying/compressing file i915/icl_guc_33.0.0.bin
copying/compressing file i915/icl_guc_49.0.1.bin
copying/compressing file i915/icl_guc_62.0.0.bin
copying/compressing file i915/icl_guc_69.0.3.bin
copying/compressing file i915/icl_guc_70.1.1.bin
copying/compressing file i915/icl_huc_ver8_4_3238.bin
copying/compressing file i915/tgl_dmc_ver2_04.bin
copying/compressing file i915/tgl_dmc_ver2_06.bin
copying/compressing file i915/tgl_dmc_ver2_08.bin
copying/compressing file i915/tgl_dmc_ver2_12.bin
copying/compressing file i915/icl_huc_9.0.0.bin
copying/compressing file i915/ehl_guc_33.0.4.bin
copying/compressing file i915/ehl_guc_49.0.1.bin
copying/compressing file i915/ehl_guc_62.0.0.bin
copying/compressing file i915/ehl_guc_69.0.3.bin
copying/compressing file i915/ehl_guc_70.1.1.bin
copying/compressing file i915/ehl_huc_9.0.0.bin
copying/compressing file i915/tgl_guc_35.2.0.bin
copying/compressing file i915/tgl_guc_49.0.1.bin
copying/compressing file i915/tgl_guc_62.0.0.bin
copying/compressing file i915/tgl_guc_69.0.3.bin
copying/compressing file i915/tgl_guc_70.1.1.bin
copying/compressing file i915/tgl_guc_70.bin
copying/compressing file i915/tgl_huc_7.0.3.bin
copying/compressing file i915/tgl_huc_7.0.12.bin
copying/compressing file i915/tgl_huc_7.5.0.bin
copying/compressing file i915/tgl_huc_7.9.3.bin
copying/compressing file i915/tgl_huc.bin
copying/compressing file i915/rkl_dmc_ver2_02.bin
copying/compressing file i915/rkl_dmc_ver2_03.bin
copying/compressing file i915/dg1_dmc_ver2_02.bin
copying/compressing file i915/dg1_guc_49.0.1.bin
copying/compressing file i915/dg1_guc_62.0.0.bin
copying/compressing file i915/dg1_guc_69.0.3.bin
copying/compressing file i915/dg1_guc_70.1.1.bin
copying/compressing file i915/dg1_guc_70.bin
copying/compressing file i915/dg1_huc_7.7.1.bin
copying/compressing file i915/dg1_huc_7.9.3.bin
copying/compressing file i915/dg1_huc.bin
copying/compressing file i915/adls_dmc_ver2_01.bin
copying/compressing file i915/adlp_dmc_ver2_09.bin
copying/compressing file i915/adlp_dmc_ver2_10.bin
copying/compressing file i915/adlp_dmc_ver2_12.bin
copying/compressing file i915/adlp_dmc_ver2_14.bin
copying/compressing file i915/adlp_dmc_ver2_16.bin
copying/compressing file i915/adlp_dmc.bin
copying/compressing file i915/adlp_guc_62.0.3.bin
copying/compressing file i915/adlp_guc_69.0.3.bin
copying/compressing file i915/adlp_guc_70.1.1.bin
copying/compressing file i915/adlp_guc_70.bin
copying/compressing file i915/dg2_guc_70.1.2.bin
copying/compressing file i915/dg2_guc_70.4.1.bin
copying/compressing file i915/dg2_guc_70.bin
copying/compressing file i915/dg2_huc_gsc.bin
copying/compressing file i915/dg2_dmc_ver2_06.bin
copying/compressing file i915/dg2_dmc_ver2_07.bin
copying/compressing file i915/dg2_dmc_ver2_08.bin
copying/compressing file i915/mtl_dmc_ver2_10.bin
copying/compressing file i915/mtl_dmc.bin
copying/compressing file i915/mtl_guc_70.bin
copying/compressing file i915/mtl_huc_gsc.bin
copying/compressing file i915/mtl_gsc_1.bin
copying/compressing file i915/bmg_dmc.bin
copying/compressing file i915/xe2lpd_dmc.bin
copying/compressing file i915/xe3lpd_dmc.bin
copying/compressing file i915/xe3lpd_3002_dmc.bin
copying/compressing file i915/xe3p_lpd_dmc.bin
copying/compressing file xe/lnl_gsc_1.bin
copying/compressing file xe/lnl_guc_70.bin
copying/compressing file xe/lnl_huc.bin
copying/compressing file xe/bmg_guc_70.bin
copying/compressing file xe/bmg_huc.bin
copying/compressing file xe/fan_control_8086_e20b_8086_1100.bin
copying/compressing file xe/ptl_gsc_1.bin
copying/compressing file xe/ptl_guc_70.bin
copying/compressing file xe/ptl_huc.bin
copying/compressing file nvidia/gk20a/fecs_data.bin
copying/compressing file nvidia/gk20a/fecs_inst.bin
copying/compressing file nvidia/gk20a/gpccs_data.bin
copying/compressing file nvidia/gk20a/gpccs_inst.bin
copying/compressing file nvidia/gk20a/sw_bundle_init.bin
copying/compressing file nvidia/gk20a/sw_ctx.bin
copying/compressing file nvidia/gk20a/sw_method_init.bin
copying/compressing file nvidia/gk20a/sw_nonctx.bin
copying/compressing file nvidia/gm200/acr/bl.bin
copying/compressing file nvidia/gm200/acr/ucode_load.bin
copying/compressing file nvidia/gm200/acr/ucode_unload.bin
copying/compressing file nvidia/gm200/gr/fecs_bl.bin
copying/compressing file nvidia/gm200/gr/fecs_data.bin
copying/compressing file nvidia/gm200/gr/fecs_inst.bin
copying/compressing file nvidia/gm200/gr/fecs_sig.bin
copying/compressing file nvidia/gm200/gr/gpccs_bl.bin
copying/compressing file nvidia/gm200/gr/gpccs_data.bin
copying/compressing file nvidia/gm200/gr/gpccs_inst.bin
copying/compressing file nvidia/gm200/gr/gpccs_sig.bin
copying/compressing file nvidia/gm200/gr/sw_bundle_init.bin
copying/compressing file nvidia/gm200/gr/sw_ctx.bin
copying/compressing file nvidia/gm200/gr/sw_method_init.bin
copying/compressing file nvidia/gm200/gr/sw_nonctx.bin
copying/compressing file nvidia/gm204/gr/fecs_data.bin
copying/compressing file nvidia/gm204/gr/fecs_sig.bin
copying/compressing file nvidia/gm204/gr/gpccs_data.bin
copying/compressing file nvidia/gm204/gr/gpccs_sig.bin
copying/compressing file nvidia/gm206/acr/ucode_load.bin
copying/compressing file nvidia/gm206/acr/ucode_unload.bin
copying/compressing file nvidia/gm206/gr/fecs_data.bin
copying/compressing file nvidia/gm206/gr/fecs_sig.bin
copying/compressing file nvidia/gm206/gr/gpccs_data.bin
copying/compressing file nvidia/gm206/gr/gpccs_sig.bin
copying/compressing file nvidia/gm20b/acr/bl.bin
copying/compressing file nvidia/gm20b/acr/ucode_load.bin
copying/compressing file nvidia/gm20b/gr/fecs_bl.bin
copying/compressing file nvidia/gm20b/gr/fecs_data.bin
copying/compressing file nvidia/gm20b/gr/fecs_inst.bin
copying/compressing file nvidia/gm20b/gr/fecs_sig.bin
copying/compressing file nvidia/gm20b/gr/gpccs_data.bin
copying/compressing file nvidia/gm20b/gr/gpccs_inst.bin
copying/compressing file nvidia/gm20b/gr/sw_bundle_init.bin
copying/compressing file nvidia/gm20b/gr/sw_ctx.bin
copying/compressing file nvidia/gm20b/gr/sw_nonctx.bin
copying/compressing file nvidia/gm20b/pmu/desc.bin
copying/compressing file nvidia/gm20b/pmu/image.bin
copying/compressing file nvidia/gm20b/pmu/sig.bin
copying/compressing file nvidia/gp100/acr/bl.bin
copying/compressing file nvidia/gp100/acr/ucode_load.bin
copying/compressing file nvidia/gp100/acr/ucode_unload.bin
copying/compressing file nvidia/gp100/gr/fecs_data.bin
copying/compressing file nvidia/gp100/gr/fecs_inst.bin
copying/compressing file nvidia/gp100/gr/fecs_sig.bin
copying/compressing file nvidia/gp100/gr/gpccs_data.bin
copying/compressing file nvidia/gp100/gr/gpccs_inst.bin
copying/compressing file nvidia/gp100/gr/gpccs_sig.bin
copying/compressing file nvidia/gp100/gr/sw_bundle_init.bin
copying/compressing file nvidia/gp100/gr/sw_ctx.bin
copying/compressing file nvidia/gp100/gr/sw_method_init.bin
copying/compressing file nvidia/gp100/gr/sw_nonctx.bin
copying/compressing file nvidia/gp102/acr/bl.bin
copying/compressing file nvidia/gp102/acr/ucode_load.bin
copying/compressing file nvidia/gp102/acr/ucode_unload.bin
copying/compressing file nvidia/gp102/acr/unload_bl.bin
copying/compressing file nvidia/gp102/gr/fecs_data.bin
copying/compressing file nvidia/gp102/gr/fecs_inst.bin
copying/compressing file nvidia/gp102/gr/fecs_sig.bin
copying/compressing file nvidia/gp102/gr/gpccs_data.bin
copying/compressing file nvidia/gp102/gr/gpccs_inst.bin
copying/compressing file nvidia/gp102/gr/gpccs_sig.bin
copying/compressing file nvidia/gp102/gr/sw_bundle_init.bin
copying/compressing file nvidia/gp102/gr/sw_ctx.bin
copying/compressing file nvidia/gp102/gr/sw_method_init.bin
copying/compressing file nvidia/gp102/gr/sw_nonctx.bin
copying/compressing file nvidia/gp102/nvdec/scrubber.bin
copying/compressing file nvidia/gp102/sec2/desc.bin
copying/compressing file nvidia/gp102/sec2/image.bin
copying/compressing file nvidia/gp102/sec2/sig.bin
copying/compressing file nvidia/gp102/sec2/desc-1.bin
copying/compressing file nvidia/gp102/sec2/image-1.bin
copying/compressing file nvidia/gp102/sec2/sig-1.bin
copying/compressing file nvidia/gp104/gr/fecs_data.bin
copying/compressing file nvidia/gp104/gr/fecs_inst.bin
copying/compressing file nvidia/gp104/gr/fecs_sig.bin
copying/compressing file nvidia/gp104/gr/gpccs_data.bin
copying/compressing file nvidia/gp104/gr/gpccs_inst.bin
copying/compressing file nvidia/gp104/gr/gpccs_sig.bin
copying/compressing file nvidia/gp106/gr/fecs_data.bin
copying/compressing file nvidia/gp106/gr/fecs_sig.bin
copying/compressing file nvidia/gp106/gr/gpccs_data.bin
copying/compressing file nvidia/gp106/gr/gpccs_sig.bin
copying/compressing file nvidia/gp107/gr/fecs_bl.bin
copying/compressing file nvidia/gp107/gr/fecs_data.bin
copying/compressing file nvidia/gp107/gr/fecs_inst.bin
copying/compressing file nvidia/gp107/gr/fecs_sig.bin
copying/compressing file nvidia/gp107/gr/gpccs_bl.bin
copying/compressing file nvidia/gp107/gr/gpccs_data.bin
copying/compressing file nvidia/gp107/gr/gpccs_inst.bin
copying/compressing file nvidia/gp107/gr/gpccs_sig.bin
copying/compressing file nvidia/gp107/gr/sw_ctx.bin
copying/compressing file nvidia/gp107/gr/sw_nonctx.bin
copying/compressing file nvidia/gp10b/acr/bl.bin
copying/compressing file nvidia/gp10b/acr/ucode_load.bin
copying/compressing file nvidia/gp10b/gr/fecs_bl.bin
copying/compressing file nvidia/gp10b/gr/fecs_data.bin
copying/compressing file nvidia/gp10b/gr/fecs_inst.bin
copying/compressing file nvidia/gp10b/gr/fecs_sig.bin
copying/compressing file nvidia/gp10b/gr/gpccs_bl.bin
copying/compressing file nvidia/gp10b/gr/gpccs_data.bin
copying/compressing file nvidia/gp10b/gr/gpccs_inst.bin
copying/compressing file nvidia/gp10b/gr/gpccs_sig.bin
copying/compressing file nvidia/gp10b/gr/sw_bundle_init.bin
copying/compressing file nvidia/gp10b/gr/sw_ctx.bin
copying/compressing file nvidia/gp10b/gr/sw_method_init.bin
copying/compressing file nvidia/gp10b/gr/sw_nonctx.bin
copying/compressing file nvidia/gp10b/pmu/desc.bin
copying/compressing file nvidia/gp10b/pmu/image.bin
copying/compressing file nvidia/gp10b/pmu/sig.bin
copying/compressing file nvidia/gp108/gr/fecs_bl.bin
copying/compressing file nvidia/gp108/gr/fecs_data.bin
copying/compressing file nvidia/gp108/gr/fecs_inst.bin
copying/compressing file nvidia/gp108/gr/fecs_sig.bin
copying/compressing file nvidia/gp108/gr/gpccs_bl.bin
copying/compressing file nvidia/gp108/gr/gpccs_data.bin
copying/compressing file nvidia/gp108/gr/gpccs_inst.bin
copying/compressing file nvidia/gp108/gr/gpccs_sig.bin
copying/compressing file nvidia/gp108/gr/sw_bundle_init.bin
copying/compressing file nvidia/gp108/gr/sw_ctx.bin
copying/compressing file nvidia/gp108/gr/sw_method_init.bin
copying/compressing file nvidia/gp108/gr/sw_nonctx.bin
copying/compressing file nvidia/gv100/acr/bl.bin
copying/compressing file nvidia/gv100/acr/ucode_load.bin
copying/compressing file nvidia/gv100/acr/ucode_unload.bin
copying/compressing file nvidia/gv100/acr/unload_bl.bin
copying/compressing file nvidia/gv100/gr/fecs_bl.bin
copying/compressing file nvidia/gv100/gr/fecs_data.bin
copying/compressing file nvidia/gv100/gr/fecs_inst.bin
copying/compressing file nvidia/gv100/gr/fecs_sig.bin
copying/compressing file nvidia/gv100/gr/gpccs_bl.bin
copying/compressing file nvidia/gv100/gr/gpccs_data.bin
copying/compressing file nvidia/gv100/gr/gpccs_inst.bin
copying/compressing file nvidia/gv100/gr/gpccs_sig.bin
copying/compressing file nvidia/gv100/gr/sw_bundle_init.bin
copying/compressing file nvidia/gv100/gr/sw_ctx.bin
copying/compressing file nvidia/gv100/gr/sw_method_init.bin
copying/compressing file nvidia/gv100/gr/sw_nonctx.bin
copying/compressing file nvidia/gv100/nvdec/scrubber.bin
copying/compressing file nvidia/gv100/sec2/desc.bin
copying/compressing file nvidia/gv100/sec2/image.bin
copying/compressing file nvidia/gv100/sec2/sig.bin
copying/compressing file nvidia/tu102/acr/bl.bin
copying/compressing file nvidia/tu102/acr/ucode_ahesasc.bin
copying/compressing file nvidia/tu102/acr/ucode_asb.bin
copying/compressing file nvidia/tu102/acr/unload_bl.bin
copying/compressing file nvidia/tu102/acr/ucode_unload.bin
copying/compressing file nvidia/tu102/gr/fecs_bl.bin
copying/compressing file nvidia/tu102/gr/fecs_data.bin
copying/compressing file nvidia/tu102/gr/fecs_inst.bin
copying/compressing file nvidia/tu102/gr/fecs_sig.bin
copying/compressing file nvidia/tu102/gr/gpccs_bl.bin
copying/compressing file nvidia/tu102/gr/gpccs_data.bin
copying/compressing file nvidia/tu102/gr/gpccs_inst.bin
copying/compressing file nvidia/tu102/gr/gpccs_sig.bin
copying/compressing file nvidia/tu102/gr/sw_bundle_init.bin
copying/compressing file nvidia/tu102/gr/sw_ctx.bin
copying/compressing file nvidia/tu102/gr/sw_method_init.bin
copying/compressing file nvidia/tu102/gr/sw_nonctx.bin
copying/compressing file nvidia/tu102/gr/sw_veid_bundle_init.bin
copying/compressing file nvidia/tu102/nvdec/scrubber.bin
copying/compressing file nvidia/tu102/sec2/desc.bin
copying/compressing file nvidia/tu102/sec2/image.bin
copying/compressing file nvidia/tu102/sec2/sig.bin
copying/compressing file nvidia/tu104/gr/fecs_data.bin
copying/compressing file nvidia/tu104/gr/fecs_inst.bin
copying/compressing file nvidia/tu104/gr/fecs_sig.bin
copying/compressing file nvidia/tu104/gr/gpccs_data.bin
copying/compressing file nvidia/tu104/gr/gpccs_inst.bin
copying/compressing file nvidia/tu104/gr/gpccs_sig.bin
copying/compressing file nvidia/tu104/gr/sw_bundle_init.bin
copying/compressing file nvidia/tu104/gr/sw_ctx.bin
copying/compressing file nvidia/tu104/gr/sw_method_init.bin
copying/compressing file nvidia/tu104/gr/sw_nonctx.bin
copying/compressing file nvidia/tu104/gr/sw_veid_bundle_init.bin
copying/compressing file nvidia/tu106/gr/fecs_data.bin
copying/compressing file nvidia/tu106/gr/fecs_inst.bin
copying/compressing file nvidia/tu106/gr/fecs_sig.bin
copying/compressing file nvidia/tu106/gr/gpccs_data.bin
copying/compressing file nvidia/tu106/gr/gpccs_inst.bin
copying/compressing file nvidia/tu106/gr/gpccs_sig.bin
copying/compressing file nvidia/tu106/gr/sw_bundle_init.bin
copying/compressing file nvidia/tu106/gr/sw_ctx.bin
copying/compressing file nvidia/tu106/gr/sw_method_init.bin
copying/compressing file nvidia/tu106/gr/sw_nonctx.bin
copying/compressing file nvidia/tu106/gr/sw_veid_bundle_init.bin
copying/compressing file nvidia/tu116/acr/bl.bin
copying/compressing file nvidia/tu116/acr/ucode_ahesasc.bin
copying/compressing file nvidia/tu116/acr/ucode_asb.bin
copying/compressing file nvidia/tu116/acr/ucode_unload.bin
copying/compressing file nvidia/tu116/acr/unload_bl.bin
copying/compressing file nvidia/tu116/gr/fecs_bl.bin
copying/compressing file nvidia/tu116/gr/fecs_data.bin
copying/compressing file nvidia/tu116/gr/fecs_inst.bin
copying/compressing file nvidia/tu116/gr/fecs_sig.bin
copying/compressing file nvidia/tu116/gr/gpccs_bl.bin
copying/compressing file nvidia/tu116/gr/gpccs_data.bin
copying/compressing file nvidia/tu116/gr/gpccs_inst.bin
copying/compressing file nvidia/tu116/gr/gpccs_sig.bin
copying/compressing file nvidia/tu116/gr/sw_bundle_init.bin
copying/compressing file nvidia/tu116/gr/sw_ctx.bin
copying/compressing file nvidia/tu116/gr/sw_method_init.bin
copying/compressing file nvidia/tu116/gr/sw_nonctx.bin
copying/compressing file nvidia/tu116/gr/sw_veid_bundle_init.bin
copying/compressing file nvidia/tu116/nvdec/scrubber.bin
copying/compressing file nvidia/tu116/sec2/desc.bin
copying/compressing file nvidia/tu116/sec2/image.bin
copying/compressing file nvidia/tu116/sec2/sig.bin
copying/compressing file nvidia/tu117/gr/fecs_data.bin
copying/compressing file nvidia/tu117/gr/fecs_inst.bin
copying/compressing file nvidia/tu117/gr/fecs_sig.bin
copying/compressing file nvidia/tu117/gr/gpccs_data.bin
copying/compressing file nvidia/tu117/gr/gpccs_inst.bin
copying/compressing file nvidia/tu117/gr/gpccs_sig.bin
copying/compressing file nvidia/tu117/gr/sw_bundle_init.bin
copying/compressing file nvidia/tu117/gr/sw_ctx.bin
copying/compressing file nvidia/tu117/gr/sw_method_init.bin
copying/compressing file nvidia/tu117/gr/sw_nonctx.bin
copying/compressing file nvidia/tu117/gr/sw_veid_bundle_init.bin
copying/compressing file nvidia/ga102/acr/ucode_ahesasc.bin
copying/compressing file nvidia/ga102/acr/ucode_asb.bin
copying/compressing file nvidia/ga102/acr/ucode_unload.bin
copying/compressing file nvidia/ga102/gr/fecs_bl.bin
copying/compressing file nvidia/ga102/gr/fecs_sig.bin
copying/compressing file nvidia/ga102/gr/gpccs_bl.bin
copying/compressing file nvidia/ga102/gr/gpccs_sig.bin
copying/compressing file nvidia/ga102/gr/NET_img.bin
copying/compressing file nvidia/ga102/nvdec/scrubber.bin
copying/compressing file nvidia/ga102/sec2/desc.bin
copying/compressing file nvidia/ga102/sec2/hs_bl_sig.bin
copying/compressing file nvidia/ga102/sec2/image.bin
copying/compressing file nvidia/ga102/sec2/sig.bin
copying/compressing file nvidia/ga103/gr/fecs_bl.bin
copying/compressing file nvidia/ga103/gr/fecs_sig.bin
copying/compressing file nvidia/ga103/gr/gpccs_bl.bin
copying/compressing file nvidia/ga103/gr/gpccs_sig.bin
copying/compressing file nvidia/ga103/gr/NET_img.bin
copying/compressing file nvidia/ga104/gr/fecs_bl.bin
copying/compressing file nvidia/ga104/gr/fecs_sig.bin
copying/compressing file nvidia/ga104/gr/gpccs_bl.bin
copying/compressing file nvidia/ga104/gr/gpccs_sig.bin
copying/compressing file nvidia/ga104/gr/NET_img.bin
copying/compressing file nvidia/ga106/gr/fecs_bl.bin
copying/compressing file nvidia/ga106/gr/fecs_sig.bin
copying/compressing file nvidia/ga106/gr/gpccs_bl.bin
copying/compressing file nvidia/ga106/gr/gpccs_sig.bin
copying/compressing file nvidia/ga106/gr/NET_img.bin
copying/compressing file nvidia/ga107/gr/fecs_bl.bin
copying/compressing file nvidia/ga107/gr/fecs_sig.bin
copying/compressing file nvidia/ga107/gr/gpccs_bl.bin
copying/compressing file nvidia/ga107/gr/gpccs_sig.bin
copying/compressing file nvidia/ga107/gr/NET_img.bin
copying/compressing file nvidia/tu10x/typec/ccg_primary.cyacd
copying/compressing file nvidia/tu10x/typec/ccg_secondary.cyacd
copying/compressing file nvidia/tu10x/typec/ccg_boot.cyacd
copying/compressing file nvidia/tu102/gsp/bootloader-535.113.01.bin
copying/compressing file nvidia/tu102/gsp/booter_load-535.113.01.bin
copying/compressing file nvidia/tu102/gsp/booter_unload-535.113.01.bin
copying/compressing file nvidia/tu116/gsp/booter_load-535.113.01.bin
copying/compressing file nvidia/tu116/gsp/booter_unload-535.113.01.bin
copying/compressing file nvidia/ga100/gsp/bootloader-535.113.01.bin
copying/compressing file nvidia/ga100/gsp/booter_load-535.113.01.bin
copying/compressing file nvidia/ga100/gsp/booter_unload-535.113.01.bin
copying/compressing file nvidia/ga102/gsp/bootloader-535.113.01.bin
copying/compressing file nvidia/ga102/gsp/booter_load-535.113.01.bin
copying/compressing file nvidia/ga102/gsp/booter_unload-535.113.01.bin
copying/compressing file nvidia/ad102/gsp/bootloader-535.113.01.bin
copying/compressing file nvidia/ad102/gsp/booter_load-535.113.01.bin
copying/compressing file nvidia/ad102/gsp/booter_unload-535.113.01.bin
copying/compressing file nvidia/tu102/gsp/gsp-535.113.01.bin
copying/compressing file nvidia/ga102/gsp/gsp-535.113.01.bin
copying/compressing file nvidia/tu102/gsp/gen_bootloader-570.144.bin
copying/compressing file nvidia/tu102/gsp/bootloader-570.144.bin
copying/compressing file nvidia/tu102/gsp/booter_load-570.144.bin
copying/compressing file nvidia/tu102/gsp/booter_unload-570.144.bin
copying/compressing file nvidia/tu116/gsp/booter_load-570.144.bin
copying/compressing file nvidia/tu116/gsp/booter_unload-570.144.bin
copying/compressing file nvidia/ga100/gsp/bootloader-570.144.bin
copying/compressing file nvidia/ga100/gsp/booter_load-570.144.bin
copying/compressing file nvidia/ga100/gsp/booter_unload-570.144.bin
copying/compressing file nvidia/ga102/gsp/bootloader-570.144.bin
copying/compressing file nvidia/ga102/gsp/booter_load-570.144.bin
copying/compressing file nvidia/ga102/gsp/booter_unload-570.144.bin
copying/compressing file nvidia/ad102/gsp/bootloader-570.144.bin
copying/compressing file nvidia/ad102/gsp/booter_load-570.144.bin
copying/compressing file nvidia/ad102/gsp/booter_unload-570.144.bin
copying/compressing file nvidia/ad102/gsp/scrubber-570.144.bin
copying/compressing file nvidia/gh100/gsp/bootloader-570.144.bin
copying/compressing file nvidia/gh100/gsp/fmc-570.144.bin
copying/compressing file nvidia/gb100/gsp/bootloader-570.144.bin
copying/compressing file nvidia/gb100/gsp/fmc-570.144.bin
copying/compressing file nvidia/gb202/gsp/bootloader-570.144.bin
copying/compressing file nvidia/gb202/gsp/fmc-570.144.bin
copying/compressing file nvidia/tu102/gsp/gsp-570.144.bin
copying/compressing file nvidia/ga102/gsp/gsp-570.144.bin
copying/compressing file atmel/wilc1000_fw.bin
copying/compressing file atmel/wilc1000_ap_fw.bin
copying/compressing file atmel/wilc1000_p2p_fw.bin
copying/compressing file atmel/wilc1000_wifi_firmware.bin
copying/compressing file atmel/wilc1000_wifi_firmware-1.bin
copying/compressing file atmel/wilc3000_wifi_firmware-1.bin
copying/compressing file hfi1_dc8051.fw
copying/compressing file hfi1_fabric.fw
copying/compressing file hfi1_pcie.fw
copying/compressing file hfi1_sbus.fw
copying/compressing file ti-keystone/ks2_qmss_pdsp_acc48_k2_le_1_0_0_9.bin
copying/compressing file mwlwifi/88W8864.bin
copying/compressing file mwlwifi/88W8897.bin
copying/compressing file mediatek/mt8173/vpu_d.bin
copying/compressing file mediatek/mt8173/vpu_p.bin
copying/compressing file mediatek/mt8196/vcp.img
copying/compressing file mediatek/mt8183/scp.img
copying/compressing file mediatek/mt8186/scp.img
copying/compressing file mediatek/mt8192/scp.img
copying/compressing file mediatek/mt8195/scp.img
copying/compressing file mediatek/mt8188/scp_c0.img
copying/compressing file mediatek/mt8189/scp.img
copying/compressing file mediatek/mt7622pr2h.bin
copying/compressing file mediatek/mt7668pr2h.bin
copying/compressing file rockchip/dptx.bin
copying/compressing file mediatek/mt7610u.bin
copying/compressing file mediatek/mt7610e.bin
copying/compressing file mediatek/mt7650e.bin
copying/compressing file mediatek/mt7662.bin
copying/compressing file mediatek/mt7662_rom_patch.bin
copying/compressing file mediatek/mt7662u.bin
copying/compressing file mediatek/mt7662u_rom_patch.bin
copying/compressing file mediatek/mt7615_n9.bin
copying/compressing file mediatek/mt7615_cr4.bin
copying/compressing file mediatek/mt7615_rom_patch.bin
copying/compressing file mediatek/mt7622_n9.bin
copying/compressing file mediatek/mt7622_rom_patch.bin
copying/compressing file mediatek/mt7663pr2h.bin
copying/compressing file mediatek/mt7663_n9_v3.bin
copying/compressing file mediatek/mt7663pr2h_rebb.bin
copying/compressing file mediatek/mt7663_n9_rebb.bin
copying/compressing file mediatek/mt7915_wm.bin
copying/compressing file mediatek/mt7915_wa.bin
copying/compressing file mediatek/mt7915_rom_patch.bin
copying/compressing file mediatek/mt7915_eeprom.bin
copying/compressing file mediatek/mt7915_eeprom_dbdc.bin
copying/compressing file mediatek/mt7916_wm.bin
copying/compressing file mediatek/mt7916_wa.bin
copying/compressing file mediatek/mt7916_rom_patch.bin
copying/compressing file mediatek/mt7916_eeprom.bin
copying/compressing file mediatek/mt7986_wm.bin
copying/compressing file mediatek/mt7986_wm_mt7975.bin
copying/compressing file mediatek/mt7986_wa.bin
copying/compressing file mediatek/mt7986_rom_patch.bin
copying/compressing file mediatek/mt7986_rom_patch_mt7975.bin
copying/compressing file mediatek/mt7986_eeprom_mt7976.bin
copying/compressing file mediatek/mt7986_eeprom_mt7976_dbdc.bin
copying/compressing file mediatek/mt7986_eeprom_mt7976_dual.bin
copying/compressing file mediatek/mt7986_eeprom_mt7975_dual.bin
copying/compressing file mediatek/mt7981_wm.bin
copying/compressing file mediatek/mt7981_wa.bin
copying/compressing file mediatek/mt7981_rom_patch.bin
copying/compressing file mediatek/WIFI_MT7902_patch_mcu_1_1_hdr.bin
copying/compressing file mediatek/WIFI_RAM_CODE_MT7902_1.bin
copying/compressing file mediatek/BT_RAM_CODE_MT7902_1_1_hdr.bin
copying/compressing file mediatek/WIFI_MT7961_patch_mcu_1a_2_hdr.bin
copying/compressing file mediatek/WIFI_RAM_CODE_MT7961_1a.bin
copying/compressing file mediatek/BT_RAM_CODE_MT7961_1a_2_hdr.bin
copying/compressing file mediatek/WIFI_MT7961_patch_mcu_1_2_hdr.bin
copying/compressing file mediatek/WIFI_RAM_CODE_MT7961_1.bin
copying/compressing file mediatek/BT_RAM_CODE_MT7961_1_2_hdr.bin
copying/compressing file mediatek/WIFI_MT7922_patch_mcu_1_1_hdr.bin
copying/compressing file mediatek/WIFI_RAM_CODE_MT7922_1.bin
copying/compressing file mediatek/BT_RAM_CODE_MT7922_1_1_hdr.bin
copying/compressing file mediatek/mt7925/WIFI_MT7925_PATCH_MCU_1_1_hdr.bin
copying/compressing file mediatek/mt7925/WIFI_RAM_CODE_MT7925_1_1.bin
copying/compressing file mediatek/mt7925/BT_RAM_CODE_MT7925_1_1_hdr.bin
copying/compressing file mediatek/mt7988/i2p5ge-phy-pmb.bin
copying/compressing file mediatek/mt7987/i2p5ge-phy-DSPBitTb.bin
copying/compressing file mediatek/mt7987/i2p5ge-phy-pmb.bin
copying/compressing file mediatek/mt7996/mt7996_wm.bin
copying/compressing file mediatek/mt7996/mt7996_wm_233.bin
copying/compressing file mediatek/mt7996/mt7996_wa.bin
copying/compressing file mediatek/mt7996/mt7996_wa_233.bin
copying/compressing file mediatek/mt7996/mt7996_rom_patch.bin
copying/compressing file mediatek/mt7996/mt7996_rom_patch_233.bin
copying/compressing file mediatek/mt7996/mt7996_dsp.bin
copying/compressing file mediatek/mt7996/mt7996_eeprom.bin
copying/compressing file mediatek/mt7996/mt7996_eeprom_2i5i6i.bin
copying/compressing file mediatek/mt7996/mt7996_eeprom_233.bin
copying/compressing file mediatek/mt7996/mt7996_eeprom_233_2i5i6i.bin
copying/compressing file mediatek/mt7996/mt7992_wm.bin
copying/compressing file mediatek/mt7996/mt7992_wm_23.bin
copying/compressing file mediatek/mt7996/mt7992_wa.bin
copying/compressing file mediatek/mt7996/mt7992_wa_23.bin
copying/compressing file mediatek/mt7996/mt7992_rom_patch.bin
copying/compressing file mediatek/mt7996/mt7992_rom_patch_23.bin
copying/compressing file mediatek/mt7996/mt7992_dsp.bin
copying/compressing file mediatek/mt7996/mt7992_dsp_23.bin
copying/compressing file mediatek/mt7996/mt7992_eeprom.bin
copying/compressing file mediatek/mt7996/mt7992_eeprom_2i5i.bin
copying/compressing file mediatek/mt7996/mt7992_eeprom_2i5e.bin
copying/compressing file mediatek/mt7996/mt7992_eeprom_23.bin
copying/compressing file mediatek/mt7996/mt7992_eeprom_23_2i5i.bin
copying/compressing file mediatek/mt7996/mt7990_wm.bin
copying/compressing file mediatek/mt7996/mt7990_rom_patch.bin
copying/compressing file mediatek/mt7996/mt7990_eeprom.bin
copying/compressing file mediatek/mt7996/mt7990_eeprom_2i5i.bin
copying/compressing file mediatek/mt7986_wo_0.bin
copying/compressing file mediatek/mt7986_wo_1.bin
copying/compressing file mediatek/mt7981_wo.bin
copying/compressing file mediatek/mt7988/mt7988_wo_0.bin
copying/compressing file mediatek/mt7988/mt7988_wo_1.bin
copying/compressing file netronome/nic/nic_AMDA0081-0001_1x40.nffw
copying/compressing file netronome/nic/nic_AMDA0097-0001_2x40.nffw
copying/compressing file netronome/nic/nic_AMDA0099-0001_2x10.nffw
copying/compressing file netronome/nic/nic_AMDA0081-0001_4x10.nffw
copying/compressing file netronome/nic/nic_AMDA0097-0001_4x10_1x40.nffw
copying/compressing file netronome/nic/nic_AMDA0099-0001_1x10_1x25.nffw
copying/compressing file netronome/nic/nic_AMDA0099-0001_2x25.nffw
copying/compressing file netronome/nic/nic_AMDA0096-0001_2x10.nffw
copying/compressing file netronome/nic/nic_AMDA0097-0001_8x10.nffw
copying/compressing file netronome/nic/nic_AMDA0058-0011_2x40.nffw
copying/compressing file netronome/nic/nic_AMDA0058-0012_2x40.nffw
copying/compressing file netronome/nic/nic_AMDA0078-0011_1x100.nffw
copying/compressing file netronome/nic-sriov/nic_AMDA0081-0001_1x40.nffw
copying/compressing file netronome/nic-sriov/nic_AMDA0097-0001_2x40.nffw
copying/compressing file netronome/nic-sriov/nic_AMDA0099-0001_2x10.nffw
copying/compressing file netronome/nic-sriov/nic_AMDA0081-0001_4x10.nffw
copying/compressing file netronome/nic-sriov/nic_AMDA0097-0001_4x10_1x40.nffw
copying/compressing file netronome/nic-sriov/nic_AMDA0099-0001_1x10_1x25.nffw
copying/compressing file netronome/nic-sriov/nic_AMDA0099-0001_2x25.nffw
copying/compressing file netronome/nic-sriov/nic_AMDA0096-0001_2x10.nffw
copying/compressing file netronome/nic-sriov/nic_AMDA0097-0001_8x10.nffw
copying/compressing file netronome/nic-sriov/nic_AMDA0058-0011_2x40.nffw
copying/compressing file netronome/nic-sriov/nic_AMDA0058-0012_2x40.nffw
copying/compressing file netronome/nic-sriov/nic_AMDA0078-0011_1x100.nffw
copying/compressing file netronome/flower/nic_AMDA0099.nffw
copying/compressing file netronome/flower/nic_AMDA0096.nffw
copying/compressing file netronome/flower/nic_AMDA0097.nffw
copying/compressing file netronome/flower/nic_AMDA0058.nffw
copying/compressing file netronome/bpf/nic_AMDA0081-0001_1x40.nffw
copying/compressing file netronome/bpf/nic_AMDA0097-0001_2x40.nffw
copying/compressing file netronome/bpf/nic_AMDA0099-0001_2x10.nffw
copying/compressing file netronome/bpf/nic_AMDA0081-0001_4x10.nffw
copying/compressing file netronome/bpf/nic_AMDA0097-0001_4x10_1x40.nffw
copying/compressing file netronome/bpf/nic_AMDA0099-0001_1x10_1x25.nffw
copying/compressing file netronome/bpf/nic_AMDA0099-0001_2x25.nffw
copying/compressing file netronome/bpf/nic_AMDA0096-0001_2x10.nffw
copying/compressing file netronome/bpf/nic_AMDA0097-0001_8x10.nffw
copying/compressing file netronome/bpf/nic_AMDA0058-0011_2x40.nffw
copying/compressing file netronome/bpf/nic_AMDA0058-0012_2x40.nffw
copying/compressing file netronome/bpf/nic_AMDA0078-0011_1x100.nffw
copying/compressing file wil6210.fw
copying/compressing file wil6210.brd
copying/compressing file qcom/venus-1.8/venus.mbn
copying/compressing file qcom/venus-4.2/venus.mbn
copying/compressing file qcom/venus-5.2/venus.mbn
copying/compressing file qcom/venus-5.4/venus.mbn
copying/compressing file qcom/venus-6.0/venus.mbn
copying/compressing file qcom/vpu/vpu20_p1.mbn
copying/compressing file qcom/vpu/vpu20_p4.mbn
copying/compressing file qcom/vpu/vpu20_p1_gen2_s6.mbn
copying/compressing file qcom/vpu/vpu30_p4_s7.mbn
copying/compressing file qcom/vpu/vpu30_p4_s6.mbn
copying/compressing file qcom/vpu/vpu30_p4_s6_16mb.mbn
copying/compressing file qcom/vpu/vpu33_p4_s7.mbn
copying/compressing file qcom/vpu/vpu35_p4_s7.mbn
copying/compressing file qcom/vpu/vpu36_p4_s7.mbn
copying/compressing file qcom/vpu/vpu40_p2_s7.mbn
copying/compressing file imx/sdma/sdma-imx6q.bin
copying/compressing file imx/sdma/sdma-imx7d.bin
copying/compressing file qcom/leia_pfp_470.fw
copying/compressing file qcom/leia_pm4_470.fw
copying/compressing file qcom/a225_pfp.fw
copying/compressing file qcom/a225_pm4.fw
copying/compressing file qcom/a300_pfp.fw
copying/compressing file qcom/a300_pm4.fw
copying/compressing file qcom/a330_pfp.fw
copying/compressing file qcom/a330_pm4.fw
copying/compressing file qcom/a420_pfp.fw
copying/compressing file qcom/a420_pm4.fw
copying/compressing file qcom/a530_pfp.fw
copying/compressing file qcom/a530_pm4.fw
copying/compressing file qcom/a530v3_gpmu.fw2
copying/compressing file qcom/apq8096/a530_zap.mbn
copying/compressing file qcom/qrb4210/a610_zap.mbn
copying/compressing file qcom/qcs615/a612_zap.mbn
copying/compressing file qcom/a612_rgmu.bin
copying/compressing file qcom/a623_gmu.bin
copying/compressing file qcom/qcs8300/a623_zap.mbn
copying/compressing file qcom/a630_gmu.bin
copying/compressing file qcom/a630_sqe.fw
copying/compressing file qcom/sdm845/a630_zap.mbn
copying/compressing file qcom/a640_gmu.bin
copying/compressing file qcom/sm8150/a640_zap.mbn
copying/compressing file qcom/a650_gmu.bin
copying/compressing file qcom/a650_sqe.fw
copying/compressing file qcom/sm8250/a650_zap.mbn
copying/compressing file qcom/a660_gmu.bin
copying/compressing file qcom/a660_sqe.fw
copying/compressing file qcom/qcm6490/a660_zap.mbn
copying/compressing file qcom/a663_gmu.bin
copying/compressing file qcom/sa8775p/a663_zap.mbn
copying/compressing file qcom/sc8280xp/LENOVO/21BX/qcdxkmsuc8280.mbn
copying/compressing file qcom/a702_sqe.fw
copying/compressing file qcom/qcm2290/a702_zap.mbn
copying/compressing file qcom/a730_sqe.fw
copying/compressing file qcom/gmu_gen70000.bin
copying/compressing file qcom/sm8450/a730_zap.mbn
copying/compressing file qcom/a740_sqe.fw
copying/compressing file qcom/gmu_gen70200.bin
copying/compressing file qcom/sm8550/a740_zap.mbn
copying/compressing file qcom/gen70500_gmu.bin
copying/compressing file qcom/gen70500_sqe.fw
copying/compressing file qcom/x1e80100/gen70500_zap.mbn
copying/compressing file qcom/gen70900_aqe.fw
copying/compressing file qcom/gen70900_sqe.fw
copying/compressing file qcom/gmu_gen70900.bin
copying/compressing file qcom/sm8650/gen70900_zap.mbn
copying/compressing file qcom/gen71500_gmu.bin
copying/compressing file qcom/gen71500_sqe.fw
copying/compressing file qcom/x1p42100/gen71500_zap.mbn
copying/compressing file qcom/gen80000_aqe.fw
copying/compressing file qcom/gen80000_gmu.bin
copying/compressing file qcom/gen80000_sqe.fw
copying/compressing file qcom/sm8750/gen80000_zap.mbn
copying/compressing file qcom/gen80200_aqe.fw
copying/compressing file qcom/gen80200_gmu.bin
copying/compressing file qcom/gen80200_sqe.fw
copying/compressing file qcom/kaanapali/gen80200_zap.mbn
copying/compressing file qcom/gen80100_aqe.fw
copying/compressing file qcom/gen80100_gmu.bin
copying/compressing file qcom/gen80100_sqe.fw
copying/compressing file qcom/glymur/gen80100_zap.mbn
copying/compressing file qcom/yamato_pfp.fw
copying/compressing file qcom/yamato_pm4.fw
copying/compressing file qcom/apq8016/mba.mbn
copying/compressing file qcom/apq8016/modem.mbn
copying/compressing file qcom/apq8016/wcnss.mbn
copying/compressing file qcom/apq8016/WCNSS_qcom_wlan_nv_sbc.bin
copying/compressing file qcom/apq8096/adsp.mbn
copying/compressing file qcom/apq8096/adspr.jsn
copying/compressing file qcom/apq8096/adspua.jsn
copying/compressing file qcom/apq8096/mba.mbn
copying/compressing file qcom/apq8096/modem.mbn
copying/compressing file qcom/apq8096/modemr.jsn
copying/compressing file qcom/qcm2290/adsp.mbn
copying/compressing file qcom/qcm2290/adspr.jsn
copying/compressing file qcom/qcm2290/adsps.jsn
copying/compressing file qcom/qcm2290/adspua.jsn
copying/compressing file qcom/qcm2290/modem.mbn
copying/compressing file qcom/qcm2290/modemr.jsn
copying/compressing file qcom/qcm2290/modemuw.jsn
copying/compressing file qcom/qcm6490/adsp.mbn
copying/compressing file qcom/qcm6490/adspr.jsn
copying/compressing file qcom/qcm6490/adsps.jsn
copying/compressing file qcom/qcm6490/adspua.jsn
copying/compressing file qcom/qcm6490/battmgr.jsn
copying/compressing file qcom/qcm6490/cdsp.mbn
copying/compressing file qcom/qcm6490/cdspr.jsn
copying/compressing file qcom/qcm6490/ipa_fws.mbn
copying/compressing file qcom/qcs6490/radxa/dragon-q6a/adsp.mbn
copying/compressing file qcom/qcs6490/radxa/dragon-q6a/adspr.jsn
copying/compressing file qcom/qcs6490/radxa/dragon-q6a/adspua.jsn
copying/compressing file qcom/qcs6490/radxa/dragon-q6a/cdsp.mbn
copying/compressing file qcom/qcs6490/radxa/dragon-q6a/cdspr.jsn
copying/compressing file qcom/qcs6490/Thundercomm/RubikPi3/adsp.mbn
copying/compressing file qcom/qcs6490/Thundercomm/RubikPi3/adspr.jsn
copying/compressing file qcom/qcs6490/Thundercomm/RubikPi3/adsps.jsn
copying/compressing file qcom/qcs6490/Thundercomm/RubikPi3/adspua.jsn
copying/compressing file qcom/qcs615/adsp.mbn
copying/compressing file qcom/qcs615/adspr.jsn
copying/compressing file qcom/qcs615/adsps.jsn
copying/compressing file qcom/qcs615/adspua.jsn
copying/compressing file qcom/qcs615/cdsp.mbn
copying/compressing file qcom/qcs615/cdspr.jsn
copying/compressing file qcom/qrb4210/adsp.mbn
copying/compressing file qcom/qrb4210/adspr.jsn
copying/compressing file qcom/qrb4210/adsps.jsn
copying/compressing file qcom/qrb4210/adspua.jsn
copying/compressing file qcom/qrb4210/cdsp.mbn
copying/compressing file qcom/qrb4210/cdspr.jsn
copying/compressing file qcom/qrb4210/modem.mbn
copying/compressing file qcom/qrb4210/modemr.jsn
copying/compressing file qcom/qrb4210/modemuw.jsn
copying/compressing file qcom/sdm845/adsp.mbn
copying/compressing file qcom/sdm845/adspr.jsn
copying/compressing file qcom/sdm845/adspua.jsn
copying/compressing file qcom/sdm845/cdsp.mbn
copying/compressing file qcom/sdm845/cdspr.jsn
copying/compressing file qcom/sdm845/Thundercomm/db845c/slpi.mbn
copying/compressing file qcom/sdm845/Thundercomm/db845c/slpir.jsn
copying/compressing file qcom/sdm845/Thundercomm/db845c/slpius.jsn
copying/compressing file qcom/sm8250/adsp.mbn
copying/compressing file qcom/sm8250/adspr.jsn
copying/compressing file qcom/sm8250/adspua.jsn
copying/compressing file qcom/sm8250/cdsp.mbn
copying/compressing file qcom/sm8250/cdspr.jsn
copying/compressing file qcom/sm8250/Thundercomm/RB5/slpi.mbn
copying/compressing file qcom/sm8250/Thundercomm/RB5/slpir.jsn
copying/compressing file qcom/sm8250/Thundercomm/RB5/slpius.jsn
copying/compressing file qcom/sc8280xp/LENOVO/21BX/adspr.jsn
copying/compressing file qcom/sc8280xp/LENOVO/21BX/adspua.jsn
copying/compressing file qcom/sc8280xp/LENOVO/21BX/battmgr.jsn
copying/compressing file qcom/sc8280xp/LENOVO/21BX/cdspr.jsn
copying/compressing file qcom/sc8280xp/LENOVO/21BX/qcadsp8280.mbn
copying/compressing file qcom/sc8280xp/LENOVO/21BX/qccdsp8280.mbn
copying/compressing file qcom/sc8280xp/LENOVO/21BX/qcslpi8280.mbn
copying/compressing file qcom/sc8280xp/LENOVO/21BX/qcvss8280.mbn
copying/compressing file qcom/x1e80100/LENOVO/21N1/qcvss8380.mbn
copying/compressing file qcom/x1e80100/LENOVO/21N1/adspua.jsn
copying/compressing file qcom/x1e80100/cdsp.mbn
copying/compressing file qcom/x1e80100/cdsp_dtb.mbn
copying/compressing file qcom/x1e80100/cdspr.jsn
copying/compressing file qcom/x1e80100/LENOVO/21N1/qcadsp8380.mbn
copying/compressing file qcom/x1e80100/LENOVO/21N1/adsp_dtbs.elf
copying/compressing file qcom/x1e80100/LENOVO/21N1/adspr.jsn
copying/compressing file qcom/x1e80100/LENOVO/21N1/cdsp_dtbs.elf
copying/compressing file qcom/x1e80100/LENOVO/21N1/adsps.jsn
copying/compressing file qcom/x1e80100/LENOVO/21N1/qccdsp8380.mbn
copying/compressing file qcom/x1e80100/LENOVO/21N1/cdspr.jsn
copying/compressing file qcom/x1e80100/LENOVO/21N1/qcdxkmsuc8380.mbn
copying/compressing file qcom/x1e80100/LENOVO/21N1/battmgr.jsn
copying/compressing file qcom/x1e80100/LENOVO/83ED/adsp_dtbs.elf
copying/compressing file qcom/x1e80100/LENOVO/83ED/adspr.jsn
copying/compressing file qcom/x1e80100/LENOVO/83ED/adsps.jsn
copying/compressing file qcom/x1e80100/LENOVO/83ED/adspua.jsn
copying/compressing file qcom/x1e80100/LENOVO/83ED/battmgr.jsn
copying/compressing file qcom/x1e80100/LENOVO/83ED/cdspr.jsn
copying/compressing file qcom/x1e80100/LENOVO/83ED/qcadsp8380.mbn
copying/compressing file qcom/x1e80100/LENOVO/83ED/qcav1e8380.mbn
copying/compressing file qcom/x1e80100/LENOVO/83ED/qccdsp8380.mbn
copying/compressing file qcom/x1e80100/LENOVO/83ED/qcdxkmsuc8380.mbn
copying/compressing file qcom/x1e80100/LENOVO/83ED/qcvss8380.mbn
copying/compressing file qcom/glymur/adsp.mbn
copying/compressing file qcom/glymur/adsp_dtb.mbn
copying/compressing file qcom/glymur/adspr.jsn
copying/compressing file qcom/glymur/adsps.jsn
copying/compressing file qcom/glymur/adspua.jsn
copying/compressing file qcom/glymur/cdsp.mbn
copying/compressing file qcom/glymur/cdsp_dtb.mbn
copying/compressing file qcom/glymur/cdspr.jsn
copying/compressing file qcom/kaanapali/adsp.mbn
copying/compressing file qcom/kaanapali/adsp_dtb.mbn
copying/compressing file qcom/kaanapali/adspr.jsn
copying/compressing file qcom/kaanapali/adsps.jsn
copying/compressing file qcom/kaanapali/adspua.jsn
copying/compressing file qcom/kaanapali/adspuo.jsn
copying/compressing file qcom/kaanapali/cdsp.mbn
copying/compressing file qcom/kaanapali/cdsp_dtb.mbn
copying/compressing file qcom/kaanapali/cdspr.jsn
copying/compressing file qcom/kaanapali/soccp.mbn
copying/compressing file qcom/kaanapali/soccp_dtb.mbn
copying/compressing file qcom/kaanapali/soccpr.jsn
copying/compressing file qcom/qcs8300/adsp.mbn
copying/compressing file qcom/qcs8300/adspr.jsn
copying/compressing file qcom/qcs8300/adspua.jsn
copying/compressing file qcom/qcs8300/cdsp0.mbn
copying/compressing file qcom/qcs8300/cdspr.jsn
copying/compressing file qcom/qcs8300/gpdsp0.mbn
copying/compressing file qcom/sa8775p/adsp.mbn
copying/compressing file qcom/sa8775p/adspr.jsn
copying/compressing file qcom/sa8775p/adspua.jsn
copying/compressing file qcom/sa8775p/cdsp0.mbn
copying/compressing file qcom/sa8775p/cdsp1.mbn
copying/compressing file qcom/sa8775p/cdspr.jsn
copying/compressing file qcom/sa8775p/gpdsp0.mbn
copying/compressing file qcom/sa8775p/gpdsp1.mbn
copying/compressing file qcom/sa8775p/gpdsp1r.jsn
copying/compressing file qcom/sa8775p/gpdspr.jsn
copying/compressing file qcom/sm8750/adsp.mbn
copying/compressing file qcom/sm8750/adsp_dtb.mbn
copying/compressing file qcom/sm8750/adspr.jsn
copying/compressing file qcom/sm8750/adsps.jsn
copying/compressing file qcom/sm8750/adspua.jsn
copying/compressing file qcom/sm8750/adspuo.jsn
copying/compressing file qcom/sm8750/cdsp.mbn
copying/compressing file qcom/sm8750/cdsp_dtb.mbn
copying/compressing file qcom/sm8750/cdspr.jsn
copying/compressing file qcom/x1e80100/adsp.mbn
copying/compressing file qcom/x1e80100/adsp_dtb.mbn
copying/compressing file qcom/x1e80100/adspr.jsn
copying/compressing file qcom/x1e80100/adsps.jsn
copying/compressing file qcom/x1e80100/adspua.jsn
copying/compressing file qcom/x1e80100/battmgr.jsn
copying/compressing file qcom/sdm845/mba.mbn
copying/compressing file qcom/sdm845/modem_nm.mbn
copying/compressing file qcom/sdm845/modemuw.jsn
copying/compressing file mellanox/mlxsw_spectrum-13.1420.122.mfa2
copying/compressing file mellanox/mlxsw_spectrum-13.1530.152.mfa2
copying/compressing file mellanox/mlxsw_spectrum-13.1620.192.mfa2
copying/compressing file mellanox/mlxsw_spectrum-13.1702.6.mfa2
copying/compressing file mellanox/mlxsw_spectrum-13.1703.4.mfa2
copying/compressing file mellanox/mlxsw_spectrum-13.1910.622.mfa2
copying/compressing file mellanox/mlxsw_spectrum-13.2000.1122.mfa2
copying/compressing file mellanox/mlxsw_spectrum-13.2000.1886.mfa2
copying/compressing file mellanox/mlxsw_spectrum-13.2000.2308.mfa2
copying/compressing file mellanox/mlxsw_spectrum2-29.2000.2308.mfa2
copying/compressing file mellanox/mlxsw_spectrum-13.2000.2714.mfa2
copying/compressing file mellanox/mlxsw_spectrum2-29.2000.2714.mfa2
copying/compressing file mellanox/mlxsw_spectrum-13.2007.1168.mfa2
copying/compressing file mellanox/mlxsw_spectrum2-29.2007.1168.mfa2
copying/compressing file mellanox/mlxsw_spectrum3-30.2007.1168.mfa2
copying/compressing file mellanox/mlxsw_spectrum-13.2008.1036.mfa2
copying/compressing file mellanox/mlxsw_spectrum2-29.2008.1036.mfa2
copying/compressing file mellanox/mlxsw_spectrum3-30.2008.1036.mfa2
copying/compressing file mellanox/mlxsw_spectrum-13.2008.1310.mfa2
copying/compressing file mellanox/mlxsw_spectrum2-29.2008.1310.mfa2
copying/compressing file mellanox/mlxsw_spectrum3-30.2008.1310.mfa2
copying/compressing file mellanox/mlxsw_spectrum-13.2008.1312.mfa2
copying/compressing file mellanox/mlxsw_spectrum2-29.2008.1312.mfa2
copying/compressing file mellanox/mlxsw_spectrum3-30.2008.1312.mfa2
copying/compressing file mellanox/mlxsw_spectrum-13.2008.2018.mfa2
copying/compressing file mellanox/mlxsw_spectrum2-29.2008.2018.mfa2
copying/compressing file mellanox/mlxsw_spectrum3-30.2008.2018.mfa2
copying/compressing file mellanox/mlxsw_spectrum-13.2008.2304.mfa2
copying/compressing file mellanox/mlxsw_spectrum2-29.2008.2304.mfa2
copying/compressing file mellanox/mlxsw_spectrum3-30.2008.2304.mfa2
copying/compressing file mellanox/mlxsw_spectrum-13.2008.2406.mfa2
copying/compressing file mellanox/mlxsw_spectrum2-29.2008.2406.mfa2
copying/compressing file mellanox/mlxsw_spectrum3-30.2008.2406.mfa2
copying/compressing file mellanox/mlxsw_spectrum-13.2008.2438.mfa2
copying/compressing file mellanox/mlxsw_spectrum2-29.2008.2438.mfa2
copying/compressing file mellanox/mlxsw_spectrum3-30.2008.2438.mfa2
copying/compressing file mellanox/mlxsw_spectrum-13.2008.2946.mfa2
copying/compressing file mellanox/mlxsw_spectrum2-29.2008.2946.mfa2
copying/compressing file mellanox/mlxsw_spectrum3-30.2008.2946.mfa2
copying/compressing file mellanox/mlxsw_spectrum-13.2008.3326.mfa2
copying/compressing file mellanox/mlxsw_spectrum2-29.2008.3326.mfa2
copying/compressing file mellanox/mlxsw_spectrum3-30.2008.3326.mfa2
copying/compressing file mellanox/mlxsw_spectrum-13.2010.1006.mfa2
copying/compressing file mellanox/mlxsw_spectrum2-29.2010.1006.mfa2
copying/compressing file mellanox/mlxsw_spectrum3-30.2010.1006.mfa2
copying/compressing file mellanox/lc_ini_bundle_2010_1006.bin
copying/compressing file mellanox/mlxsw_spectrum-13.2010.1232.mfa2
copying/compressing file mellanox/mlxsw_spectrum2-29.2010.1232.mfa2
copying/compressing file mellanox/mlxsw_spectrum3-30.2010.1232.mfa2
copying/compressing file mellanox/mlxsw_spectrum-13.2010.1406.mfa2
copying/compressing file mellanox/mlxsw_spectrum2-29.2010.1406.mfa2
copying/compressing file mellanox/mlxsw_spectrum3-30.2010.1406.mfa2
copying/compressing file mellanox/mlxsw_spectrum-13.2010.1502.mfa2
copying/compressing file mellanox/mlxsw_spectrum2-29.2010.1502.mfa2
copying/compressing file mellanox/mlxsw_spectrum3-30.2010.1502.mfa2
copying/compressing file mellanox/lc_ini_bundle_2010_1502.bin
copying/compressing file mellanox/mlxsw_spectrum-13.2010.3020.mfa2
copying/compressing file mellanox/mlxsw_spectrum2-29.2010.3020.mfa2
copying/compressing file mellanox/mlxsw_spectrum3-30.2010.3020.mfa2
copying/compressing file mellanox/lc_ini_bundle_2010_3020.bin
copying/compressing file mellanox/mlxsw_spectrum-13.2010.3146.mfa2
copying/compressing file mellanox/mlxsw_spectrum2-29.2010.3146.mfa2
copying/compressing file mellanox/mlxsw_spectrum3-30.2010.3146.mfa2
copying/compressing file mellanox/lc_ini_bundle_2010_3146.bin
copying/compressing file mellanox/mlxsw_spectrum-13.2012.1012.mfa2
copying/compressing file mellanox/mlxsw_spectrum2-29.2012.1012.mfa2
copying/compressing file mellanox/mlxsw_spectrum3-30.2012.1012.mfa2
copying/compressing file mellanox/mlxsw_spectrum4-34.2012.1012.mfa2
copying/compressing file mellanox/mlxsw_spectrum-13.2014.4012.mfa2
copying/compressing file mellanox/mlxsw_spectrum2-29.2014.4012.mfa2
copying/compressing file mellanox/mlxsw_spectrum3-30.2014.4012.mfa2
copying/compressing file mellanox/mlxsw_spectrum4-34.2014.4012.mfa2
copying/compressing file mellanox/mlxsw_spectrum-13.2016.3900.mfa2
copying/compressing file mellanox/mlxsw_spectrum2-29.2016.3900.mfa2
copying/compressing file mellanox/mlxsw_spectrum3-30.2016.3900.mfa2
copying/compressing file mellanox/mlxsw_spectrum4-34.2016.3900.mfa2
copying/compressing file cadence/mhdp8546.bin
copying/compressing file dpaa2/mc/mc_10.10.0_ls1088a.itb
copying/compressing file dpaa2/mc/mc_10.10.0_ls2088a.itb
copying/compressing file dpaa2/mc/mc_10.10.0_lx2160a.itb
copying/compressing file dpaa2/mc/mc_10.14.3_ls1088a.itb
copying/compressing file dpaa2/mc/mc_10.14.3_ls2088a.itb
copying/compressing file dpaa2/mc/mc_10.14.3_lx2160a.itb
copying/compressing file dpaa2/mc/mc_10.16.2_ls1088a.itb
copying/compressing file dpaa2/mc/mc_10.16.2_ls2088a.itb
copying/compressing file dpaa2/mc/mc_10.16.2_lx2160a.itb
copying/compressing file dpaa2/mc/mc_10.18.0_ls1088a.itb
copying/compressing file dpaa2/mc/mc_10.18.0_ls2088a.itb
copying/compressing file dpaa2/mc/mc_10.18.0_lx2160a.itb
copying/compressing file dpaa2/mc/mc_10.28.1_ls1088a.itb
copying/compressing file dpaa2/mc/mc_10.28.1_ls2088a.itb
copying/compressing file dpaa2/mc/mc_10.28.1_lx2160a.itb
copying/compressing file microchip/mscc_vsc8574_revb_int8051_29e8.bin
copying/compressing file microchip/mscc_vsc8584_revb_int8051_fb48.bin
copying/compressing file meson/vdec/g12a_h264.bin
copying/compressing file meson/vdec/g12a_hevc_mmu.bin
copying/compressing file meson/vdec/g12a_vp9.bin
copying/compressing file meson/vdec/gxbb_h264.bin
copying/compressing file meson/vdec/gxl_h263.bin
copying/compressing file meson/vdec/gxl_h264.bin
copying/compressing file meson/vdec/gxl_hevc.bin
copying/compressing file meson/vdec/gxl_hevc_mmu.bin
copying/compressing file meson/vdec/gxl_mjpeg.bin
copying/compressing file meson/vdec/gxl_mpeg12.bin
copying/compressing file meson/vdec/gxl_mpeg4_5.bin
copying/compressing file meson/vdec/gxl_vp9.bin
copying/compressing file meson/vdec/gxm_h264.bin
copying/compressing file meson/vdec/sm1_hevc_mmu.bin
copying/compressing file meson/vdec/sm1_vp9_mmu.bin
copying/compressing file intel/ice/ddp/ice-1.3.43.0.pkg
copying/compressing file intel/ice/ddp-lag/ice_lag-1.3.2.0.pkg
copying/compressing file intel/ice/ddp-comms/ice_comms-1.3.55.0.pkg
copying/compressing file intel/ice/ddp-wireless_edge/ice_wireless_edge-1.3.23.0.pkg
copying/compressing file inside-secure/eip197_minifw/ipue.bin
copying/compressing file inside-secure/eip197_minifw/ifpp.bin
copying/compressing file mrvl/prestera/mvsw_prestera_fw-v2.0.img
copying/compressing file mrvl/prestera/mvsw_prestera_fw-v3.0.img
copying/compressing file mrvl/prestera/mvsw_prestera_fw-v4.0.img
copying/compressing file mrvl/prestera/mvsw_prestera_fw-v4.1.img
copying/compressing file mrvl/prestera/mvsw_prestera_fw_arm64-v4.1.img
copying/compressing file lt8713sx_fw.bin
copying/compressing file lt9611uxc_fw.bin
copying/compressing file wfx/wfm_wf200_C0.sec
copying/compressing file wfx/brd4001a.pds
copying/compressing file wfx/brd8022a.pds
copying/compressing file wfx/brd8023a.pds
copying/compressing file cnm/wave521c_k3_codec_fw.bin
copying/compressing file cnm/wave633c_imx9_codec_fw.bin
copying/compressing file mrvl/cpt01/ae.out
copying/compressing file mrvl/cpt01/se.out
copying/compressing file mrvl/cpt01/ie.out
copying/compressing file mrvl/cpt02/ae.out
copying/compressing file mrvl/cpt02/se.out
copying/compressing file mrvl/cpt02/ie.out
copying/compressing file mrvl/cpt03/ae.out
copying/compressing file mrvl/cpt03/se.out
copying/compressing file mrvl/cpt03/ie.out
copying/compressing file mrvl/cpt04/ae.out
copying/compressing file mrvl/cpt04/se.out
copying/compressing file mrvl/cpt04/ie.out
copying/compressing file amphion/vpu/vpu_fw_imx8_dec.bin
copying/compressing file amphion/vpu/vpu_fw_imx8_enc.bin
copying/compressing file cirrus/cs35l41-dsp1-spk-prot.wmfw
copying/compressing file cirrus/cs35l41-dsp1-spk-prot.bin
copying/compressing file cirrus/cs35l41/bincfgs/cs35l41-dsp1-14_5dB.bincfg
copying/compressing file cirrus/cs35l41/bincfgs/cs35l41-dsp1-16_5dB.bincfg
copying/compressing file cirrus/cs35l41/bincfgs/cs35l41-dsp1-19_5dB.bincfg
copying/compressing file cirrus/cs35l41/v6.61.1/halo_cspl_RAM_revB2_29.63.1.wmfw
copying/compressing file cirrus/cs35l41-dsp1-spk-prot-103c8971.bin
copying/compressing file cirrus/cs35l41-dsp1-spk-prot-103c8972.bin
copying/compressing file cirrus/cs35l41-dsp1-spk-prot-103c8973.bin
copying/compressing file cirrus/cs35l41-dsp1-spk-prot-103c8975-r0.bin
copying/compressing file cirrus/cs35l41-dsp1-spk-prot-103c8975-l0.bin
copying/compressing file cirrus/cs35l41-dsp1-spk-prot-103c896e-r0.bin
copying/compressing file cirrus/cs35l41-dsp1-spk-prot-103c896e-l0.bin
copying/compressing file cirrus/cs35l41-dsp1-spk-prot-103c89c6-r0.bin
copying/compressing file cirrus/cs35l41-dsp1-spk-prot-103c89c6-l0.bin
copying/compressing file cirrus/cs35l41-dsp1-spk-prot-103c89c3-r0.bin
copying/compressing file cirrus/cs35l41-dsp1-spk-prot-103c89c3-r1.bin
copying/compressing file cirrus/cs35l41-dsp1-spk-prot-103c8981-r0.bin
copying/compressing file cirrus/cs35l41-dsp1-spk-prot-103c8981-r1.bin
copying/compressing file cirrus/cs35l41-dsp1-spk-prot-103c8981-l0.bin
copying/compressing file cirrus/cs35l41-dsp1-spk-prot-103c8981-l1.bin
copying/compressing file cirrus/cs35l41/v6.83.0/halo_cspl_RAM_revB2_29.85.0.wmfw
copying/compressing file cirrus/cs35l41-dsp1-spk-prot-103c8c46.bin
copying/compressing file cirrus/cs35l41-dsp1-spk-prot-103c8c47.bin
copying/compressing file cirrus/cs35l41-dsp1-spk-prot-103c8c48.bin
copying/compressing file cirrus/cs35l41-dsp1-spk-prot-103c8c49.bin
copying/compressing file cirrus/cs35l41-dsp1-spk-prot-103c8ca4.bin
copying/compressing file cirrus/cs35l41-dsp1-spk-prot-103c8cf5-l0.bin
copying/compressing file cirrus/cs35l41-dsp1-spk-prot-103c8cf5-l1.bin
copying/compressing file cirrus/cs35l41-dsp1-spk-prot-103c8cf5-r0.bin
copying/compressing file cirrus/cs35l41-dsp1-spk-prot-103c8cf5-r1.bin
copying/compressing file cirrus/cs35l41-dsp1-spk-prot-103c8c66-spkid0-l0.bin
copying/compressing file cirrus/cs35l41-dsp1-spk-prot-103c8c66-spkid0-r0.bin
copying/compressing file cirrus/cs35l41-dsp1-spk-prot-103c8c66-spkid1-l0.bin
copying/compressing file cirrus/cs35l41-dsp1-spk-prot-103c8c66-spkid1-r0.bin
copying/compressing file cirrus/cs35l41-dsp1-spk-prot-103c8a2c-spkid0-l0.bin
copying/compressing file cirrus/cs35l41-dsp1-spk-prot-103c8a2c-spkid0-r0.bin
copying/compressing file cirrus/cs35l41-dsp1-spk-prot-103c8a2c-spkid1-l0.bin
copying/compressing file cirrus/cs35l41-dsp1-spk-prot-103c8a2c-spkid1-r0.bin
copying/compressing file cirrus/cs35l41/v6.78.0/halo_cspl_RAM_revB2_29.80.0.wmfw
copying/compressing file cirrus/cs35l41-dsp1-spk-prot-103c8c16-spkid0-l0.bin
copying/compressing file cirrus/cs35l41-dsp1-spk-prot-103c8c16-spkid0-r0.bin
copying/compressing file cirrus/cs35l41-dsp1-spk-prot-103c8c16-spkid1-l0.bin
copying/compressing file cirrus/cs35l41-dsp1-spk-prot-103c8c16-spkid1-r0.bin
copying/compressing file cirrus/cs35l41-dsp1-spk-prot-103c8a2e-spkid0-l0.bin
copying/compressing file cirrus/cs35l41-dsp1-spk-prot-103c8a2e-spkid0-r0.bin
copying/compressing file cirrus/cs35l41-dsp1-spk-prot-103c8a2e-spkid1-l0.bin
copying/compressing file cirrus/cs35l41-dsp1-spk-prot-103c8a2e-spkid1-r0.bin
copying/compressing file cirrus/cs35l41-dsp1-spk-prot-103c8bb3-spkid0-l0.bin
copying/compressing file cirrus/cs35l41-dsp1-spk-prot-103c8bb3-spkid0-r0.bin
copying/compressing file cirrus/cs35l41-dsp1-spk-prot-103c8bb3-spkid1-l0.bin
copying/compressing file cirrus/cs35l41-dsp1-spk-prot-103c8bb3-spkid1-r0.bin
copying/compressing file cirrus/cs35l41-dsp1-spk-prot-103c8c67-spkid0-l0.bin
copying/compressing file cirrus/cs35l41-dsp1-spk-prot-103c8c67-spkid0-r0.bin
copying/compressing file cirrus/cs35l41-dsp1-spk-prot-103c8c67-spkid1-l0.bin
copying/compressing file cirrus/cs35l41-dsp1-spk-prot-103c8c67-spkid1-r0.bin
copying/compressing file cirrus/cs35l41-dsp1-spk-prot-103c8cde-spkid0.bin
copying/compressing file cirrus/cs35l41-dsp1-spk-prot-103c8cde-spkid1.bin
copying/compressing file cirrus/cs35l41-dsp1-spk-prot-103c8bdd-spkid0-l0.bin
copying/compressing file cirrus/cs35l41-dsp1-spk-prot-103c8bdd-spkid0-r0.bin
copying/compressing file cirrus/cs35l41-dsp1-spk-prot-103c8bdd-spkid1-l0.bin
copying/compressing file cirrus/cs35l41-dsp1-spk-prot-103c8bdd-spkid1-r0.bin
copying/compressing file cirrus/cs35l41-dsp1-spk-prot-103c8cdd-spkid0.bin
copying/compressing file cirrus/cs35l41-dsp1-spk-prot-103c8a29-spkid0-l0.bin
copying/compressing file cirrus/cs35l41-dsp1-spk-prot-103c8a29-spkid0-r0.bin
copying/compressing file cirrus/cs35l41-dsp1-spk-prot-103c8a29-spkid1-l0.bin
copying/compressing file cirrus/cs35l41-dsp1-spk-prot-103c8a29-spkid1-r0.bin
copying/compressing file cirrus/cs35l41-dsp1-spk-prot-103c8c15-spkid0-l0.bin
copying/compressing file cirrus/cs35l41-dsp1-spk-prot-103c8c15-spkid0-r0.bin
copying/compressing file cirrus/cs35l41-dsp1-spk-prot-103c8c15-spkid1-l0.bin
copying/compressing file cirrus/cs35l41-dsp1-spk-prot-103c8c15-spkid1-r0.bin
copying/compressing file cirrus/cs35l41-dsp1-spk-prot-103c8a28-spkid0-l0.bin
copying/compressing file cirrus/cs35l41-dsp1-spk-prot-103c8a28-spkid0-r0.bin
copying/compressing file cirrus/cs35l41-dsp1-spk-prot-103c8a28-spkid1-l0.bin
copying/compressing file cirrus/cs35l41-dsp1-spk-prot-103c8a28-spkid1-r0.bin
copying/compressing file cirrus/cs35l41-dsp1-spk-prot-103c8bdf-spkid0-l0.bin
copying/compressing file cirrus/cs35l41-dsp1-spk-prot-103c8bdf-spkid0-r0.bin
copying/compressing file cirrus/cs35l41-dsp1-spk-prot-103c8bdf-spkid1-l0.bin
copying/compressing file cirrus/cs35l41-dsp1-spk-prot-103c8bdf-spkid1-r0.bin
copying/compressing file cirrus/cs35l41/v6.68.0/halo_cspl_RAM_revB2_29.70.0.wmfw
copying/compressing file cirrus/cs35l41-dsp1-spk-prot-103c8a6e-l0.bin
copying/compressing file cirrus/cs35l41-dsp1-spk-prot-103c8a6e-l1.bin
copying/compressing file cirrus/cs35l41-dsp1-spk-prot-103c8a6e-r0.bin
copying/compressing file cirrus/cs35l41-dsp1-spk-prot-103c8a6e-r1.bin
copying/compressing file cirrus/cs35l41/v6.56.0/halo_cspl_RAM_revB2_29.58.0.wmfw
copying/compressing file cirrus/cs35l41-dsp1-spk-prot-103c89e7-l0.bin
copying/compressing file cirrus/cs35l41-dsp1-spk-prot-103c89e7-r0.bin
copying/compressing file cirrus/cs35l41/v6.39.0/halo_cspl_RAM_revB2_29.41.0.wmfw
copying/compressing file cirrus/cs35l41-dsp1-spk-prot-17aa3847-spkid0-l0.bin
copying/compressing file cirrus/cs35l41-dsp1-spk-prot-17aa3847-spkid0-r0.bin
copying/compressing file cirrus/cs35l41-dsp1-spk-prot-17aa3847-spkid1-l0.bin
copying/compressing file cirrus/cs35l41-dsp1-spk-prot-17aa3847-spkid1-r0.bin
copying/compressing file cirrus/cs35l41/v6.47.0/halo_cspl_RAM_revB2_29.49.0.wmfw
copying/compressing file cirrus/cs35l41-dsp1-spk-prot-17aa3855-spkid0-l0.bin
copying/compressing file cirrus/cs35l41-dsp1-spk-prot-17aa3855-spkid0-r0.bin
copying/compressing file cirrus/cs35l41-dsp1-spk-prot-17aa3855-spkid1-l0.bin
copying/compressing file cirrus/cs35l41-dsp1-spk-prot-17aa3855-spkid1-r0.bin
copying/compressing file cirrus/cs35l41-dsp1-spk-prot-17aa38b4-spkid0-l0.bin
copying/compressing file cirrus/cs35l41-dsp1-spk-prot-17aa38b4-spkid0-r0.bin
copying/compressing file cirrus/cs35l41-dsp1-spk-prot-17aa38b4-spkid1-l0.bin
copying/compressing file cirrus/cs35l41-dsp1-spk-prot-17aa38b4-spkid1-r0.bin
copying/compressing file cirrus/cs35l41-dsp1-spk-prot-17aa22f1-l0.bin
copying/compressing file cirrus/cs35l41-dsp1-spk-prot-17aa22f1-r0.bin
copying/compressing file cirrus/cs35l41-dsp1-spk-prot-17aa22f2-l0.bin
copying/compressing file cirrus/cs35l41-dsp1-spk-prot-17aa22f2-r0.bin
copying/compressing file cirrus/cs35l41-dsp1-spk-prot-17aa386f-l0.bin
copying/compressing file cirrus/cs35l41-dsp1-spk-prot-17aa386f-r0.bin
copying/compressing file cirrus/cs35l41-dsp1-spk-prot-17aa3877-l0.bin
copying/compressing file cirrus/cs35l41-dsp1-spk-prot-17aa3877-r0.bin
copying/compressing file cirrus/cs35l41-dsp1-spk-prot-17aa3878-l0.bin
copying/compressing file cirrus/cs35l41-dsp1-spk-prot-17aa3878-r0.bin
copying/compressing file cirrus/cs35l41-dsp1-spk-prot-17aa386e-spkid0-l0.bin
copying/compressing file cirrus/cs35l41-dsp1-spk-prot-17aa386e-spkid0-r0.bin
copying/compressing file cirrus/cs35l41-dsp1-spk-prot-17aa386e-spkid1-l0.bin
copying/compressing file cirrus/cs35l41-dsp1-spk-prot-17aa386e-spkid1-r0.bin
copying/compressing file cirrus/cs35l41/v6.63.0/halo_cspl_RAM_revB2_29.65.0.wmfw
copying/compressing file cirrus/cs35l41-dsp1-spk-prot-104312af-spkid0-l0.bin
copying/compressing file cirrus/cs35l41-dsp1-spk-prot-104312af-spkid0-r0.bin
copying/compressing file cirrus/cs35l41-dsp1-spk-prot-104312af-spkid1-l0.bin
copying/compressing file cirrus/cs35l41-dsp1-spk-prot-104312af-spkid1-r0.bin
copying/compressing file cirrus/cs35l41-dsp1-spk-prot-10431a8f-spkid0-l0.bin
copying/compressing file cirrus/cs35l41-dsp1-spk-prot-10431a8f-spkid0-r0.bin
copying/compressing file cirrus/cs35l41-dsp1-spk-prot-10431a8f-spkid1-l0.bin
copying/compressing file cirrus/cs35l41-dsp1-spk-prot-10431a8f-spkid1-r0.bin
copying/compressing file cirrus/cs35l41-dsp1-spk-prot-10431e02-spkid0-l0.bin
copying/compressing file cirrus/cs35l41-dsp1-spk-prot-10431e02-spkid0-r0.bin
copying/compressing file cirrus/cs35l41-dsp1-spk-prot-10431e02-spkid1-l0.bin
copying/compressing file cirrus/cs35l41-dsp1-spk-prot-10431e02-spkid1-r0.bin
copying/compressing file cirrus/cs35l41-dsp1-spk-prot-10431f12-spkid0-l0.bin
copying/compressing file cirrus/cs35l41-dsp1-spk-prot-10431f12-spkid0-r0.bin
copying/compressing file cirrus/cs35l41-dsp1-spk-prot-10431f12-spkid1-l0.bin
copying/compressing file cirrus/cs35l41-dsp1-spk-prot-10431f12-spkid1-r0.bin
copying/compressing file cirrus/cs35l41-dsp1-spk-prot-10431e12-spkid0-l0.bin
copying/compressing file cirrus/cs35l41-dsp1-spk-prot-10431e12-spkid0-r0.bin
copying/compressing file cirrus/cs35l41-dsp1-spk-prot-10431e12-spkid1-l0.bin
copying/compressing file cirrus/cs35l41-dsp1-spk-prot-10431e12-spkid1-r0.bin
copying/compressing file cirrus/cs35l41-dsp1-spk-prot-10431c9f-spkid0-l0.bin
copying/compressing file cirrus/cs35l41-dsp1-spk-prot-10431c9f-spkid0-r0.bin
copying/compressing file cirrus/cs35l41-dsp1-spk-prot-10431c9f-spkid1-l0.bin
copying/compressing file cirrus/cs35l41-dsp1-spk-prot-10431c9f-spkid1-r0.bin
copying/compressing file cirrus/cs35l41-dsp1-spk-prot-10431caf-spkid0-l0.bin
copying/compressing file cirrus/cs35l41-dsp1-spk-prot-10431caf-spkid0-r0.bin
copying/compressing file cirrus/cs35l41-dsp1-spk-prot-10431caf-spkid1-l0.bin
copying/compressing file cirrus/cs35l41-dsp1-spk-prot-10431caf-spkid1-r0.bin
copying/compressing file cirrus/cs35l41-dsp1-spk-prot-10431503-spkid0-l0.bin
copying/compressing file cirrus/cs35l41-dsp1-spk-prot-10431503-spkid0-r0.bin
copying/compressing file cirrus/cs35l41-dsp1-spk-prot-10431503-spkid1-l0.bin
copying/compressing file cirrus/cs35l41-dsp1-spk-prot-10431503-spkid1-r0.bin
copying/compressing file cirrus/cs35l41-dsp1-spk-prot-10431ccf-spkid0-l0.bin
copying/compressing file cirrus/cs35l41-dsp1-spk-prot-10431ccf-spkid0-r0.bin
copying/compressing file cirrus/cs35l41-dsp1-spk-prot-10431ccf-spkid1-l0.bin
copying/compressing file cirrus/cs35l41-dsp1-spk-prot-10431ccf-spkid1-r0.bin
copying/compressing file cirrus/cs35l41-dsp1-spk-prot-10431cef-spkid0-l0.bin
copying/compressing file cirrus/cs35l41-dsp1-spk-prot-10431cef-spkid0-r0.bin
copying/compressing file cirrus/cs35l41-dsp1-spk-prot-10431cef-spkid1-l0.bin
copying/compressing file cirrus/cs35l41-dsp1-spk-prot-10431cef-spkid1-r0.bin
copying/compressing file cirrus/cs35l41-dsp1-spk-prot-10431463-spkid0-l0.bin
copying/compressing file cirrus/cs35l41-dsp1-spk-prot-10431463-spkid0-r0.bin
copying/compressing file cirrus/cs35l41-dsp1-spk-prot-10431463-spkid1-l0.bin
copying/compressing file cirrus/cs35l41-dsp1-spk-prot-10431463-spkid1-r0.bin
copying/compressing file cirrus/cs35l41-dsp1-spk-prot-10431483-l0.bin
copying/compressing file cirrus/cs35l41-dsp1-spk-prot-10431483-r0.bin
copying/compressing file cirrus/cs35l41-dsp1-spk-prot-10431473-l0.bin
copying/compressing file cirrus/cs35l41-dsp1-spk-prot-10431473-r0.bin
copying/compressing file cirrus/cs35l41-dsp1-spk-prot-10431533-spkid0-l0.bin
copying/compressing file cirrus/cs35l41-dsp1-spk-prot-10431533-spkid0-r0.bin
copying/compressing file cirrus/cs35l41-dsp1-spk-prot-10431533-spkid1-l0.bin
copying/compressing file cirrus/cs35l41-dsp1-spk-prot-10431533-spkid1-r0.bin
copying/compressing file cirrus/cs35l41-dsp1-spk-prot-10431433-spkid0-l0.bin
copying/compressing file cirrus/cs35l41-dsp1-spk-prot-10431433-spkid0-r0.bin
copying/compressing file cirrus/cs35l41-dsp1-spk-prot-10431433-spkid1-l0.bin
copying/compressing file cirrus/cs35l41-dsp1-spk-prot-10431433-spkid1-r0.bin
copying/compressing file cirrus/cs35l41-dsp1-spk-prot-10431573-spkid0-l0.bin
copying/compressing file cirrus/cs35l41-dsp1-spk-prot-10431573-spkid0-r0.bin
copying/compressing file cirrus/cs35l41-dsp1-spk-prot-10431573-spkid1-l0.bin
copying/compressing file cirrus/cs35l41-dsp1-spk-prot-10431573-spkid1-r0.bin
copying/compressing file cirrus/cs35l41-dsp1-spk-prot-104317f3-spkid0-l0.bin
copying/compressing file cirrus/cs35l41-dsp1-spk-prot-104317f3-spkid0-r0.bin
copying/compressing file cirrus/cs35l41-dsp1-spk-prot-104317f3-spkid1-l0.bin
copying/compressing file cirrus/cs35l41-dsp1-spk-prot-104317f3-spkid1-r0.bin
copying/compressing file cirrus/cs35l41-dsp1-spk-prot-10431493-spkid0-l0.bin
copying/compressing file cirrus/cs35l41-dsp1-spk-prot-10431493-spkid0-r0.bin
copying/compressing file cirrus/cs35l41-dsp1-spk-prot-10431493-spkid1-l0.bin
copying/compressing file cirrus/cs35l41-dsp1-spk-prot-10431493-spkid1-r0.bin
copying/compressing file cirrus/cs35l41-dsp1-spk-prot-10431b93-spkid0-l0.bin
copying/compressing file cirrus/cs35l41-dsp1-spk-prot-10431b93-spkid0-r0.bin
copying/compressing file cirrus/cs35l41-dsp1-spk-prot-10431b93-spkid1-l0.bin
copying/compressing file cirrus/cs35l41-dsp1-spk-prot-10431b93-spkid1-r0.bin
copying/compressing file cirrus/cs35l41-dsp1-spk-prot-10433a30-spkid1-l0.bin
copying/compressing file cirrus/cs35l41-dsp1-spk-prot-10433a30-spkid1-r0.bin
copying/compressing file cirrus/cs35l41-dsp1-spk-prot-10433a30-spkid0-l0.bin
copying/compressing file cirrus/cs35l41-dsp1-spk-prot-10433a30-spkid0-r0.bin
copying/compressing file cirrus/cs35l41-dsp1-spk-prot-10433a50-spkid1-l0.bin
copying/compressing file cirrus/cs35l41-dsp1-spk-prot-10433a50-spkid1-r0.bin
copying/compressing file cirrus/cs35l41-dsp1-spk-prot-10433a50-spkid0-l0.bin
copying/compressing file cirrus/cs35l41-dsp1-spk-prot-10433a50-spkid0-r0.bin
copying/compressing file cirrus/cs35l41-dsp1-spk-prot-10433a60-spkid1-l0.bin
copying/compressing file cirrus/cs35l41-dsp1-spk-prot-10433a60-spkid1-r0.bin
copying/compressing file cirrus/cs35l41-dsp1-spk-prot-10433a60-spkid0-l0.bin
copying/compressing file cirrus/cs35l41-dsp1-spk-prot-10433a60-spkid0-r0.bin
copying/compressing file cirrus/cs35l41-dsp1-spk-prot-10431c03-spkid0-l0.bin
copying/compressing file cirrus/cs35l41-dsp1-spk-prot-10431c03-spkid0-r0.bin
copying/compressing file cirrus/cs35l41-dsp1-spk-prot-10431c03-spkid1-l0.bin
copying/compressing file cirrus/cs35l41-dsp1-spk-prot-10431c03-spkid1-r0.bin
copying/compressing file cirrus/cs35l41-dsp1-spk-prot-10431a63-spkid0-l0.bin
copying/compressing file cirrus/cs35l41-dsp1-spk-prot-10431a63-spkid0-r0.bin
copying/compressing file cirrus/cs35l41-dsp1-spk-prot-10431a63-spkid1-l0.bin
copying/compressing file cirrus/cs35l41-dsp1-spk-prot-10431a63-spkid1-r0.bin
copying/compressing file cirrus/cs35l41-dsp1-spk-prot-10431c33-spkid0-l0.bin
copying/compressing file cirrus/cs35l41-dsp1-spk-prot-10431c33-spkid0-r0.bin
copying/compressing file cirrus/cs35l41-dsp1-spk-prot-10431c33-spkid1-l0.bin
copying/compressing file cirrus/cs35l41-dsp1-spk-prot-10431c33-spkid1-r0.bin
copying/compressing file cirrus/cs35l41-dsp1-spk-prot-10431c43-spkid0-l0.bin
copying/compressing file cirrus/cs35l41-dsp1-spk-prot-10431c43-spkid0-r0.bin
copying/compressing file cirrus/cs35l41-dsp1-spk-prot-10431c43-spkid1-l0.bin
copying/compressing file cirrus/cs35l41-dsp1-spk-prot-10431c43-spkid1-r0.bin
copying/compressing file cirrus/cs35l41-dsp1-spk-prot-10431ee2-l0.bin
copying/compressing file cirrus/cs35l41-dsp1-spk-prot-10431ee2-r0.bin
copying/compressing file cirrus/cs35l41-dsp1-spk-prot-10431da2-spkid0-l0.bin
copying/compressing file cirrus/cs35l41-dsp1-spk-prot-10431da2-spkid0-r0.bin
copying/compressing file cirrus/cs35l41-dsp1-spk-prot-10431da2-spkid1-l0.bin
copying/compressing file cirrus/cs35l41-dsp1-spk-prot-10431da2-spkid1-r0.bin
copying/compressing file cirrus/cs35l41-dsp1-spk-prot-10431f62-spkid0-l0.bin
copying/compressing file cirrus/cs35l41-dsp1-spk-prot-10431f62-spkid0-r0.bin
copying/compressing file cirrus/cs35l41-dsp1-spk-prot-10431f62-spkid1-l0.bin
copying/compressing file cirrus/cs35l41-dsp1-spk-prot-10431f62-spkid1-r0.bin
copying/compressing file cirrus/cs35l41-dsp1-spk-prot-10431f1f-l0.bin
copying/compressing file cirrus/cs35l41-dsp1-spk-prot-10431f1f-r0.bin
copying/compressing file cirrus/cs35l41-dsp1-spk-prot-104316d3-spkid0-l0.bin
copying/compressing file cirrus/cs35l41-dsp1-spk-prot-104316d3-spkid0-r0.bin
copying/compressing file cirrus/cs35l41-dsp1-spk-prot-104316d3-spkid1-l0.bin
copying/compressing file cirrus/cs35l41-dsp1-spk-prot-104316d3-spkid1-r0.bin
copying/compressing file cirrus/cs35l41-dsp1-spk-prot-104316f3-spkid0-l0.bin
copying/compressing file cirrus/cs35l41-dsp1-spk-prot-104316f3-spkid0-r0.bin
copying/compressing file cirrus/cs35l41-dsp1-spk-prot-104316f3-spkid1-l0.bin
copying/compressing file cirrus/cs35l41-dsp1-spk-prot-104316f3-spkid1-r0.bin
copying/compressing file cirrus/cs35l41-dsp1-spk-prot-10431863-spkid0-l0.bin
copying/compressing file cirrus/cs35l41-dsp1-spk-prot-10431863-spkid0-r0.bin
copying/compressing file cirrus/cs35l41-dsp1-spk-prot-10431863-spkid1-l0.bin
copying/compressing file cirrus/cs35l41-dsp1-spk-prot-10431863-spkid1-r0.bin
copying/compressing file cirrus/cs35l41-dsp1-spk-prot-104318d3-spkid0-l0.bin
copying/compressing file cirrus/cs35l41-dsp1-spk-prot-104318d3-spkid0-r0.bin
copying/compressing file cirrus/cs35l41-dsp1-spk-prot-104318d3-spkid1-l0.bin
copying/compressing file cirrus/cs35l41-dsp1-spk-prot-104318d3-spkid1-r0.bin
copying/compressing file cirrus/cs35l41-dsp1-spk-prot-10431ed3-spkid0-l0.bin
copying/compressing file cirrus/cs35l41-dsp1-spk-prot-10431ed3-spkid0-r0.bin
copying/compressing file cirrus/cs35l41-dsp1-spk-prot-10431ed3-spkid1-l0.bin
copying/compressing file cirrus/cs35l41-dsp1-spk-prot-10431ed3-spkid1-r0.bin
copying/compressing file cirrus/cs35l41-dsp1-spk-prot-104330c1-spkid0-l0.bin
copying/compressing file cirrus/cs35l41-dsp1-spk-prot-104330c1-spkid0-r0.bin
copying/compressing file cirrus/cs35l41-dsp1-spk-prot-10433071-spkid0-l0.bin
copying/compressing file cirrus/cs35l41-dsp1-spk-prot-10433071-spkid0-r0.bin
copying/compressing file cirrus/cs35l41-dsp1-spk-prot-10433061-spkid0-l0.bin
copying/compressing file cirrus/cs35l41-dsp1-spk-prot-10433061-spkid0-r0.bin
copying/compressing file cirrus/cs35l41-dsp1-spk-prot-10431f63-l0.bin
copying/compressing file cirrus/cs35l41-dsp1-spk-prot-10431f63-r0.bin
copying/compressing file cirrus/cs35l41-dsp1-spk-prot-10431fb3-l0.bin
copying/compressing file cirrus/cs35l41-dsp1-spk-prot-10431fb3-r0.bin
copying/compressing file cirrus/cs35l41-dsp1-spk-prot-10431194-spkid0-l0.bin
copying/compressing file cirrus/cs35l41-dsp1-spk-prot-10431194-spkid0-r0.bin
copying/compressing file cirrus/cs35l41-dsp1-spk-prot-10431194-spkid1-l0.bin
copying/compressing file cirrus/cs35l41-dsp1-spk-prot-10431194-spkid1-r0.bin
copying/compressing file cirrus/cs35l41-dsp1-spk-prot-10433e20-spkid0-l0.bin
copying/compressing file cirrus/cs35l41-dsp1-spk-prot-10433e20-spkid0-r0.bin
copying/compressing file cirrus/cs35l41-dsp1-spk-prot-10433e20-spkid1-l0.bin
copying/compressing file cirrus/cs35l41-dsp1-spk-prot-10433e20-spkid1-r0.bin
copying/compressing file cirrus/cs35l41-dsp1-spk-prot-10431074-spkid0-l0.bin
copying/compressing file cirrus/cs35l41-dsp1-spk-prot-10431074-spkid0-r0.bin
copying/compressing file cirrus/cs35l41-dsp1-spk-prot-10431074-spkid1-l0.bin
copying/compressing file cirrus/cs35l41-dsp1-spk-prot-10431074-spkid1-r0.bin
copying/compressing file cirrus/cs35l41-dsp1-spk-prot-10433d78-l0.bin
copying/compressing file cirrus/cs35l41-dsp1-spk-prot-10433d78-r0.bin
copying/compressing file cirrus/cs35l41-dsp1-spk-prot-104388f4-spkid0.bin
copying/compressing file cirrus/cs35l41-dsp1-spk-prot-104388f4-spkid1.bin
copying/compressing file cirrus/cs35l41-dsp1-spk-prot-10431454-spkid0-l0.bin
copying/compressing file cirrus/cs35l41-dsp1-spk-prot-10431454-spkid0-r0.bin
copying/compressing file cirrus/cs35l41-dsp1-spk-prot-10431454-spkid1-l0.bin
copying/compressing file cirrus/cs35l41-dsp1-spk-prot-10431454-spkid1-r0.bin
copying/compressing file cirrus/cs35l41-dsp1-spk-prot-10431584-spkid0-l0.bin
copying/compressing file cirrus/cs35l41-dsp1-spk-prot-10431584-spkid0-r0.bin
copying/compressing file cirrus/cs35l41-dsp1-spk-prot-10431584-spkid1-l0.bin
copying/compressing file cirrus/cs35l41-dsp1-spk-prot-10431584-spkid1-r0.bin
copying/compressing file cirrus/cs35l41-dsp1-spk-prot-17aa2316-spkid0-l0.bin
copying/compressing file cirrus/cs35l41-dsp1-spk-prot-17aa2316-spkid0-r0.bin
copying/compressing file cirrus/cs35l41-dsp1-spk-prot-17aa2316-spkid1-l0.bin
copying/compressing file cirrus/cs35l41-dsp1-spk-prot-17aa2316-spkid1-r0.bin
copying/compressing file cirrus/cs35l41-dsp1-spk-prot-17aa38a9-spkid0-l0.bin
copying/compressing file cirrus/cs35l41-dsp1-spk-prot-17aa38a9-spkid0-r0.bin
copying/compressing file cirrus/cs35l41-dsp1-spk-prot-17aa38ab-spkid0-l0.bin
copying/compressing file cirrus/cs35l41-dsp1-spk-prot-17aa38ab-spkid0-r0.bin
copying/compressing file cirrus/cs35l41-dsp1-spk-prot-17aa3865-l0.bin
copying/compressing file cirrus/cs35l41-dsp1-spk-prot-17aa3865-r0.bin
copying/compressing file cirrus/cs35l41-dsp1-spk-prot-17aa3866-l0.bin
copying/compressing file cirrus/cs35l41-dsp1-spk-prot-17aa3866-r0.bin
copying/compressing file cirrus/cs35l41-dsp1-spk-prot-17aa38c7-spkid0-l0.bin
copying/compressing file cirrus/cs35l41-dsp1-spk-prot-17aa38c7-spkid0-r0.bin
copying/compressing file cirrus/cs35l41-dsp1-spk-prot-17aa38c7-spkid0-l1.bin
copying/compressing file cirrus/cs35l41-dsp1-spk-prot-17aa38c7-spkid0-r1.bin
copying/compressing file cirrus/cs35l41-dsp1-spk-prot-17aa38c8-spkid1-l0.bin
copying/compressing file cirrus/cs35l41-dsp1-spk-prot-17aa38c8-spkid1-r0.bin
copying/compressing file cirrus/cs35l41-dsp1-spk-prot-17aa38c8-spkid1-l1.bin
copying/compressing file cirrus/cs35l41-dsp1-spk-prot-17aa38c8-spkid1-r1.bin
copying/compressing file cirrus/cs35l41-dsp1-spk-prot-17aa38fa-spkid0-l0.bin
copying/compressing file cirrus/cs35l41-dsp1-spk-prot-17aa38fa-spkid0-r0.bin
copying/compressing file cirrus/cs35l41-dsp1-spk-prot-17aa38f9-spkid1-l0.bin
copying/compressing file cirrus/cs35l41-dsp1-spk-prot-17aa38f9-spkid1-r0.bin
copying/compressing file cirrus/cs35l41-dsp1-spk-prot-103c8b42.bin
copying/compressing file cirrus/cs35l41-dsp1-spk-prot-103c8b43.bin
copying/compressing file cirrus/cs35l41-dsp1-spk-prot-103c8b44.bin
copying/compressing file cirrus/cs35l41-dsp1-spk-prot-103c8b45.bin
copying/compressing file cirrus/cs35l41-dsp1-spk-prot-103c8b47.bin
copying/compressing file cirrus/cs35l41-dsp1-spk-prot-103c8b63-r0.bin
copying/compressing file cirrus/cs35l41-dsp1-spk-prot-103c8b63-r1.bin
copying/compressing file cirrus/cs35l41-dsp1-spk-prot-103c8b63-l0.bin
copying/compressing file cirrus/cs35l41-dsp1-spk-prot-103c8b63-l1.bin
copying/compressing file cirrus/cs35l41-dsp1-spk-prot-103c8b8f-r0.bin
copying/compressing file cirrus/cs35l41-dsp1-spk-prot-103c8b8f-r1.bin
copying/compressing file cirrus/cs35l41-dsp1-spk-prot-103c8b92.bin
copying/compressing file cirrus/cs35l41-dsp1-spk-prot-103c8d9f-spkid0.bin
copying/compressing file cirrus/cs35l41-dsp1-spk-prot-103c8d9f-spkid1.bin
copying/compressing file cirrus/cs35l41-dsp1-spk-prot-103c8da0-spkid0.bin
copying/compressing file cirrus/cs35l41-dsp1-spk-prot-103c8da0-spkid1.bin
copying/compressing file cirrus/cs35l41-dsp1-spk-prot-103c8d9b-spkid0.bin
copying/compressing file cirrus/cs35l41-dsp1-spk-prot-103c8d9b-spkid1.bin
copying/compressing file cirrus/cs35l41-dsp1-spk-prot-103c8e11-spkid0.bin
copying/compressing file cirrus/cs35l41-dsp1-spk-prot-103c8e11-spkid1.bin
copying/compressing file cirrus/cs35l41-dsp1-spk-prot-10280cbd-spkid0-l0.bin
copying/compressing file cirrus/cs35l41-dsp1-spk-prot-10280cbd-spkid0-r0.bin
copying/compressing file cirrus/cs35l41-dsp1-spk-prot-10280cbd-spkid1-l0.bin
copying/compressing file cirrus/cs35l41-dsp1-spk-prot-10280cbd-spkid1-r0.bin
copying/compressing file cirrus/cs35l41-dsp1-spk-prot-10280cbf-spkid0-l0.bin
copying/compressing file cirrus/cs35l41-dsp1-spk-prot-10280cbf-spkid0-r0.bin
copying/compressing file cirrus/cs35l41-dsp1-spk-prot-10280cbf-spkid1-l0.bin
copying/compressing file cirrus/cs35l41-dsp1-spk-prot-10280cbf-spkid1-r0.bin
copying/compressing file cirrus/cs35l41-dsp1-spk-prot-10280cc1-spkid0-l0.bin
copying/compressing file cirrus/cs35l41-dsp1-spk-prot-10280cc1-spkid0-r0.bin
copying/compressing file cirrus/cs35l41-dsp1-spk-prot-10280cc1-spkid1-l0.bin
copying/compressing file cirrus/cs35l41-dsp1-spk-prot-10280cc1-spkid1-r0.bin
copying/compressing file cirrus/cs35l41-dsp1-spk-prot-10280cc3-spkid0-l0.bin
copying/compressing file cirrus/cs35l41-dsp1-spk-prot-10280cc3-spkid0-r0.bin
copying/compressing file cirrus/cs35l41-dsp1-spk-prot-10280cc3-spkid1-l0.bin
copying/compressing file cirrus/cs35l41-dsp1-spk-prot-10280cc3-spkid1-r0.bin
copying/compressing file cirrus/cs35l41-dsp1-spk-prot-10280cc4-spkid0-l0.bin
copying/compressing file cirrus/cs35l41-dsp1-spk-prot-10280cc4-spkid0-r0.bin
copying/compressing file cirrus/cs35l41-dsp1-spk-prot-10280cc4-spkid1-l0.bin
copying/compressing file cirrus/cs35l41-dsp1-spk-prot-10280cc4-spkid1-r0.bin
copying/compressing file cirrus/cs35l41/v6.80.0/halo_cspl_RAM_revB2_29.82.0.wmfw
copying/compressing file cirrus/cs35l41-dsp1-spk-prot-10280beb-l0.bin
copying/compressing file cirrus/cs35l41-dsp1-spk-prot-10280beb-r0.bin
copying/compressing file cirrus/cs35l41-dsp1-spk-prot-10280b27-spkid0.bin
copying/compressing file cirrus/cs35l41-dsp1-spk-prot-10280b27-spkid1.bin
copying/compressing file cirrus/cs35l41-dsp1-spk-prot-10280b28-spkid0-l0.bin
copying/compressing file cirrus/cs35l41-dsp1-spk-prot-10280b28-spkid0-r0.bin
copying/compressing file cirrus/cs35l41-dsp1-spk-prot-10280b28-spkid1-l0.bin
copying/compressing file cirrus/cs35l41-dsp1-spk-prot-10280b28-spkid1-r0.bin
copying/compressing file cirrus/cs35l41-dsp1-spk-prot-10280c4d-spkid0-l0.bin
copying/compressing file cirrus/cs35l41-dsp1-spk-prot-10280c4d-spkid0-r0.bin
copying/compressing file cirrus/cs35l41-dsp1-spk-prot-10280c4d-spkid0-l1.bin
copying/compressing file cirrus/cs35l41-dsp1-spk-prot-10280c4d-spkid0-r1.bin
copying/compressing file cirrus/cs35l41-dsp1-spk-prot-10280c4d-spkid1-l0.bin
copying/compressing file cirrus/cs35l41-dsp1-spk-prot-10280c4d-spkid1-r0.bin
copying/compressing file cirrus/cs35l41-dsp1-spk-prot-10280c4d-spkid1-l1.bin
copying/compressing file cirrus/cs35l41-dsp1-spk-prot-10280c4d-spkid1-r1.bin
copying/compressing file cirrus/cs35l41-dsp1-spk-prot-103c8cdf-spkid0-l0.bin
copying/compressing file cirrus/cs35l41-dsp1-spk-prot-103c8cdf-spkid1-l0.bin
copying/compressing file cirrus/cs35l41-dsp1-spk-prot-103c8e3a-spkid0.bin
copying/compressing file cirrus/cs35l41-dsp1-spk-prot-103c8e3a-spkid1.bin
copying/compressing file cirrus/cs35l41-dsp1-spk-prot-1f660105.bin
copying/compressing file cirrus/cs35l41/v6.51.0/halo_cspl_RAM_revB2_29.53.0.wmfw
copying/compressing file cirrus/cs35l41-dsp1-spk-prot-vlv1776.bin
copying/compressing file cirrus/cs35l41-dsp1-spk-prot-1025182c-l0.bin
copying/compressing file cirrus/cs35l41-dsp1-spk-prot-1025182c-r0.bin
copying/compressing file cirrus/cs35l41-dsp1-spk-prot-10251844-l0.bin
copying/compressing file cirrus/cs35l41-dsp1-spk-prot-10251844-r0.bin
copying/compressing file cirrus/cs35l56/CS35L56_Rev3.11.11.wmfw
copying/compressing file cirrus/cs35l56/CS35L56_Rev3.11.11.1.wmfw
copying/compressing file cirrus/cs35l56/CS35L56_Rev3.11.16.wmfw
copying/compressing file cirrus/cs35l56/CS35L56_Rev3.11.18.wmfw
copying/compressing file cirrus/cs35l56/CS35L56_Rev3.11.20.wmfw
copying/compressing file cirrus/cs35l56/CS35L56_Rev3.11.21.wmfw
copying/compressing file cirrus/cs35l56/CS35L56_Rev3.11.25.wmfw
copying/compressing file cirrus/cs35l56/CS35L56_Rev3.11.26.wmfw
copying/compressing file cirrus/cs35l56/CS35L56_Rev3.11.28.wmfw
copying/compressing file cirrus/cs35l56/CS35L56_Rev3.11.28B.wmfw
copying/compressing file cirrus/cs35l56/CS35L56_Rev3.13.3R.wmfw
copying/compressing file cirrus/cs35l56/CS35L56_Rev4.5.3.wmfw
copying/compressing file cirrus/cs35l56/CS35L56_Rev4.5.9.wmfw
copying/compressing file cirrus/cs35l63/CS35L63_Rev2.5.4.wmfw
copying/compressing file cirrus/cs35l63/CS35L63_Rev2.5.7.wmfw
copying/compressing file cirrus/cs35l56-b0-dsp1-misc-10280c62-spkid0-amp1.bin
copying/compressing file cirrus/cs35l56-b0-dsp1-misc-10280c62-spkid0-amp2.bin
copying/compressing file cirrus/cs35l56-b0-dsp1-misc-10280c62-spkid0-amp3.bin
copying/compressing file cirrus/cs35l56-b0-dsp1-misc-10280c62-spkid0-amp4.bin
copying/compressing file cirrus/cs35l56-b0-dsp1-misc-10280c62-spkid1-amp1.bin
copying/compressing file cirrus/cs35l56-b0-dsp1-misc-10280c62-spkid1-amp2.bin
copying/compressing file cirrus/cs35l56-b0-dsp1-misc-10280c62-spkid1-amp3.bin
copying/compressing file cirrus/cs35l56-b0-dsp1-misc-10280c62-spkid1-amp4.bin
copying/compressing file cirrus/cs35l56-b0-dsp1-misc-10280c63-spkid0-amp1.bin
copying/compressing file cirrus/cs35l56-b0-dsp1-misc-10280c63-spkid0-amp2.bin
copying/compressing file cirrus/cs35l56-b0-dsp1-misc-10280c63-spkid0-amp3.bin
copying/compressing file cirrus/cs35l56-b0-dsp1-misc-10280c63-spkid0-amp4.bin
copying/compressing file cirrus/cs35l56-b0-dsp1-misc-10280c63-spkid1-amp1.bin
copying/compressing file cirrus/cs35l56-b0-dsp1-misc-10280c63-spkid1-amp2.bin
copying/compressing file cirrus/cs35l56-b0-dsp1-misc-10280c63-spkid1-amp3.bin
copying/compressing file cirrus/cs35l56-b0-dsp1-misc-10280c63-spkid1-amp4.bin
copying/compressing file cirrus/cs35l56-b0-dsp1-misc-10280c6b-spkid0-amp1.bin
copying/compressing file cirrus/cs35l56-b0-dsp1-misc-10280c6b-spkid0-amp2.bin
copying/compressing file cirrus/cs35l56-b0-dsp1-misc-10280c6b-spkid0-amp3.bin
copying/compressing file cirrus/cs35l56-b0-dsp1-misc-10280c6b-spkid0-amp4.bin
copying/compressing file cirrus/cs35l56-b0-dsp1-misc-10280c6b-spkid1-amp1.bin
copying/compressing file cirrus/cs35l56-b0-dsp1-misc-10280c6b-spkid1-amp2.bin
copying/compressing file cirrus/cs35l56-b0-dsp1-misc-10280c6b-spkid1-amp3.bin
copying/compressing file cirrus/cs35l56-b0-dsp1-misc-10280c6b-spkid1-amp4.bin
copying/compressing file cirrus/cs35l56-b0-dsp1-misc-10280ce3-spkid0-ampl.bin
copying/compressing file cirrus/cs35l56-b0-dsp1-misc-10280ce3-spkid0-ampr.bin
copying/compressing file cirrus/cs35l56-b0-dsp1-misc-10280ce3-spkid1-ampl.bin
copying/compressing file cirrus/cs35l56-b0-dsp1-misc-10280ce3-spkid1-ampr.bin
copying/compressing file cirrus/cs35l56-b0-dsp1-misc-10280ce3-spkid2-ampl.bin
copying/compressing file cirrus/cs35l56-b0-dsp1-misc-10280ce3-spkid2-ampr.bin
copying/compressing file cirrus/cs35l56-b0-dsp1-misc-10280ce3-spkid3-ampl.bin
copying/compressing file cirrus/cs35l56-b0-dsp1-misc-10280ce3-spkid3-ampr.bin
copying/compressing file cirrus/cs35l56-b0-dsp1-misc-10280ce4-spkid0-ampl.bin
copying/compressing file cirrus/cs35l56-b0-dsp1-misc-10280ce4-spkid0-ampr.bin
copying/compressing file cirrus/cs35l56-b0-dsp1-misc-10280ce4-spkid1-ampl.bin
copying/compressing file cirrus/cs35l56-b0-dsp1-misc-10280ce4-spkid1-ampr.bin
copying/compressing file cirrus/cs35l56-b0-dsp1-misc-10280ce4-spkid2-ampl.bin
copying/compressing file cirrus/cs35l56-b0-dsp1-misc-10280ce4-spkid2-ampr.bin
copying/compressing file cirrus/cs35l56-b0-dsp1-misc-10280ce4-spkid3-ampl.bin
copying/compressing file cirrus/cs35l56-b0-dsp1-misc-10280ce4-spkid3-ampr.bin
copying/compressing file cirrus/cs35l56-b0-dsp1-misc-10280ce5-spkid0-amp1.bin
copying/compressing file cirrus/cs35l56-b0-dsp1-misc-10280ce5-spkid0-amp2.bin
copying/compressing file cirrus/cs35l56-b0-dsp1-misc-10280ce5-spkid0-amp3.bin
copying/compressing file cirrus/cs35l56-b0-dsp1-misc-10280ce5-spkid0-amp4.bin
copying/compressing file cirrus/cs35l56-b0-dsp1-misc-10280ce5-spkid1-amp1.bin
copying/compressing file cirrus/cs35l56-b0-dsp1-misc-10280ce5-spkid1-amp2.bin
copying/compressing file cirrus/cs35l56-b0-dsp1-misc-10280ce5-spkid1-amp3.bin
copying/compressing file cirrus/cs35l56-b0-dsp1-misc-10280ce5-spkid1-amp4.bin
copying/compressing file cirrus/cs35l56-b0-dsp1-misc-10280ce6-spkid0-amp1.bin
copying/compressing file cirrus/cs35l56-b0-dsp1-misc-10280ce6-spkid0-amp2.bin
copying/compressing file cirrus/cs35l56-b0-dsp1-misc-10280ce6-spkid0-amp3.bin
copying/compressing file cirrus/cs35l56-b0-dsp1-misc-10280ce6-spkid0-amp4.bin
copying/compressing file cirrus/cs35l56-b0-dsp1-misc-10280ce6-spkid1-amp1.bin
copying/compressing file cirrus/cs35l56-b0-dsp1-misc-10280ce6-spkid1-amp2.bin
copying/compressing file cirrus/cs35l56-b0-dsp1-misc-10280ce6-spkid1-amp3.bin
copying/compressing file cirrus/cs35l56-b0-dsp1-misc-10280ce6-spkid1-amp4.bin
copying/compressing file cirrus/cs35l56-b0-dsp1-misc-10280ce7-spkid0-amp1.bin
copying/compressing file cirrus/cs35l56-b0-dsp1-misc-10280ce7-spkid0-amp2.bin
copying/compressing file cirrus/cs35l56-b0-dsp1-misc-10280ce7-spkid0-amp3.bin
copying/compressing file cirrus/cs35l56-b0-dsp1-misc-10280ce7-spkid0-amp4.bin
copying/compressing file cirrus/cs35l56-b0-dsp1-misc-10280ce7-spkid1-amp1.bin
copying/compressing file cirrus/cs35l56-b0-dsp1-misc-10280ce7-spkid1-amp2.bin
copying/compressing file cirrus/cs35l56-b0-dsp1-misc-10280ce7-spkid1-amp3.bin
copying/compressing file cirrus/cs35l56-b0-dsp1-misc-10280ce7-spkid1-amp4.bin
copying/compressing file cirrus/cs35l56-b0-dsp1-misc-10280d12-spkid0-amp1.bin
copying/compressing file cirrus/cs35l56-b0-dsp1-misc-10280d12-spkid0-amp2.bin
copying/compressing file cirrus/cs35l56-b0-dsp1-misc-10280d12-spkid1-amp1.bin
copying/compressing file cirrus/cs35l56-b0-dsp1-misc-10280d12-spkid1-amp2.bin
copying/compressing file cirrus/cs35l56-b0-dsp1-misc-10280d13-spkid0-amp1.bin
copying/compressing file cirrus/cs35l56-b0-dsp1-misc-10280d13-spkid0-amp2.bin
copying/compressing file cirrus/cs35l56-b0-dsp1-misc-10280d13-spkid1-amp1.bin
copying/compressing file cirrus/cs35l56-b0-dsp1-misc-10280d13-spkid1-amp2.bin
copying/compressing file cirrus/cs35l56-b0-dsp1-misc-10280d32-spkid0-amp1.bin
copying/compressing file cirrus/cs35l56-b0-dsp1-misc-10280d32-spkid0-amp2.bin
copying/compressing file cirrus/cs35l56-b0-dsp1-misc-10280d32-spkid0-amp3.bin
copying/compressing file cirrus/cs35l56-b0-dsp1-misc-10280d32-spkid0-amp4.bin
copying/compressing file cirrus/cs35l56-b0-dsp1-misc-10280d32-spkid1-amp1.bin
copying/compressing file cirrus/cs35l56-b0-dsp1-misc-10280d32-spkid1-amp2.bin
copying/compressing file cirrus/cs35l56-b0-dsp1-misc-10280d32-spkid1-amp3.bin
copying/compressing file cirrus/cs35l56-b0-dsp1-misc-10280d32-spkid1-amp4.bin
copying/compressing file cirrus/cs35l56-b0-dsp1-misc-10280d33-spkid0-amp1.bin
copying/compressing file cirrus/cs35l56-b0-dsp1-misc-10280d33-spkid0-amp2.bin
copying/compressing file cirrus/cs35l56-b0-dsp1-misc-10280d33-spkid0-amp3.bin
copying/compressing file cirrus/cs35l56-b0-dsp1-misc-10280d33-spkid0-amp4.bin
copying/compressing file cirrus/cs35l56-b0-dsp1-misc-10280d33-spkid1-amp1.bin
copying/compressing file cirrus/cs35l56-b0-dsp1-misc-10280d33-spkid1-amp2.bin
copying/compressing file cirrus/cs35l56-b0-dsp1-misc-10280d33-spkid1-amp3.bin
copying/compressing file cirrus/cs35l56-b0-dsp1-misc-10280d33-spkid1-amp4.bin
copying/compressing file cirrus/cs35l57-b2-dsp1-misc-10280db3-spkid0-l3u0.bin
copying/compressing file cirrus/cs35l57-b2-dsp1-misc-10280db3-spkid0-l3u1.bin
copying/compressing file cirrus/cs35l57-b2-dsp1-misc-10280db3-spkid0-l2u2.bin
copying/compressing file cirrus/cs35l57-b2-dsp1-misc-10280db3-spkid0-l2u3.bin
copying/compressing file cirrus/cs35l57-b2-dsp1-misc-10280db3-spkid1-l3u0.bin
copying/compressing file cirrus/cs35l57-b2-dsp1-misc-10280db3-spkid1-l3u1.bin
copying/compressing file cirrus/cs35l57-b2-dsp1-misc-10280db3-spkid1-l2u2.bin
copying/compressing file cirrus/cs35l57-b2-dsp1-misc-10280db3-spkid1-l2u3.bin
copying/compressing file cirrus/cs35l57-b2-dsp1-misc-10280db4-spkid0-l3u0.bin
copying/compressing file cirrus/cs35l57-b2-dsp1-misc-10280db4-spkid0-l3u1.bin
copying/compressing file cirrus/cs35l57-b2-dsp1-misc-10280db4-spkid0-l2u2.bin
copying/compressing file cirrus/cs35l57-b2-dsp1-misc-10280db4-spkid0-l2u3.bin
copying/compressing file cirrus/cs35l57-b2-dsp1-misc-10280db4-spkid1-l3u0.bin
copying/compressing file cirrus/cs35l57-b2-dsp1-misc-10280db4-spkid1-l3u1.bin
copying/compressing file cirrus/cs35l57-b2-dsp1-misc-10280db4-spkid1-l2u2.bin
copying/compressing file cirrus/cs35l57-b2-dsp1-misc-10280db4-spkid1-l2u3.bin
copying/compressing file cirrus/cs35l57-b2-dsp1-misc-10280db9-spkid0-l3u0.bin
copying/compressing file cirrus/cs35l57-b2-dsp1-misc-10280db9-spkid0-l3u1.bin
copying/compressing file cirrus/cs35l57-b2-dsp1-misc-10280db9-spkid0-l2u2.bin
copying/compressing file cirrus/cs35l57-b2-dsp1-misc-10280db9-spkid0-l2u3.bin
copying/compressing file cirrus/cs35l57-b2-dsp1-misc-10280db9-spkid1-l3u0.bin
copying/compressing file cirrus/cs35l57-b2-dsp1-misc-10280db9-spkid1-l3u1.bin
copying/compressing file cirrus/cs35l57-b2-dsp1-misc-10280db9-spkid1-l2u2.bin
copying/compressing file cirrus/cs35l57-b2-dsp1-misc-10280db9-spkid1-l2u3.bin
copying/compressing file cirrus/cs35l57-b2-dsp1-misc-10280dba-spkid0-l3u0.bin
copying/compressing file cirrus/cs35l57-b2-dsp1-misc-10280dba-spkid0-l3u1.bin
copying/compressing file cirrus/cs35l57-b2-dsp1-misc-10280dba-spkid0-l2u2.bin
copying/compressing file cirrus/cs35l57-b2-dsp1-misc-10280dba-spkid0-l2u3.bin
copying/compressing file cirrus/cs35l57-b2-dsp1-misc-10280dba-spkid1-l3u0.bin
copying/compressing file cirrus/cs35l57-b2-dsp1-misc-10280dba-spkid1-l3u1.bin
copying/compressing file cirrus/cs35l57-b2-dsp1-misc-10280dba-spkid1-l2u2.bin
copying/compressing file cirrus/cs35l57-b2-dsp1-misc-10280dba-spkid1-l2u3.bin
copying/compressing file cirrus/cs35l56-b2-dsp1-misc-10280dd6-00-ampl.bin
copying/compressing file cirrus/cs35l56-b2-dsp1-misc-10280dd6-00-ampr.bin
copying/compressing file cirrus/cs35l56-b2-dsp1-misc-10280dd6-01-ampl.bin
copying/compressing file cirrus/cs35l56-b2-dsp1-misc-10280dd6-01-ampr.bin
copying/compressing file cirrus/cs35l56-b2-dsp1-misc-10280dd6-02-ampl.bin
copying/compressing file cirrus/cs35l56-b2-dsp1-misc-10280dd6-02-ampr.bin
copying/compressing file cirrus/cs35l56-b2-dsp1-misc-10280dd6-03-ampl.bin
copying/compressing file cirrus/cs35l56-b2-dsp1-misc-10280dd6-03-ampr.bin
copying/compressing file cirrus/cs35l63-a1-dsp1-misc-10280e1a-spkid0-02-l3u1.bin
copying/compressing file cirrus/cs35l63-a1-dsp1-misc-10280e1a-spkid0-02-l3u3.bin
copying/compressing file cirrus/cs35l63-a1-dsp1-misc-10280e1a-spkid2-01-l3u1.bin
copying/compressing file cirrus/cs35l63-a1-dsp1-misc-10280e1a-spkid2-01-l3u3.bin
copying/compressing file cirrus/cs35l63-a1-dsp1-misc-10280e1a-spkid3-01-l3u1.bin
copying/compressing file cirrus/cs35l63-a1-dsp1-misc-10280e1a-spkid3-01-l3u3.bin
copying/compressing file cirrus/cs35l63-a1-dsp1-misc-10280e1a-spkid3-02-l3u1.bin
copying/compressing file cirrus/cs35l63-a1-dsp1-misc-10280e1a-spkid3-02-l3u3.bin
copying/compressing file cirrus/cs35l63-a1-dsp1-misc-10280e1b-spkid0-04-l3u1.bin
copying/compressing file cirrus/cs35l63-a1-dsp1-misc-10280e1b-spkid0-04-l3u3.bin
copying/compressing file cirrus/cs35l63-a1-dsp1-misc-10280e1b-spkid2-03-l3u1.bin
copying/compressing file cirrus/cs35l63-a1-dsp1-misc-10280e1b-spkid2-03-l3u3.bin
copying/compressing file cirrus/cs35l63-a1-dsp1-misc-10280e1b-spkid3-03-l3u1.bin
copying/compressing file cirrus/cs35l63-a1-dsp1-misc-10280e1b-spkid3-03-l3u3.bin
copying/compressing file cirrus/cs35l63-a1-dsp1-misc-10280e1b-spkid3-04-l3u1.bin
copying/compressing file cirrus/cs35l63-a1-dsp1-misc-10280e1b-spkid3-04-l3u3.bin
copying/compressing file cirrus/cs35l63-a1-dsp1-misc-10280e1c-spkid0-01-l3u1.bin
copying/compressing file cirrus/cs35l63-a1-dsp1-misc-10280e1c-spkid0-01-l3u3.bin
copying/compressing file cirrus/cs35l63-a1-dsp1-misc-10280e1c-spkid1-01-l3u1.bin
copying/compressing file cirrus/cs35l63-a1-dsp1-misc-10280e1c-spkid1-01-l3u3.bin
copying/compressing file cirrus/cs35l63-a1-dsp1-misc-10280e1c-spkid2-01-l3u1.bin
copying/compressing file cirrus/cs35l63-a1-dsp1-misc-10280e1c-spkid2-01-l3u3.bin
copying/compressing file cirrus/cs35l63-a1-dsp1-misc-10280e1c-spkid3-01-l3u1.bin
copying/compressing file cirrus/cs35l63-a1-dsp1-misc-10280e1c-spkid3-01-l3u3.bin
copying/compressing file cirrus/cs35l63-a1-dsp1-misc-10280e1d-spkid0-05-l3u1.bin
copying/compressing file cirrus/cs35l63-a1-dsp1-misc-10280e1d-spkid0-05-l3u3.bin
copying/compressing file cirrus/cs35l63-a1-dsp1-misc-10280e1d-spkid0-06-l3u1.bin
copying/compressing file cirrus/cs35l63-a1-dsp1-misc-10280e1d-spkid0-06-l3u3.bin
copying/compressing file cirrus/cs35l63-a1-dsp1-misc-10280e1d-spkid2-05-l3u1.bin
copying/compressing file cirrus/cs35l63-a1-dsp1-misc-10280e1d-spkid2-05-l3u3.bin
copying/compressing file cirrus/cs35l63-a1-dsp1-misc-10280e1d-spkid2-06-l3u1.bin
copying/compressing file cirrus/cs35l63-a1-dsp1-misc-10280e1d-spkid2-06-l3u3.bin
copying/compressing file cirrus/cs35l63-a1-dsp1-misc-10280e1d-spkid3-06-l3u1.bin
copying/compressing file cirrus/cs35l63-a1-dsp1-misc-10280e1d-spkid3-06-l3u3.bin
copying/compressing file cirrus/cs35l63-a1-dsp1-misc-10280e1e-spkid0-06-l3u1.bin
copying/compressing file cirrus/cs35l63-a1-dsp1-misc-10280e1e-spkid0-06-l3u3.bin
copying/compressing file cirrus/cs35l63-a1-dsp1-misc-10280e1e-spkid1-06-l3u1.bin
copying/compressing file cirrus/cs35l63-a1-dsp1-misc-10280e1e-spkid1-06-l3u3.bin
copying/compressing file cirrus/cs35l63-a1-dsp1-misc-10280e1e-spkid2-06-l3u1.bin
copying/compressing file cirrus/cs35l63-a1-dsp1-misc-10280e1e-spkid2-06-l3u3.bin
copying/compressing file cirrus/cs35l63-a1-dsp1-misc-10280e1e-spkid3-06-l3u1.bin
copying/compressing file cirrus/cs35l63-a1-dsp1-misc-10280e1e-spkid3-06-l3u3.bin
copying/compressing file cirrus/cs35l63-a1-dsp1-misc-10280e2b-spkid0-00-l1u1.bin
copying/compressing file cirrus/cs35l63-a1-dsp1-misc-10280e2b-spkid0-00-l1u3.bin
copying/compressing file cirrus/cs35l63-a1-dsp1-misc-10280e2b-spkid1-00-l1u1.bin
copying/compressing file cirrus/cs35l63-a1-dsp1-misc-10280e2b-spkid1-00-l1u3.bin
copying/compressing file cirrus/cs35l63-a1-dsp1-misc-10280e2c-spkid0-00-l1u1.bin
copying/compressing file cirrus/cs35l63-a1-dsp1-misc-10280e2c-spkid0-00-l1u3.bin
copying/compressing file cirrus/cs35l63-a1-dsp1-misc-10280e2c-spkid1-00-l1u1.bin
copying/compressing file cirrus/cs35l63-a1-dsp1-misc-10280e2c-spkid1-00-l1u3.bin
copying/compressing file cirrus/cs35l56-b0-dsp1-misc-103c8c52-amp1.bin
copying/compressing file cirrus/cs35l56-b0-dsp1-misc-103c8c52-amp2.bin
copying/compressing file cirrus/cs35l56-b0-dsp1-misc-103c8c52-amp3.bin
copying/compressing file cirrus/cs35l56-b0-dsp1-misc-103c8c52-amp4.bin
copying/compressing file cirrus/cs35l56-b0-dsp1-misc-103c8c53-amp1.bin
copying/compressing file cirrus/cs35l56-b0-dsp1-misc-103c8c53-amp2.bin
copying/compressing file cirrus/cs35l56-b0-dsp1-misc-103c8c53-amp3.bin
copying/compressing file cirrus/cs35l56-b0-dsp1-misc-103c8c53-amp4.bin
copying/compressing file cirrus/cs35l54-b0-dsp1-misc-103c8d01-amp1.bin
copying/compressing file cirrus/cs35l54-b0-dsp1-misc-103c8d01-amp2.bin
copying/compressing file cirrus/cs35l54-b0-dsp1-misc-103c8d01-amp3.bin
copying/compressing file cirrus/cs35l54-b0-dsp1-misc-103c8d01-amp4.bin
copying/compressing file cirrus/cs35l54-b0-dsp1-misc-103c8d08-amp1.bin
copying/compressing file cirrus/cs35l54-b0-dsp1-misc-103c8d08-amp2.bin
copying/compressing file cirrus/cs35l54-b0-dsp1-misc-103c8d08-amp3.bin
copying/compressing file cirrus/cs35l54-b0-dsp1-misc-103c8d08-amp4.bin
copying/compressing file cirrus/cs35l54-b0-dsp1-misc-103c8d85-amp1.bin
copying/compressing file cirrus/cs35l54-b0-dsp1-misc-103c8d85-amp2.bin
copying/compressing file cirrus/cs35l54-b0-dsp1-misc-103c8d85-amp3.bin
copying/compressing file cirrus/cs35l54-b0-dsp1-misc-103c8d85-amp4.bin
copying/compressing file cirrus/cs35l54-b0-dsp1-misc-103c8d86-amp1.bin
copying/compressing file cirrus/cs35l54-b0-dsp1-misc-103c8d86-amp2.bin
copying/compressing file cirrus/cs35l54-b0-dsp1-misc-103c8d86-amp3.bin
copying/compressing file cirrus/cs35l54-b0-dsp1-misc-103c8d86-amp4.bin
copying/compressing file cirrus/cs35l54-b0-dsp1-misc-103c8d8c-amp1.bin
copying/compressing file cirrus/cs35l54-b0-dsp1-misc-103c8d8c-amp2.bin
copying/compressing file cirrus/cs35l54-b0-dsp1-misc-103c8d8d-amp1.bin
copying/compressing file cirrus/cs35l54-b0-dsp1-misc-103c8d8d-amp2.bin
copying/compressing file cirrus/cs35l54-b0-dsp1-misc-103c8d8e-amp1.bin
copying/compressing file cirrus/cs35l54-b0-dsp1-misc-103c8d8e-amp2.bin
copying/compressing file cirrus/cs35l56-b0-dsp1-misc-103c8d90-amp1.bin
copying/compressing file cirrus/cs35l56-b0-dsp1-misc-103c8d90-amp2.bin
copying/compressing file cirrus/cs35l54-b0-dsp1-misc-103c8e14-amp1.bin
copying/compressing file cirrus/cs35l54-b0-dsp1-misc-103c8e14-amp2.bin
copying/compressing file cirrus/cs35l54-b0-dsp1-misc-103c8e15-amp1.bin
copying/compressing file cirrus/cs35l54-b0-dsp1-misc-103c8e15-amp2.bin
copying/compressing file cirrus/cs35l56-b0-dsp1-misc-103c8e1b-amp1.bin
copying/compressing file cirrus/cs35l56-b0-dsp1-misc-103c8e1b-amp2.bin
copying/compressing file cirrus/cs35l56-b0-dsp1-misc-10431034-spkid0-amp1.bin
copying/compressing file cirrus/cs35l56-b0-dsp1-misc-10431034-spkid0-amp2.bin
copying/compressing file cirrus/cs35l56-b0-dsp1-misc-10431034-spkid1-amp1.bin
copying/compressing file cirrus/cs35l56-b0-dsp1-misc-10431034-spkid1-amp2.bin
copying/compressing file cirrus/cs35l56-b0-dsp1-misc-10431044-spkid0-amp1.bin
copying/compressing file cirrus/cs35l56-b0-dsp1-misc-10431044-spkid0-amp2.bin
copying/compressing file cirrus/cs35l56-b0-dsp1-misc-10431044-spkid1-amp1.bin
copying/compressing file cirrus/cs35l56-b0-dsp1-misc-10431044-spkid1-amp2.bin
copying/compressing file cirrus/cs35l56-b0-dsp1-misc-10431b13-spkid0-amp1.bin
copying/compressing file cirrus/cs35l56-b0-dsp1-misc-10431b13-spkid0-amp2.bin
copying/compressing file cirrus/cs35l56-b0-dsp1-misc-10431b13-spkid1-amp1.bin
copying/compressing file cirrus/cs35l56-b0-dsp1-misc-10431b13-spkid1-amp2.bin
copying/compressing file cirrus/cs35l56-b0-dsp1-misc-10431c63-spkid0-amp1.bin
copying/compressing file cirrus/cs35l56-b0-dsp1-misc-10431c63-spkid0-amp2.bin
copying/compressing file cirrus/cs35l56-b0-dsp1-misc-10431c63-spkid1-amp1.bin
copying/compressing file cirrus/cs35l56-b0-dsp1-misc-10431c63-spkid1-amp2.bin
copying/compressing file cirrus/cs35l56-b0-dsp1-misc-10431df3-amp1.bin
copying/compressing file cirrus/cs35l56-b0-dsp1-misc-10431df3-amp2.bin
copying/compressing file cirrus/cs35l56-b0-dsp1-misc-10431df3-amp3.bin
copying/compressing file cirrus/cs35l56-b0-dsp1-misc-10431df3-amp4.bin
copying/compressing file cirrus/cs35l56-b0-dsp1-misc-10431e13-amp1.bin
copying/compressing file cirrus/cs35l56-b0-dsp1-misc-10431e13-amp2.bin
copying/compressing file cirrus/cs35l56-b0-dsp1-misc-10431e13-amp4.bin
copying/compressing file cirrus/cs35l56-b0-dsp1-misc-10431e13-amp3.bin
copying/compressing file cirrus/cs35l56-b0-dsp1-misc-10431e63-spkid0-amp1.bin
copying/compressing file cirrus/cs35l56-b0-dsp1-misc-10431e63-spkid0-amp2.bin
copying/compressing file cirrus/cs35l56-b0-dsp1-misc-10431e63-spkid1-amp1.bin
copying/compressing file cirrus/cs35l56-b0-dsp1-misc-10431e63-spkid1-amp2.bin
copying/compressing file cirrus/cs35l56-b0-dsp1-misc-10431e83-spkid0-amp1.bin
copying/compressing file cirrus/cs35l56-b0-dsp1-misc-10431e83-spkid0-amp2.bin
copying/compressing file cirrus/cs35l56-b0-dsp1-misc-10431e83-spkid1-amp1.bin
copying/compressing file cirrus/cs35l56-b0-dsp1-misc-10431e83-spkid1-amp2.bin
copying/compressing file cirrus/cs35l56-b0-dsp1-misc-10431f43-amp1.bin
copying/compressing file cirrus/cs35l56-b0-dsp1-misc-10431f43-amp2.bin
copying/compressing file cirrus/cs35l56-b0-dsp1-misc-10431f43-amp4.bin
copying/compressing file cirrus/cs35l56-b0-dsp1-misc-10431f43-amp3.bin
copying/compressing file cirrus/cs35l56-b0-dsp1-misc-17aa233b-spkid0-ampl.bin
copying/compressing file cirrus/cs35l56-b0-dsp1-misc-17aa233b-spkid0-ampr.bin
copying/compressing file cirrus/cs35l56-b0-dsp1-misc-17aa233b-spkid1-ampl.bin
copying/compressing file cirrus/cs35l56-b0-dsp1-misc-17aa233b-spkid1-ampr.bin
copying/compressing file cirrus/cs35l56-b0-dsp1-misc-17aa233c-amp1.bin
copying/compressing file cirrus/cs35l56-b0-dsp1-misc-17aa233c-amp2.bin
copying/compressing file cirrus/cs35l56-b0-dsp1-misc-17aa2347-amp1.bin
copying/compressing file cirrus/cs35l56-b0-dsp1-misc-17aa2347-amp2.bin
copying/compressing file cirrus/cs35l56-b0-dsp1-misc-17aa2348-amp1.bin
copying/compressing file cirrus/cs35l56-b0-dsp1-misc-17aa2348-amp2.bin
copying/compressing file cirrus/cs35l56-b0-dsp1-misc-17aa2349-amp1.bin
copying/compressing file cirrus/cs35l56-b0-dsp1-misc-17aa2349-amp2.bin
copying/compressing file cirrus/cs35l63-a1-dsp1-misc-17aa2352-l2u0.bin
copying/compressing file cirrus/cs35l63-a1-dsp1-misc-17aa2352-l2u1.bin
copying/compressing file cirrus/cs35l63-a1-dsp1-misc-17aa2353-l2u0.bin
copying/compressing file cirrus/cs35l63-a1-dsp1-misc-17aa2353-l2u1.bin
copying/compressing file cirrus/cs35l57-b2-dsp1-misc-17aa2355-spkid0-l1u0.bin
copying/compressing file cirrus/cs35l57-b2-dsp1-misc-17aa2355-spkid0-l1u1.bin
copying/compressing file cirrus/cs35l57-b2-dsp1-misc-17aa2355-spkid0-l2u2.bin
copying/compressing file cirrus/cs35l57-b2-dsp1-misc-17aa2355-spkid0-l2u3.bin
copying/compressing file cirrus/cs35l57-b2-dsp1-misc-17aa2355-spkid1-l1u0.bin
copying/compressing file cirrus/cs35l57-b2-dsp1-misc-17aa2355-spkid1-l1u1.bin
copying/compressing file cirrus/cs35l57-b2-dsp1-misc-17aa2355-spkid1-l2u2.bin
copying/compressing file cirrus/cs35l57-b2-dsp1-misc-17aa2355-spkid1-l2u3.bin
copying/compressing file cirrus/cs35l56-b0-dsp1-misc-17aa380e-spkid0-ampl.bin
copying/compressing file cirrus/cs35l56-b0-dsp1-misc-17aa380e-spkid0-ampr.bin
copying/compressing file cirrus/cs35l56-b0-dsp1-misc-17aa380e-spkid1-ampl.bin
copying/compressing file cirrus/cs35l56-b0-dsp1-misc-17aa380e-spkid1-ampr.bin
copying/compressing file cirrus/cs35l56-b0-dsp1-misc-17aa3832-spkid0-ampl.bin
copying/compressing file cirrus/cs35l56-b0-dsp1-misc-17aa3832-spkid0-ampr.bin
copying/compressing file cirrus/cs35l56-b0-dsp1-misc-17aa3832-spkid1-ampl.bin
copying/compressing file cirrus/cs35l56-b0-dsp1-misc-17aa3832-spkid1-ampr.bin
copying/compressing file cirrus/cs35l56-b0-dsp1-misc-17aa3838-spkid0-ampl.bin
copying/compressing file cirrus/cs35l56-b0-dsp1-misc-17aa3838-spkid0-ampr.bin
copying/compressing file cirrus/cs35l56-b0-dsp1-misc-17aa3838-spkid1-ampl.bin
copying/compressing file cirrus/cs35l56-b0-dsp1-misc-17aa3838-spkid1-ampr.bin
copying/compressing file cirrus/cs35l56-b0-dsp1-misc-17aa3905-amp1.bin
copying/compressing file cirrus/cs35l56-b0-dsp1-misc-17aa3905-amp2.bin
copying/compressing file cirrus/cs35l56-b0-dsp1-misc-17aa390b-amp1.bin
copying/compressing file cirrus/cs35l56-b0-dsp1-misc-17aa390b-amp2.bin
copying/compressing file cirrus/cs35l56-b0-dsp1-misc-17aa390c-spkid1-amp1.bin
copying/compressing file cirrus/cs35l56-b0-dsp1-misc-17aa390c-spkid1-amp2.bin
copying/compressing file cirrus/cs35l56-b0-dsp1-misc-17aa390d-spkid0-amp1.bin
copying/compressing file cirrus/cs35l56-b0-dsp1-misc-17aa390d-spkid0-amp2.bin
copying/compressing file cirrus/cs35l56-b0-dsp1-misc-17aa3910-spkid1-amp1.bin
copying/compressing file cirrus/cs35l56-b0-dsp1-misc-17aa3910-spkid1-amp2.bin
copying/compressing file cirrus/cs35l56-b0-dsp1-misc-17aa3911-spkid0-amp1.bin
copying/compressing file cirrus/cs35l56-b0-dsp1-misc-17aa3911-spkid0-amp2.bin
copying/compressing file cirrus/cs35l56-b0-dsp1-misc-17aa391b-amp1.bin
copying/compressing file cirrus/cs35l56-b0-dsp1-misc-17aa391b-amp2.bin
copying/compressing file cirrus/cs35l56-b0-dsp1-misc-17aa391e-spkid0-amp1.bin
copying/compressing file cirrus/cs35l56-b0-dsp1-misc-17aa391e-spkid0-amp2.bin
copying/compressing file cirrus/cs35l56-b0-dsp1-misc-17aa3921-spkid1-amp1.bin
copying/compressing file cirrus/cs35l56-b0-dsp1-misc-17aa3921-spkid1-amp2.bin
copying/compressing file cirrus/cs35l56-b0-dsp1-misc-17aa392c-spkid1-amp1.bin
copying/compressing file cirrus/cs35l56-b0-dsp1-misc-17aa392c-spkid1-amp2.bin
copying/compressing file cirrus/cs35l56-b0-dsp1-misc-17aa392d-spkid0-amp1.bin
copying/compressing file cirrus/cs35l56-b0-dsp1-misc-17aa392d-spkid0-amp2.bin
copying/compressing file cirrus/cs35l56-b0-dsp1-misc-17aa392e-amp1.bin
copying/compressing file cirrus/cs35l56-b0-dsp1-misc-17aa392e-amp2.bin
copying/compressing file cirrus/cs35l56-b0-dsp1-misc-17aa392e-amp3.bin
copying/compressing file cirrus/cs35l56-b0-dsp1-misc-17aa392e-amp4.bin
copying/compressing file cs42l43.bin
copying/compressing file sdca/1fa/1028/db3/1.bin
copying/compressing file sdca/1fa/1028/db3/2.bin
copying/compressing file sdca/1fa/1028/db3/3.bin
copying/compressing file sdca/1fa/1028/db3/4.bin
copying/compressing file sdca/1fa/1028/db3/42450005.bin
copying/compressing file sdca/1fa/1028/e1a/1.bin
copying/compressing file sdca/1fa/1028/e1a/2.bin
copying/compressing file sdca/1fa/1028/e1a/3.bin
copying/compressing file sdca/1fa/1028/e1a/4.bin
copying/compressing file sdca/1fa/1028/e1a/42450005.bin
copying/compressing file sdca/1fa/1028/e22/1.bin
copying/compressing file sdca/1fa/1028/e22/2.bin
copying/compressing file sdca/1fa/1028/e22/3.bin
copying/compressing file sdca/1fa/1028/e22/4.bin
copying/compressing file sdca/1fa/1028/e22/42450005.bin
copying/compressing file sdca/1fa/17aa/2352/1.bin
copying/compressing file sdca/1fa/17aa/2352/2.bin
copying/compressing file sdca/1fa/17aa/2352/3.bin
copying/compressing file sdca/1fa/17aa/2352/4.bin
copying/compressing file sdca/1fa/17aa/2352/42450005.bin
copying/compressing file mediatek/sof/sof-mt8186.ri
copying/compressing file mediatek/sof/sof-mt8186.ldc
copying/compressing file mediatek/sof-tplg/sof-mt8186.tplg
copying/compressing file mediatek/sof/sof-mt8195.ri
copying/compressing file mediatek/sof/sof-mt8195.ldc
copying/compressing file mediatek/sof-tplg/sof-mt8195-mt6359-rt1019-rt5682.tplg
copying/compressing file mediatek/sof-tplg/sof-mt8195-mt6359-max98390-rt5682.tplg
copying/compressing file mediatek/sof/sof-mt8188.ri
copying/compressing file mediatek/sof/sof-mt8188.ldc
copying/compressing file mediatek/sof-tplg/sof-mt8188.tplg
copying/compressing file mediatek/sof-tplg/sof-mt8195.tplg
copying/compressing file nxp/sr150_fw.bin
copying/compressing file nxp/uartuart8997_bt_v4.bin
copying/compressing file nxp/uartiw416_bt_v0.bin
copying/compressing file nxp/helper_uart_3000000.bin
copying/compressing file nxp/uartuart8987_bt.bin
copying/compressing file nxp/uartuart9098_bt_v1.bin
copying/compressing file nxp/uartspi_n61x_v1.bin.se
copying/compressing file qcom/sc8280xp/LENOVO/21BX/audioreach-tplg.bin
copying/compressing file amlogic/aml_w155s2_bt_uart.bin
copying/compressing file amlogic/aml_w265s1_bt_uart.bin
copying/compressing file amlogic/aml_w265s2_bt_uart.bin
copying/compressing file powervr/rogue_33.15.11.3_v1.fw
copying/compressing file powervr/rogue_36.53.104.796_v1.fw
copying/compressing file qcom/kaanapali/Kaanapali-MTP-tplg.bin
copying/compressing file qcom/qcs6490/radxa/dragon-q6a/QCS6490-Radxa-Dragon-Q6A-tplg.bin
copying/compressing file qcom/qcs6490/Thundercomm/RubikPi3/QCS6490-Thundercomm-RubikPi3-tplg.bin
copying/compressing file qcom/qcs6490/QCS6490-RB3Gen2-tplg.bin
copying/compressing file qcom/qcs8300/MONACO-EVK-tplg.bin
copying/compressing file qcom/sa8775p/LEMANS-EVK-tplg.bin
copying/compressing file qcom/sm8550/SM8550-HDK-tplg.bin
copying/compressing file qcom/sm8550/SM8550-QRD-tplg.bin
copying/compressing file qcom/sm8650/SM8650-QRD-tplg.bin
copying/compressing file qcom/sm8650/SM8650-MTP-tplg.bin
copying/compressing file qcom/x1e80100/LENOVO/21N1/X1E80100-LENOVO-Thinkpad-T14s-tplg.bin
copying/compressing file qcom/x1e80100/LENOVO/83ED/X1E80100-LENOVO-Yoga-Slim7x-tplg.bin
copying/compressing file qcom/x1e80100/X1E80100-EVK-tplg.bin
copying/compressing file qcom/x1e80100/ASUSTeK/vivobook-16/X1E80100-ASUS-Vivobook-16-tplg.bin
copying/compressing file qcom/x1e80100/ASUSTeK/vivobook-s15/X1E80100-ASUS-Vivobook-S15-tplg.bin
copying/compressing file qcom/x1e80100/ASUSTeK/zenbook-a14/X1E80100-ASUS-Zenbook-A14-tplg.bin
copying/compressing file qcom/x1e80100/X1E001DE-DEVKIT-tplg.bin
copying/compressing file qcom/x1e80100/X1E80100-CRD-tplg.bin
copying/compressing file qcom/x1e80100/X1E80100-Romulus-tplg.bin
copying/compressing file qcom/x1e80100/X1E80100-TUXEDO-Elite-14-tplg.bin
copying/compressing file qcom/x1e80100/dell/inspiron-14-plus-7441/X1E80100-Dell-Inspiron-14p-7441-tplg.bin
copying/compressing file qcom/x1e80100/dell/latitude-7455/X1E80100-Dell-Latitude-7455-tplg.bin
copying/compressing file qcom/x1e80100/dell/xps13-9345/X1E80100-Dell-XPS-13-9345-tplg.bin
copying/compressing file qcom/x1e80100/hp/omnibook-x14/X1E80100-HP-OMNIBOOK-X14-tplg.bin
copying/compressing file ti/audio/tas2781/TAS2XXX0C94.bin
copying/compressing file ti/audio/tas2781/TAS2XXX0C95.bin
copying/compressing file ti/audio/tas2781/TAS2XXX0C96.bin
copying/compressing file ti/audio/tas2781/TAS2XXX0C97.bin
copying/compressing file ti/audio/tas2781/TAS2XXX10A40.bin
copying/compressing file ti/audio/tas2781/TAS2XXX10A41.bin
copying/compressing file ti/audio/tas2781/TAS2XXX11540.bin
copying/compressing file ti/audio/tas2781/TAS2XXX11541.bin
copying/compressing file ti/audio/tas2781/TAS2XXX12040.bin
copying/compressing file ti/audio/tas2781/TAS2XXX12041.bin
copying/compressing file ti/audio/tas2781/TAS2XXX12140.bin
copying/compressing file ti/audio/tas2781/TAS2XXX12141.bin
copying/compressing file ti/audio/tas2781/TAS2XXX13840.bin
copying/compressing file ti/audio/tas2781/TAS2XXX13841.bin
copying/compressing file ti/audio/tas2781/TAS2XXX13940.bin
copying/compressing file ti/audio/tas2781/TAS2XXX13941.bin
copying/compressing file ti/audio/tas2781/TAS2XXX13A40.bin
copying/compressing file ti/audio/tas2781/TAS2XXX13A41.bin
copying/compressing file ti/audio/tas2781/TAS2XXX1EB30.bin
copying/compressing file ti/audio/tas2781/TAS2XXX1EB31.bin
copying/compressing file ti/audio/tas2781/TAS2XXX2234.bin
copying/compressing file ti/audio/tas2781/TAS2XXX2326.bin
copying/compressing file ti/audio/tas2781/TAS2XXX387D.bin
copying/compressing file ti/audio/tas2781/TAS2XXX387E.bin
copying/compressing file ti/audio/tas2781/TAS2XXX387F.bin
copying/compressing file ti/audio/tas2781/TAS2XXX3880.bin
copying/compressing file ti/audio/tas2781/TAS2XXX3881.bin
copying/compressing file ti/audio/tas2781/TAS2XXX3882.bin
copying/compressing file ti/audio/tas2781/TAS2XXX3884.bin
copying/compressing file ti/audio/tas2781/TAS2XXX3886.bin
copying/compressing file ti/audio/tas2781/TAS2XXX38A5.bin
copying/compressing file ti/audio/tas2781/TAS2XXX38A7.bin
copying/compressing file ti/audio/tas2781/TAS2XXX38A8.bin
copying/compressing file ti/audio/tas2781/TAS2XXX38B8.bin
copying/compressing file ti/audio/tas2781/TAS2XXX38B9.bin
copying/compressing file ti/audio/tas2781/TAS2XXX38BA.bin
copying/compressing file ti/audio/tas2781/TAS2XXX38BB.bin
copying/compressing file ti/audio/tas2781/TAS2XXX38BE.bin
copying/compressing file ti/audio/tas2781/TAS2XXX38BF.bin
copying/compressing file ti/audio/tas2781/TAS2XXX38C3.bin
copying/compressing file ti/audio/tas2781/TAS2XXX38CB.bin
copying/compressing file ti/audio/tas2781/TAS2XXX38CD.bin
copying/compressing file ti/audio/tas2781/TAS2XXX38D3.bin
copying/compressing file ti/audio/tas2781/TAS2XXX38D4.bin
copying/compressing file ti/audio/tas2781/TAS2XXX38D5.bin
copying/compressing file ti/audio/tas2781/TAS2XXX38D6.bin
copying/compressing file ti/audio/tas2781/TAS2XXX38DF.bin
copying/compressing file ti/audio/tas2781/TAS2XXX38E0.bin
copying/compressing file ti/audio/tas2781/TAS2XXX38FD.bin
copying/compressing file ti/audio/tas2781/TAS2XXX391F.bin
copying/compressing file ti/audio/tas2781/TAS2XXX3920.bin
copying/compressing file ti/audio/tas2781/TAS2XXX3E300.bin
copying/compressing file ti/audio/tas2781/TAS2XXX3E301.bin
copying/compressing file ti/audio/tas2781/TAS2XXX3EE00.bin
copying/compressing file ti/audio/tas2781/TAS2XXX3EE01.bin
copying/compressing file ti/audio/tas2781/TAS2XXX3EF00.bin
copying/compressing file ti/audio/tas2781/TAS2XXX3EF01.bin
copying/compressing file ti/audio/tas2781/TAS2XXX3F000.bin
copying/compressing file ti/audio/tas2781/TAS2XXX3F001.bin
copying/compressing file ti/audio/tas2781/TAS2XXX3F100.bin
copying/compressing file ti/audio/tas2781/TAS2XXX3F101.bin
copying/compressing file ti/audio/tas2781/TAS2XXX3F200.bin
copying/compressing file ti/audio/tas2781/TAS2XXX3F201.bin
copying/compressing file ti/audio/tas2781/TAS2XXX3F300.bin
copying/compressing file ti/audio/tas2781/TAS2XXX3F301.bin
copying/compressing file ti/audio/tas2781/TAS2XXX8C70.bin
copying/compressing file ti/audio/tas2781/TAS2XXX8C71.bin
copying/compressing file ti/audio/tas2781/TAS2XXX8C72.bin
copying/compressing file ti/audio/tas2781/TAS2XXX8D8E.bin
copying/compressing file ti/audio/tas2781/TAS2XXX8DAA.bin
copying/compressing file ti/audio/tas2781/TAS2XXX8DE8.bin
copying/compressing file ti/audio/tas2781/TAS2XXX8DE9.bin
copying/compressing file ti/audio/tas2781/TAS2XXX8E17.bin
copying/compressing file ti/audio/tas2781/TAS2XXX8E19.bin
copying/compressing file ti/audio/tas2781/TAS2XXX8E1C.bin
copying/compressing file ti/audio/tas2781/TAS2XXX8E8A.bin
copying/compressing file ti/audio/tas2781/TAS2XXX8ED5.bin
copying/compressing file ti/audio/tas2781/TAS2XXX8ED6.bin
copying/compressing file ti/audio/tas2781/TAS2XXX8ED7.bin
copying/compressing file ti/audio/tas2781/TAS2XXX8ED8.bin
copying/compressing file ti/audio/tas2781/TAS2XXX8ED9.bin
copying/compressing file ti/audio/tas2781/TAS2XXX8EDA.bin
copying/compressing file ti/audio/tas2781/TAS2XXX8F40.bin
copying/compressing file ti/audio/tas2781/TAS2XXX8F41.bin
copying/compressing file ti/audio/tas2781/TAS2XXX8F42.bin
copying/compressing file ti/audio/tas2781/TAS2XXX8F62.bin
copying/compressing file ti/audio/tas2781/TXNW2781RCA0.bin
copying/compressing file ti/audio/tas2781/TXNW2781RCA1.bin
copying/compressing file ti/audio/tas2781/TIAS2781RCA2.bin
copying/compressing file ti/audio/tas2781/TIAS2781RCA4.bin
copying/compressing file ti/audio/tas2783/8EXX-X-9.bin
copying/compressing file ti/audio/tas2783/8EXX-X-A.bin
copying/compressing file ti/audio/tas2783/8EXX-X-C.bin
copying/compressing file ti/audio/tas2783/8EXX-X-D.bin
copying/compressing file ti/audio/tas2783/8EF6-X-9.bin
copying/compressing file ti/audio/tas2783/8EF6-X-C.bin
copying/compressing file ti/audio/tas2563/TAS2XXX3870.bin
copying/compressing file ti/audio/tas2563/INT8866RCA2.bin
copying/compressing file tsse_firmware.bin
copying/compressing file arm/mali/arch10.8/mali_csffw.bin
copying/compressing file arm/mali/arch10.10/mali_csffw.bin
copying/compressing file arm/mali/arch10.12/mali_csffw.bin
copying/compressing file arm/mali/arch11.8/mali_csffw.bin
copying/compressing file arm/mali/arch12.8/mali_csffw.bin
copying/compressing file arm/mali/arch13.8/mali_csffw.bin
copying/compressing file amdgpu/isp_4_1_1.bin
copying/compressing file qcom/aic100/fw1.bin
copying/compressing file qcom/aic100/fw10.bin
copying/compressing file qcom/aic100/fw2.bin
copying/compressing file qcom/aic100/fw5.bin
copying/compressing file qcom/aic100/fw9.bin
copying/compressing file qcom/aic100/sbl.bin
copying/compressing file intel/ish/ish_lnlm.bin
copying/compressing file intel/ish/ish_ptl.bin
copying/compressing file LENOVO/ish/ish_lnlm_lenovo_X9-14_2025_5.8.36.09092.bin
copying/compressing file LENOVO/ish/ish_lnlm_lenovo_X1_2025_5.8.4.7720.bin
copying/compressing file HP/ish/ish_lnlm_12128606_f9751b71.bin
copying/compressing file dell/ish/ish_lnlm_39ceeaf8_58.7727.0.bin
copying/compressing file dell/ish/ish_ptl_39ceeaf8_581.7779.0.bin
copying/compressing file qcom/qdu100/xbl_s.melf
copying/compressing file qcom/qdu100/abl_userdebug.elf
copying/compressing file qcom/qdu100/aop_devcfg.mbn
copying/compressing file qcom/qdu100/aop.mbn
copying/compressing file qcom/qdu100/cpucp.elf
copying/compressing file qcom/qdu100/efs1.bin
copying/compressing file qcom/qdu100/efs2.bin
copying/compressing file qcom/qdu100/efs3.bin
copying/compressing file qcom/qdu100/fw_csm_gsi_3.0.elf
copying/compressing file qcom/qdu100/hypvm.mbn
copying/compressing file qcom/qdu100/mdmddr.mbn
copying/compressing file qcom/qdu100/multi_image.mbn
copying/compressing file qcom/qdu100/multi_image_qti.mbn
copying/compressing file qcom/qdu100/qdsp6sw_dtbs.elf
copying/compressing file qcom/qdu100/qupv3fw.elf
copying/compressing file qcom/qdu100/shrm.elf
copying/compressing file qcom/qdu100/tz.mbn
copying/compressing file qcom/qdu100/uefi.elf
copying/compressing file qcom/qdu100/xbl_config.elf
copying/compressing file qcom/qdu100/xbl_ramdump.elf
copying/compressing file qcom/qdu100/zeros_1sector.bin
copying/compressing file qcom/qdu100/qdsp6sw.mbn.xz
copying/compressing file intel/vpu/vpu_37xx_v1.bin
copying/compressing file intel/vpu/vpu_40xx_v1.bin
copying/compressing file intel/vpu/vpu_50xx_v1.bin
copying/compressing file bmi260-init-data.fw
copying/compressing file qcom/sa8775p/qupv3fw.elf
copying/compressing file qcom/qcm6490/qupv3fw.elf
copying/compressing file qcom/qcs8300/qupv3fw.elf
copying/compressing file qcom/x1e80100/qupv3fw.elf
copying/compressing file qcom/sdx61/foxconn/prog_firehose_lite.elf
copying/compressing file qcom/sdx35/foxconn/xbl_s_devprg_ns.melf
copying/compressing file rcar_gen4_pcie.bin
copying/compressing file qcom/qcm6490/QCM6490-IDP-tplg.bin
copying/compressing file qcom/qcs615/TALOS-EVK-tplg.bin
copying/compressing file qcom/sm8450/SM8450-HDK-tplg.bin
copying/compressing file qcom/sm8750/SM8750-MTP-tplg.bin
copying/compressing file qcom/sm8750/SM8750-QRD-tplg.bin
creating link brcm/BCM-0a5c-6410.hcd -> BCM-0bb4-0306.hcd
creating link cxgb4/t4fw.bin -> t4fw-1.27.5.0.bin
creating link cxgb4/t5fw.bin -> t5fw-1.27.5.0.bin
creating link cxgb4/t6fw.bin -> t6fw-1.27.5.0.bin
creating link cxgb4/t4-config.txt -> configs/t4-config-default.txt
creating link cxgb4/t5-config.txt -> configs/t5-config-default.txt
creating link cxgb4/t6-config.txt -> configs/t6-config-default.txt
creating link libertas/sd8688.bin -> ../mrvl/sd8688.bin
creating link libertas/sd8688_helper.bin -> ../mrvl/sd8688_helper.bin
creating link iwlwifi-3945-2.ucode -> intel/iwlwifi/iwlwifi-3945-2.ucode
creating link iwlwifi-4965-2.ucode -> intel/iwlwifi/iwlwifi-4965-2.ucode
creating link iwlwifi-5000-5.ucode -> intel/iwlwifi/iwlwifi-5000-5.ucode
creating link iwlwifi-5150-2.ucode -> intel/iwlwifi/iwlwifi-5150-2.ucode
creating link iwlwifi-1000-5.ucode -> intel/iwlwifi/iwlwifi-1000-5.ucode
creating link iwlwifi-6000-4.ucode -> intel/iwlwifi/iwlwifi-6000-4.ucode
creating link iwlwifi-6050-5.ucode -> intel/iwlwifi/iwlwifi-6050-5.ucode
creating link iwlwifi-6000g2a-6.ucode -> intel/iwlwifi/iwlwifi-6000g2a-6.ucode
creating link iwlwifi-6000g2b-6.ucode -> intel/iwlwifi/iwlwifi-6000g2b-6.ucode
creating link iwlwifi-135-6.ucode -> intel/iwlwifi/iwlwifi-135-6.ucode
creating link iwlwifi-100-5.ucode -> intel/iwlwifi/iwlwifi-100-5.ucode
creating link iwlwifi-105-6.ucode -> intel/iwlwifi/iwlwifi-105-6.ucode
creating link iwlwifi-2030-6.ucode -> intel/iwlwifi/iwlwifi-2030-6.ucode
creating link iwlwifi-2000-6.ucode -> intel/iwlwifi/iwlwifi-2000-6.ucode
creating link iwlwifi-7260-17.ucode -> intel/iwlwifi/iwlwifi-7260-17.ucode
creating link iwlwifi-3160-17.ucode -> intel/iwlwifi/iwlwifi-3160-17.ucode
creating link iwlwifi-7265-17.ucode -> intel/iwlwifi/iwlwifi-7265-17.ucode
creating link iwlwifi-7265D-29.ucode -> intel/iwlwifi/iwlwifi-7265D-29.ucode
creating link iwlwifi-3168-29.ucode -> intel/iwlwifi/iwlwifi-3168-29.ucode
creating link iwlwifi-8000C-34.ucode -> intel/iwlwifi/iwlwifi-8000C-34.ucode
creating link iwlwifi-8000C-36.ucode -> intel/iwlwifi/iwlwifi-8000C-36.ucode
creating link iwlwifi-8265-34.ucode -> intel/iwlwifi/iwlwifi-8265-34.ucode
creating link iwlwifi-8265-36.ucode -> intel/iwlwifi/iwlwifi-8265-36.ucode
creating link iwlwifi-9000-pu-b0-jf-b0-34.ucode -> intel/iwlwifi/iwlwifi-9000-pu-b0-jf-b0-34.ucode
creating link iwlwifi-9000-pu-b0-jf-b0-38.ucode -> intel/iwlwifi/iwlwifi-9000-pu-b0-jf-b0-38.ucode
creating link iwlwifi-9000-pu-b0-jf-b0-46.ucode -> intel/iwlwifi/iwlwifi-9000-pu-b0-jf-b0-46.ucode
creating link iwlwifi-9260-th-b0-jf-b0-34.ucode -> intel/iwlwifi/iwlwifi-9260-th-b0-jf-b0-34.ucode
creating link iwlwifi-9260-th-b0-jf-b0-38.ucode -> intel/iwlwifi/iwlwifi-9260-th-b0-jf-b0-38.ucode
creating link iwlwifi-9260-th-b0-jf-b0-46.ucode -> intel/iwlwifi/iwlwifi-9260-th-b0-jf-b0-46.ucode
creating link iwlwifi-cc-a0-50.ucode -> intel/iwlwifi/iwlwifi-cc-a0-50.ucode
creating link iwlwifi-Qu-b0-hr-b0-50.ucode -> intel/iwlwifi/iwlwifi-Qu-b0-hr-b0-50.ucode
creating link iwlwifi-Qu-b0-jf-b0-50.ucode -> intel/iwlwifi/iwlwifi-Qu-b0-jf-b0-50.ucode
creating link iwlwifi-Qu-c0-hr-b0-50.ucode -> intel/iwlwifi/iwlwifi-Qu-c0-hr-b0-50.ucode
creating link iwlwifi-Qu-c0-jf-b0-50.ucode -> intel/iwlwifi/iwlwifi-Qu-c0-jf-b0-50.ucode
creating link iwlwifi-QuZ-a0-hr-b0-50.ucode -> intel/iwlwifi/iwlwifi-QuZ-a0-hr-b0-50.ucode
creating link iwlwifi-QuZ-a0-jf-b0-50.ucode -> intel/iwlwifi/iwlwifi-QuZ-a0-jf-b0-50.ucode
creating link iwlwifi-cc-a0-59.ucode -> intel/iwlwifi/iwlwifi-cc-a0-59.ucode
creating link iwlwifi-Qu-b0-hr-b0-59.ucode -> intel/iwlwifi/iwlwifi-Qu-b0-hr-b0-59.ucode
creating link iwlwifi-Qu-b0-jf-b0-59.ucode -> intel/iwlwifi/iwlwifi-Qu-b0-jf-b0-59.ucode
creating link iwlwifi-Qu-c0-hr-b0-59.ucode -> intel/iwlwifi/iwlwifi-Qu-c0-hr-b0-59.ucode
creating link iwlwifi-Qu-c0-jf-b0-59.ucode -> intel/iwlwifi/iwlwifi-Qu-c0-jf-b0-59.ucode
creating link iwlwifi-QuZ-a0-hr-b0-59.ucode -> intel/iwlwifi/iwlwifi-QuZ-a0-hr-b0-59.ucode
creating link iwlwifi-QuZ-a0-jf-b0-59.ucode -> intel/iwlwifi/iwlwifi-QuZ-a0-jf-b0-59.ucode
creating link iwlwifi-so-a0-gf-a0.pnvm -> intel/iwlwifi/iwlwifi-so-a0-gf-a0.pnvm
creating link iwlwifi-so-a0-gf4-a0.pnvm -> intel/iwlwifi/iwlwifi-so-a0-gf4-a0.pnvm
creating link iwlwifi-ty-a0-gf-a0-59.ucode -> intel/iwlwifi/iwlwifi-ty-a0-gf-a0-59.ucode
creating link iwlwifi-cc-a0-66.ucode -> intel/iwlwifi/iwlwifi-cc-a0-66.ucode
creating link iwlwifi-Qu-b0-hr-b0-66.ucode -> intel/iwlwifi/iwlwifi-Qu-b0-hr-b0-66.ucode
creating link iwlwifi-Qu-b0-jf-b0-66.ucode -> intel/iwlwifi/iwlwifi-Qu-b0-jf-b0-66.ucode
creating link iwlwifi-Qu-c0-hr-b0-66.ucode -> intel/iwlwifi/iwlwifi-Qu-c0-hr-b0-66.ucode
creating link iwlwifi-Qu-c0-jf-b0-66.ucode -> intel/iwlwifi/iwlwifi-Qu-c0-jf-b0-66.ucode
creating link iwlwifi-QuZ-a0-hr-b0-66.ucode -> intel/iwlwifi/iwlwifi-QuZ-a0-hr-b0-66.ucode
creating link iwlwifi-QuZ-a0-jf-b0-66.ucode -> intel/iwlwifi/iwlwifi-QuZ-a0-jf-b0-66.ucode
creating link iwlwifi-ty-a0-gf-a0-66.ucode -> intel/iwlwifi/iwlwifi-ty-a0-gf-a0-66.ucode
creating link iwlwifi-cc-a0-72.ucode -> intel/iwlwifi/iwlwifi-cc-a0-72.ucode
creating link iwlwifi-Qu-b0-hr-b0-72.ucode -> intel/iwlwifi/iwlwifi-Qu-b0-hr-b0-72.ucode
creating link iwlwifi-Qu-b0-jf-b0-72.ucode -> intel/iwlwifi/iwlwifi-Qu-b0-jf-b0-72.ucode
creating link iwlwifi-Qu-c0-hr-b0-72.ucode -> intel/iwlwifi/iwlwifi-Qu-c0-hr-b0-72.ucode
creating link iwlwifi-Qu-c0-jf-b0-72.ucode -> intel/iwlwifi/iwlwifi-Qu-c0-jf-b0-72.ucode
creating link iwlwifi-QuZ-a0-hr-b0-72.ucode -> intel/iwlwifi/iwlwifi-QuZ-a0-hr-b0-72.ucode
creating link iwlwifi-QuZ-a0-jf-b0-72.ucode -> intel/iwlwifi/iwlwifi-QuZ-a0-jf-b0-72.ucode
creating link iwlwifi-ty-a0-gf-a0-72.ucode -> intel/iwlwifi/iwlwifi-ty-a0-gf-a0-72.ucode
creating link iwlwifi-so-a0-gf4-a0-72.ucode -> intel/iwlwifi/iwlwifi-so-a0-gf4-a0-72.ucode
creating link iwlwifi-so-a0-gf-a0-72.ucode -> intel/iwlwifi/iwlwifi-so-a0-gf-a0-72.ucode
creating link iwlwifi-so-a0-hr-b0-72.ucode -> intel/iwlwifi/iwlwifi-so-a0-hr-b0-72.ucode
creating link iwlwifi-so-a0-jf-b0-72.ucode -> intel/iwlwifi/iwlwifi-so-a0-jf-b0-72.ucode
creating link iwlwifi-cc-a0-73.ucode -> intel/iwlwifi/iwlwifi-cc-a0-73.ucode
creating link iwlwifi-Qu-b0-hr-b0-73.ucode -> intel/iwlwifi/iwlwifi-Qu-b0-hr-b0-73.ucode
creating link iwlwifi-Qu-b0-jf-b0-73.ucode -> intel/iwlwifi/iwlwifi-Qu-b0-jf-b0-73.ucode
creating link iwlwifi-Qu-c0-hr-b0-73.ucode -> intel/iwlwifi/iwlwifi-Qu-c0-hr-b0-73.ucode
creating link iwlwifi-Qu-c0-jf-b0-73.ucode -> intel/iwlwifi/iwlwifi-Qu-c0-jf-b0-73.ucode
creating link iwlwifi-QuZ-a0-hr-b0-73.ucode -> intel/iwlwifi/iwlwifi-QuZ-a0-hr-b0-73.ucode
creating link iwlwifi-QuZ-a0-jf-b0-73.ucode -> intel/iwlwifi/iwlwifi-QuZ-a0-jf-b0-73.ucode
creating link iwlwifi-ty-a0-gf-a0-73.ucode -> intel/iwlwifi/iwlwifi-ty-a0-gf-a0-73.ucode
creating link iwlwifi-so-a0-gf4-a0-73.ucode -> intel/iwlwifi/iwlwifi-so-a0-gf4-a0-73.ucode
creating link iwlwifi-so-a0-gf-a0-73.ucode -> intel/iwlwifi/iwlwifi-so-a0-gf-a0-73.ucode
creating link iwlwifi-so-a0-hr-b0-73.ucode -> intel/iwlwifi/iwlwifi-so-a0-hr-b0-73.ucode
creating link iwlwifi-so-a0-jf-b0-73.ucode -> intel/iwlwifi/iwlwifi-so-a0-jf-b0-73.ucode
creating link iwlwifi-cc-a0-74.ucode -> intel/iwlwifi/iwlwifi-cc-a0-74.ucode
creating link iwlwifi-Qu-b0-hr-b0-74.ucode -> intel/iwlwifi/iwlwifi-Qu-b0-hr-b0-74.ucode
creating link iwlwifi-Qu-b0-jf-b0-74.ucode -> intel/iwlwifi/iwlwifi-Qu-b0-jf-b0-74.ucode
creating link iwlwifi-Qu-c0-hr-b0-74.ucode -> intel/iwlwifi/iwlwifi-Qu-c0-hr-b0-74.ucode
creating link iwlwifi-Qu-c0-jf-b0-74.ucode -> intel/iwlwifi/iwlwifi-Qu-c0-jf-b0-74.ucode
creating link iwlwifi-QuZ-a0-hr-b0-74.ucode -> intel/iwlwifi/iwlwifi-QuZ-a0-hr-b0-74.ucode
creating link iwlwifi-QuZ-a0-jf-b0-74.ucode -> intel/iwlwifi/iwlwifi-QuZ-a0-jf-b0-74.ucode
creating link iwlwifi-ty-a0-gf-a0-74.ucode -> intel/iwlwifi/iwlwifi-ty-a0-gf-a0-74.ucode
creating link iwlwifi-so-a0-gf4-a0-74.ucode -> intel/iwlwifi/iwlwifi-so-a0-gf4-a0-74.ucode
creating link iwlwifi-so-a0-gf-a0-74.ucode -> intel/iwlwifi/iwlwifi-so-a0-gf-a0-74.ucode
creating link iwlwifi-so-a0-hr-b0-74.ucode -> intel/iwlwifi/iwlwifi-so-a0-hr-b0-74.ucode
creating link iwlwifi-so-a0-jf-b0-74.ucode -> intel/iwlwifi/iwlwifi-so-a0-jf-b0-74.ucode
creating link iwlwifi-cc-a0-77.ucode -> intel/iwlwifi/iwlwifi-cc-a0-77.ucode
creating link iwlwifi-Qu-b0-hr-b0-77.ucode -> intel/iwlwifi/iwlwifi-Qu-b0-hr-b0-77.ucode
creating link iwlwifi-Qu-b0-jf-b0-77.ucode -> intel/iwlwifi/iwlwifi-Qu-b0-jf-b0-77.ucode
creating link iwlwifi-Qu-c0-hr-b0-77.ucode -> intel/iwlwifi/iwlwifi-Qu-c0-hr-b0-77.ucode
creating link iwlwifi-Qu-c0-jf-b0-77.ucode -> intel/iwlwifi/iwlwifi-Qu-c0-jf-b0-77.ucode
creating link iwlwifi-QuZ-a0-hr-b0-77.ucode -> intel/iwlwifi/iwlwifi-QuZ-a0-hr-b0-77.ucode
creating link iwlwifi-QuZ-a0-jf-b0-77.ucode -> intel/iwlwifi/iwlwifi-QuZ-a0-jf-b0-77.ucode
creating link iwlwifi-ty-a0-gf-a0-77.ucode -> intel/iwlwifi/iwlwifi-ty-a0-gf-a0-77.ucode
creating link iwlwifi-ty-a0-gf-a0-78.ucode -> intel/iwlwifi/iwlwifi-ty-a0-gf-a0-78.ucode
creating link iwlwifi-ty-a0-gf-a0-79.ucode -> intel/iwlwifi/iwlwifi-ty-a0-gf-a0-79.ucode
creating link iwlwifi-ty-a0-gf-a0-81.ucode -> intel/iwlwifi/iwlwifi-ty-a0-gf-a0-81.ucode
creating link iwlwifi-ty-a0-gf-a0-83.ucode -> intel/iwlwifi/iwlwifi-ty-a0-gf-a0-83.ucode
creating link iwlwifi-ty-a0-gf-a0-84.ucode -> intel/iwlwifi/iwlwifi-ty-a0-gf-a0-84.ucode
creating link iwlwifi-ty-a0-gf-a0-86.ucode -> intel/iwlwifi/iwlwifi-ty-a0-gf-a0-86.ucode
creating link iwlwifi-ty-a0-gf-a0-89.ucode -> intel/iwlwifi/iwlwifi-ty-a0-gf-a0-89.ucode
creating link iwlwifi-so-a0-gf4-a0-77.ucode -> intel/iwlwifi/iwlwifi-so-a0-gf4-a0-77.ucode
creating link iwlwifi-so-a0-gf4-a0-78.ucode -> intel/iwlwifi/iwlwifi-so-a0-gf4-a0-78.ucode
creating link iwlwifi-so-a0-gf4-a0-79.ucode -> intel/iwlwifi/iwlwifi-so-a0-gf4-a0-79.ucode
creating link iwlwifi-so-a0-gf4-a0-81.ucode -> intel/iwlwifi/iwlwifi-so-a0-gf4-a0-81.ucode
creating link iwlwifi-so-a0-gf4-a0-83.ucode -> intel/iwlwifi/iwlwifi-so-a0-gf4-a0-83.ucode
creating link iwlwifi-so-a0-gf4-a0-84.ucode -> intel/iwlwifi/iwlwifi-so-a0-gf4-a0-84.ucode
creating link iwlwifi-so-a0-gf4-a0-86.ucode -> intel/iwlwifi/iwlwifi-so-a0-gf4-a0-86.ucode
creating link iwlwifi-so-a0-gf4-a0-89.ucode -> intel/iwlwifi/iwlwifi-so-a0-gf4-a0-89.ucode
creating link iwlwifi-so-a0-gf-a0-77.ucode -> intel/iwlwifi/iwlwifi-so-a0-gf-a0-77.ucode
creating link iwlwifi-so-a0-gf-a0-78.ucode -> intel/iwlwifi/iwlwifi-so-a0-gf-a0-78.ucode
creating link iwlwifi-so-a0-gf-a0-79.ucode -> intel/iwlwifi/iwlwifi-so-a0-gf-a0-79.ucode
creating link iwlwifi-so-a0-gf-a0-81.ucode -> intel/iwlwifi/iwlwifi-so-a0-gf-a0-81.ucode
creating link iwlwifi-so-a0-gf-a0-83.ucode -> intel/iwlwifi/iwlwifi-so-a0-gf-a0-83.ucode
creating link iwlwifi-so-a0-gf-a0-84.ucode -> intel/iwlwifi/iwlwifi-so-a0-gf-a0-84.ucode
creating link iwlwifi-so-a0-gf-a0-86.ucode -> intel/iwlwifi/iwlwifi-so-a0-gf-a0-86.ucode
creating link iwlwifi-so-a0-gf-a0-89.ucode -> intel/iwlwifi/iwlwifi-so-a0-gf-a0-89.ucode
creating link iwlwifi-so-a0-hr-b0-77.ucode -> intel/iwlwifi/iwlwifi-so-a0-hr-b0-77.ucode
creating link iwlwifi-so-a0-hr-b0-79.ucode -> intel/iwlwifi/iwlwifi-so-a0-hr-b0-79.ucode
creating link iwlwifi-so-a0-hr-b0-81.ucode -> intel/iwlwifi/iwlwifi-so-a0-hr-b0-81.ucode
creating link iwlwifi-so-a0-hr-b0-83.ucode -> intel/iwlwifi/iwlwifi-so-a0-hr-b0-83.ucode
creating link iwlwifi-so-a0-hr-b0-84.ucode -> intel/iwlwifi/iwlwifi-so-a0-hr-b0-84.ucode
creating link iwlwifi-so-a0-hr-b0-86.ucode -> intel/iwlwifi/iwlwifi-so-a0-hr-b0-86.ucode
creating link iwlwifi-so-a0-hr-b0-89.ucode -> intel/iwlwifi/iwlwifi-so-a0-hr-b0-89.ucode
creating link iwlwifi-so-a0-jf-b0-77.ucode -> intel/iwlwifi/iwlwifi-so-a0-jf-b0-77.ucode
creating link iwlwifi-ty-a0-gf-a0.pnvm -> intel/iwlwifi/iwlwifi-ty-a0-gf-a0.pnvm
creating link iwlwifi-bz-b0-hr-b0-93.ucode -> intel/iwlwifi/iwlwifi-bz-b0-hr-b0-93.ucode
creating link iwlwifi-bz-b0-hr-b0-96.ucode -> intel/iwlwifi/iwlwifi-bz-b0-hr-b0-96.ucode
creating link iwlwifi-bz-b0-hr-b0-98.ucode -> intel/iwlwifi/iwlwifi-bz-b0-hr-b0-98.ucode
creating link iwlwifi-bz-b0-hr-b0-100.ucode -> intel/iwlwifi/iwlwifi-bz-b0-hr-b0-100.ucode
creating link iwlwifi-bz-b0-hr-b0.pnvm -> intel/iwlwifi/iwlwifi-bz-b0-hr-b0.pnvm
creating link iwlwifi-bz-b0-gf-a0-92.ucode -> intel/iwlwifi/iwlwifi-bz-b0-gf-a0-92.ucode
creating link iwlwifi-bz-b0-gf-a0-94.ucode -> intel/iwlwifi/iwlwifi-bz-b0-gf-a0-94.ucode
creating link iwlwifi-bz-b0-gf-a0-96.ucode -> intel/iwlwifi/iwlwifi-bz-b0-gf-a0-96.ucode
creating link iwlwifi-bz-b0-gf-a0-97.ucode -> intel/iwlwifi/iwlwifi-bz-b0-gf-a0-97.ucode
creating link iwlwifi-bz-b0-gf-a0-98.ucode -> intel/iwlwifi/iwlwifi-bz-b0-gf-a0-98.ucode
creating link iwlwifi-bz-b0-gf-a0-100.ucode -> intel/iwlwifi/iwlwifi-bz-b0-gf-a0-100.ucode
creating link iwlwifi-bz-b0-gf-a0.pnvm -> intel/iwlwifi/iwlwifi-bz-b0-gf-a0.pnvm
creating link iwlwifi-gl-c0-fm-c0-83.ucode -> intel/iwlwifi/iwlwifi-gl-c0-fm-c0-83.ucode
creating link iwlwifi-gl-c0-fm-c0-86.ucode -> intel/iwlwifi/iwlwifi-gl-c0-fm-c0-86.ucode
creating link iwlwifi-gl-c0-fm-c0-90.ucode -> intel/iwlwifi/iwlwifi-gl-c0-fm-c0-90.ucode
creating link iwlwifi-gl-c0-fm-c0-92.ucode -> intel/iwlwifi/iwlwifi-gl-c0-fm-c0-92.ucode
creating link iwlwifi-gl-c0-fm-c0-94.ucode -> intel/iwlwifi/iwlwifi-gl-c0-fm-c0-94.ucode
creating link iwlwifi-gl-c0-fm-c0-96.ucode -> intel/iwlwifi/iwlwifi-gl-c0-fm-c0-96.ucode
creating link iwlwifi-gl-c0-fm-c0-97.ucode -> intel/iwlwifi/iwlwifi-gl-c0-fm-c0-97.ucode
creating link iwlwifi-gl-c0-fm-c0-98.ucode -> intel/iwlwifi/iwlwifi-gl-c0-fm-c0-98.ucode
creating link iwlwifi-gl-c0-fm-c0-100.ucode -> intel/iwlwifi/iwlwifi-gl-c0-fm-c0-100.ucode
creating link iwlwifi-gl-c0-fm-c0-101.ucode -> intel/iwlwifi/iwlwifi-gl-c0-fm-c0-101.ucode
creating link iwlwifi-gl-c0-fm-c0-c101.ucode -> intel/iwlwifi/iwlwifi-gl-c0-fm-c0-c101.ucode
creating link iwlwifi-gl-c0-fm-c0-c102.ucode -> intel/iwlwifi/iwlwifi-gl-c0-fm-c0-c102.ucode
creating link iwlwifi-gl-c0-fm-c0.pnvm -> intel/iwlwifi/iwlwifi-gl-c0-fm-c0.pnvm
creating link iwlwifi-bz-b0-fm-c0-92.ucode -> intel/iwlwifi/iwlwifi-bz-b0-fm-c0-92.ucode
creating link iwlwifi-bz-b0-fm-c0-93.ucode -> intel/iwlwifi/iwlwifi-bz-b0-fm-c0-93.ucode
creating link iwlwifi-bz-b0-fm-c0-94.ucode -> intel/iwlwifi/iwlwifi-bz-b0-fm-c0-94.ucode
creating link iwlwifi-bz-b0-fm-c0-96.ucode -> intel/iwlwifi/iwlwifi-bz-b0-fm-c0-96.ucode
creating link iwlwifi-bz-b0-fm-c0-97.ucode -> intel/iwlwifi/iwlwifi-bz-b0-fm-c0-97.ucode
creating link iwlwifi-bz-b0-fm-c0-98.ucode -> intel/iwlwifi/iwlwifi-bz-b0-fm-c0-98.ucode
creating link iwlwifi-bz-b0-fm-c0-100.ucode -> intel/iwlwifi/iwlwifi-bz-b0-fm-c0-100.ucode
creating link iwlwifi-bz-b0-fm-c0-101.ucode -> intel/iwlwifi/iwlwifi-bz-b0-fm-c0-101.ucode
creating link iwlwifi-bz-b0-fm-c0-c101.ucode -> intel/iwlwifi/iwlwifi-bz-b0-fm-c0-c101.ucode
creating link iwlwifi-bz-b0-fm-c0-c102.ucode -> intel/iwlwifi/iwlwifi-bz-b0-fm-c0-c102.ucode
creating link iwlwifi-bz-b0-fm-c0.pnvm -> intel/iwlwifi/iwlwifi-bz-b0-fm-c0.pnvm
creating link iwlwifi-ma-b0-gf-a0-83.ucode -> intel/iwlwifi/iwlwifi-ma-b0-gf-a0-83.ucode
creating link iwlwifi-ma-b0-gf-a0-86.ucode -> intel/iwlwifi/iwlwifi-ma-b0-gf-a0-86.ucode
creating link iwlwifi-ma-b0-gf-a0-89.ucode -> intel/iwlwifi/iwlwifi-ma-b0-gf-a0-89.ucode
creating link iwlwifi-ma-b0-gf-a0.pnvm -> intel/iwlwifi/iwlwifi-ma-b0-gf-a0.pnvm
creating link iwlwifi-ma-b0-gf4-a0-83.ucode -> intel/iwlwifi/iwlwifi-ma-b0-gf4-a0-83.ucode
creating link iwlwifi-ma-b0-gf4-a0-86.ucode -> intel/iwlwifi/iwlwifi-ma-b0-gf4-a0-86.ucode
creating link iwlwifi-ma-b0-gf4-a0-89.ucode -> intel/iwlwifi/iwlwifi-ma-b0-gf4-a0-89.ucode
creating link iwlwifi-ma-b0-gf4-a0.pnvm -> intel/iwlwifi/iwlwifi-ma-b0-gf4-a0.pnvm
creating link iwlwifi-ma-b0-hr-b0-83.ucode -> intel/iwlwifi/iwlwifi-ma-b0-hr-b0-83.ucode
creating link iwlwifi-ma-b0-hr-b0-86.ucode -> intel/iwlwifi/iwlwifi-ma-b0-hr-b0-86.ucode
creating link iwlwifi-ma-b0-hr-b0-89.ucode -> intel/iwlwifi/iwlwifi-ma-b0-hr-b0-89.ucode
creating link iwlwifi-sc-a0-wh-b0-101.ucode -> intel/iwlwifi/iwlwifi-sc-a0-wh-b0-101.ucode
creating link iwlwifi-sc-a0-wh-b0-c101.ucode -> intel/iwlwifi/iwlwifi-sc-a0-wh-b0-c101.ucode
creating link iwlwifi-sc-a0-wh-b0-c102.ucode -> intel/iwlwifi/iwlwifi-sc-a0-wh-b0-c102.ucode
creating link iwlwifi-sc-a0-gf-a0-100.ucode -> intel/iwlwifi/iwlwifi-sc-a0-gf-a0-100.ucode
creating link iwlwifi-sc-a0-fm-c0-c101.ucode -> intel/iwlwifi/iwlwifi-sc-a0-fm-c0-c101.ucode
creating link iwlwifi-sc-a0-fm-c0-c102.ucode -> intel/iwlwifi/iwlwifi-sc-a0-fm-c0-c102.ucode
creating link intel/ipu3-fw.bin -> ipu/irci_irci_ecr-master_20161208_0213_20170112_1500.bin
creating link intel/irci_irci_ecr-master_20161208_0213_20170112_1500.bin -> ipu/irci_irci_ecr-master_20161208_0213_20170112_1500.bin
creating link mt7601u.bin -> mediatek/mt7601u.bin
creating link rt3090.bin -> rt2860.bin
creating link rt3070.bin -> rt2870.bin
creating link amdnpu/1502_00/npu.sbin -> npu.sbin.1.5.2.380
creating link amdnpu/17f0_10/npu.sbin -> npu.sbin.1.0.0.63
creating link amdnpu/17f0_11/npu.sbin -> npu.sbin.1.0.0.166
creating link amdnpu/1502_00/npu_7.sbin -> npu.sbin.1.5.5.391
creating link amdnpu/17f0_10/npu_7.sbin -> npu.sbin.1.1.2.64
creating link amdnpu/17f0_11/npu_7.sbin -> npu.sbin.1.1.2.65
creating link amdtee/amd_pmf_v3.bin -> 773bd96f-b83f-4d52-b12dc529b13d8543.bin
creating link amdtee/amd_pmf_v3_1.bin -> f29bb3d9-bd66-5441-afb88acc2b2b60d6.bin
creating link brcm/brcmfmac43012-sdio.bin -> ../cypress/cyfmac43012-sdio.bin
creating link brcm/brcmfmac43012-sdio.clm_blob -> ../cypress/cyfmac43012-sdio.clm_blob
creating link brcm/brcmfmac43340-sdio.bin -> ../cypress/cyfmac43340-sdio.bin
creating link brcm/brcmfmac43362-sdio.bin -> ../cypress/cyfmac43362-sdio.bin
creating link brcm/brcmfmac4339-sdio.bin -> ../cypress/cyfmac4339-sdio.bin
creating link brcm/brcmfmac43430-sdio.bin -> ../cypress/cyfmac43430-sdio.bin
creating link brcm/brcmfmac43430-sdio.clm_blob -> ../cypress/cyfmac43430-sdio.clm_blob
creating link brcm/brcmfmac43455-sdio.bin -> ../cypress/cyfmac43455-sdio.bin
creating link brcm/brcmfmac43455-sdio.clm_blob -> ../cypress/cyfmac43455-sdio.clm_blob
creating link brcm/brcmfmac4354-sdio.bin -> ../cypress/cyfmac4354-sdio.bin
creating link brcm/brcmfmac4354-sdio.clm_blob -> ../cypress/cyfmac4354-sdio.clm_blob
creating link brcm/brcmfmac4356-pcie.bin -> ../cypress/cyfmac4356-pcie.bin
creating link brcm/brcmfmac4356-pcie.clm_blob -> ../cypress/cyfmac4356-pcie.clm_blob
creating link brcm/brcmfmac4356-sdio.bin -> ../cypress/cyfmac4356-sdio.bin
creating link brcm/brcmfmac4356-sdio.clm_blob -> ../cypress/cyfmac4356-sdio.clm_blob
creating link brcm/brcmfmac43570-pcie.bin -> ../cypress/cyfmac43570-pcie.bin
creating link brcm/brcmfmac43570-pcie.clm_blob -> ../cypress/cyfmac43570-pcie.clm_blob
creating link brcm/brcmfmac4373-sdio.bin -> ../cypress/cyfmac4373-sdio.bin
creating link brcm/brcmfmac4373-sdio.clm_blob -> ../cypress/cyfmac4373-sdio.clm_blob
creating link brcm/brcmfmac54591-pcie.bin -> ../cypress/cyfmac54591-pcie.bin
creating link brcm/brcmfmac54591-pcie.clm_blob -> ../cypress/cyfmac54591-pcie.clm_blob
creating link brcm/brcmfmac43362-sdio.kobo,aura.txt -> brcmfmac43362-sdio.WC121.txt
creating link brcm/brcmfmac43362-sdio.kobo,tolino-shine2hd.txt -> brcmfmac43362-sdio.WC121.txt
creating link brcm/brcmfmac43362-sdio.lemaker,bananapro.txt -> brcmfmac43362-sdio.cubietech,cubietruck.txt
creating link brcm/brcmfmac43430-sdio.sinovoip,bpi-m2-plus.txt -> brcmfmac43430-sdio.AP6212.txt
creating link brcm/brcmfmac43430-sdio.sinovoip,bpi-m2-zero.txt -> brcmfmac43430-sdio.AP6212.txt
creating link brcm/brcmfmac43430-sdio.sinovoip,bpi-m2-ultra.txt -> brcmfmac43430-sdio.AP6212.txt
creating link brcm/brcmfmac43430-sdio.sinovoip,bpi-m3.txt -> brcmfmac43430-sdio.AP6212.txt
creating link brcm/brcmfmac43430-sdio.sinovoip,bananapi-m64.txt -> brcmfmac43430-sdio.AP6212.txt
creating link brcm/brcmfmac43430-sdio.friendlyarm,nanopi-neo4.txt -> brcmfmac43430-sdio.AP6212.txt
creating link brcm/brcmfmac43430-sdio.friendlyarm,nanopi-r1.txt -> brcmfmac43430-sdio.AP6212.txt
creating link brcm/brcmfmac43430-sdio.starfive,visionfive-v1.txt -> brcmfmac43430-sdio.AP6212.txt
creating link brcm/brcmfmac43430-sdio.beagle,beaglev-starlight-jh7100-a1.txt -> brcmfmac43430-sdio.AP6212.txt
creating link brcm/brcmfmac43430-sdio.beagle,beaglev-starlight-jh7100-r0.txt -> brcmfmac43430-sdio.AP6212.txt
creating link brcm/brcmfmac43430-sdio.raspberrypi,model-zero-w.txt -> brcmfmac43430-sdio.raspberrypi,3-model-b.txt
creating link brcm/brcmfmac43430-sdio.raspberrypi,model-zero-2-w.txt -> brcmfmac43430-sdio.raspberrypi,3-model-b.txt
creating link brcm/brcmfmac43455-sdio.raspberrypi,3-model-a-plus.txt -> brcmfmac43455-sdio.raspberrypi,3-model-b-plus.txt
creating link brcm/brcmfmac43455-sdio.raspberrypi,4-compute-module.txt -> brcmfmac43455-sdio.raspberrypi,4-model-b.txt
creating link brcm/brcmfmac43455-sdio.raspberrypi,5-model-b.txt -> brcmfmac43455-sdio.raspberrypi,4-model-b.txt
creating link brcm/brcmfmac43455-sdio.raspberrypi,500.txt -> brcmfmac43455-sdio.raspberrypi,4-model-b.txt
creating link brcm/brcmfmac43455-sdio.raspberrypi,5-compute-module.txt -> brcmfmac43455-sdio.raspberrypi,4-model-b.txt
creating link brcm/brcmfmac43455-sdio.Raspberry Pi Foundation-Raspberry Pi 4 Model B.txt -> brcmfmac43455-sdio.raspberrypi,4-model-b.txt
creating link brcm/brcmfmac43455-sdio.Raspberry Pi Foundation-Raspberry Pi Compute Module 4.txt -> brcmfmac43455-sdio.raspberrypi,4-model-b.txt
creating link brcm/brcmfmac4356-sdio.firefly,firefly-rk3399.txt -> brcmfmac4356-sdio.AP6356S.txt
creating link brcm/brcmfmac4356-sdio.friendlyarm,nanopi-m4.txt -> brcmfmac4356-sdio.AP6356S.txt
creating link brcm/brcmfmac4356-sdio.friendlyarm,nanopc-t4.txt -> brcmfmac4356-sdio.AP6356S.txt
creating link brcm/brcmfmac4356-sdio.khadas,vim2.txt -> brcmfmac4356-sdio.AP6356S.txt
creating link brcm/brcmfmac4356-sdio.vamrs,rock960.txt -> brcmfmac4356-sdio.AP6356S.txt
creating link brcm/brcmfmac43455-sdio.beagle,am5729-beagleboneai.txt -> brcmfmac43455-sdio.AW-CM256SM.txt
creating link brcm/brcmfmac43455-sdio.khadas,vim.txt -> brcmfmac43455-sdio.AW-CM256SM.txt
creating link brcm/brcmfmac43455-sdio.pine64,pinebook-pro.txt -> brcmfmac43455-sdio.AW-CM256SM.txt
creating link brcm/brcmfmac43455-sdio.pine64,pinenote-v1.1.txt -> brcmfmac43455-sdio.AW-CM256SM.txt
creating link brcm/brcmfmac43455-sdio.pine64,pinenote-v1.2.txt -> brcmfmac43455-sdio.AW-CM256SM.txt
creating link brcm/brcmfmac43455-sdio.pine64,pinephone-pro.txt -> brcmfmac43455-sdio.AW-CM256SM.txt
creating link brcm/brcmfmac43455-sdio.pine64,quartz64-a.txt -> brcmfmac43455-sdio.AW-CM256SM.txt
creating link brcm/brcmfmac43455-sdio.pine64,quartz64-b.txt -> brcmfmac43455-sdio.AW-CM256SM.txt
creating link brcm/brcmfmac43455-sdio.pine64,rockpro64-v2.0.txt -> brcmfmac43455-sdio.AW-CM256SM.txt
creating link brcm/brcmfmac43455-sdio.pine64,rockpro64-v2.1.txt -> brcmfmac43455-sdio.AW-CM256SM.txt
creating link brcm/brcmfmac43455-sdio.pine64,soquartz-model-a.txt -> brcmfmac43455-sdio.AW-CM256SM.txt
creating link brcm/brcmfmac43455-sdio.pine64,soquartz-cm4io.txt -> brcmfmac43455-sdio.AW-CM256SM.txt
creating link brcm/brcmfmac43455-sdio.pine64,soquartz-blade.txt -> brcmfmac43455-sdio.AW-CM256SM.txt
creating link ti-connectivity/wl12xx-nvs.bin -> wl127x-nvs.bin
creating link ti-connectivity/wl1271-nvs.bin -> wl127x-nvs.bin
creating link rtlwifi/rtl8192eefw.bin -> rtl8192eu_nic.bin
creating link rtlwifi/rtl8723bs_nic.bin -> rtl8723bu_nic.bin
creating link rtlwifi/rtl8723bs_ap_wowlan.bin -> rtl8723bu_ap_wowlan.bin
creating link rtlwifi/rtl8723bs_wowlan.bin -> rtl8723bu_wowlan.bin
creating link qcom/sdm845/wlanmdsp.mbn -> ../../ath10k/WCN3990/hw1.0/wlanmdsp.mbn
creating link ath10k/WCN3990/hw1.0/qrb4210/wlanmdsp.mbn -> ../qcm2290/wlanmdsp.mbn
creating link qcom/qcm2290/wlanmdsp.mbn -> ../../ath10k/WCN3990/hw1.0/qcm2290/wlanmdsp.mbn
creating link qcom/qrb4210/wlanmdsp.mbn -> ../../ath10k/WCN3990/hw1.0/qcm2290/wlanmdsp.mbn
creating link ath10k/WCN3990/hw1.0/qrb4210/firmware-5.bin -> ../qcm2290/firmware-5.bin
creating link ath11k/WCN6855/hw2.1/regdb.bin -> ../hw2.0/regdb.bin
creating link ath11k/WCN6855/hw2.1/board-2.bin -> ../hw2.0/board-2.bin
creating link ath11k/WCN6855/hw2.1/amss.bin -> ../hw2.0/amss.bin
creating link ath11k/WCN6855/hw2.1/m3.bin -> ../hw2.0/m3.bin
creating link ath11k/WCN6855/hw2.1/nfa765/amss.bin -> ../../hw2.0/nfa765/amss.bin
creating link ath11k/WCN6855/hw2.1/nfa765/m3.bin -> ../../hw2.0/nfa765/m3.bin
creating link ath11k/WCN6750/hw1.0/wpss.mdt -> sc7280/wpss.mbn
creating link qcom/qcm6490/wpss.mbn -> ../../ath11k/WCN6750/hw1.0/qcm6490/wpss.mbn
creating link qcom/qcs6490/wpss.mbn -> ../../ath11k/WCN6750/hw1.0/qcm6490/wpss.mbn
creating link intel/ibt-17-2.sfi -> ibt-17-16-1.sfi
creating link intel/ibt-17-2.ddc -> ibt-17-16-1.ddc
creating link intel/ibt-18-2.sfi -> ibt-18-16-1.sfi
creating link intel/ibt-18-2.ddc -> ibt-18-16-1.ddc
creating link intel/ibt-17-1.sfi -> ibt-17-0-1.sfi
creating link intel/ibt-17-1.ddc -> ibt-17-0-1.ddc
creating link intel/ibt-18-1.sfi -> ibt-18-0-1.sfi
creating link intel/ibt-18-1.ddc -> ibt-18-0-1.ddc
creating link intel/ibt-19-0-0.sfi -> ibt-19-0-4.sfi
creating link intel/ibt-19-0-0.ddc -> ibt-19-0-4.ddc
creating link intel/ibt-19-0-1.sfi -> ibt-19-0-4.sfi
creating link intel/ibt-19-0-1.ddc -> ibt-19-0-4.ddc
creating link intel/ibt-19-0-3.sfi -> ibt-19-0-4.sfi
creating link intel/ibt-19-0-3.ddc -> ibt-19-0-4.ddc
creating link intel/ibt-19-16-4.sfi -> ibt-19-0-4.sfi
creating link intel/ibt-19-16-4.ddc -> ibt-19-0-4.ddc
creating link intel/ibt-19-32-1.sfi -> ibt-19-0-4.sfi
creating link intel/ibt-19-32-1.ddc -> ibt-19-0-4.ddc
creating link intel/ibt-19-32-0.sfi -> ibt-19-0-4.sfi
creating link intel/ibt-19-32-0.ddc -> ibt-19-0-4.ddc
creating link intel/ibt-19-32-4.sfi -> ibt-19-0-4.sfi
creating link intel/ibt-19-32-4.ddc -> ibt-19-0-4.ddc
creating link intel/ibt-19-240-1.sfi -> ibt-19-0-4.sfi
creating link intel/ibt-19-240-1.ddc -> ibt-19-0-4.ddc
creating link intel/ibt-19-240-4.sfi -> ibt-19-0-4.sfi
creating link intel/ibt-19-240-4.ddc -> ibt-19-0-4.ddc
creating link intel/ibt-0040-4150.sfi -> ibt-0040-0041.sfi
creating link intel/ibt-0040-4150.ddc -> ibt-0040-0041.ddc
creating link intel/ibt-1040-4150.sfi -> ibt-1040-0041.sfi
creating link intel/ibt-1040-4150.ddc -> ibt-1040-0041.ddc
creating link intel/ibt-0040-1050.sfi -> ibt-0040-0041.sfi
creating link intel/ibt-0040-1050.ddc -> ibt-0040-0041.ddc
creating link intel/ibt-1040-1050.sfi -> ibt-1040-0041.sfi
creating link intel/ibt-1040-1050.ddc -> ibt-1040-0041.ddc
creating link intel/ibt-0040-2120.sfi -> ibt-0040-1020.sfi
creating link intel/ibt-0040-2120.ddc -> ibt-0040-1020.ddc
creating link intel/ibt-1040-2120.sfi -> ibt-1040-1020.sfi
creating link intel/ibt-1040-2120.ddc -> ibt-1040-1020.ddc
creating link rtl_bt/rtl8723b_config.bin -> rtl8723bs_config.bin
creating link rtl_bt/rtl8723bs_config-OBDA8723.bin -> rtl8723bs_config.bin
creating link rtl_bt/rtl8723bs_config-OBDA0623.bin -> rtl8723bs_config.bin
creating link rtl_bt/rtl8821a_config.bin -> rtl8821c_config.bin
creating link rtl_bt/rtl8723d_config.bin -> rtl8821c_config.bin
creating link rtl_bt/rtl8821cs_config.bin -> rtl8761b_config.bin
creating link rtl_bt/rtl8822cu_config.bin -> rtl8761bu_config.bin
creating link rtl_bt/rtl8852au_config.bin -> rtl8761bu_config.bin
creating link rtl_bt/rtl8852bu_config.bin -> rtl8761bu_config.bin
creating link rtl_bt/rtl8852cu_config.bin -> rtl8761bu_config.bin
creating link rtl_bt/rtl8851bu_config.bin -> rtl8761bu_config.bin
creating link rtl_bt/rtl8852btu_config.bin -> rtl8761bu_config.bin
creating link mt7650.bin -> mediatek/mt7650.bin
creating link s2250.fw -> go7007/s2250-2.fw
creating link s2250_loader.fw -> go7007/s2250-1.fw
creating link qat_895xcc.bin -> intel/qat/qat_895xcc.bin
creating link qat_895xcc_mmp.bin -> intel/qat/qat_895xcc_mmp.bin
creating link qat_mmp.bin -> intel/qat/qat_895xcc_mmp.bin
creating link intel/qat/qat_mmp.bin -> qat_895xcc_mmp.bin
creating link qat_c3xxx.bin -> intel/qat/qat_c3xxx.bin
creating link qat_c3xxx_mmp.bin -> intel/qat/qat_c3xxx_mmp.bin
creating link qat_c62x.bin -> intel/qat/qat_c62x.bin
creating link qat_c62x_mmp.bin -> intel/qat/qat_c62x_mmp.bin
creating link qat_4xxx.bin -> intel/qat/qat_4xxx.bin
creating link qat_4xxx_mmp.bin -> intel/qat/qat_4xxx_mmp.bin
creating link qat_402xx.bin -> intel/qat/qat_402xx.bin
creating link qat_402xx_mmp.bin -> intel/qat/qat_402xx_mmp.bin
creating link qat_420xx.bin -> intel/qat/qat_420xx.bin
creating link qat_420xx_mmp.bin -> intel/qat/qat_420xx_mmp.bin
creating link intel/IntcSST2.bin -> catpt/bdw/dsp_basefw.bin
creating link intel/dsp_fw_release.bin -> avs/skl/dsp_basefw.bin
creating link intel/dsp_fw_kbl.bin -> avs/skl/dsp_basefw.bin
creating link intel/dsp_fw_bxtn.bin -> avs/apl/dsp_basefw.bin
creating link intel/dsp_fw_glk.bin -> avs/apl/dsp_basefw.bin
creating link intel/dsp_fw_cnl.bin -> avs/cnl/dsp_basefw.bin
creating link intel/avs/hda-8086-generic-tplg.bin -> hda-808628xx-3ep-tplg.bin
creating link intel/avs/hda-generic-tplg.bin -> hda-generic-1ep-tplg.bin
creating link nvidia/tegra124/vic.bin -> vic03_ucode.bin
creating link nvidia/tegra210/vic.bin -> vic04_ucode.bin
creating link nvidia/tegra186/vic.bin -> vic04_ucode.bin
creating link i915/skl_dmc_ver1.bin -> skl_dmc_ver1_26.bin
creating link i915/bxt_dmc_ver1.bin -> bxt_dmc_ver1_07.bin
creating link i915/kbl_dmc_ver1.bin -> kbl_dmc_ver1_01.bin
creating link i915/skl_guc_ver6.bin -> skl_guc_ver6_1.bin
creating link nvidia/gm204/acr/bl.bin -> ../../gm200/acr/bl.bin
creating link nvidia/gm204/acr/ucode_load.bin -> ../../gm200/acr/ucode_load.bin
creating link nvidia/gm204/acr/ucode_unload.bin -> ../../gm200/acr/ucode_unload.bin
creating link nvidia/gm204/gr/fecs_bl.bin -> ../../gm200/gr/fecs_bl.bin
creating link nvidia/gm204/gr/fecs_inst.bin -> ../../gm200/gr/fecs_inst.bin
creating link nvidia/gm204/gr/gpccs_bl.bin -> ../../gm200/gr/gpccs_bl.bin
creating link nvidia/gm204/gr/gpccs_inst.bin -> ../../gm200/gr/gpccs_inst.bin
creating link nvidia/gm204/gr/sw_bundle_init.bin -> ../../gm200/gr/sw_bundle_init.bin
creating link nvidia/gm204/gr/sw_ctx.bin -> ../../gm200/gr/sw_ctx.bin
creating link nvidia/gm204/gr/sw_method_init.bin -> ../../gm200/gr/sw_method_init.bin
creating link nvidia/gm204/gr/sw_nonctx.bin -> ../../gm200/gr/sw_nonctx.bin
creating link nvidia/gm206/acr/bl.bin -> ../../gm200/acr/bl.bin
creating link nvidia/gm206/gr/fecs_bl.bin -> ../../gm200/gr/fecs_bl.bin
creating link nvidia/gm206/gr/fecs_inst.bin -> ../../gm200/gr/fecs_inst.bin
creating link nvidia/gm206/gr/gpccs_bl.bin -> ../../gm200/gr/gpccs_bl.bin
creating link nvidia/gm206/gr/gpccs_inst.bin -> ../../gm200/gr/gpccs_inst.bin
creating link nvidia/gm206/gr/sw_bundle_init.bin -> ../../gm200/gr/sw_bundle_init.bin
creating link nvidia/gm206/gr/sw_ctx.bin -> ../../gm200/gr/sw_ctx.bin
creating link nvidia/gm206/gr/sw_method_init.bin -> ../../gm200/gr/sw_method_init.bin
creating link nvidia/gm206/gr/sw_nonctx.bin -> ../../gm200/gr/sw_nonctx.bin
creating link nvidia/gm20b/gr/sw_method_init.bin -> ../../gm200/gr/sw_method_init.bin
creating link nvidia/gp100/gr/fecs_bl.bin -> ../../gm200/gr/fecs_bl.bin
creating link nvidia/gp100/gr/gpccs_bl.bin -> ../../gm200/gr/gpccs_bl.bin
creating link nvidia/gp102/gr/fecs_bl.bin -> ../../gm200/gr/fecs_bl.bin
creating link nvidia/gp102/gr/gpccs_bl.bin -> ../../gm200/gr/gpccs_bl.bin
creating link nvidia/gp104/acr/bl.bin -> ../../gp102/acr/bl.bin
creating link nvidia/gp104/acr/ucode_load.bin -> ../../gp102/acr/ucode_load.bin
creating link nvidia/gp104/acr/ucode_unload.bin -> ../../gp102/acr/ucode_unload.bin
creating link nvidia/gp104/acr/unload_bl.bin -> ../../gp102/acr/unload_bl.bin
creating link nvidia/gp104/gr/fecs_bl.bin -> ../../gm200/gr/fecs_bl.bin
creating link nvidia/gp104/gr/gpccs_bl.bin -> ../../gm200/gr/gpccs_bl.bin
creating link nvidia/gp104/gr/sw_bundle_init.bin -> ../../gp102/gr/sw_bundle_init.bin
creating link nvidia/gp104/gr/sw_ctx.bin -> ../../gp102/gr/sw_ctx.bin
creating link nvidia/gp104/gr/sw_method_init.bin -> ../../gp102/gr/sw_method_init.bin
creating link nvidia/gp104/gr/sw_nonctx.bin -> ../../gp102/gr/sw_nonctx.bin
creating link nvidia/gp104/nvdec/scrubber.bin -> ../../gp102/nvdec/scrubber.bin
creating link nvidia/gp104/sec2/desc.bin -> ../../gp102/sec2/desc.bin
creating link nvidia/gp104/sec2/image.bin -> ../../gp102/sec2/image.bin
creating link nvidia/gp104/sec2/sig.bin -> ../../gp102/sec2/sig.bin
creating link nvidia/gp104/sec2/desc-1.bin -> ../../gp102/sec2/desc-1.bin
creating link nvidia/gp104/sec2/image-1.bin -> ../../gp102/sec2/image-1.bin
creating link nvidia/gp104/sec2/sig-1.bin -> ../../gp102/sec2/sig-1.bin
creating link nvidia/gp106/acr/bl.bin -> ../../gp102/acr/bl.bin
creating link nvidia/gp106/acr/ucode_load.bin -> ../../gp102/acr/ucode_load.bin
creating link nvidia/gp106/acr/ucode_unload.bin -> ../../gp102/acr/ucode_unload.bin
creating link nvidia/gp106/acr/unload_bl.bin -> ../../gp102/acr/unload_bl.bin
creating link nvidia/gp106/gr/fecs_bl.bin -> ../../gm200/gr/fecs_bl.bin
creating link nvidia/gp106/gr/fecs_inst.bin -> ../../gp102/gr/fecs_inst.bin
creating link nvidia/gp106/gr/gpccs_bl.bin -> ../../gm200/gr/gpccs_bl.bin
creating link nvidia/gp106/gr/gpccs_inst.bin -> ../../gp102/gr/gpccs_inst.bin
creating link nvidia/gp106/gr/sw_bundle_init.bin -> ../../gp102/gr/sw_bundle_init.bin
creating link nvidia/gp106/gr/sw_ctx.bin -> ../../gp102/gr/sw_ctx.bin
creating link nvidia/gp106/gr/sw_method_init.bin -> ../../gp102/gr/sw_method_init.bin
creating link nvidia/gp106/gr/sw_nonctx.bin -> ../../gp102/gr/sw_nonctx.bin
creating link nvidia/gp106/nvdec/scrubber.bin -> ../../gp102/nvdec/scrubber.bin
creating link nvidia/gp106/sec2/desc.bin -> ../../gp102/sec2/desc.bin
creating link nvidia/gp106/sec2/image.bin -> ../../gp102/sec2/image.bin
creating link nvidia/gp106/sec2/sig.bin -> ../../gp102/sec2/sig.bin
creating link nvidia/gp106/sec2/desc-1.bin -> ../../gp102/sec2/desc-1.bin
creating link nvidia/gp106/sec2/image-1.bin -> ../../gp102/sec2/image-1.bin
creating link nvidia/gp106/sec2/sig-1.bin -> ../../gp102/sec2/sig-1.bin
creating link nvidia/gp107/acr/bl.bin -> ../../gp102/acr/bl.bin
creating link nvidia/gp107/acr/ucode_load.bin -> ../../gp102/acr/ucode_load.bin
creating link nvidia/gp107/acr/ucode_unload.bin -> ../../gp102/acr/ucode_unload.bin
creating link nvidia/gp107/acr/unload_bl.bin -> ../../gp102/acr/unload_bl.bin
creating link nvidia/gp107/gr/sw_bundle_init.bin -> ../../gp102/gr/sw_bundle_init.bin
creating link nvidia/gp107/gr/sw_method_init.bin -> ../../gp102/gr/sw_method_init.bin
creating link nvidia/gp107/nvdec/scrubber.bin -> ../../gp102/nvdec/scrubber.bin
creating link nvidia/gp107/sec2/desc.bin -> ../../gp102/sec2/desc.bin
creating link nvidia/gp107/sec2/image.bin -> ../../gp102/sec2/image.bin
creating link nvidia/gp107/sec2/sig.bin -> ../../gp102/sec2/sig.bin
creating link nvidia/gp107/sec2/desc-1.bin -> ../../gp102/sec2/desc-1.bin
creating link nvidia/gp107/sec2/image-1.bin -> ../../gp102/sec2/image-1.bin
creating link nvidia/gp107/sec2/sig-1.bin -> ../../gp102/sec2/sig-1.bin
creating link nvidia/gp108/acr/bl.bin -> ../../gp102/acr/bl.bin
creating link nvidia/gp108/acr/ucode_load.bin -> ../../gp102/acr/ucode_load.bin
creating link nvidia/gp108/acr/ucode_unload.bin -> ../../gp102/acr/ucode_unload.bin
creating link nvidia/gp108/acr/unload_bl.bin -> ../../gp102/acr/unload_bl.bin
creating link nvidia/gp108/nvdec/scrubber.bin -> ../../gp102/nvdec/scrubber.bin
creating link nvidia/gp108/sec2/desc.bin -> ../../gp102/sec2/desc-1.bin
creating link nvidia/gp108/sec2/image.bin -> ../../gp102/sec2/image-1.bin
creating link nvidia/gp108/sec2/sig.bin -> ../../gp102/sec2/sig-1.bin
creating link nvidia/tu104/acr/bl.bin -> ../../tu102/acr/bl.bin
creating link nvidia/tu104/acr/ucode_ahesasc.bin -> ../../tu102/acr/ucode_ahesasc.bin
creating link nvidia/tu104/acr/ucode_asb.bin -> ../../tu102/acr/ucode_asb.bin
creating link nvidia/tu104/acr/unload_bl.bin -> ../../tu102/acr/unload_bl.bin
creating link nvidia/tu104/acr/ucode_unload.bin -> ../../tu102/acr/ucode_unload.bin
creating link nvidia/tu104/gr/fecs_bl.bin -> ../../tu102/gr/fecs_bl.bin
creating link nvidia/tu104/gr/gpccs_bl.bin -> ../../tu102/gr/gpccs_bl.bin
creating link nvidia/tu104/nvdec/scrubber.bin -> ../../tu102/nvdec/scrubber.bin
creating link nvidia/tu104/sec2/desc.bin -> ../../tu102/sec2/desc.bin
creating link nvidia/tu104/sec2/image.bin -> ../../tu102/sec2/image.bin
creating link nvidia/tu104/sec2/sig.bin -> ../../tu102/sec2/sig.bin
creating link nvidia/tu106/acr/bl.bin -> ../../tu102/acr/bl.bin
creating link nvidia/tu106/acr/ucode_ahesasc.bin -> ../../tu102/acr/ucode_ahesasc.bin
creating link nvidia/tu106/acr/ucode_asb.bin -> ../../tu102/acr/ucode_asb.bin
creating link nvidia/tu106/acr/unload_bl.bin -> ../../tu102/acr/unload_bl.bin
creating link nvidia/tu106/acr/ucode_unload.bin -> ../../tu102/acr/ucode_unload.bin
creating link nvidia/tu106/gr/fecs_bl.bin -> ../../tu102/gr/fecs_bl.bin
creating link nvidia/tu106/gr/gpccs_bl.bin -> ../../tu102/gr/gpccs_bl.bin
creating link nvidia/tu106/nvdec/scrubber.bin -> ../../tu102/nvdec/scrubber.bin
creating link nvidia/tu106/sec2/desc.bin -> ../../tu102/sec2/desc.bin
creating link nvidia/tu106/sec2/image.bin -> ../../tu102/sec2/image.bin
creating link nvidia/tu106/sec2/sig.bin -> ../../tu102/sec2/sig.bin
creating link nvidia/tu117/acr/bl.bin -> ../../tu116/acr/bl.bin
creating link nvidia/tu117/acr/ucode_ahesasc.bin -> ../../tu116/acr/ucode_ahesasc.bin
creating link nvidia/tu117/acr/ucode_asb.bin -> ../../tu116/acr/ucode_asb.bin
creating link nvidia/tu117/acr/ucode_unload.bin -> ../../tu116/acr/ucode_unload.bin
creating link nvidia/tu117/acr/unload_bl.bin -> ../../tu116/acr/unload_bl.bin
creating link nvidia/tu117/gr/fecs_bl.bin -> ../../tu116/gr/fecs_bl.bin
creating link nvidia/tu117/gr/gpccs_bl.bin -> ../../tu116/gr/gpccs_bl.bin
creating link nvidia/tu117/nvdec/scrubber.bin -> ../../tu116/nvdec/scrubber.bin
creating link nvidia/tu117/sec2/desc.bin -> ../../tu116/sec2/desc.bin
creating link nvidia/tu117/sec2/image.bin -> ../../tu116/sec2/image.bin
creating link nvidia/tu117/sec2/sig.bin -> ../../tu116/sec2/sig.bin
creating link nvidia/ga103/acr/ucode_ahesasc.bin -> ../../ga102/acr/ucode_ahesasc.bin
creating link nvidia/ga103/acr/ucode_asb.bin -> ../../ga102/acr/ucode_asb.bin
creating link nvidia/ga103/acr/ucode_unload.bin -> ../../ga102/acr/ucode_unload.bin
creating link nvidia/ga103/nvdec/scrubber.bin -> ../../ga102/nvdec/scrubber.bin
creating link nvidia/ga103/sec2/desc.bin -> ../../ga102/sec2/desc.bin
creating link nvidia/ga103/sec2/hs_bl_sig.bin -> ../../ga102/sec2/hs_bl_sig.bin
creating link nvidia/ga103/sec2/image.bin -> ../../ga102/sec2/image.bin
creating link nvidia/ga103/sec2/sig.bin -> ../../ga102/sec2/sig.bin
creating link nvidia/ga104/acr/ucode_ahesasc.bin -> ../../ga102/acr/ucode_ahesasc.bin
creating link nvidia/ga104/acr/ucode_asb.bin -> ../../ga102/acr/ucode_asb.bin
creating link nvidia/ga104/acr/ucode_unload.bin -> ../../ga102/acr/ucode_unload.bin
creating link nvidia/ga104/nvdec/scrubber.bin -> ../../ga102/nvdec/scrubber.bin
creating link nvidia/ga104/sec2/desc.bin -> ../../ga102/sec2/desc.bin
creating link nvidia/ga104/sec2/hs_bl_sig.bin -> ../../ga102/sec2/hs_bl_sig.bin
creating link nvidia/ga104/sec2/image.bin -> ../../ga102/sec2/image.bin
creating link nvidia/ga104/sec2/sig.bin -> ../../ga102/sec2/sig.bin
creating link nvidia/ga106/acr/ucode_ahesasc.bin -> ../../ga102/acr/ucode_ahesasc.bin
creating link nvidia/ga106/acr/ucode_asb.bin -> ../../ga102/acr/ucode_asb.bin
creating link nvidia/ga106/acr/ucode_unload.bin -> ../../ga102/acr/ucode_unload.bin
creating link nvidia/ga106/nvdec/scrubber.bin -> ../../ga102/nvdec/scrubber.bin
creating link nvidia/ga106/sec2/desc.bin -> ../../ga102/sec2/desc.bin
creating link nvidia/ga106/sec2/hs_bl_sig.bin -> ../../ga102/sec2/hs_bl_sig.bin
creating link nvidia/ga106/sec2/image.bin -> ../../ga102/sec2/image.bin
creating link nvidia/ga106/sec2/sig.bin -> ../../ga102/sec2/sig.bin
creating link nvidia/ga107/acr/ucode_ahesasc.bin -> ../../ga102/acr/ucode_ahesasc.bin
creating link nvidia/ga107/acr/ucode_asb.bin -> ../../ga102/acr/ucode_asb.bin
creating link nvidia/ga107/acr/ucode_unload.bin -> ../../ga102/acr/ucode_unload.bin
creating link nvidia/ga107/nvdec/scrubber.bin -> ../../ga102/nvdec/scrubber.bin
creating link nvidia/ga107/sec2/desc.bin -> ../../ga102/sec2/desc.bin
creating link nvidia/ga107/sec2/hs_bl_sig.bin -> ../../ga102/sec2/hs_bl_sig.bin
creating link nvidia/ga107/sec2/image.bin -> ../../ga102/sec2/image.bin
creating link nvidia/ga107/sec2/sig.bin -> ../../ga102/sec2/sig.bin
creating link nvidia/tu116/gsp/bootloader-535.113.01.bin -> ../../tu102/gsp/bootloader-535.113.01.bin
creating link nvidia/tu116/gsp/gsp-535.113.01.bin -> ../../tu102/gsp/gsp-535.113.01.bin
creating link nvidia/ga100/gsp/gsp-535.113.01.bin -> ../../tu102/gsp/gsp-535.113.01.bin
creating link nvidia/ad102/gsp/gsp-535.113.01.bin -> ../../ga102/gsp/gsp-535.113.01.bin
creating link nvidia/tu116/gsp/gen_bootloader-570.144.bin -> ../../tu102/gsp/gen_bootloader-570.144.bin
creating link nvidia/tu116/gsp/bootloader-570.144.bin -> ../../tu102/gsp/bootloader-570.144.bin
creating link nvidia/ga100/gsp/gen_bootloader-570.144.bin -> ../../tu102/gsp/gen_bootloader-570.144.bin
creating link nvidia/tu116/gsp/gsp-570.144.bin -> ../../tu102/gsp/gsp-570.144.bin
creating link nvidia/ga100/gsp/gsp-570.144.bin -> ../../tu102/gsp/gsp-570.144.bin
creating link nvidia/ad102/gsp/gsp-570.144.bin -> ../../ga102/gsp/gsp-570.144.bin
creating link nvidia/gh100/gsp/gsp-570.144.bin -> ../../ga102/gsp/gsp-570.144.bin
creating link nvidia/gb100/gsp/gsp-570.144.bin -> ../../ga102/gsp/gsp-570.144.bin
creating link nvidia/gb202/gsp/gsp-570.144.bin -> ../../ga102/gsp/gsp-570.144.bin
creating link nvidia/tu104/gsp -> ../tu102/gsp
creating link nvidia/tu106/gsp -> ../tu102/gsp
creating link nvidia/tu117/gsp -> ../tu116/gsp
creating link nvidia/ga103/gsp -> ../ga102/gsp
creating link nvidia/ga104/gsp -> ../ga102/gsp
creating link nvidia/ga106/gsp -> ../ga102/gsp
creating link nvidia/ga107/gsp -> ../ga102/gsp
creating link nvidia/ad103 -> ad102
creating link nvidia/ad104 -> ad102
creating link nvidia/ad106 -> ad102
creating link nvidia/ad107 -> ad102
creating link nvidia/gb102 -> gb100
creating link nvidia/gb203 -> gb202
creating link nvidia/gb205 -> gb202
creating link nvidia/gb206 -> gb202
creating link nvidia/gb207 -> gb202
creating link vpu_d.bin -> mediatek/mt8173/vpu_d.bin
creating link vpu_p.bin -> mediatek/mt8173/vpu_p.bin
creating link mediatek/mt8188/scp.img -> scp_c0.img
creating link mt7662.bin -> mediatek/mt7662.bin
creating link mt7662_rom_patch.bin -> mediatek/mt7662_rom_patch.bin
creating link netronome/nic_AMDA0081-0001_1x40.nffw -> nic/nic_AMDA0081-0001_1x40.nffw
creating link netronome/nic_AMDA0097-0001_2x40.nffw -> nic/nic_AMDA0097-0001_2x40.nffw
creating link netronome/nic_AMDA0099-0001_2x10.nffw -> nic/nic_AMDA0099-0001_2x10.nffw
creating link netronome/nic_AMDA0081-0001_4x10.nffw -> nic/nic_AMDA0081-0001_4x10.nffw
creating link netronome/nic_AMDA0097-0001_4x10_1x40.nffw -> nic/nic_AMDA0097-0001_4x10_1x40.nffw
creating link netronome/nic_AMDA0099-0001_1x10_1x25.nffw -> nic/nic_AMDA0099-0001_1x10_1x25.nffw
creating link netronome/nic_AMDA0099-0001_2x25.nffw -> nic/nic_AMDA0099-0001_2x25.nffw
creating link netronome/nic_AMDA0096-0001_2x10.nffw -> nic/nic_AMDA0096-0001_2x10.nffw
creating link netronome/nic_AMDA0097-0001_8x10.nffw -> nic/nic_AMDA0097-0001_8x10.nffw
creating link netronome/nic_AMDA0058-0011_2x40.nffw -> nic/nic_AMDA0058-0011_2x40.nffw
creating link netronome/nic_AMDA0058-0012_2x40.nffw -> nic/nic_AMDA0058-0012_2x40.nffw
creating link netronome/nic_AMDA0078-0011_1x100.nffw -> nic/nic_AMDA0078-0011_1x100.nffw
creating link netronome/flower/nic_AMDA0081.nffw -> nic_AMDA0097.nffw
creating link netronome/flower/nic_AMDA0081-0001_1x40.nffw -> nic_AMDA0097.nffw
creating link netronome/flower/nic_AMDA0097-0001_2x40.nffw -> nic_AMDA0097.nffw
creating link netronome/flower/nic_AMDA0099-0001_2x10.nffw -> nic_AMDA0099.nffw
creating link netronome/flower/nic_AMDA0081-0001_4x10.nffw -> nic_AMDA0097.nffw
creating link netronome/flower/nic_AMDA0097-0001_4x10_1x40.nffw -> nic_AMDA0097.nffw
creating link netronome/flower/nic_AMDA0099-0001_2x25.nffw -> nic_AMDA0099.nffw
creating link netronome/flower/nic_AMDA0096-0001_2x10.nffw -> nic_AMDA0096.nffw
creating link netronome/flower/nic_AMDA0097-0001_8x10.nffw -> nic_AMDA0097.nffw
creating link netronome/flower/nic_AMDA0099-0001_1x10_1x25.nffw -> nic_AMDA0099.nffw
creating link netronome/flower/nic_AMDA0058-0011_1x100.nffw -> nic_AMDA0058.nffw
creating link netronome/flower/nic_AMDA0058-0011_2x40.nffw -> nic_AMDA0058.nffw
creating link netronome/flower/nic_AMDA0058-0011_4x10_1x40.nffw -> nic_AMDA0058.nffw
creating link netronome/flower/nic_AMDA0058-0011_8x10.nffw -> nic_AMDA0058.nffw
creating link netronome/flower/nic_AMDA0058-0012_1x100.nffw -> nic_AMDA0058.nffw
creating link netronome/flower/nic_AMDA0058-0012_2x40.nffw -> nic_AMDA0058.nffw
creating link netronome/flower/nic_AMDA0058-0012_4x10_1x40.nffw -> nic_AMDA0058.nffw
creating link netronome/flower/nic_AMDA0058-0012_8x10.nffw -> nic_AMDA0058.nffw
creating link netronome/flower/nic_AMDA0078-0011_1x100.nffw -> nic_AMDA0058.nffw
creating link netronome/flower/nic_AMDA0078-0011_2x40.nffw -> nic_AMDA0058.nffw
creating link netronome/flower/nic_AMDA0078-0011_4x10_1x40.nffw -> nic_AMDA0058.nffw
creating link netronome/flower/nic_AMDA0078-0011_8x10.nffw -> nic_AMDA0058.nffw
creating link netronome/flower/nic_AMDA0078-0012_1x100.nffw -> nic_AMDA0058.nffw
creating link netronome/flower/nic_AMDA0078-0012_2x40.nffw -> nic_AMDA0058.nffw
creating link netronome/flower/nic_AMDA0078-0012_4x10_1x40.nffw -> nic_AMDA0058.nffw
creating link netronome/flower/nic_AMDA0078-0012_8x10.nffw -> nic_AMDA0058.nffw
creating link qcom/venus-1.8/venus.mdt -> venus.mbn
creating link qcom/venus-4.2/venus.mdt -> venus.mbn
creating link qcom/venus-5.2/venus.mdt -> venus.mbn
creating link qcom/venus-5.4/venus.mdt -> venus.mbn
creating link qcom/vpu-2.0/venus.mbn -> ../vpu/vpu20_p1.mbn
creating link qcom/vpu-1.0/venus.mbn -> ../vpu/vpu20_p4.mbn
creating link qcom/vpu-1.0/venus.mdt -> ../vpu/vpu20_p4.mbn
creating link qcom/vpu/vpu20_p1_gen2.mbn -> vpu20_p1_gen2_s6.mbn
creating link qcom/vpu/vpu30_p4.mbn -> vpu30_p4_s7.mbn
creating link qcom/vpu/vpu33_p4.mbn -> vpu33_p4_s7.mbn
creating link qcom/vpu/vpu35_p4.mbn -> vpu35_p4_s7.mbn
creating link a300_pfp.fw -> qcom/a300_pfp.fw
creating link a300_pm4.fw -> qcom/a300_pm4.fw
creating link qcom/a530_zap.mdt -> apq8096/a530_zap.mbn
creating link qcom/qcs6490/a660_zap.mbn -> ../qcm6490/a660_zap.mbn
creating link qcom/sm8350/a660_zap.mbn -> ../qcm6490/a660_zap.mbn
creating link qcom/qcs6490/adsp.mbn -> ../qcm6490/adsp.mbn
creating link qcom/qcs6490/adspr.jsn -> ../qcm6490/adspr.jsn
creating link qcom/qcs6490/adsps.jsn -> ../qcm6490/adsps.jsn
creating link qcom/qcs6490/adspua.jsn -> ../qcm6490/adspua.jsn
creating link qcom/qcs6490/battmgr.jsn -> ../qcm6490/battmgr.jsn
creating link qcom/qcs6490/cdsp.mbn -> ../qcm6490/cdsp.mbn
creating link qcom/qcs6490/cdspr.jsn -> ../qcm6490/cdspr.jsn
creating link qcom/sdm845/modem.mbn -> modem_nm.mbn
creating link intel/ice/ddp/ice.pkg -> ice-1.3.43.0.pkg
creating link cirrus/cs35l41-dsp1-spk-prot-103c8971.wmfw -> cs35l41/v6.61.1/halo_cspl_RAM_revB2_29.63.1.wmfw
creating link cirrus/cs35l41-dsp1-spk-prot-103c8972.wmfw -> cs35l41/v6.61.1/halo_cspl_RAM_revB2_29.63.1.wmfw
creating link cirrus/cs35l41-dsp1-spk-prot-103c8973.wmfw -> cs35l41/v6.61.1/halo_cspl_RAM_revB2_29.63.1.wmfw
creating link cirrus/cs35l41-dsp1-spk-prot-103c8974.wmfw -> cs35l41/v6.61.1/halo_cspl_RAM_revB2_29.63.1.wmfw
creating link cirrus/cs35l41-dsp1-spk-prot-103c8975.wmfw -> cs35l41/v6.61.1/halo_cspl_RAM_revB2_29.63.1.wmfw
creating link cirrus/cs35l41-dsp1-spk-prot-103c896e.wmfw -> cs35l41/v6.61.1/halo_cspl_RAM_revB2_29.63.1.wmfw
creating link cirrus/cs35l41-dsp1-spk-prot-103c89c3.wmfw -> cs35l41/v6.61.1/halo_cspl_RAM_revB2_29.63.1.wmfw
creating link cirrus/cs35l41-dsp1-spk-prot-103c8981.wmfw -> cs35l41/v6.61.1/halo_cspl_RAM_revB2_29.63.1.wmfw
creating link cirrus/cs35l41-dsp1-spk-prot-103c898e.wmfw -> cs35l41/v6.61.1/halo_cspl_RAM_revB2_29.63.1.wmfw
creating link cirrus/cs35l41-dsp1-spk-prot-103c898f.wmfw -> cs35l41/v6.61.1/halo_cspl_RAM_revB2_29.63.1.wmfw
creating link cirrus/cs35l41-dsp1-spk-prot-103c8991.wmfw -> cs35l41/v6.61.1/halo_cspl_RAM_revB2_29.63.1.wmfw
creating link cirrus/cs35l41-dsp1-spk-prot-103c8992.wmfw -> cs35l41/v6.61.1/halo_cspl_RAM_revB2_29.63.1.wmfw
creating link cirrus/cs35l41-dsp1-spk-prot-103c8994.wmfw -> cs35l41/v6.61.1/halo_cspl_RAM_revB2_29.63.1.wmfw
creating link cirrus/cs35l41-dsp1-spk-prot-103c8995.wmfw -> cs35l41/v6.61.1/halo_cspl_RAM_revB2_29.63.1.wmfw
creating link cirrus/cs35l41-dsp1-spk-prot-103c89c6.wmfw -> cs35l41/v6.61.1/halo_cspl_RAM_revB2_29.63.1.wmfw
creating link cirrus/cs35l41-dsp1-spk-prot-103c8974.bin -> cs35l41-dsp1-spk-prot-103c8972.bin
creating link cirrus/cs35l41-dsp1-spk-prot-103c898e.bin -> cs35l41-dsp1-spk-prot-103c8971.bin
creating link cirrus/cs35l41-dsp1-spk-prot-103c898f.bin -> cs35l41-dsp1-spk-prot-103c8971.bin
creating link cirrus/cs35l41-dsp1-spk-prot-103c8991.bin -> cs35l41-dsp1-spk-prot-103c8972.bin
creating link cirrus/cs35l41-dsp1-spk-prot-103c8992.bin -> cs35l41-dsp1-spk-prot-103c8972.bin
creating link cirrus/cs35l41-dsp1-spk-prot-103c8994.bin -> cs35l41-dsp1-spk-prot-103c8973.bin
creating link cirrus/cs35l41-dsp1-spk-prot-103c8995.bin -> cs35l41-dsp1-spk-prot-103c8973.bin
creating link cirrus/cs35l41-dsp1-spk-prot-103c89c3-l0.bin -> cs35l41-dsp1-spk-prot-103c89c3-r0.bin
creating link cirrus/cs35l41-dsp1-spk-prot-103c89c3-l1.bin -> cs35l41-dsp1-spk-prot-103c89c3-r1.bin
creating link cirrus/cs35l41-dsp1-spk-prot-103c8c46.wmfw -> cs35l41/v6.83.0/halo_cspl_RAM_revB2_29.85.0.wmfw
creating link cirrus/cs35l41-dsp1-spk-prot-103c8c47.wmfw -> cs35l41/v6.83.0/halo_cspl_RAM_revB2_29.85.0.wmfw
creating link cirrus/cs35l41-dsp1-spk-prot-103c8c48.wmfw -> cs35l41/v6.83.0/halo_cspl_RAM_revB2_29.85.0.wmfw
creating link cirrus/cs35l41-dsp1-spk-prot-103c8c49.wmfw -> cs35l41/v6.83.0/halo_cspl_RAM_revB2_29.85.0.wmfw
creating link cirrus/cs35l41-dsp1-spk-prot-103c8c70.wmfw -> cs35l41/v6.83.0/halo_cspl_RAM_revB2_29.85.0.wmfw
creating link cirrus/cs35l41-dsp1-spk-prot-103c8c71.wmfw -> cs35l41/v6.83.0/halo_cspl_RAM_revB2_29.85.0.wmfw
creating link cirrus/cs35l41-dsp1-spk-prot-103c8c72.wmfw -> cs35l41/v6.83.0/halo_cspl_RAM_revB2_29.85.0.wmfw
creating link cirrus/cs35l41-dsp1-spk-prot-103c8c70.bin -> cs35l41-dsp1-spk-prot-103c8c46.bin
creating link cirrus/cs35l41-dsp1-spk-prot-103c8c71.bin -> cs35l41-dsp1-spk-prot-103c8c47.bin
creating link cirrus/cs35l41-dsp1-spk-prot-103c8c72.bin -> cs35l41-dsp1-spk-prot-103c8c48.bin
creating link cirrus/cs35l41-dsp1-spk-prot-103c8ca4.wmfw -> cs35l41/v6.83.0/halo_cspl_RAM_revB2_29.85.0.wmfw
creating link cirrus/cs35l41-dsp1-spk-prot-103c8ca7.wmfw -> cs35l41/v6.83.0/halo_cspl_RAM_revB2_29.85.0.wmfw
creating link cirrus/cs35l41-dsp1-spk-prot-103c8ca7.bin -> cs35l41-dsp1-spk-prot-103c8ca4.bin
creating link cirrus/cs35l41-dsp1-spk-prot-103c8cf5.wmfw -> cs35l41/v6.83.0/halo_cspl_RAM_revB2_29.85.0.wmfw
creating link cirrus/cs35l41-dsp1-spk-prot-103c8c66.wmfw -> cs35l41/v6.83.0/halo_cspl_RAM_revB2_29.85.0.wmfw
creating link cirrus/cs35l41-dsp1-spk-prot-103c8c6a.wmfw -> cs35l41/v6.83.0/halo_cspl_RAM_revB2_29.85.0.wmfw
creating link cirrus/cs35l41-dsp1-spk-prot-103c8c6a-spkid0-l0.bin -> cs35l41-dsp1-spk-prot-103c8c66-spkid0-l0.bin
creating link cirrus/cs35l41-dsp1-spk-prot-103c8c6a-spkid0-r0.bin -> cs35l41-dsp1-spk-prot-103c8c66-spkid0-r0.bin
creating link cirrus/cs35l41-dsp1-spk-prot-103c8c6a-spkid1-l0.bin -> cs35l41-dsp1-spk-prot-103c8c66-spkid1-l0.bin
creating link cirrus/cs35l41-dsp1-spk-prot-103c8c6a-spkid1-r0.bin -> cs35l41-dsp1-spk-prot-103c8c66-spkid1-r0.bin
creating link cirrus/cs35l41-dsp1-spk-prot-103c8a2c.wmfw -> cs35l41/v6.61.1/halo_cspl_RAM_revB2_29.63.1.wmfw
creating link cirrus/cs35l41-dsp1-spk-prot-103c8a2d.wmfw -> cs35l41/v6.61.1/halo_cspl_RAM_revB2_29.63.1.wmfw
creating link cirrus/cs35l41-dsp1-spk-prot-103c8a2d-spkid0-l0.bin -> cs35l41-dsp1-spk-prot-103c8a2c-spkid0-l0.bin
creating link cirrus/cs35l41-dsp1-spk-prot-103c8a2d-spkid0-r0.bin -> cs35l41-dsp1-spk-prot-103c8a2c-spkid0-r0.bin
creating link cirrus/cs35l41-dsp1-spk-prot-103c8a2d-spkid1-l0.bin -> cs35l41-dsp1-spk-prot-103c8a2c-spkid1-l0.bin
creating link cirrus/cs35l41-dsp1-spk-prot-103c8a2d-spkid1-r0.bin -> cs35l41-dsp1-spk-prot-103c8a2c-spkid1-r0.bin
creating link cirrus/cs35l41-dsp1-spk-prot-103c8be5.wmfw -> cs35l41/v6.61.1/halo_cspl_RAM_revB2_29.63.1.wmfw
creating link cirrus/cs35l41-dsp1-spk-prot-103c8be5-spkid0-l0.bin -> cs35l41-dsp1-spk-prot-103c8a2c-spkid0-l0.bin
creating link cirrus/cs35l41-dsp1-spk-prot-103c8be5-spkid0-r0.bin -> cs35l41-dsp1-spk-prot-103c8a2c-spkid0-r0.bin
creating link cirrus/cs35l41-dsp1-spk-prot-103c8be5-spkid1-l0.bin -> cs35l41-dsp1-spk-prot-103c8a2c-spkid1-l0.bin
creating link cirrus/cs35l41-dsp1-spk-prot-103c8be5-spkid1-r0.bin -> cs35l41-dsp1-spk-prot-103c8a2c-spkid1-r0.bin
creating link cirrus/cs35l41-dsp1-spk-prot-103c8be6.wmfw -> cs35l41/v6.61.1/halo_cspl_RAM_revB2_29.63.1.wmfw
creating link cirrus/cs35l41-dsp1-spk-prot-103c8be6-spkid0-l0.bin -> cs35l41-dsp1-spk-prot-103c8a2c-spkid0-l0.bin
creating link cirrus/cs35l41-dsp1-spk-prot-103c8be6-spkid0-r0.bin -> cs35l41-dsp1-spk-prot-103c8a2c-spkid0-r0.bin
creating link cirrus/cs35l41-dsp1-spk-prot-103c8be6-spkid1-l0.bin -> cs35l41-dsp1-spk-prot-103c8a2c-spkid1-l0.bin
creating link cirrus/cs35l41-dsp1-spk-prot-103c8be6-spkid1-r0.bin -> cs35l41-dsp1-spk-prot-103c8a2c-spkid1-r0.bin
creating link cirrus/cs35l41-dsp1-spk-prot-103c8c16.wmfw -> cs35l41/v6.78.0/halo_cspl_RAM_revB2_29.80.0.wmfw
creating link cirrus/cs35l41-dsp1-spk-prot-103c8c17.wmfw -> cs35l41/v6.78.0/halo_cspl_RAM_revB2_29.80.0.wmfw
creating link cirrus/cs35l41-dsp1-spk-prot-103c8c17-spkid0-l0.bin -> cs35l41-dsp1-spk-prot-103c8c16-spkid0-l0.bin
creating link cirrus/cs35l41-dsp1-spk-prot-103c8c17-spkid0-r0.bin -> cs35l41-dsp1-spk-prot-103c8c16-spkid0-r0.bin
creating link cirrus/cs35l41-dsp1-spk-prot-103c8c17-spkid1-l0.bin -> cs35l41-dsp1-spk-prot-103c8c16-spkid1-l0.bin
creating link cirrus/cs35l41-dsp1-spk-prot-103c8c17-spkid1-r0.bin -> cs35l41-dsp1-spk-prot-103c8c16-spkid1-r0.bin
creating link cirrus/cs35l41-dsp1-spk-prot-103c8a2e.wmfw -> cs35l41/v6.61.1/halo_cspl_RAM_revB2_29.63.1.wmfw
creating link cirrus/cs35l41-dsp1-spk-prot-103c8a30.wmfw -> cs35l41/v6.61.1/halo_cspl_RAM_revB2_29.63.1.wmfw
creating link cirrus/cs35l41-dsp1-spk-prot-103c8a30-spkid0-l0.bin -> cs35l41-dsp1-spk-prot-103c8a2e-spkid0-l0.bin
creating link cirrus/cs35l41-dsp1-spk-prot-103c8a30-spkid0-r0.bin -> cs35l41-dsp1-spk-prot-103c8a2e-spkid0-r0.bin
creating link cirrus/cs35l41-dsp1-spk-prot-103c8a30-spkid1-l0.bin -> cs35l41-dsp1-spk-prot-103c8a2e-spkid1-l0.bin
creating link cirrus/cs35l41-dsp1-spk-prot-103c8a30-spkid1-r0.bin -> cs35l41-dsp1-spk-prot-103c8a2e-spkid1-r0.bin
creating link cirrus/cs35l41-dsp1-spk-prot-103c8be7.wmfw -> cs35l41/v6.61.1/halo_cspl_RAM_revB2_29.63.1.wmfw
creating link cirrus/cs35l41-dsp1-spk-prot-103c8be7-spkid0-l0.bin -> cs35l41-dsp1-spk-prot-103c8a2e-spkid0-l0.bin
creating link cirrus/cs35l41-dsp1-spk-prot-103c8be7-spkid0-r0.bin -> cs35l41-dsp1-spk-prot-103c8a2e-spkid0-r0.bin
creating link cirrus/cs35l41-dsp1-spk-prot-103c8be7-spkid1-l0.bin -> cs35l41-dsp1-spk-prot-103c8a2e-spkid1-l0.bin
creating link cirrus/cs35l41-dsp1-spk-prot-103c8be7-spkid1-r0.bin -> cs35l41-dsp1-spk-prot-103c8a2e-spkid1-r0.bin
creating link cirrus/cs35l41-dsp1-spk-prot-103c8be8.wmfw -> cs35l41/v6.61.1/halo_cspl_RAM_revB2_29.63.1.wmfw
creating link cirrus/cs35l41-dsp1-spk-prot-103c8be8-spkid0-l0.bin -> cs35l41-dsp1-spk-prot-103c8a2e-spkid0-l0.bin
creating link cirrus/cs35l41-dsp1-spk-prot-103c8be8-spkid0-r0.bin -> cs35l41-dsp1-spk-prot-103c8a2e-spkid0-r0.bin
creating link cirrus/cs35l41-dsp1-spk-prot-103c8be8-spkid1-l0.bin -> cs35l41-dsp1-spk-prot-103c8a2e-spkid1-l0.bin
creating link cirrus/cs35l41-dsp1-spk-prot-103c8be8-spkid1-r0.bin -> cs35l41-dsp1-spk-prot-103c8a2e-spkid1-r0.bin
creating link cirrus/cs35l41-dsp1-spk-prot-103c8bb3.wmfw -> cs35l41/v6.61.1/halo_cspl_RAM_revB2_29.63.1.wmfw
creating link cirrus/cs35l41-dsp1-spk-prot-103c8bb3-spkid0-l0.bincfg -> cs35l41/bincfgs/cs35l41-dsp1-14_5dB.bincfg
creating link cirrus/cs35l41-dsp1-spk-prot-103c8bb3-spkid0-r0.bincfg -> cs35l41/bincfgs/cs35l41-dsp1-14_5dB.bincfg
creating link cirrus/cs35l41-dsp1-spk-prot-103c8bb3-spkid1-l0.bincfg -> cs35l41/bincfgs/cs35l41-dsp1-14_5dB.bincfg
creating link cirrus/cs35l41-dsp1-spk-prot-103c8bb3-spkid1-r0.bincfg -> cs35l41/bincfgs/cs35l41-dsp1-14_5dB.bincfg
creating link cirrus/cs35l41-dsp1-spk-prot-103c8bb4.wmfw -> cs35l41/v6.61.1/halo_cspl_RAM_revB2_29.63.1.wmfw
creating link cirrus/cs35l41-dsp1-spk-prot-103c8bb4-spkid0-l0.bin -> cs35l41-dsp1-spk-prot-103c8bb3-spkid0-l0.bin
creating link cirrus/cs35l41-dsp1-spk-prot-103c8bb4-spkid0-r0.bin -> cs35l41-dsp1-spk-prot-103c8bb3-spkid0-r0.bin
creating link cirrus/cs35l41-dsp1-spk-prot-103c8bb4-spkid1-l0.bin -> cs35l41-dsp1-spk-prot-103c8bb3-spkid1-l0.bin
creating link cirrus/cs35l41-dsp1-spk-prot-103c8bb4-spkid1-r0.bin -> cs35l41-dsp1-spk-prot-103c8bb3-spkid1-r0.bin
creating link cirrus/cs35l41-dsp1-spk-prot-103c8bb4-spkid0-l0.bincfg -> cs35l41/bincfgs/cs35l41-dsp1-14_5dB.bincfg
creating link cirrus/cs35l41-dsp1-spk-prot-103c8bb4-spkid0-r0.bincfg -> cs35l41/bincfgs/cs35l41-dsp1-14_5dB.bincfg
creating link cirrus/cs35l41-dsp1-spk-prot-103c8bb4-spkid1-l0.bincfg -> cs35l41/bincfgs/cs35l41-dsp1-14_5dB.bincfg
creating link cirrus/cs35l41-dsp1-spk-prot-103c8bb4-spkid1-r0.bincfg -> cs35l41/bincfgs/cs35l41-dsp1-14_5dB.bincfg
creating link cirrus/cs35l41-dsp1-spk-prot-103c8c4d.wmfw -> cs35l41/v6.61.1/halo_cspl_RAM_revB2_29.63.1.wmfw
creating link cirrus/cs35l41-dsp1-spk-prot-103c8c4d-spkid0-l0.bin -> cs35l41-dsp1-spk-prot-103c8bb3-spkid0-l0.bin
creating link cirrus/cs35l41-dsp1-spk-prot-103c8c4d-spkid0-r0.bin -> cs35l41-dsp1-spk-prot-103c8bb3-spkid0-r0.bin
creating link cirrus/cs35l41-dsp1-spk-prot-103c8c4d-spkid1-l0.bin -> cs35l41-dsp1-spk-prot-103c8bb3-spkid1-l0.bin
creating link cirrus/cs35l41-dsp1-spk-prot-103c8c4d-spkid1-r0.bin -> cs35l41-dsp1-spk-prot-103c8bb3-spkid1-r0.bin
creating link cirrus/cs35l41-dsp1-spk-prot-103c8c4d-spkid0-l0.bincfg -> cs35l41/bincfgs/cs35l41-dsp1-14_5dB.bincfg
creating link cirrus/cs35l41-dsp1-spk-prot-103c8c4d-spkid0-r0.bincfg -> cs35l41/bincfgs/cs35l41-dsp1-14_5dB.bincfg
creating link cirrus/cs35l41-dsp1-spk-prot-103c8c4d-spkid1-l0.bincfg -> cs35l41/bincfgs/cs35l41-dsp1-14_5dB.bincfg
creating link cirrus/cs35l41-dsp1-spk-prot-103c8c4d-spkid1-r0.bincfg -> cs35l41/bincfgs/cs35l41-dsp1-14_5dB.bincfg
creating link cirrus/cs35l41-dsp1-spk-prot-103c8c4e.wmfw -> cs35l41/v6.61.1/halo_cspl_RAM_revB2_29.63.1.wmfw
creating link cirrus/cs35l41-dsp1-spk-prot-103c8c4e-spkid0-l0.bin -> cs35l41-dsp1-spk-prot-103c8bb3-spkid0-l0.bin
creating link cirrus/cs35l41-dsp1-spk-prot-103c8c4e-spkid0-r0.bin -> cs35l41-dsp1-spk-prot-103c8bb3-spkid0-r0.bin
creating link cirrus/cs35l41-dsp1-spk-prot-103c8c4e-spkid1-l0.bin -> cs35l41-dsp1-spk-prot-103c8bb3-spkid1-l0.bin
creating link cirrus/cs35l41-dsp1-spk-prot-103c8c4e-spkid1-r0.bin -> cs35l41-dsp1-spk-prot-103c8bb3-spkid1-r0.bin
creating link cirrus/cs35l41-dsp1-spk-prot-103c8c4e-spkid0-l0.bincfg -> cs35l41/bincfgs/cs35l41-dsp1-14_5dB.bincfg
creating link cirrus/cs35l41-dsp1-spk-prot-103c8c4e-spkid0-r0.bincfg -> cs35l41/bincfgs/cs35l41-dsp1-14_5dB.bincfg
creating link cirrus/cs35l41-dsp1-spk-prot-103c8c4e-spkid1-l0.bincfg -> cs35l41/bincfgs/cs35l41-dsp1-14_5dB.bincfg
creating link cirrus/cs35l41-dsp1-spk-prot-103c8c4e-spkid1-r0.bincfg -> cs35l41/bincfgs/cs35l41-dsp1-14_5dB.bincfg
creating link cirrus/cs35l41-dsp1-spk-prot-103c8c67.wmfw -> cs35l41/v6.83.0/halo_cspl_RAM_revB2_29.85.0.wmfw
creating link cirrus/cs35l41-dsp1-spk-prot-103c8c68.wmfw -> cs35l41/v6.83.0/halo_cspl_RAM_revB2_29.85.0.wmfw
creating link cirrus/cs35l41-dsp1-spk-prot-103c8c68-spkid0-l0.bin -> cs35l41-dsp1-spk-prot-103c8c67-spkid0-l0.bin
creating link cirrus/cs35l41-dsp1-spk-prot-103c8c68-spkid0-r0.bin -> cs35l41-dsp1-spk-prot-103c8c67-spkid0-r0.bin
creating link cirrus/cs35l41-dsp1-spk-prot-103c8c68-spkid1-l0.bin -> cs35l41-dsp1-spk-prot-103c8c67-spkid1-l0.bin
creating link cirrus/cs35l41-dsp1-spk-prot-103c8c68-spkid1-r0.bin -> cs35l41-dsp1-spk-prot-103c8c67-spkid1-r0.bin
creating link cirrus/cs35l41-dsp1-spk-prot-103c8cde.wmfw -> cs35l41/v6.83.0/halo_cspl_RAM_revB2_29.85.0.wmfw
creating link cirrus/cs35l41-dsp1-spk-prot-103c8bdd.wmfw -> cs35l41/v6.61.1/halo_cspl_RAM_revB2_29.63.1.wmfw
creating link cirrus/cs35l41-dsp1-spk-prot-103c8bde.wmfw -> cs35l41/v6.61.1/halo_cspl_RAM_revB2_29.63.1.wmfw
creating link cirrus/cs35l41-dsp1-spk-prot-103c8bde-spkid0-l0.bin -> cs35l41-dsp1-spk-prot-103c8bdd-spkid0-l0.bin
creating link cirrus/cs35l41-dsp1-spk-prot-103c8bde-spkid0-r0.bin -> cs35l41-dsp1-spk-prot-103c8bdd-spkid0-r0.bin
creating link cirrus/cs35l41-dsp1-spk-prot-103c8bde-spkid1-l0.bin -> cs35l41-dsp1-spk-prot-103c8bdd-spkid1-l0.bin
creating link cirrus/cs35l41-dsp1-spk-prot-103c8bde-spkid1-r0.bin -> cs35l41-dsp1-spk-prot-103c8bdd-spkid1-r0.bin
creating link cirrus/cs35l41-dsp1-spk-prot-103c8c50.wmfw -> cs35l41/v6.61.1/halo_cspl_RAM_revB2_29.63.1.wmfw
creating link cirrus/cs35l41-dsp1-spk-prot-103c8c50-spkid0-l0.bin -> cs35l41-dsp1-spk-prot-103c8bdd-spkid0-l0.bin
creating link cirrus/cs35l41-dsp1-spk-prot-103c8c50-spkid0-r0.bin -> cs35l41-dsp1-spk-prot-103c8bdd-spkid0-r0.bin
creating link cirrus/cs35l41-dsp1-spk-prot-103c8c50-spkid1-l0.bin -> cs35l41-dsp1-spk-prot-103c8bdd-spkid1-l0.bin
creating link cirrus/cs35l41-dsp1-spk-prot-103c8c50-spkid1-r0.bin -> cs35l41-dsp1-spk-prot-103c8bdd-spkid1-r0.bin
creating link cirrus/cs35l41-dsp1-spk-prot-103c8c51.wmfw -> cs35l41/v6.61.1/halo_cspl_RAM_revB2_29.63.1.wmfw
creating link cirrus/cs35l41-dsp1-spk-prot-103c8c51-spkid0-l0.bin -> cs35l41-dsp1-spk-prot-103c8bdd-spkid0-l0.bin
creating link cirrus/cs35l41-dsp1-spk-prot-103c8c51-spkid0-r0.bin -> cs35l41-dsp1-spk-prot-103c8bdd-spkid0-r0.bin
creating link cirrus/cs35l41-dsp1-spk-prot-103c8c51-spkid1-l0.bin -> cs35l41-dsp1-spk-prot-103c8bdd-spkid1-l0.bin
creating link cirrus/cs35l41-dsp1-spk-prot-103c8c51-spkid1-r0.bin -> cs35l41-dsp1-spk-prot-103c8bdd-spkid1-r0.bin
creating link cirrus/cs35l41-dsp1-spk-prot-103c8cdd.wmfw -> cs35l41/v6.83.0/halo_cspl_RAM_revB2_29.85.0.wmfw
creating link cirrus/cs35l41-dsp1-spk-prot-103c8cdd-spkid1.bin -> cs35l41-dsp1-spk-prot-103c8cdd-spkid0.bin
creating link cirrus/cs35l41-dsp1-spk-prot-103c8a29.wmfw -> cs35l41/v6.61.1/halo_cspl_RAM_revB2_29.63.1.wmfw
creating link cirrus/cs35l41-dsp1-spk-prot-103c8a2a.wmfw -> cs35l41/v6.61.1/halo_cspl_RAM_revB2_29.63.1.wmfw
creating link cirrus/cs35l41-dsp1-spk-prot-103c8a2a-spkid0-l0.bin -> cs35l41-dsp1-spk-prot-103c8a29-spkid0-l0.bin
creating link cirrus/cs35l41-dsp1-spk-prot-103c8a2a-spkid0-r0.bin -> cs35l41-dsp1-spk-prot-103c8a29-spkid0-r0.bin
creating link cirrus/cs35l41-dsp1-spk-prot-103c8a2a-spkid1-l0.bin -> cs35l41-dsp1-spk-prot-103c8a29-spkid1-l0.bin
creating link cirrus/cs35l41-dsp1-spk-prot-103c8a2a-spkid1-r0.bin -> cs35l41-dsp1-spk-prot-103c8a29-spkid1-r0.bin
creating link cirrus/cs35l41-dsp1-spk-prot-103c8a2b.wmfw -> cs35l41/v6.61.1/halo_cspl_RAM_revB2_29.63.1.wmfw
creating link cirrus/cs35l41-dsp1-spk-prot-103c8a2b-spkid0-l0.bin -> cs35l41-dsp1-spk-prot-103c8a29-spkid0-l0.bin
creating link cirrus/cs35l41-dsp1-spk-prot-103c8a2b-spkid0-r0.bin -> cs35l41-dsp1-spk-prot-103c8a29-spkid0-r0.bin
creating link cirrus/cs35l41-dsp1-spk-prot-103c8a2b-spkid1-l0.bin -> cs35l41-dsp1-spk-prot-103c8a29-spkid1-l0.bin
creating link cirrus/cs35l41-dsp1-spk-prot-103c8a2b-spkid1-r0.bin -> cs35l41-dsp1-spk-prot-103c8a29-spkid1-r0.bin
creating link cirrus/cs35l41-dsp1-spk-prot-103c8a31.wmfw -> cs35l41/v6.61.1/halo_cspl_RAM_revB2_29.63.1.wmfw
creating link cirrus/cs35l41-dsp1-spk-prot-103c8a31-spkid0-l0.bin -> cs35l41-dsp1-spk-prot-103c8a29-spkid0-l0.bin
creating link cirrus/cs35l41-dsp1-spk-prot-103c8a31-spkid0-r0.bin -> cs35l41-dsp1-spk-prot-103c8a29-spkid0-r0.bin
creating link cirrus/cs35l41-dsp1-spk-prot-103c8a31-spkid1-l0.bin -> cs35l41-dsp1-spk-prot-103c8a29-spkid1-l0.bin
creating link cirrus/cs35l41-dsp1-spk-prot-103c8a31-spkid1-r0.bin -> cs35l41-dsp1-spk-prot-103c8a29-spkid1-r0.bin
creating link cirrus/cs35l41-dsp1-spk-prot-103c8be3.wmfw -> cs35l41/v6.61.1/halo_cspl_RAM_revB2_29.63.1.wmfw
creating link cirrus/cs35l41-dsp1-spk-prot-103c8be3-spkid0-l0.bin -> cs35l41-dsp1-spk-prot-103c8a29-spkid0-l0.bin
creating link cirrus/cs35l41-dsp1-spk-prot-103c8be3-spkid0-r0.bin -> cs35l41-dsp1-spk-prot-103c8a29-spkid0-r0.bin
creating link cirrus/cs35l41-dsp1-spk-prot-103c8be3-spkid1-l0.bin -> cs35l41-dsp1-spk-prot-103c8a29-spkid1-l0.bin
creating link cirrus/cs35l41-dsp1-spk-prot-103c8be3-spkid1-r0.bin -> cs35l41-dsp1-spk-prot-103c8a29-spkid1-r0.bin
creating link cirrus/cs35l41-dsp1-spk-prot-103c8b3a.wmfw -> cs35l41/v6.61.1/halo_cspl_RAM_revB2_29.63.1.wmfw
creating link cirrus/cs35l41-dsp1-spk-prot-103c8b3a-spkid0-l0.bin -> cs35l41-dsp1-spk-prot-103c8a29-spkid0-l0.bin
creating link cirrus/cs35l41-dsp1-spk-prot-103c8b3a-spkid0-r0.bin -> cs35l41-dsp1-spk-prot-103c8a29-spkid0-r0.bin
creating link cirrus/cs35l41-dsp1-spk-prot-103c8b3a-spkid1-l0.bin -> cs35l41-dsp1-spk-prot-103c8a29-spkid1-l0.bin
creating link cirrus/cs35l41-dsp1-spk-prot-103c8b3a-spkid1-r0.bin -> cs35l41-dsp1-spk-prot-103c8a29-spkid1-r0.bin
creating link cirrus/cs35l41-dsp1-spk-prot-103c8c15.wmfw -> cs35l41/v6.78.0/halo_cspl_RAM_revB2_29.80.0.wmfw
creating link cirrus/cs35l41-dsp1-spk-prot-103c8a28.wmfw -> cs35l41/v6.61.1/halo_cspl_RAM_revB2_29.63.1.wmfw
creating link cirrus/cs35l41-dsp1-spk-prot-103c8bdf.wmfw -> cs35l41/v6.61.1/halo_cspl_RAM_revB2_29.63.1.wmfw
creating link cirrus/cs35l41-dsp1-spk-prot-103c8be0.wmfw -> cs35l41/v6.61.1/halo_cspl_RAM_revB2_29.63.1.wmfw
creating link cirrus/cs35l41-dsp1-spk-prot-103c8be0-spkid0-l0.bin -> cs35l41-dsp1-spk-prot-103c8bdf-spkid0-l0.bin
creating link cirrus/cs35l41-dsp1-spk-prot-103c8be0-spkid0-r0.bin -> cs35l41-dsp1-spk-prot-103c8bdf-spkid0-r0.bin
creating link cirrus/cs35l41-dsp1-spk-prot-103c8be0-spkid1-l0.bin -> cs35l41-dsp1-spk-prot-103c8bdf-spkid1-l0.bin
creating link cirrus/cs35l41-dsp1-spk-prot-103c8be0-spkid1-r0.bin -> cs35l41-dsp1-spk-prot-103c8bdf-spkid1-r0.bin
creating link cirrus/cs35l41-dsp1-spk-prot-103c8be1.wmfw -> cs35l41/v6.61.1/halo_cspl_RAM_revB2_29.63.1.wmfw
creating link cirrus/cs35l41-dsp1-spk-prot-103c8be1-spkid0-l0.bin -> cs35l41-dsp1-spk-prot-103c8bdf-spkid0-l0.bin
creating link cirrus/cs35l41-dsp1-spk-prot-103c8be1-spkid0-r0.bin -> cs35l41-dsp1-spk-prot-103c8bdf-spkid0-r0.bin
creating link cirrus/cs35l41-dsp1-spk-prot-103c8be1-spkid1-l0.bin -> cs35l41-dsp1-spk-prot-103c8bdf-spkid1-l0.bin
creating link cirrus/cs35l41-dsp1-spk-prot-103c8be1-spkid1-r0.bin -> cs35l41-dsp1-spk-prot-103c8bdf-spkid1-r0.bin
creating link cirrus/cs35l41-dsp1-spk-prot-103c8be2.wmfw -> cs35l41/v6.61.1/halo_cspl_RAM_revB2_29.63.1.wmfw
creating link cirrus/cs35l41-dsp1-spk-prot-103c8be2-spkid0-l0.bin -> cs35l41-dsp1-spk-prot-103c8bdf-spkid0-l0.bin
creating link cirrus/cs35l41-dsp1-spk-prot-103c8be2-spkid0-r0.bin -> cs35l41-dsp1-spk-prot-103c8bdf-spkid0-r0.bin
creating link cirrus/cs35l41-dsp1-spk-prot-103c8be2-spkid1-l0.bin -> cs35l41-dsp1-spk-prot-103c8bdf-spkid1-l0.bin
creating link cirrus/cs35l41-dsp1-spk-prot-103c8be2-spkid1-r0.bin -> cs35l41-dsp1-spk-prot-103c8bdf-spkid1-r0.bin
creating link cirrus/cs35l41-dsp1-spk-prot-103c8c4f.wmfw -> cs35l41/v6.61.1/halo_cspl_RAM_revB2_29.63.1.wmfw
creating link cirrus/cs35l41-dsp1-spk-prot-103c8c4f-spkid0-l0.bin -> cs35l41-dsp1-spk-prot-103c8bdf-spkid0-l0.bin
creating link cirrus/cs35l41-dsp1-spk-prot-103c8c4f-spkid0-r0.bin -> cs35l41-dsp1-spk-prot-103c8bdf-spkid0-r0.bin
creating link cirrus/cs35l41-dsp1-spk-prot-103c8c4f-spkid1-l0.bin -> cs35l41-dsp1-spk-prot-103c8bdf-spkid1-l0.bin
creating link cirrus/cs35l41-dsp1-spk-prot-103c8c4f-spkid1-r0.bin -> cs35l41-dsp1-spk-prot-103c8bdf-spkid1-r0.bin
creating link cirrus/cs35l41-dsp1-spk-prot-103c8be9.wmfw -> cs35l41/v6.61.1/halo_cspl_RAM_revB2_29.63.1.wmfw
creating link cirrus/cs35l41-dsp1-spk-prot-103c8be9-spkid0-l0.bin -> cs35l41-dsp1-spk-prot-103c8bdf-spkid0-l0.bin
creating link cirrus/cs35l41-dsp1-spk-prot-103c8be9-spkid0-r0.bin -> cs35l41-dsp1-spk-prot-103c8bdf-spkid0-r0.bin
creating link cirrus/cs35l41-dsp1-spk-prot-103c8be9-spkid1-l0.bin -> cs35l41-dsp1-spk-prot-103c8bdf-spkid1-l0.bin
creating link cirrus/cs35l41-dsp1-spk-prot-103c8be9-spkid1-r0.bin -> cs35l41-dsp1-spk-prot-103c8bdf-spkid1-r0.bin
creating link cirrus/cs35l41-dsp1-spk-prot-103c8ad8.wmfw -> cs35l41/v6.61.1/halo_cspl_RAM_revB2_29.63.1.wmfw
creating link cirrus/cs35l41-dsp1-spk-prot-103c8ad8.bin -> cs35l41-dsp1-spk-prot-103c8972.bin
creating link cirrus/cs35l41-dsp1-spk-prot-103c8a6e.wmfw -> cs35l41/v6.68.0/halo_cspl_RAM_revB2_29.70.0.wmfw
creating link cirrus/cs35l41-dsp1-spk-prot-103c89e7.wmfw -> cs35l41/v6.56.0/halo_cspl_RAM_revB2_29.58.0.wmfw
creating link cirrus/cs35l41-dsp1-spk-prot-17aa3847.wmfw -> cs35l41/v6.39.0/halo_cspl_RAM_revB2_29.41.0.wmfw
creating link cirrus/cs35l41-dsp1-spk-prot-17aa3855.wmfw -> cs35l41/v6.47.0/halo_cspl_RAM_revB2_29.49.0.wmfw
creating link cirrus/cs35l41-dsp1-spk-prot-17aa38b4.wmfw -> cs35l41/v6.61.1/halo_cspl_RAM_revB2_29.63.1.wmfw
creating link cirrus/cs35l41-dsp1-spk-prot-17aa38b5.wmfw -> cs35l41/v6.61.1/halo_cspl_RAM_revB2_29.63.1.wmfw
creating link cirrus/cs35l41-dsp1-spk-prot-17aa38b6.wmfw -> cs35l41/v6.61.1/halo_cspl_RAM_revB2_29.63.1.wmfw
creating link cirrus/cs35l41-dsp1-spk-prot-17aa38b7.wmfw -> cs35l41/v6.61.1/halo_cspl_RAM_revB2_29.63.1.wmfw
creating link cirrus/cs35l41-dsp1-spk-prot-17aa38b5-spkid0-l0.bin -> cs35l41-dsp1-spk-prot-17aa38b4-spkid0-l0.bin
creating link cirrus/cs35l41-dsp1-spk-prot-17aa38b5-spkid0-r0.bin -> cs35l41-dsp1-spk-prot-17aa38b4-spkid0-r0.bin
creating link cirrus/cs35l41-dsp1-spk-prot-17aa38b5-spkid1-l0.bin -> cs35l41-dsp1-spk-prot-17aa38b4-spkid1-l0.bin
creating link cirrus/cs35l41-dsp1-spk-prot-17aa38b5-spkid1-r0.bin -> cs35l41-dsp1-spk-prot-17aa38b4-spkid1-r0.bin
creating link cirrus/cs35l41-dsp1-spk-prot-17aa38b6-spkid0-l0.bin -> cs35l41-dsp1-spk-prot-17aa38b4-spkid0-l0.bin
creating link cirrus/cs35l41-dsp1-spk-prot-17aa38b6-spkid0-r0.bin -> cs35l41-dsp1-spk-prot-17aa38b4-spkid0-r0.bin
creating link cirrus/cs35l41-dsp1-spk-prot-17aa38b6-spkid1-l0.bin -> cs35l41-dsp1-spk-prot-17aa38b4-spkid1-l0.bin
creating link cirrus/cs35l41-dsp1-spk-prot-17aa38b6-spkid1-r0.bin -> cs35l41-dsp1-spk-prot-17aa38b4-spkid1-r0.bin
creating link cirrus/cs35l41-dsp1-spk-prot-17aa38b7-spkid0-l0.bin -> cs35l41-dsp1-spk-prot-17aa38b4-spkid0-l0.bin
creating link cirrus/cs35l41-dsp1-spk-prot-17aa38b7-spkid0-r0.bin -> cs35l41-dsp1-spk-prot-17aa38b4-spkid0-r0.bin
creating link cirrus/cs35l41-dsp1-spk-prot-17aa38b7-spkid1-l0.bin -> cs35l41-dsp1-spk-prot-17aa38b4-spkid1-l0.bin
creating link cirrus/cs35l41-dsp1-spk-prot-17aa38b7-spkid1-r0.bin -> cs35l41-dsp1-spk-prot-17aa38b4-spkid1-r0.bin
creating link cirrus/cs35l41-dsp1-spk-prot-17aa22f1.wmfw -> cs35l41/v6.61.1/halo_cspl_RAM_revB2_29.63.1.wmfw
creating link cirrus/cs35l41-dsp1-spk-prot-17aa22f2.wmfw -> cs35l41/v6.61.1/halo_cspl_RAM_revB2_29.63.1.wmfw
creating link cirrus/cs35l41-dsp1-spk-prot-17aa22f3.wmfw -> cs35l41/v6.61.1/halo_cspl_RAM_revB2_29.63.1.wmfw
creating link cirrus/cs35l41-dsp1-spk-prot-17aa22f1-l0.bincfg -> cs35l41/bincfgs/cs35l41-dsp1-16_5dB.bincfg
creating link cirrus/cs35l41-dsp1-spk-prot-17aa22f1-r0.bincfg -> cs35l41/bincfgs/cs35l41-dsp1-16_5dB.bincfg
creating link cirrus/cs35l41-dsp1-spk-prot-17aa22f2-l0.bincfg -> cs35l41/bincfgs/cs35l41-dsp1-16_5dB.bincfg
creating link cirrus/cs35l41-dsp1-spk-prot-17aa22f2-r0.bincfg -> cs35l41/bincfgs/cs35l41-dsp1-16_5dB.bincfg
creating link cirrus/cs35l41-dsp1-spk-prot-17aa22f3-l0.bin -> cs35l41-dsp1-spk-prot-17aa22f2-l0.bin
creating link cirrus/cs35l41-dsp1-spk-prot-17aa22f3-r0.bin -> cs35l41-dsp1-spk-prot-17aa22f2-r0.bin
creating link cirrus/cs35l41-dsp1-spk-prot-17aa22f3-l0.bincfg -> cs35l41/bincfgs/cs35l41-dsp1-16_5dB.bincfg
creating link cirrus/cs35l41-dsp1-spk-prot-17aa22f3-r0.bincfg -> cs35l41/bincfgs/cs35l41-dsp1-16_5dB.bincfg
creating link cirrus/cs35l41-dsp1-spk-prot-17aa386f.wmfw -> cs35l41/v6.61.1/halo_cspl_RAM_revB2_29.63.1.wmfw
creating link cirrus/cs35l41-dsp1-spk-prot-17aa3877.wmfw -> cs35l41/v6.61.1/halo_cspl_RAM_revB2_29.63.1.wmfw
creating link cirrus/cs35l41-dsp1-spk-prot-17aa3878.wmfw -> cs35l41/v6.61.1/halo_cspl_RAM_revB2_29.63.1.wmfw
creating link cirrus/cs35l41-dsp1-spk-prot-17aa386e.wmfw -> cs35l41/v6.61.1/halo_cspl_RAM_revB2_29.63.1.wmfw
creating link cirrus/cs35l41-dsp1-spk-prot-104312af.wmfw -> cs35l41/v6.63.0/halo_cspl_RAM_revB2_29.65.0.wmfw
creating link cirrus/cs35l41-dsp1-spk-prot-10431a8f.wmfw -> cs35l41/v6.61.1/halo_cspl_RAM_revB2_29.63.1.wmfw
creating link cirrus/cs35l41-dsp1-spk-prot-10431e02.wmfw -> cs35l41/v6.61.1/halo_cspl_RAM_revB2_29.63.1.wmfw
creating link cirrus/cs35l41-dsp1-spk-prot-10431f12.wmfw -> cs35l41/v6.61.1/halo_cspl_RAM_revB2_29.63.1.wmfw
creating link cirrus/cs35l41-dsp1-spk-prot-10431a83.wmfw -> cs35l41/v6.61.1/halo_cspl_RAM_revB2_29.63.1.wmfw
creating link cirrus/cs35l41-dsp1-spk-prot-10431a83-spkid0-l0.bin -> cs35l41-dsp1-spk-prot-10431f12-spkid0-l0.bin
creating link cirrus/cs35l41-dsp1-spk-prot-10431a83-spkid0-r0.bin -> cs35l41-dsp1-spk-prot-10431f12-spkid0-r0.bin
creating link cirrus/cs35l41-dsp1-spk-prot-10431a83-spkid1-l0.bin -> cs35l41-dsp1-spk-prot-10431f12-spkid1-l0.bin
creating link cirrus/cs35l41-dsp1-spk-prot-10431a83-spkid1-r0.bin -> cs35l41-dsp1-spk-prot-10431f12-spkid1-r0.bin
creating link cirrus/cs35l41-dsp1-spk-prot-10431e12.wmfw -> cs35l41/v6.61.1/halo_cspl_RAM_revB2_29.63.1.wmfw
creating link cirrus/cs35l41-dsp1-spk-prot-10431683.wmfw -> cs35l41/v6.61.1/halo_cspl_RAM_revB2_29.63.1.wmfw
creating link cirrus/cs35l41-dsp1-spk-prot-10431683-spkid0-l0.bin -> cs35l41-dsp1-spk-prot-10431e12-spkid0-l0.bin
creating link cirrus/cs35l41-dsp1-spk-prot-10431683-spkid0-r0.bin -> cs35l41-dsp1-spk-prot-10431e12-spkid0-r0.bin
creating link cirrus/cs35l41-dsp1-spk-prot-10431683-spkid1-l0.bin -> cs35l41-dsp1-spk-prot-10431e12-spkid1-l0.bin
creating link cirrus/cs35l41-dsp1-spk-prot-10431683-spkid1-r0.bin -> cs35l41-dsp1-spk-prot-10431e12-spkid1-r0.bin
creating link cirrus/cs35l41-dsp1-spk-prot-104316a3.wmfw -> cs35l41/v6.61.1/halo_cspl_RAM_revB2_29.63.1.wmfw
creating link cirrus/cs35l41-dsp1-spk-prot-104316a3-spkid0-l0.bin -> cs35l41-dsp1-spk-prot-10431e12-spkid0-l0.bin
creating link cirrus/cs35l41-dsp1-spk-prot-104316a3-spkid0-r0.bin -> cs35l41-dsp1-spk-prot-10431e12-spkid0-r0.bin
creating link cirrus/cs35l41-dsp1-spk-prot-104316a3-spkid1-l0.bin -> cs35l41-dsp1-spk-prot-10431e12-spkid1-l0.bin
creating link cirrus/cs35l41-dsp1-spk-prot-104316a3-spkid1-r0.bin -> cs35l41-dsp1-spk-prot-10431e12-spkid1-r0.bin
creating link cirrus/cs35l41-dsp1-spk-prot-10431573.wmfw -> cs35l41/v6.61.1/halo_cspl_RAM_revB2_29.63.1.wmfw
creating link cirrus/cs35l41-dsp1-spk-prot-10431463.wmfw -> cs35l41/v6.61.1/halo_cspl_RAM_revB2_29.63.1.wmfw
creating link cirrus/cs35l41-dsp1-spk-prot-10431483.wmfw -> cs35l41/v6.61.1/halo_cspl_RAM_revB2_29.63.1.wmfw
creating link cirrus/cs35l41-dsp1-spk-prot-10431663.wmfw -> cs35l41/v6.61.1/halo_cspl_RAM_revB2_29.63.1.wmfw
creating link cirrus/cs35l41-dsp1-spk-prot-10431473.wmfw -> cs35l41/v6.61.1/halo_cspl_RAM_revB2_29.63.1.wmfw
creating link cirrus/cs35l41-dsp1-spk-prot-10431493.wmfw -> cs35l41/v6.61.1/halo_cspl_RAM_revB2_29.63.1.wmfw
creating link cirrus/cs35l41-dsp1-spk-prot-10431533.wmfw -> cs35l41/v6.61.1/halo_cspl_RAM_revB2_29.63.1.wmfw
creating link cirrus/cs35l41-dsp1-spk-prot-10431433.wmfw -> cs35l41/v6.61.1/halo_cspl_RAM_revB2_29.63.1.wmfw
creating link cirrus/cs35l41-dsp1-spk-prot-10431caf.wmfw -> cs35l41/v6.61.1/halo_cspl_RAM_revB2_29.63.1.wmfw
creating link cirrus/cs35l41-dsp1-spk-prot-10431cef.wmfw -> cs35l41/v6.61.1/halo_cspl_RAM_revB2_29.63.1.wmfw
creating link cirrus/cs35l41-dsp1-spk-prot-104314d3.wmfw -> cs35l41/v6.61.1/halo_cspl_RAM_revB2_29.63.1.wmfw
creating link cirrus/cs35l41-dsp1-spk-prot-10431c9f.wmfw -> cs35l41/v6.61.1/halo_cspl_RAM_revB2_29.63.1.wmfw
creating link cirrus/cs35l41-dsp1-spk-prot-10431cdf.wmfw -> cs35l41/v6.61.1/halo_cspl_RAM_revB2_29.63.1.wmfw
creating link cirrus/cs35l41-dsp1-spk-prot-10431ccf.wmfw -> cs35l41/v6.61.1/halo_cspl_RAM_revB2_29.63.1.wmfw
creating link cirrus/cs35l41-dsp1-spk-prot-10431503.wmfw -> cs35l41/v6.78.0/halo_cspl_RAM_revB2_29.80.0.wmfw
creating link cirrus/cs35l41-dsp1-spk-prot-104314e3.wmfw -> cs35l41/v6.78.0/halo_cspl_RAM_revB2_29.80.0.wmfw
creating link cirrus/cs35l41-dsp1-spk-prot-10431d1f.wmfw -> cs35l41/v6.78.0/halo_cspl_RAM_revB2_29.80.0.wmfw
creating link cirrus/cs35l41-dsp1-spk-prot-104317f3.wmfw -> cs35l41/v6.61.1/halo_cspl_RAM_revB2_29.63.1.wmfw
creating link cirrus/cs35l41-dsp1-spk-prot-10431483-l0.bincfg -> cs35l41/bincfgs/cs35l41-dsp1-14_5dB.bincfg
creating link cirrus/cs35l41-dsp1-spk-prot-10431483-r0.bincfg -> cs35l41/bincfgs/cs35l41-dsp1-14_5dB.bincfg
creating link cirrus/cs35l41-dsp1-spk-prot-10431473-l0.bincfg -> cs35l41/bincfgs/cs35l41-dsp1-14_5dB.bincfg
creating link cirrus/cs35l41-dsp1-spk-prot-10431473-r0.bincfg -> cs35l41/bincfgs/cs35l41-dsp1-14_5dB.bincfg
creating link cirrus/cs35l41-dsp1-spk-prot-10431433-spkid0-l0.bincfg -> cs35l41/bincfgs/cs35l41-dsp1-14_5dB.bincfg
creating link cirrus/cs35l41-dsp1-spk-prot-10431433-spkid0-r0.bincfg -> cs35l41/bincfgs/cs35l41-dsp1-14_5dB.bincfg
creating link cirrus/cs35l41-dsp1-spk-prot-10431433-spkid1-l0.bincfg -> cs35l41/bincfgs/cs35l41-dsp1-14_5dB.bincfg
creating link cirrus/cs35l41-dsp1-spk-prot-10431433-spkid1-r0.bincfg -> cs35l41/bincfgs/cs35l41-dsp1-14_5dB.bincfg
creating link cirrus/cs35l41-dsp1-spk-prot-104317f3-spkid0-l0.bincfg -> cs35l41/bincfgs/cs35l41-dsp1-16_5dB.bincfg
creating link cirrus/cs35l41-dsp1-spk-prot-104317f3-spkid0-r0.bincfg -> cs35l41/bincfgs/cs35l41-dsp1-16_5dB.bincfg
creating link cirrus/cs35l41-dsp1-spk-prot-10431663-l0.bin -> cs35l41-dsp1-spk-prot-10431483-l0.bin
creating link cirrus/cs35l41-dsp1-spk-prot-10431663-r0.bin -> cs35l41-dsp1-spk-prot-10431483-r0.bin
creating link cirrus/cs35l41-dsp1-spk-prot-10431663-l0.bincfg -> cs35l41/bincfgs/cs35l41-dsp1-14_5dB.bincfg
creating link cirrus/cs35l41-dsp1-spk-prot-10431663-r0.bincfg -> cs35l41/bincfgs/cs35l41-dsp1-14_5dB.bincfg
creating link cirrus/cs35l41-dsp1-spk-prot-104314d3-spkid0-l0.bin -> cs35l41-dsp1-spk-prot-10431c9f-spkid0-l0.bin
creating link cirrus/cs35l41-dsp1-spk-prot-104314d3-spkid0-r0.bin -> cs35l41-dsp1-spk-prot-10431c9f-spkid0-r0.bin
creating link cirrus/cs35l41-dsp1-spk-prot-104314d3-spkid1-l0.bin -> cs35l41-dsp1-spk-prot-10431c9f-spkid1-l0.bin
creating link cirrus/cs35l41-dsp1-spk-prot-104314d3-spkid1-r0.bin -> cs35l41-dsp1-spk-prot-10431c9f-spkid1-r0.bin
creating link cirrus/cs35l41-dsp1-spk-prot-10431cdf-spkid0-l0.bin -> cs35l41-dsp1-spk-prot-10431ccf-spkid0-l0.bin
creating link cirrus/cs35l41-dsp1-spk-prot-10431cdf-spkid0-r0.bin -> cs35l41-dsp1-spk-prot-10431ccf-spkid0-r0.bin
creating link cirrus/cs35l41-dsp1-spk-prot-10431cdf-spkid1-l0.bin -> cs35l41-dsp1-spk-prot-10431ccf-spkid1-l0.bin
creating link cirrus/cs35l41-dsp1-spk-prot-10431cdf-spkid1-r0.bin -> cs35l41-dsp1-spk-prot-10431ccf-spkid1-r0.bin
creating link cirrus/cs35l41-dsp1-spk-prot-104314e3-spkid0-l0.bin -> cs35l41-dsp1-spk-prot-10431503-spkid0-l0.bin
creating link cirrus/cs35l41-dsp1-spk-prot-104314e3-spkid0-r0.bin -> cs35l41-dsp1-spk-prot-10431503-spkid0-r0.bin
creating link cirrus/cs35l41-dsp1-spk-prot-104314e3-spkid1-l0.bin -> cs35l41-dsp1-spk-prot-10431503-spkid1-l0.bin
creating link cirrus/cs35l41-dsp1-spk-prot-104314e3-spkid1-r0.bin -> cs35l41-dsp1-spk-prot-10431503-spkid1-r0.bin
creating link cirrus/cs35l41-dsp1-spk-prot-10431d1f-spkid0-l0.bin -> cs35l41-dsp1-spk-prot-10431503-spkid0-l0.bin
creating link cirrus/cs35l41-dsp1-spk-prot-10431d1f-spkid0-r0.bin -> cs35l41-dsp1-spk-prot-10431503-spkid0-r0.bin
creating link cirrus/cs35l41-dsp1-spk-prot-10431d1f-spkid1-l0.bin -> cs35l41-dsp1-spk-prot-10431503-spkid1-l0.bin
creating link cirrus/cs35l41-dsp1-spk-prot-10431d1f-spkid1-r0.bin -> cs35l41-dsp1-spk-prot-10431503-spkid1-r0.bin
creating link cirrus/cs35l41-dsp1-spk-prot-10431b93.wmfw -> cs35l41/v6.61.1/halo_cspl_RAM_revB2_29.63.1.wmfw
creating link cirrus/cs35l41-dsp1-spk-prot-10433a20.wmfw -> cs35l41/v6.61.1/halo_cspl_RAM_revB2_29.63.1.wmfw
creating link cirrus/cs35l41-dsp1-spk-prot-10433a30.wmfw -> cs35l41/v6.61.1/halo_cspl_RAM_revB2_29.63.1.wmfw
creating link cirrus/cs35l41-dsp1-spk-prot-10433a40.wmfw -> cs35l41/v6.61.1/halo_cspl_RAM_revB2_29.63.1.wmfw
creating link cirrus/cs35l41-dsp1-spk-prot-10433a50.wmfw -> cs35l41/v6.61.1/halo_cspl_RAM_revB2_29.63.1.wmfw
creating link cirrus/cs35l41-dsp1-spk-prot-10433a60.wmfw -> cs35l41/v6.61.1/halo_cspl_RAM_revB2_29.63.1.wmfw
creating link cirrus/cs35l41-dsp1-spk-prot-10433a20-spkid0-l0.bin -> cs35l41-dsp1-spk-prot-10431b93-spkid0-l0.bin
creating link cirrus/cs35l41-dsp1-spk-prot-10433a20-spkid0-r0.bin -> cs35l41-dsp1-spk-prot-10431b93-spkid0-r0.bin
creating link cirrus/cs35l41-dsp1-spk-prot-10433a20-spkid1-l0.bin -> cs35l41-dsp1-spk-prot-10431b93-spkid1-l0.bin
creating link cirrus/cs35l41-dsp1-spk-prot-10433a20-spkid1-r0.bin -> cs35l41-dsp1-spk-prot-10431b93-spkid1-r0.bin
creating link cirrus/cs35l41-dsp1-spk-prot-10433a40-spkid0-l0.bin -> cs35l41-dsp1-spk-prot-10433a30-spkid0-l0.bin
creating link cirrus/cs35l41-dsp1-spk-prot-10433a40-spkid0-r0.bin -> cs35l41-dsp1-spk-prot-10433a30-spkid0-r0.bin
creating link cirrus/cs35l41-dsp1-spk-prot-10433a40-spkid1-l0.bin -> cs35l41-dsp1-spk-prot-10433a30-spkid1-l0.bin
creating link cirrus/cs35l41-dsp1-spk-prot-10433a40-spkid1-r0.bin -> cs35l41-dsp1-spk-prot-10433a30-spkid1-r0.bin
creating link cirrus/cs35l41-dsp1-spk-prot-10431c33.wmfw -> cs35l41/v6.61.1/halo_cspl_RAM_revB2_29.63.1.wmfw
creating link cirrus/cs35l41-dsp1-spk-prot-10431c03.wmfw -> cs35l41/v6.83.0/halo_cspl_RAM_revB2_29.85.0.wmfw
creating link cirrus/cs35l41-dsp1-spk-prot-10431a63.wmfw -> cs35l41/v6.83.0/halo_cspl_RAM_revB2_29.85.0.wmfw
creating link cirrus/cs35l41-dsp1-spk-prot-10431c43.wmfw -> cs35l41/v6.83.0/halo_cspl_RAM_revB2_29.85.0.wmfw
creating link cirrus/cs35l41-dsp1-spk-prot-10431c03-spkid0-l0.bincfg -> cs35l41/bincfgs/cs35l41-dsp1-19_5dB.bincfg
creating link cirrus/cs35l41-dsp1-spk-prot-10431c03-spkid0-r0.bincfg -> cs35l41/bincfgs/cs35l41-dsp1-19_5dB.bincfg
creating link cirrus/cs35l41-dsp1-spk-prot-10431c03-spkid1-l0.bincfg -> cs35l41/bincfgs/cs35l41-dsp1-19_5dB.bincfg
creating link cirrus/cs35l41-dsp1-spk-prot-10431c03-spkid1-r0.bincfg -> cs35l41/bincfgs/cs35l41-dsp1-19_5dB.bincfg
creating link cirrus/cs35l41-dsp1-spk-prot-10431a63-spkid0-l0.bincfg -> cs35l41/bincfgs/cs35l41-dsp1-19_5dB.bincfg
creating link cirrus/cs35l41-dsp1-spk-prot-10431a63-spkid0-r0.bincfg -> cs35l41/bincfgs/cs35l41-dsp1-19_5dB.bincfg
creating link cirrus/cs35l41-dsp1-spk-prot-10431a63-spkid1-l0.bincfg -> cs35l41/bincfgs/cs35l41-dsp1-19_5dB.bincfg
creating link cirrus/cs35l41-dsp1-spk-prot-10431a63-spkid1-r0.bincfg -> cs35l41/bincfgs/cs35l41-dsp1-19_5dB.bincfg
creating link cirrus/cs35l41-dsp1-spk-prot-10431ee2.wmfw -> cs35l41/v6.61.1/halo_cspl_RAM_revB2_29.63.1.wmfw
creating link cirrus/cs35l41-dsp1-spk-prot-10431da2.wmfw -> cs35l41/v6.61.1/halo_cspl_RAM_revB2_29.63.1.wmfw
creating link cirrus/cs35l41-dsp1-spk-prot-10431f62.wmfw -> cs35l41/v6.61.1/halo_cspl_RAM_revB2_29.63.1.wmfw
creating link cirrus/cs35l41-dsp1-spk-prot-10431f1f.wmfw -> cs35l41/v6.61.1/halo_cspl_RAM_revB2_29.63.1.wmfw
creating link cirrus/cs35l41-dsp1-spk-prot-104316d3.wmfw -> cs35l41/v6.61.1/halo_cspl_RAM_revB2_29.63.1.wmfw
creating link cirrus/cs35l41-dsp1-spk-prot-104316f3.wmfw -> cs35l41/v6.61.1/halo_cspl_RAM_revB2_29.63.1.wmfw
creating link cirrus/cs35l41-dsp1-spk-prot-10431863.wmfw -> cs35l41/v6.61.1/halo_cspl_RAM_revB2_29.63.1.wmfw
creating link cirrus/cs35l41-dsp1-spk-prot-104318d3.wmfw -> cs35l41/v6.61.1/halo_cspl_RAM_revB2_29.63.1.wmfw
creating link cirrus/cs35l41-dsp1-spk-prot-10431ed3.wmfw -> cs35l41/v6.83.0/halo_cspl_RAM_revB2_29.85.0.wmfw
creating link cirrus/cs35l41-dsp1-spk-prot-104330c1.wmfw -> cs35l41/v6.83.0/halo_cspl_RAM_revB2_29.85.0.wmfw
creating link cirrus/cs35l41-dsp1-spk-prot-104331e1.wmfw -> cs35l41/v6.83.0/halo_cspl_RAM_revB2_29.85.0.wmfw
creating link cirrus/cs35l41-dsp1-spk-prot-104330e1.wmfw -> cs35l41/v6.83.0/halo_cspl_RAM_revB2_29.85.0.wmfw
creating link cirrus/cs35l41-dsp1-spk-prot-104331f1.wmfw -> cs35l41/v6.83.0/halo_cspl_RAM_revB2_29.85.0.wmfw
creating link cirrus/cs35l41-dsp1-spk-prot-10433011.wmfw -> cs35l41/v6.83.0/halo_cspl_RAM_revB2_29.85.0.wmfw
creating link cirrus/cs35l41-dsp1-spk-prot-10433fd0.wmfw -> cs35l41/v6.83.0/halo_cspl_RAM_revB2_29.85.0.wmfw
creating link cirrus/cs35l41-dsp1-spk-prot-104330c1-spkid1-l0.bin -> cs35l41-dsp1-spk-prot-104330c1-spkid0-l0.bin
creating link cirrus/cs35l41-dsp1-spk-prot-104330c1-spkid1-r0.bin -> cs35l41-dsp1-spk-prot-104330c1-spkid0-r0.bin
creating link cirrus/cs35l41-dsp1-spk-prot-104331e1-spkid0-l0.bin -> cs35l41-dsp1-spk-prot-104330c1-spkid0-l0.bin
creating link cirrus/cs35l41-dsp1-spk-prot-104331e1-spkid0-r0.bin -> cs35l41-dsp1-spk-prot-104330c1-spkid0-r0.bin
creating link cirrus/cs35l41-dsp1-spk-prot-104331e1-spkid1-l0.bin -> cs35l41-dsp1-spk-prot-104330c1-spkid0-l0.bin
creating link cirrus/cs35l41-dsp1-spk-prot-104331e1-spkid1-r0.bin -> cs35l41-dsp1-spk-prot-104330c1-spkid0-r0.bin
creating link cirrus/cs35l41-dsp1-spk-prot-104330e1-spkid0-l0.bin -> cs35l41-dsp1-spk-prot-104330c1-spkid0-l0.bin
creating link cirrus/cs35l41-dsp1-spk-prot-104330e1-spkid0-r0.bin -> cs35l41-dsp1-spk-prot-104330c1-spkid0-r0.bin
creating link cirrus/cs35l41-dsp1-spk-prot-104330e1-spkid1-l0.bin -> cs35l41-dsp1-spk-prot-104330c1-spkid0-l0.bin
creating link cirrus/cs35l41-dsp1-spk-prot-104330e1-spkid1-r0.bin -> cs35l41-dsp1-spk-prot-104330c1-spkid0-r0.bin
creating link cirrus/cs35l41-dsp1-spk-prot-104331f1-spkid0-l0.bin -> cs35l41-dsp1-spk-prot-104330c1-spkid0-l0.bin
creating link cirrus/cs35l41-dsp1-spk-prot-104331f1-spkid0-r0.bin -> cs35l41-dsp1-spk-prot-104330c1-spkid0-r0.bin
creating link cirrus/cs35l41-dsp1-spk-prot-104331f1-spkid1-l0.bin -> cs35l41-dsp1-spk-prot-104330c1-spkid0-l0.bin
creating link cirrus/cs35l41-dsp1-spk-prot-104331f1-spkid1-r0.bin -> cs35l41-dsp1-spk-prot-104330c1-spkid0-r0.bin
creating link cirrus/cs35l41-dsp1-spk-prot-10433011-spkid0-l0.bin -> cs35l41-dsp1-spk-prot-104330c1-spkid0-l0.bin
creating link cirrus/cs35l41-dsp1-spk-prot-10433011-spkid0-r0.bin -> cs35l41-dsp1-spk-prot-104330c1-spkid0-r0.bin
creating link cirrus/cs35l41-dsp1-spk-prot-10433011-spkid1-l0.bin -> cs35l41-dsp1-spk-prot-104330c1-spkid0-l0.bin
creating link cirrus/cs35l41-dsp1-spk-prot-10433011-spkid1-r0.bin -> cs35l41-dsp1-spk-prot-104330c1-spkid0-r0.bin
creating link cirrus/cs35l41-dsp1-spk-prot-10433fd0-spkid0-l0.bin -> cs35l41-dsp1-spk-prot-104330c1-spkid0-l0.bin
creating link cirrus/cs35l41-dsp1-spk-prot-10433fd0-spkid0-r0.bin -> cs35l41-dsp1-spk-prot-104330c1-spkid0-r0.bin
creating link cirrus/cs35l41-dsp1-spk-prot-10433fd0-spkid1-l0.bin -> cs35l41-dsp1-spk-prot-104330c1-spkid0-l0.bin
creating link cirrus/cs35l41-dsp1-spk-prot-10433fd0-spkid1-r0.bin -> cs35l41-dsp1-spk-prot-104330c1-spkid0-r0.bin
creating link cirrus/cs35l41-dsp1-spk-prot-10433071.wmfw -> cs35l41/v6.83.0/halo_cspl_RAM_revB2_29.85.0.wmfw
creating link cirrus/cs35l41-dsp1-spk-prot-104330d1.wmfw -> cs35l41/v6.83.0/halo_cspl_RAM_revB2_29.85.0.wmfw
creating link cirrus/cs35l41-dsp1-spk-prot-10433ff0.wmfw -> cs35l41/v6.83.0/halo_cspl_RAM_revB2_29.85.0.wmfw
creating link cirrus/cs35l41-dsp1-spk-prot-10433071-spkid1-l0.bin -> cs35l41-dsp1-spk-prot-10433071-spkid0-l0.bin
creating link cirrus/cs35l41-dsp1-spk-prot-10433071-spkid1-r0.bin -> cs35l41-dsp1-spk-prot-10433071-spkid0-r0.bin
creating link cirrus/cs35l41-dsp1-spk-prot-104330d1-spkid0-l0.bin -> cs35l41-dsp1-spk-prot-10433071-spkid0-l0.bin
creating link cirrus/cs35l41-dsp1-spk-prot-104330d1-spkid0-r0.bin -> cs35l41-dsp1-spk-prot-10433071-spkid0-r0.bin
creating link cirrus/cs35l41-dsp1-spk-prot-104330d1-spkid1-l0.bin -> cs35l41-dsp1-spk-prot-10433071-spkid0-l0.bin
creating link cirrus/cs35l41-dsp1-spk-prot-104330d1-spkid1-r0.bin -> cs35l41-dsp1-spk-prot-10433071-spkid0-r0.bin
creating link cirrus/cs35l41-dsp1-spk-prot-10433ff0-spkid0-l0.bin -> cs35l41-dsp1-spk-prot-10433071-spkid0-l0.bin
creating link cirrus/cs35l41-dsp1-spk-prot-10433ff0-spkid0-r0.bin -> cs35l41-dsp1-spk-prot-10433071-spkid0-r0.bin
creating link cirrus/cs35l41-dsp1-spk-prot-10433ff0-spkid1-l0.bin -> cs35l41-dsp1-spk-prot-10433071-spkid0-l0.bin
creating link cirrus/cs35l41-dsp1-spk-prot-10433ff0-spkid1-r0.bin -> cs35l41-dsp1-spk-prot-10433071-spkid0-r0.bin
creating link cirrus/cs35l41-dsp1-spk-prot-10433061.wmfw -> cs35l41/v6.83.0/halo_cspl_RAM_revB2_29.85.0.wmfw
creating link cirrus/cs35l41-dsp1-spk-prot-104312b4.wmfw -> cs35l41/v6.83.0/halo_cspl_RAM_revB2_29.85.0.wmfw
creating link cirrus/cs35l41-dsp1-spk-prot-10431294.wmfw -> cs35l41/v6.83.0/halo_cspl_RAM_revB2_29.85.0.wmfw
creating link cirrus/cs35l41-dsp1-spk-prot-10433061-spkid1-l0.bin -> cs35l41-dsp1-spk-prot-10433061-spkid0-l0.bin
creating link cirrus/cs35l41-dsp1-spk-prot-10433061-spkid1-r0.bin -> cs35l41-dsp1-spk-prot-10433061-spkid0-r0.bin
creating link cirrus/cs35l41-dsp1-spk-prot-104312b4-spkid0-l0.bin -> cs35l41-dsp1-spk-prot-10433061-spkid0-l0.bin
creating link cirrus/cs35l41-dsp1-spk-prot-104312b4-spkid0-r0.bin -> cs35l41-dsp1-spk-prot-10433061-spkid0-r0.bin
creating link cirrus/cs35l41-dsp1-spk-prot-104312b4-spkid1-l0.bin -> cs35l41-dsp1-spk-prot-10433061-spkid0-l0.bin
creating link cirrus/cs35l41-dsp1-spk-prot-104312b4-spkid1-r0.bin -> cs35l41-dsp1-spk-prot-10433061-spkid0-r0.bin
creating link cirrus/cs35l41-dsp1-spk-prot-10431294-spkid0-l0.bin -> cs35l41-dsp1-spk-prot-10433061-spkid0-l0.bin
creating link cirrus/cs35l41-dsp1-spk-prot-10431294-spkid0-r0.bin -> cs35l41-dsp1-spk-prot-10433061-spkid0-r0.bin
creating link cirrus/cs35l41-dsp1-spk-prot-10431294-spkid1-l0.bin -> cs35l41-dsp1-spk-prot-10433061-spkid0-l0.bin
creating link cirrus/cs35l41-dsp1-spk-prot-10431294-spkid1-r0.bin -> cs35l41-dsp1-spk-prot-10433061-spkid0-r0.bin
creating link cirrus/cs35l41-dsp1-spk-prot-10431f63.wmfw -> cs35l41/v6.83.0/halo_cspl_RAM_revB2_29.85.0.wmfw
creating link cirrus/cs35l41-dsp1-spk-prot-10431fb3.wmfw -> cs35l41/v6.83.0/halo_cspl_RAM_revB2_29.85.0.wmfw
creating link cirrus/cs35l41-dsp1-spk-prot-10431194.wmfw -> cs35l41/v6.83.0/halo_cspl_RAM_revB2_29.85.0.wmfw
creating link cirrus/cs35l41-dsp1-spk-prot-10433e20.wmfw -> cs35l41/v6.83.0/halo_cspl_RAM_revB2_29.85.0.wmfw
creating link cirrus/cs35l41-dsp1-spk-prot-10433e00.wmfw -> cs35l41/v6.83.0/halo_cspl_RAM_revB2_29.85.0.wmfw
creating link cirrus/cs35l41-dsp1-spk-prot-10431074.wmfw -> cs35l41/v6.83.0/halo_cspl_RAM_revB2_29.85.0.wmfw
creating link cirrus/cs35l41-dsp1-spk-prot-10431054.wmfw -> cs35l41/v6.83.0/halo_cspl_RAM_revB2_29.85.0.wmfw
creating link cirrus/cs35l41-dsp1-spk-prot-10433e00-spkid0-l0.bin -> cs35l41-dsp1-spk-prot-10433e20-spkid0-l0.bin
creating link cirrus/cs35l41-dsp1-spk-prot-10433e00-spkid0-r0.bin -> cs35l41-dsp1-spk-prot-10433e20-spkid0-r0.bin
creating link cirrus/cs35l41-dsp1-spk-prot-10433e00-spkid1-l0.bin -> cs35l41-dsp1-spk-prot-10433e20-spkid1-l0.bin
creating link cirrus/cs35l41-dsp1-spk-prot-10433e00-spkid1-r0.bin -> cs35l41-dsp1-spk-prot-10433e20-spkid1-r0.bin
creating link cirrus/cs35l41-dsp1-spk-prot-10431054-spkid0-l0.bin -> cs35l41-dsp1-spk-prot-10431074-spkid0-l0.bin
creating link cirrus/cs35l41-dsp1-spk-prot-10431054-spkid0-r0.bin -> cs35l41-dsp1-spk-prot-10431074-spkid0-r0.bin
creating link cirrus/cs35l41-dsp1-spk-prot-10431054-spkid1-l0.bin -> cs35l41-dsp1-spk-prot-10431074-spkid1-l0.bin
creating link cirrus/cs35l41-dsp1-spk-prot-10431054-spkid1-r0.bin -> cs35l41-dsp1-spk-prot-10431074-spkid1-r0.bin
creating link cirrus/cs35l41-dsp1-spk-prot-10433d78.wmfw -> cs35l41/v6.83.0/halo_cspl_RAM_revB2_29.85.0.wmfw
creating link cirrus/cs35l41-dsp1-spk-prot-10433d88.wmfw -> cs35l41/v6.83.0/halo_cspl_RAM_revB2_29.85.0.wmfw
creating link cirrus/cs35l41-dsp1-spk-prot-10433d78-l0.bincfg -> cs35l41/bincfgs/cs35l41-dsp1-14_5dB.bincfg
creating link cirrus/cs35l41-dsp1-spk-prot-10433d78-r0.bincfg -> cs35l41/bincfgs/cs35l41-dsp1-14_5dB.bincfg
creating link cirrus/cs35l41-dsp1-spk-prot-10433d88-l0.bin -> cs35l41-dsp1-spk-prot-10433d78-l0.bin
creating link cirrus/cs35l41-dsp1-spk-prot-10433d88-r0.bin -> cs35l41-dsp1-spk-prot-10433d78-r0.bin
creating link cirrus/cs35l41-dsp1-spk-prot-10433d88-l0.bincfg -> cs35l41/bincfgs/cs35l41-dsp1-14_5dB.bincfg
creating link cirrus/cs35l41-dsp1-spk-prot-10433d88-r0.bincfg -> cs35l41/bincfgs/cs35l41-dsp1-14_5dB.bincfg
creating link cirrus/cs35l41-dsp1-spk-prot-104388f4.wmfw -> cs35l41/v6.83.0/halo_cspl_RAM_revB2_29.85.0.wmfw
creating link cirrus/cs35l41-dsp1-spk-prot-10431454.wmfw -> cs35l41/v6.83.0/halo_cspl_RAM_revB2_29.85.0.wmfw
creating link cirrus/cs35l41-dsp1-spk-prot-10433391.wmfw -> cs35l41/v6.83.0/halo_cspl_RAM_revB2_29.85.0.wmfw
creating link cirrus/cs35l41-dsp1-spk-prot-10433391-spkid0-l0.bin -> cs35l41-dsp1-spk-prot-10431454-spkid0-l0.bin
creating link cirrus/cs35l41-dsp1-spk-prot-10433391-spkid0-r0.bin -> cs35l41-dsp1-spk-prot-10431454-spkid0-r0.bin
creating link cirrus/cs35l41-dsp1-spk-prot-10433391-spkid1-l0.bin -> cs35l41-dsp1-spk-prot-10431454-spkid1-l0.bin
creating link cirrus/cs35l41-dsp1-spk-prot-10433391-spkid1-r0.bin -> cs35l41-dsp1-spk-prot-10431454-spkid1-r0.bin
creating link cirrus/cs35l41-dsp1-spk-prot-10431584.wmfw -> cs35l41/v6.83.0/halo_cspl_RAM_revB2_29.85.0.wmfw
creating link cirrus/cs35l41-dsp1-spk-prot-17aa2316.wmfw -> cs35l41/v6.61.1/halo_cspl_RAM_revB2_29.63.1.wmfw
creating link cirrus/cs35l41-dsp1-spk-prot-17aa2317.wmfw -> cs35l41/v6.61.1/halo_cspl_RAM_revB2_29.63.1.wmfw
creating link cirrus/cs35l41-dsp1-spk-prot-17aa2317-spkid0-l0.bin -> cs35l41-dsp1-spk-prot-17aa2316-spkid0-l0.bin
creating link cirrus/cs35l41-dsp1-spk-prot-17aa2317-spkid0-r0.bin -> cs35l41-dsp1-spk-prot-17aa2316-spkid0-r0.bin
creating link cirrus/cs35l41-dsp1-spk-prot-17aa2317-spkid1-l0.bin -> cs35l41-dsp1-spk-prot-17aa2316-spkid1-l0.bin
creating link cirrus/cs35l41-dsp1-spk-prot-17aa2317-spkid1-r0.bin -> cs35l41-dsp1-spk-prot-17aa2316-spkid1-r0.bin
creating link cirrus/cs35l41-dsp1-spk-prot-17aa2318.wmfw -> cs35l41/v6.61.1/halo_cspl_RAM_revB2_29.63.1.wmfw
creating link cirrus/cs35l41-dsp1-spk-prot-17aa2319.wmfw -> cs35l41/v6.61.1/halo_cspl_RAM_revB2_29.63.1.wmfw
creating link cirrus/cs35l41-dsp1-spk-prot-17aa231a.wmfw -> cs35l41/v6.61.1/halo_cspl_RAM_revB2_29.63.1.wmfw
creating link cirrus/cs35l41-dsp1-spk-prot-17aa2318-l0.bin -> cs35l41-dsp1-spk-prot-17aa22f1-l0.bin
creating link cirrus/cs35l41-dsp1-spk-prot-17aa2318-r0.bin -> cs35l41-dsp1-spk-prot-17aa22f1-r0.bin
creating link cirrus/cs35l41-dsp1-spk-prot-17aa2318-l0.bincfg -> cs35l41/bincfgs/cs35l41-dsp1-16_5dB.bincfg
creating link cirrus/cs35l41-dsp1-spk-prot-17aa2318-r0.bincfg -> cs35l41/bincfgs/cs35l41-dsp1-16_5dB.bincfg
creating link cirrus/cs35l41-dsp1-spk-prot-17aa2319-l0.bin -> cs35l41-dsp1-spk-prot-17aa22f2-l0.bin
creating link cirrus/cs35l41-dsp1-spk-prot-17aa2319-r0.bin -> cs35l41-dsp1-spk-prot-17aa22f2-r0.bin
creating link cirrus/cs35l41-dsp1-spk-prot-17aa2319-l0.bincfg -> cs35l41/bincfgs/cs35l41-dsp1-16_5dB.bincfg
creating link cirrus/cs35l41-dsp1-spk-prot-17aa2319-r0.bincfg -> cs35l41/bincfgs/cs35l41-dsp1-16_5dB.bincfg
creating link cirrus/cs35l41-dsp1-spk-prot-17aa231a-l0.bin -> cs35l41-dsp1-spk-prot-17aa22f2-l0.bin
creating link cirrus/cs35l41-dsp1-spk-prot-17aa231a-r0.bin -> cs35l41-dsp1-spk-prot-17aa22f2-r0.bin
creating link cirrus/cs35l41-dsp1-spk-prot-17aa231a-l0.bincfg -> cs35l41/bincfgs/cs35l41-dsp1-16_5dB.bincfg
creating link cirrus/cs35l41-dsp1-spk-prot-17aa231a-r0.bincfg -> cs35l41/bincfgs/cs35l41-dsp1-16_5dB.bincfg
creating link cirrus/cs35l41-dsp1-spk-prot-17aa38a9.wmfw -> cs35l41/v6.61.1/halo_cspl_RAM_revB2_29.63.1.wmfw
creating link cirrus/cs35l41-dsp1-spk-prot-17aa38ab.wmfw -> cs35l41/v6.61.1/halo_cspl_RAM_revB2_29.63.1.wmfw
creating link cirrus/cs35l41-dsp1-spk-prot-17aa38a9-spkid1-l0.bin -> cs35l41-dsp1-spk-prot-17aa38a9-spkid0-l0.bin
creating link cirrus/cs35l41-dsp1-spk-prot-17aa38a9-spkid1-r0.bin -> cs35l41-dsp1-spk-prot-17aa38a9-spkid0-r0.bin
creating link cirrus/cs35l41-dsp1-spk-prot-17aa38ab-spkid1-l0.bin -> cs35l41-dsp1-spk-prot-17aa38ab-spkid0-l0.bin
creating link cirrus/cs35l41-dsp1-spk-prot-17aa38ab-spkid1-r0.bin -> cs35l41-dsp1-spk-prot-17aa38ab-spkid0-r0.bin
creating link cirrus/cs35l41-dsp1-spk-prot-17aa3865.wmfw -> cs35l41/v6.63.0/halo_cspl_RAM_revB2_29.65.0.wmfw
creating link cirrus/cs35l41-dsp1-spk-prot-17aa3866.wmfw -> cs35l41/v6.63.0/halo_cspl_RAM_revB2_29.65.0.wmfw
creating link cirrus/cs35l41-dsp1-spk-prot-17aa38c7.wmfw -> cs35l41/v6.83.0/halo_cspl_RAM_revB2_29.85.0.wmfw
creating link cirrus/cs35l41-dsp1-spk-prot-17aa38c8.wmfw -> cs35l41/v6.83.0/halo_cspl_RAM_revB2_29.85.0.wmfw
creating link cirrus/cs35l41-dsp1-spk-prot-17aa38f9.wmfw -> cs35l41/v6.61.1/halo_cspl_RAM_revB2_29.63.1.wmfw
creating link cirrus/cs35l41-dsp1-spk-prot-17aa38fa.wmfw -> cs35l41/v6.61.1/halo_cspl_RAM_revB2_29.63.1.wmfw
creating link cirrus/cs35l41-dsp1-spk-prot-103c8c26.wmfw -> cs35l41/v6.61.1/halo_cspl_RAM_revB2_29.63.1.wmfw
creating link cirrus/cs35l41-dsp1-spk-prot-103c8b42.wmfw -> cs35l41/v6.61.1/halo_cspl_RAM_revB2_29.63.1.wmfw
creating link cirrus/cs35l41-dsp1-spk-prot-103c8b43.wmfw -> cs35l41/v6.61.1/halo_cspl_RAM_revB2_29.63.1.wmfw
creating link cirrus/cs35l41-dsp1-spk-prot-103c8b44.wmfw -> cs35l41/v6.61.1/halo_cspl_RAM_revB2_29.63.1.wmfw
creating link cirrus/cs35l41-dsp1-spk-prot-103c8b45.wmfw -> cs35l41/v6.61.1/halo_cspl_RAM_revB2_29.63.1.wmfw
creating link cirrus/cs35l41-dsp1-spk-prot-103c8b46.wmfw -> cs35l41/v6.61.1/halo_cspl_RAM_revB2_29.63.1.wmfw
creating link cirrus/cs35l41-dsp1-spk-prot-103c8b47.wmfw -> cs35l41/v6.61.1/halo_cspl_RAM_revB2_29.63.1.wmfw
creating link cirrus/cs35l41-dsp1-spk-prot-103c8b63.wmfw -> cs35l41/v6.61.1/halo_cspl_RAM_revB2_29.63.1.wmfw
creating link cirrus/cs35l41-dsp1-spk-prot-103c8b70.wmfw -> cs35l41/v6.61.1/halo_cspl_RAM_revB2_29.63.1.wmfw
creating link cirrus/cs35l41-dsp1-spk-prot-103c8b72.wmfw -> cs35l41/v6.61.1/halo_cspl_RAM_revB2_29.63.1.wmfw
creating link cirrus/cs35l41-dsp1-spk-prot-103c8b74.wmfw -> cs35l41/v6.61.1/halo_cspl_RAM_revB2_29.63.1.wmfw
creating link cirrus/cs35l41-dsp1-spk-prot-103c8b77.wmfw -> cs35l41/v6.61.1/halo_cspl_RAM_revB2_29.63.1.wmfw
creating link cirrus/cs35l41-dsp1-spk-prot-103c8b8f.wmfw -> cs35l41/v6.61.1/halo_cspl_RAM_revB2_29.63.1.wmfw
creating link cirrus/cs35l41-dsp1-spk-prot-103c8b92.wmfw -> cs35l41/v6.61.1/halo_cspl_RAM_revB2_29.63.1.wmfw
creating link cirrus/cs35l41-dsp1-spk-prot-103c8b46.bin -> cs35l41-dsp1-spk-prot-103c8b45.bin
creating link cirrus/cs35l41-dsp1-spk-prot-103c8b70.bin -> cs35l41-dsp1-spk-prot-103c8b42.bin
creating link cirrus/cs35l41-dsp1-spk-prot-103c8b72.bin -> cs35l41-dsp1-spk-prot-103c8b45.bin
creating link cirrus/cs35l41-dsp1-spk-prot-103c8b74.bin -> cs35l41-dsp1-spk-prot-103c8b47.bin
creating link cirrus/cs35l41-dsp1-spk-prot-103c8b77.bin -> cs35l41-dsp1-spk-prot-103c8b45.bin
creating link cirrus/cs35l41-dsp1-spk-prot-103c8b8f-l0.bin -> cs35l41-dsp1-spk-prot-103c8b8f-r0.bin
creating link cirrus/cs35l41-dsp1-spk-prot-103c8b8f-l1.bin -> cs35l41-dsp1-spk-prot-103c8b8f-r1.bin
creating link cirrus/cs35l41-dsp1-spk-prot-103c8c26.bin -> cs35l41-dsp1-spk-prot-103c8b45.bin
creating link cirrus/cs35l41-dsp1-spk-prot-103c8d9f.wmfw -> cs35l41/v6.83.0/halo_cspl_RAM_revB2_29.85.0.wmfw
creating link cirrus/cs35l41-dsp1-spk-prot-103c8da7.wmfw -> cs35l41/v6.83.0/halo_cspl_RAM_revB2_29.85.0.wmfw
creating link cirrus/cs35l41-dsp1-spk-prot-103c8e36.wmfw -> cs35l41/v6.83.0/halo_cspl_RAM_revB2_29.85.0.wmfw
creating link cirrus/cs35l41-dsp1-spk-prot-103c8e9c.wmfw -> cs35l41/v6.83.0/halo_cspl_RAM_revB2_29.85.0.wmfw
creating link cirrus/cs35l41-dsp1-spk-prot-103c8da7-spkid0.bin -> cs35l41-dsp1-spk-prot-103c8d9f-spkid0.bin
creating link cirrus/cs35l41-dsp1-spk-prot-103c8da7-spkid1.bin -> cs35l41-dsp1-spk-prot-103c8d9f-spkid1.bin
creating link cirrus/cs35l41-dsp1-spk-prot-103c8e36-spkid0.bin -> cs35l41-dsp1-spk-prot-103c8d9f-spkid0.bin
creating link cirrus/cs35l41-dsp1-spk-prot-103c8e36-spkid1.bin -> cs35l41-dsp1-spk-prot-103c8d9f-spkid1.bin
creating link cirrus/cs35l41-dsp1-spk-prot-103c8e9c-spkid0.bin -> cs35l41-dsp1-spk-prot-103c8d9f-spkid0.bin
creating link cirrus/cs35l41-dsp1-spk-prot-103c8e9c-spkid1.bin -> cs35l41-dsp1-spk-prot-103c8d9f-spkid1.bin
creating link cirrus/cs35l41-dsp1-spk-prot-103c8da0.wmfw -> cs35l41/v6.83.0/halo_cspl_RAM_revB2_29.85.0.wmfw
creating link cirrus/cs35l41-dsp1-spk-prot-103c8da1.wmfw -> cs35l41/v6.83.0/halo_cspl_RAM_revB2_29.85.0.wmfw
creating link cirrus/cs35l41-dsp1-spk-prot-103c8e37.wmfw -> cs35l41/v6.83.0/halo_cspl_RAM_revB2_29.85.0.wmfw
creating link cirrus/cs35l41-dsp1-spk-prot-103c8da8.wmfw -> cs35l41/v6.83.0/halo_cspl_RAM_revB2_29.85.0.wmfw
creating link cirrus/cs35l41-dsp1-spk-prot-103c8da1-spkid0.bin -> cs35l41-dsp1-spk-prot-103c8da0-spkid0.bin
creating link cirrus/cs35l41-dsp1-spk-prot-103c8da1-spkid1.bin -> cs35l41-dsp1-spk-prot-103c8da0-spkid1.bin
creating link cirrus/cs35l41-dsp1-spk-prot-103c8e37-spkid0.bin -> cs35l41-dsp1-spk-prot-103c8da0-spkid0.bin
creating link cirrus/cs35l41-dsp1-spk-prot-103c8e37-spkid1.bin -> cs35l41-dsp1-spk-prot-103c8da0-spkid1.bin
creating link cirrus/cs35l41-dsp1-spk-prot-103c8da8-spkid0.bin -> cs35l41-dsp1-spk-prot-103c8da0-spkid0.bin
creating link cirrus/cs35l41-dsp1-spk-prot-103c8da8-spkid1.bin -> cs35l41-dsp1-spk-prot-103c8da0-spkid1.bin
creating link cirrus/cs35l41-dsp1-spk-prot-103c8d9b.wmfw -> cs35l41/v6.83.0/halo_cspl_RAM_revB2_29.85.0.wmfw
creating link cirrus/cs35l41-dsp1-spk-prot-103c8d9c.wmfw -> cs35l41/v6.83.0/halo_cspl_RAM_revB2_29.85.0.wmfw
creating link cirrus/cs35l41-dsp1-spk-prot-103c8d9d.wmfw -> cs35l41/v6.83.0/halo_cspl_RAM_revB2_29.85.0.wmfw
creating link cirrus/cs35l41-dsp1-spk-prot-103c8d9e.wmfw -> cs35l41/v6.83.0/halo_cspl_RAM_revB2_29.85.0.wmfw
creating link cirrus/cs35l41-dsp1-spk-prot-103c8e9d.wmfw -> cs35l41/v6.83.0/halo_cspl_RAM_revB2_29.85.0.wmfw
creating link cirrus/cs35l41-dsp1-spk-prot-103c8e9e.wmfw -> cs35l41/v6.83.0/halo_cspl_RAM_revB2_29.85.0.wmfw
creating link cirrus/cs35l41-dsp1-spk-prot-103c8d9c-spkid0.bin -> cs35l41-dsp1-spk-prot-103c8d9b-spkid0.bin
creating link cirrus/cs35l41-dsp1-spk-prot-103c8d9c-spkid1.bin -> cs35l41-dsp1-spk-prot-103c8d9b-spkid1.bin
creating link cirrus/cs35l41-dsp1-spk-prot-103c8d9d-spkid0.bin -> cs35l41-dsp1-spk-prot-103c8d9b-spkid0.bin
creating link cirrus/cs35l41-dsp1-spk-prot-103c8d9d-spkid1.bin -> cs35l41-dsp1-spk-prot-103c8d9b-spkid1.bin
creating link cirrus/cs35l41-dsp1-spk-prot-103c8d9e-spkid0.bin -> cs35l41-dsp1-spk-prot-103c8d9b-spkid0.bin
creating link cirrus/cs35l41-dsp1-spk-prot-103c8d9e-spkid1.bin -> cs35l41-dsp1-spk-prot-103c8d9b-spkid1.bin
creating link cirrus/cs35l41-dsp1-spk-prot-103c8e9d-spkid0.bin -> cs35l41-dsp1-spk-prot-103c8d9b-spkid0.bin
creating link cirrus/cs35l41-dsp1-spk-prot-103c8e9d-spkid1.bin -> cs35l41-dsp1-spk-prot-103c8d9b-spkid1.bin
creating link cirrus/cs35l41-dsp1-spk-prot-103c8e9e-spkid0.bin -> cs35l41-dsp1-spk-prot-103c8d9b-spkid0.bin
creating link cirrus/cs35l41-dsp1-spk-prot-103c8e9e-spkid1.bin -> cs35l41-dsp1-spk-prot-103c8d9b-spkid1.bin
creating link cirrus/cs35l41-dsp1-spk-prot-103c8e11.wmfw -> cs35l41/v6.83.0/halo_cspl_RAM_revB2_29.85.0.wmfw
creating link cirrus/cs35l41-dsp1-spk-prot-103c8e12.wmfw -> cs35l41/v6.83.0/halo_cspl_RAM_revB2_29.85.0.wmfw
creating link cirrus/cs35l41-dsp1-spk-prot-103c8e13.wmfw -> cs35l41/v6.83.0/halo_cspl_RAM_revB2_29.85.0.wmfw
creating link cirrus/cs35l41-dsp1-spk-prot-103c8e60.wmfw -> cs35l41/v6.83.0/halo_cspl_RAM_revB2_29.85.0.wmfw
creating link cirrus/cs35l41-dsp1-spk-prot-103c8e61.wmfw -> cs35l41/v6.83.0/halo_cspl_RAM_revB2_29.85.0.wmfw
creating link cirrus/cs35l41-dsp1-spk-prot-103c8e62.wmfw -> cs35l41/v6.83.0/halo_cspl_RAM_revB2_29.85.0.wmfw
creating link cirrus/cs35l41-dsp1-spk-prot-103c8f57.wmfw -> cs35l41/v6.83.0/halo_cspl_RAM_revB2_29.85.0.wmfw
creating link cirrus/cs35l41-dsp1-spk-prot-103c8e12-spkid0.bin -> cs35l41-dsp1-spk-prot-103c8e11-spkid0.bin
creating link cirrus/cs35l41-dsp1-spk-prot-103c8e12-spkid1.bin -> cs35l41-dsp1-spk-prot-103c8e11-spkid1.bin
creating link cirrus/cs35l41-dsp1-spk-prot-103c8e13-spkid0.bin -> cs35l41-dsp1-spk-prot-103c8e11-spkid0.bin
creating link cirrus/cs35l41-dsp1-spk-prot-103c8e13-spkid1.bin -> cs35l41-dsp1-spk-prot-103c8e11-spkid1.bin
creating link cirrus/cs35l41-dsp1-spk-prot-103c8e60-spkid0.bin -> cs35l41-dsp1-spk-prot-103c8e11-spkid0.bin
creating link cirrus/cs35l41-dsp1-spk-prot-103c8e60-spkid1.bin -> cs35l41-dsp1-spk-prot-103c8e11-spkid1.bin
creating link cirrus/cs35l41-dsp1-spk-prot-103c8e61-spkid0.bin -> cs35l41-dsp1-spk-prot-103c8e11-spkid0.bin
creating link cirrus/cs35l41-dsp1-spk-prot-103c8e61-spkid1.bin -> cs35l41-dsp1-spk-prot-103c8e11-spkid1.bin
creating link cirrus/cs35l41-dsp1-spk-prot-103c8e62-spkid0.bin -> cs35l41-dsp1-spk-prot-103c8e11-spkid0.bin
creating link cirrus/cs35l41-dsp1-spk-prot-103c8e62-spkid1.bin -> cs35l41-dsp1-spk-prot-103c8e11-spkid1.bin
creating link cirrus/cs35l41-dsp1-spk-prot-103c8f57-spkid0.bin -> cs35l41-dsp1-spk-prot-103c8e11-spkid0.bin
creating link cirrus/cs35l41-dsp1-spk-prot-103c8f57-spkid1.bin -> cs35l41-dsp1-spk-prot-103c8e11-spkid1.bin
creating link cirrus/cs35l41-dsp1-spk-prot-10280cbd.wmfw -> cs35l41/v6.83.0/halo_cspl_RAM_revB2_29.85.0.wmfw
creating link cirrus/cs35l41-dsp1-spk-prot-10280cbe.wmfw -> cs35l41/v6.83.0/halo_cspl_RAM_revB2_29.85.0.wmfw
creating link cirrus/cs35l41-dsp1-spk-prot-10280cbf.wmfw -> cs35l41/v6.83.0/halo_cspl_RAM_revB2_29.85.0.wmfw
creating link cirrus/cs35l41-dsp1-spk-prot-10280cc1.wmfw -> cs35l41/v6.83.0/halo_cspl_RAM_revB2_29.85.0.wmfw
creating link cirrus/cs35l41-dsp1-spk-prot-10280cc2.wmfw -> cs35l41/v6.83.0/halo_cspl_RAM_revB2_29.85.0.wmfw
creating link cirrus/cs35l41-dsp1-spk-prot-10280cc3.wmfw -> cs35l41/v6.83.0/halo_cspl_RAM_revB2_29.85.0.wmfw
creating link cirrus/cs35l41-dsp1-spk-prot-10280cc4.wmfw -> cs35l41/v6.83.0/halo_cspl_RAM_revB2_29.85.0.wmfw
creating link cirrus/cs35l41-dsp1-spk-prot-10280cbe-spkid0-l0.bin -> cs35l41-dsp1-spk-prot-10280cbd-spkid0-l0.bin
creating link cirrus/cs35l41-dsp1-spk-prot-10280cbe-spkid0-r0.bin -> cs35l41-dsp1-spk-prot-10280cbd-spkid0-r0.bin
creating link cirrus/cs35l41-dsp1-spk-prot-10280cbe-spkid1-l0.bin -> cs35l41-dsp1-spk-prot-10280cbd-spkid1-l0.bin
creating link cirrus/cs35l41-dsp1-spk-prot-10280cbe-spkid1-r0.bin -> cs35l41-dsp1-spk-prot-10280cbd-spkid1-r0.bin
creating link cirrus/cs35l41-dsp1-spk-prot-10280cbd-spkid0-l0.bincfg -> cs35l41/bincfgs/cs35l41-dsp1-16_5dB.bincfg
creating link cirrus/cs35l41-dsp1-spk-prot-10280cbd-spkid0-r0.bincfg -> cs35l41/bincfgs/cs35l41-dsp1-16_5dB.bincfg
creating link cirrus/cs35l41-dsp1-spk-prot-10280cbd-spkid1-l0.bincfg -> cs35l41/bincfgs/cs35l41-dsp1-16_5dB.bincfg
creating link cirrus/cs35l41-dsp1-spk-prot-10280cbd-spkid1-r0.bincfg -> cs35l41/bincfgs/cs35l41-dsp1-16_5dB.bincfg
creating link cirrus/cs35l41-dsp1-spk-prot-10280cbe-spkid0-l0.bincfg -> cs35l41/bincfgs/cs35l41-dsp1-16_5dB.bincfg
creating link cirrus/cs35l41-dsp1-spk-prot-10280cbe-spkid0-r0.bincfg -> cs35l41/bincfgs/cs35l41-dsp1-16_5dB.bincfg
creating link cirrus/cs35l41-dsp1-spk-prot-10280cbe-spkid1-l0.bincfg -> cs35l41/bincfgs/cs35l41-dsp1-16_5dB.bincfg
creating link cirrus/cs35l41-dsp1-spk-prot-10280cbe-spkid1-r0.bincfg -> cs35l41/bincfgs/cs35l41-dsp1-16_5dB.bincfg
creating link cirrus/cs35l41-dsp1-spk-prot-10280cbf-spkid0-l0.bincfg -> cs35l41/bincfgs/cs35l41-dsp1-16_5dB.bincfg
creating link cirrus/cs35l41-dsp1-spk-prot-10280cbf-spkid0-r0.bincfg -> cs35l41/bincfgs/cs35l41-dsp1-16_5dB.bincfg
creating link cirrus/cs35l41-dsp1-spk-prot-10280cbf-spkid1-l0.bincfg -> cs35l41/bincfgs/cs35l41-dsp1-16_5dB.bincfg
creating link cirrus/cs35l41-dsp1-spk-prot-10280cbf-spkid1-r0.bincfg -> cs35l41/bincfgs/cs35l41-dsp1-16_5dB.bincfg
creating link cirrus/cs35l41-dsp1-spk-prot-10280cc2-spkid0-l0.bin -> cs35l41-dsp1-spk-prot-10280cc1-spkid0-l0.bin
creating link cirrus/cs35l41-dsp1-spk-prot-10280cc2-spkid0-r0.bin -> cs35l41-dsp1-spk-prot-10280cc1-spkid0-r0.bin
creating link cirrus/cs35l41-dsp1-spk-prot-10280cc2-spkid1-l0.bin -> cs35l41-dsp1-spk-prot-10280cc1-spkid1-l0.bin
creating link cirrus/cs35l41-dsp1-spk-prot-10280cc2-spkid1-r0.bin -> cs35l41-dsp1-spk-prot-10280cc1-spkid1-r0.bin
creating link cirrus/cs35l41-dsp1-spk-prot-10280cc1-spkid0-l0.bincfg -> cs35l41/bincfgs/cs35l41-dsp1-16_5dB.bincfg
creating link cirrus/cs35l41-dsp1-spk-prot-10280cc1-spkid0-r0.bincfg -> cs35l41/bincfgs/cs35l41-dsp1-16_5dB.bincfg
creating link cirrus/cs35l41-dsp1-spk-prot-10280cc1-spkid1-l0.bincfg -> cs35l41/bincfgs/cs35l41-dsp1-16_5dB.bincfg
creating link cirrus/cs35l41-dsp1-spk-prot-10280cc1-spkid1-r0.bincfg -> cs35l41/bincfgs/cs35l41-dsp1-16_5dB.bincfg
creating link cirrus/cs35l41-dsp1-spk-prot-10280cc2-spkid0-l0.bincfg -> cs35l41/bincfgs/cs35l41-dsp1-16_5dB.bincfg
creating link cirrus/cs35l41-dsp1-spk-prot-10280cc2-spkid0-r0.bincfg -> cs35l41/bincfgs/cs35l41-dsp1-16_5dB.bincfg
creating link cirrus/cs35l41-dsp1-spk-prot-10280cc2-spkid1-l0.bincfg -> cs35l41/bincfgs/cs35l41-dsp1-16_5dB.bincfg
creating link cirrus/cs35l41-dsp1-spk-prot-10280cc2-spkid1-r0.bincfg -> cs35l41/bincfgs/cs35l41-dsp1-16_5dB.bincfg
creating link cirrus/cs35l41-dsp1-spk-prot-10280cc3-spkid0-l0.bincfg -> cs35l41/bincfgs/cs35l41-dsp1-16_5dB.bincfg
creating link cirrus/cs35l41-dsp1-spk-prot-10280cc3-spkid0-r0.bincfg -> cs35l41/bincfgs/cs35l41-dsp1-16_5dB.bincfg
creating link cirrus/cs35l41-dsp1-spk-prot-10280cc3-spkid1-l0.bincfg -> cs35l41/bincfgs/cs35l41-dsp1-16_5dB.bincfg
creating link cirrus/cs35l41-dsp1-spk-prot-10280cc3-spkid1-r0.bincfg -> cs35l41/bincfgs/cs35l41-dsp1-16_5dB.bincfg
creating link cirrus/cs35l41-dsp1-spk-prot-10280cc4-spkid0-l0.bincfg -> cs35l41/bincfgs/cs35l41-dsp1-16_5dB.bincfg
creating link cirrus/cs35l41-dsp1-spk-prot-10280cc4-spkid0-r0.bincfg -> cs35l41/bincfgs/cs35l41-dsp1-16_5dB.bincfg
creating link cirrus/cs35l41-dsp1-spk-prot-10280cc4-spkid1-l0.bincfg -> cs35l41/bincfgs/cs35l41-dsp1-16_5dB.bincfg
creating link cirrus/cs35l41-dsp1-spk-prot-10280cc4-spkid1-r0.bincfg -> cs35l41/bincfgs/cs35l41-dsp1-16_5dB.bincfg
creating link cirrus/cs35l41-dsp1-spk-prot-10280beb.wmfw -> cs35l41/v6.80.0/halo_cspl_RAM_revB2_29.82.0.wmfw
creating link cirrus/cs35l41-dsp1-spk-prot-10280b27.wmfw -> cs35l41/v6.61.1/halo_cspl_RAM_revB2_29.63.1.wmfw
creating link cirrus/cs35l41-dsp1-spk-prot-10280b28.wmfw -> cs35l41/v6.61.1/halo_cspl_RAM_revB2_29.63.1.wmfw
creating link cirrus/cs35l41-dsp1-spk-prot-10280c4d.wmfw -> cs35l41/v6.61.1/halo_cspl_RAM_revB2_29.63.1.wmfw
creating link cirrus/cs35l41-dsp1-spk-prot-103c8cdf.wmfw -> cs35l41/v6.83.0/halo_cspl_RAM_revB2_29.85.0.wmfw
creating link cirrus/cs35l41-dsp1-spk-prot-103c8ce0.wmfw -> cs35l41/v6.83.0/halo_cspl_RAM_revB2_29.85.0.wmfw
creating link cirrus/cs35l41-dsp1-spk-prot-103c8cdf-spkid0-r0.bin -> cs35l41-dsp1-spk-prot-103c8cdf-spkid0-l0.bin
creating link cirrus/cs35l41-dsp1-spk-prot-103c8ce0-spkid0-l0.bin -> cs35l41-dsp1-spk-prot-103c8cdf-spkid0-l0.bin
creating link cirrus/cs35l41-dsp1-spk-prot-103c8ce0-spkid0-r0.bin -> cs35l41-dsp1-spk-prot-103c8cdf-spkid0-l0.bin
creating link cirrus/cs35l41-dsp1-spk-prot-103c8cdf-spkid1-r0.bin -> cs35l41-dsp1-spk-prot-103c8cdf-spkid1-l0.bin
creating link cirrus/cs35l41-dsp1-spk-prot-103c8ce0-spkid1-l0.bin -> cs35l41-dsp1-spk-prot-103c8cdf-spkid1-l0.bin
creating link cirrus/cs35l41-dsp1-spk-prot-103c8ce0-spkid1-r0.bin -> cs35l41-dsp1-spk-prot-103c8cdf-spkid1-l0.bin
creating link cirrus/cs35l41-dsp1-spk-prot-103c8e3a.wmfw -> cs35l41/v6.83.0/halo_cspl_RAM_revB2_29.85.0.wmfw
creating link cirrus/cs35l41-dsp1-spk-prot-103c8e3b.wmfw -> cs35l41/v6.83.0/halo_cspl_RAM_revB2_29.85.0.wmfw
creating link cirrus/cs35l41-dsp1-spk-prot-103c8e3b-spkid0.bin -> cs35l41-dsp1-spk-prot-103c8e3a-spkid0.bin
creating link cirrus/cs35l41-dsp1-spk-prot-103c8e3b-spkid1.bin -> cs35l41-dsp1-spk-prot-103c8e3a-spkid1.bin
creating link cirrus/cs35l41-dsp1-spk-prot-1f660105.wmfw -> cs35l41/v6.83.0/halo_cspl_RAM_revB2_29.85.0.wmfw
creating link cirrus/cs35l41-dsp1-spk-prot-vlv1776.wmfw -> cs35l41/v6.51.0/halo_cspl_RAM_revB2_29.53.0.wmfw
creating link cirrus/cs35l41-dsp1-spk-prot-1025182c.wmfw -> cs35l41/v6.83.0/halo_cspl_RAM_revB2_29.85.0.wmfw
creating link cirrus/cs35l41-dsp1-spk-prot-10251826.wmfw -> cs35l41/v6.83.0/halo_cspl_RAM_revB2_29.85.0.wmfw
creating link cirrus/cs35l41-dsp1-spk-prot-10251844.wmfw -> cs35l41/v6.83.0/halo_cspl_RAM_revB2_29.85.0.wmfw
creating link cirrus/cs35l41-dsp1-spk-prot-10251826-l0.bin -> cs35l41-dsp1-spk-prot-1025182c-l0.bin
creating link cirrus/cs35l41-dsp1-spk-prot-10251826-r0.bin -> cs35l41-dsp1-spk-prot-1025182c-r0.bin
creating link cirrus/cs35l56-b0-dsp1-misc-10280c62-spkid0.wmfw -> cs35l56/CS35L56_Rev3.11.11.wmfw
creating link cirrus/cs35l56-b0-dsp1-misc-10280c62-spkid1.wmfw -> cs35l56/CS35L56_Rev3.11.11.wmfw
creating link cirrus/cs35l56-b0-dsp1-misc-10280c63-spkid0.wmfw -> cs35l56/CS35L56_Rev3.11.11.wmfw
creating link cirrus/cs35l56-b0-dsp1-misc-10280c63-spkid1.wmfw -> cs35l56/CS35L56_Rev3.11.11.wmfw
creating link cirrus/cs35l56-b0-dsp1-misc-10280c6b-spkid0.wmfw -> cs35l56/CS35L56_Rev3.11.11.wmfw
creating link cirrus/cs35l56-b0-dsp1-misc-10280c6b-spkid1.wmfw -> cs35l56/CS35L56_Rev3.11.11.wmfw
creating link cirrus/cs35l56-b0-dsp1-misc-10280ce3-spkid0.wmfw -> cs35l56/CS35L56_Rev3.11.25.wmfw
creating link cirrus/cs35l56-b0-dsp1-misc-10280ce3-spkid1.wmfw -> cs35l56/CS35L56_Rev3.11.25.wmfw
creating link cirrus/cs35l56-b0-dsp1-misc-10280ce3-spkid2.wmfw -> cs35l56/CS35L56_Rev3.11.25.wmfw
creating link cirrus/cs35l56-b0-dsp1-misc-10280ce3-spkid3.wmfw -> cs35l56/CS35L56_Rev3.11.25.wmfw
creating link cirrus/cs35l56-b0-dsp1-misc-10280ce4-spkid0.wmfw -> cs35l56/CS35L56_Rev3.11.25.wmfw
creating link cirrus/cs35l56-b0-dsp1-misc-10280ce4-spkid1.wmfw -> cs35l56/CS35L56_Rev3.11.25.wmfw
creating link cirrus/cs35l56-b0-dsp1-misc-10280ce4-spkid2.wmfw -> cs35l56/CS35L56_Rev3.11.25.wmfw
creating link cirrus/cs35l56-b0-dsp1-misc-10280ce4-spkid3.wmfw -> cs35l56/CS35L56_Rev3.11.25.wmfw
creating link cirrus/cs35l56-b0-dsp1-misc-10280ce5-spkid0.wmfw -> cs35l56/CS35L56_Rev3.11.28B.wmfw
creating link cirrus/cs35l56-b0-dsp1-misc-10280ce5-spkid1.wmfw -> cs35l56/CS35L56_Rev3.11.28B.wmfw
creating link cirrus/cs35l56-b0-dsp1-misc-10280ce6-spkid0.wmfw -> cs35l56/CS35L56_Rev3.11.28B.wmfw
creating link cirrus/cs35l56-b0-dsp1-misc-10280ce6-spkid1.wmfw -> cs35l56/CS35L56_Rev3.11.28B.wmfw
creating link cirrus/cs35l56-b0-dsp1-misc-10280ce7-spkid0.wmfw -> cs35l56/CS35L56_Rev3.11.28B.wmfw
creating link cirrus/cs35l56-b0-dsp1-misc-10280ce7-spkid1.wmfw -> cs35l56/CS35L56_Rev3.11.28B.wmfw
creating link cirrus/cs35l56-b0-dsp1-misc-10280d12-spkid0.wmfw -> cs35l56/CS35L56_Rev3.11.28.wmfw
creating link cirrus/cs35l56-b0-dsp1-misc-10280d12-spkid1.wmfw -> cs35l56/CS35L56_Rev3.11.28.wmfw
creating link cirrus/cs35l56-b0-dsp1-misc-10280d13-spkid0.wmfw -> cs35l56/CS35L56_Rev3.11.28.wmfw
creating link cirrus/cs35l56-b0-dsp1-misc-10280d13-spkid1.wmfw -> cs35l56/CS35L56_Rev3.11.28.wmfw
creating link cirrus/cs35l56-b0-dsp1-misc-10280d32-spkid0.wmfw -> cs35l56/CS35L56_Rev3.11.28.wmfw
creating link cirrus/cs35l56-b0-dsp1-misc-10280d32-spkid1.wmfw -> cs35l56/CS35L56_Rev3.11.28.wmfw
creating link cirrus/cs35l56-b0-dsp1-misc-10280d33-spkid0.wmfw -> cs35l56/CS35L56_Rev3.11.28.wmfw
creating link cirrus/cs35l56-b0-dsp1-misc-10280d33-spkid1.wmfw -> cs35l56/CS35L56_Rev3.11.28.wmfw
creating link cirrus/cs35l57-b2-dsp1-misc-10280db3-spkid0.wmfw -> cs35l56/CS35L56_Rev4.5.9.wmfw
creating link cirrus/cs35l57-b2-dsp1-misc-10280db3-spkid1.wmfw -> cs35l56/CS35L56_Rev4.5.9.wmfw
creating link cirrus/cs35l57-b2-dsp1-misc-10280db4-spkid0.wmfw -> cs35l56/CS35L56_Rev4.5.9.wmfw
creating link cirrus/cs35l57-b2-dsp1-misc-10280db4-spkid1.wmfw -> cs35l56/CS35L56_Rev4.5.9.wmfw
creating link cirrus/cs35l57-b2-dsp1-misc-10280db9-spkid0.wmfw -> cs35l56/CS35L56_Rev4.5.9.wmfw
creating link cirrus/cs35l57-b2-dsp1-misc-10280db9-spkid1.wmfw -> cs35l56/CS35L56_Rev4.5.9.wmfw
creating link cirrus/cs35l57-b2-dsp1-misc-10280dba-spkid0.wmfw -> cs35l56/CS35L56_Rev4.5.9.wmfw
creating link cirrus/cs35l57-b2-dsp1-misc-10280dba-spkid1.wmfw -> cs35l56/CS35L56_Rev4.5.9.wmfw
creating link cirrus/cs35l56-b2-dsp1-misc-10280dd6-00.wmfw -> cs35l56/CS35L56_Rev4.5.9.wmfw
creating link cirrus/cs35l56-b2-dsp1-misc-10280dd6-01.wmfw -> cs35l56/CS35L56_Rev4.5.9.wmfw
creating link cirrus/cs35l56-b2-dsp1-misc-10280dd6-02.wmfw -> cs35l56/CS35L56_Rev4.5.9.wmfw
creating link cirrus/cs35l56-b2-dsp1-misc-10280dd6-03.wmfw -> cs35l56/CS35L56_Rev4.5.9.wmfw
creating link cirrus/cs35l63-a1-dsp1-misc-10280e1a-spkid0-02.wmfw -> cs35l63/CS35L63_Rev2.5.7.wmfw
creating link cirrus/cs35l63-a1-dsp1-misc-10280e1a-spkid2-01.wmfw -> cs35l63/CS35L63_Rev2.5.7.wmfw
creating link cirrus/cs35l63-a1-dsp1-misc-10280e1a-spkid3-01.wmfw -> cs35l63/CS35L63_Rev2.5.7.wmfw
creating link cirrus/cs35l63-a1-dsp1-misc-10280e1a-spkid3-02.wmfw -> cs35l63/CS35L63_Rev2.5.7.wmfw
creating link cirrus/cs35l63-a1-dsp1-misc-10280e1b-spkid0-04.wmfw -> cs35l63/CS35L63_Rev2.5.7.wmfw
creating link cirrus/cs35l63-a1-dsp1-misc-10280e1b-spkid2-03.wmfw -> cs35l63/CS35L63_Rev2.5.7.wmfw
creating link cirrus/cs35l63-a1-dsp1-misc-10280e1b-spkid3-03.wmfw -> cs35l63/CS35L63_Rev2.5.7.wmfw
creating link cirrus/cs35l63-a1-dsp1-misc-10280e1b-spkid3-04.wmfw -> cs35l63/CS35L63_Rev2.5.7.wmfw
creating link cirrus/cs35l63-a1-dsp1-misc-10280e1c-spkid0-01.wmfw -> cs35l63/CS35L63_Rev2.5.7.wmfw
creating link cirrus/cs35l63-a1-dsp1-misc-10280e1c-spkid0-02.wmfw -> cs35l63/CS35L63_Rev2.5.7.wmfw
creating link cirrus/cs35l63-a1-dsp1-misc-10280e1c-spkid0-02-l3u1.bin -> cs35l63-a1-dsp1-misc-10280e1c-spkid0-01-l3u1.bin
creating link cirrus/cs35l63-a1-dsp1-misc-10280e1c-spkid0-02-l3u3.bin -> cs35l63-a1-dsp1-misc-10280e1c-spkid0-01-l3u3.bin
creating link cirrus/cs35l63-a1-dsp1-misc-10280e1c-spkid1-01.wmfw -> cs35l63/CS35L63_Rev2.5.7.wmfw
creating link cirrus/cs35l63-a1-dsp1-misc-10280e1c-spkid1-02.wmfw -> cs35l63/CS35L63_Rev2.5.7.wmfw
creating link cirrus/cs35l63-a1-dsp1-misc-10280e1c-spkid1-02-l3u1.bin -> cs35l63-a1-dsp1-misc-10280e1c-spkid1-01-l3u1.bin
creating link cirrus/cs35l63-a1-dsp1-misc-10280e1c-spkid1-02-l3u3.bin -> cs35l63-a1-dsp1-misc-10280e1c-spkid1-01-l3u3.bin
creating link cirrus/cs35l63-a1-dsp1-misc-10280e1c-spkid2-01.wmfw -> cs35l63/CS35L63_Rev2.5.7.wmfw
creating link cirrus/cs35l63-a1-dsp1-misc-10280e1c-spkid2-02.wmfw -> cs35l63/CS35L63_Rev2.5.7.wmfw
creating link cirrus/cs35l63-a1-dsp1-misc-10280e1c-spkid2-02-l3u1.bin -> cs35l63-a1-dsp1-misc-10280e1c-spkid2-01-l3u1.bin
creating link cirrus/cs35l63-a1-dsp1-misc-10280e1c-spkid2-02-l3u3.bin -> cs35l63-a1-dsp1-misc-10280e1c-spkid2-01-l3u3.bin
creating link cirrus/cs35l63-a1-dsp1-misc-10280e1c-spkid3-01.wmfw -> cs35l63/CS35L63_Rev2.5.7.wmfw
creating link cirrus/cs35l63-a1-dsp1-misc-10280e1c-spkid3-02.wmfw -> cs35l63/CS35L63_Rev2.5.7.wmfw
creating link cirrus/cs35l63-a1-dsp1-misc-10280e1c-spkid3-02-l3u1.bin -> cs35l63-a1-dsp1-misc-10280e1c-spkid3-01-l3u1.bin
creating link cirrus/cs35l63-a1-dsp1-misc-10280e1c-spkid3-02-l3u3.bin -> cs35l63-a1-dsp1-misc-10280e1c-spkid3-01-l3u3.bin
creating link cirrus/cs35l63-a1-dsp1-misc-10280e1d-spkid0-05.wmfw -> cs35l63/CS35L63_Rev2.5.7.wmfw
creating link cirrus/cs35l63-a1-dsp1-misc-10280e1d-spkid0-06.wmfw -> cs35l63/CS35L63_Rev2.5.7.wmfw
creating link cirrus/cs35l63-a1-dsp1-misc-10280e1d-spkid2-05.wmfw -> cs35l63/CS35L63_Rev2.5.7.wmfw
creating link cirrus/cs35l63-a1-dsp1-misc-10280e1d-spkid2-06.wmfw -> cs35l63/CS35L63_Rev2.5.7.wmfw
creating link cirrus/cs35l63-a1-dsp1-misc-10280e1d-spkid3-06.wmfw -> cs35l63/CS35L63_Rev2.5.7.wmfw
creating link cirrus/cs35l63-a1-dsp1-misc-10280e1e-spkid0-06.wmfw -> cs35l63/CS35L63_Rev2.5.7.wmfw
creating link cirrus/cs35l63-a1-dsp1-misc-10280e1e-spkid0-07.wmfw -> cs35l63/CS35L63_Rev2.5.7.wmfw
creating link cirrus/cs35l63-a1-dsp1-misc-10280e1e-spkid0-07-l3u1.bin -> cs35l63-a1-dsp1-misc-10280e1e-spkid0-06-l3u1.bin
creating link cirrus/cs35l63-a1-dsp1-misc-10280e1e-spkid0-07-l3u3.bin -> cs35l63-a1-dsp1-misc-10280e1e-spkid0-06-l3u3.bin
creating link cirrus/cs35l63-a1-dsp1-misc-10280e1e-spkid1-06.wmfw -> cs35l63/CS35L63_Rev2.5.7.wmfw
creating link cirrus/cs35l63-a1-dsp1-misc-10280e1e-spkid1-07.wmfw -> cs35l63/CS35L63_Rev2.5.7.wmfw
creating link cirrus/cs35l63-a1-dsp1-misc-10280e1e-spkid1-07-l3u1.bin -> cs35l63-a1-dsp1-misc-10280e1e-spkid1-06-l3u1.bin
creating link cirrus/cs35l63-a1-dsp1-misc-10280e1e-spkid1-07-l3u3.bin -> cs35l63-a1-dsp1-misc-10280e1e-spkid1-06-l3u3.bin
creating link cirrus/cs35l63-a1-dsp1-misc-10280e1e-spkid2-06.wmfw -> cs35l63/CS35L63_Rev2.5.7.wmfw
creating link cirrus/cs35l63-a1-dsp1-misc-10280e1e-spkid2-07.wmfw -> cs35l63/CS35L63_Rev2.5.7.wmfw
creating link cirrus/cs35l63-a1-dsp1-misc-10280e1e-spkid2-07-l3u1.bin -> cs35l63-a1-dsp1-misc-10280e1e-spkid2-06-l3u1.bin
creating link cirrus/cs35l63-a1-dsp1-misc-10280e1e-spkid2-07-l3u3.bin -> cs35l63-a1-dsp1-misc-10280e1e-spkid2-06-l3u3.bin
creating link cirrus/cs35l63-a1-dsp1-misc-10280e1e-spkid3-06.wmfw -> cs35l63/CS35L63_Rev2.5.7.wmfw
creating link cirrus/cs35l63-a1-dsp1-misc-10280e1e-spkid3-07.wmfw -> cs35l63/CS35L63_Rev2.5.7.wmfw
creating link cirrus/cs35l63-a1-dsp1-misc-10280e1e-spkid3-07-l3u1.bin -> cs35l63-a1-dsp1-misc-10280e1e-spkid3-06-l3u1.bin
creating link cirrus/cs35l63-a1-dsp1-misc-10280e1e-spkid3-07-l3u3.bin -> cs35l63-a1-dsp1-misc-10280e1e-spkid3-06-l3u3.bin
creating link cirrus/cs35l63-a1-dsp1-misc-10280e1f-spkid0-02.wmfw -> cs35l63/CS35L63_Rev2.5.7.wmfw
creating link cirrus/cs35l63-a1-dsp1-misc-10280e1f-spkid0-02-l3u1.bin -> cs35l63-a1-dsp1-misc-10280e1c-spkid0-01-l3u1.bin
creating link cirrus/cs35l63-a1-dsp1-misc-10280e1f-spkid0-02-l3u3.bin -> cs35l63-a1-dsp1-misc-10280e1c-spkid0-01-l3u3.bin
creating link cirrus/cs35l63-a1-dsp1-misc-10280e1f-spkid1-02.wmfw -> cs35l63/CS35L63_Rev2.5.7.wmfw
creating link cirrus/cs35l63-a1-dsp1-misc-10280e1f-spkid1-02-l3u1.bin -> cs35l63-a1-dsp1-misc-10280e1c-spkid1-01-l3u1.bin
creating link cirrus/cs35l63-a1-dsp1-misc-10280e1f-spkid1-02-l3u3.bin -> cs35l63-a1-dsp1-misc-10280e1c-spkid1-01-l3u3.bin
creating link cirrus/cs35l63-a1-dsp1-misc-10280e1f-spkid2-02.wmfw -> cs35l63/CS35L63_Rev2.5.7.wmfw
creating link cirrus/cs35l63-a1-dsp1-misc-10280e1f-spkid2-02-l3u1.bin -> cs35l63-a1-dsp1-misc-10280e1c-spkid2-01-l3u1.bin
creating link cirrus/cs35l63-a1-dsp1-misc-10280e1f-spkid2-02-l3u3.bin -> cs35l63-a1-dsp1-misc-10280e1c-spkid2-01-l3u3.bin
creating link cirrus/cs35l63-a1-dsp1-misc-10280e1f-spkid3-02.wmfw -> cs35l63/CS35L63_Rev2.5.7.wmfw
creating link cirrus/cs35l63-a1-dsp1-misc-10280e1f-spkid3-02-l3u1.bin -> cs35l63-a1-dsp1-misc-10280e1c-spkid3-01-l3u1.bin
creating link cirrus/cs35l63-a1-dsp1-misc-10280e1f-spkid3-02-l3u3.bin -> cs35l63-a1-dsp1-misc-10280e1c-spkid3-01-l3u3.bin
creating link cirrus/cs35l63-a1-dsp1-misc-10280e20-spkid0-05.wmfw -> cs35l63/CS35L63_Rev2.5.7.wmfw
creating link cirrus/cs35l63-a1-dsp1-misc-10280e20-spkid0-05-l3u1.bin -> cs35l63-a1-dsp1-misc-10280e1e-spkid0-06-l3u1.bin
creating link cirrus/cs35l63-a1-dsp1-misc-10280e20-spkid0-05-l3u3.bin -> cs35l63-a1-dsp1-misc-10280e1e-spkid0-06-l3u3.bin
creating link cirrus/cs35l63-a1-dsp1-misc-10280e20-spkid1-05.wmfw -> cs35l63/CS35L63_Rev2.5.7.wmfw
creating link cirrus/cs35l63-a1-dsp1-misc-10280e20-spkid1-05-l3u1.bin -> cs35l63-a1-dsp1-misc-10280e1e-spkid1-06-l3u1.bin
creating link cirrus/cs35l63-a1-dsp1-misc-10280e20-spkid1-05-l3u3.bin -> cs35l63-a1-dsp1-misc-10280e1e-spkid1-06-l3u3.bin
creating link cirrus/cs35l63-a1-dsp1-misc-10280e20-spkid2-05.wmfw -> cs35l63/CS35L63_Rev2.5.7.wmfw
creating link cirrus/cs35l63-a1-dsp1-misc-10280e20-spkid2-05-l3u1.bin -> cs35l63-a1-dsp1-misc-10280e1e-spkid2-06-l3u1.bin
creating link cirrus/cs35l63-a1-dsp1-misc-10280e20-spkid2-05-l3u3.bin -> cs35l63-a1-dsp1-misc-10280e1e-spkid2-06-l3u3.bin
creating link cirrus/cs35l63-a1-dsp1-misc-10280e20-spkid3-05.wmfw -> cs35l63/CS35L63_Rev2.5.7.wmfw
creating link cirrus/cs35l63-a1-dsp1-misc-10280e20-spkid3-05-l3u1.bin -> cs35l63-a1-dsp1-misc-10280e1e-spkid3-06-l3u1.bin
creating link cirrus/cs35l63-a1-dsp1-misc-10280e20-spkid3-05-l3u3.bin -> cs35l63-a1-dsp1-misc-10280e1e-spkid3-06-l3u3.bin
creating link cirrus/cs35l63-a1-dsp1-misc-10280e21-spkid0-04.wmfw -> cs35l63/CS35L63_Rev2.5.7.wmfw
creating link cirrus/cs35l63-a1-dsp1-misc-10280e21-spkid0-04-l1u1.bin -> cs35l63-a1-dsp1-misc-10280e1b-spkid0-04-l3u1.bin
creating link cirrus/cs35l63-a1-dsp1-misc-10280e21-spkid0-04-l1u3.bin -> cs35l63-a1-dsp1-misc-10280e1b-spkid0-04-l3u3.bin
creating link cirrus/cs35l63-a1-dsp1-misc-10280e21-spkid2-03.wmfw -> cs35l63/CS35L63_Rev2.5.7.wmfw
creating link cirrus/cs35l63-a1-dsp1-misc-10280e21-spkid2-03-l1u1.bin -> cs35l63-a1-dsp1-misc-10280e1b-spkid2-03-l3u1.bin
creating link cirrus/cs35l63-a1-dsp1-misc-10280e21-spkid2-03-l1u3.bin -> cs35l63-a1-dsp1-misc-10280e1b-spkid2-03-l3u3.bin
creating link cirrus/cs35l63-a1-dsp1-misc-10280e21-spkid3-03.wmfw -> cs35l63/CS35L63_Rev2.5.7.wmfw
creating link cirrus/cs35l63-a1-dsp1-misc-10280e21-spkid3-03-l1u1.bin -> cs35l63-a1-dsp1-misc-10280e1b-spkid3-03-l3u1.bin
creating link cirrus/cs35l63-a1-dsp1-misc-10280e21-spkid3-03-l1u3.bin -> cs35l63-a1-dsp1-misc-10280e1b-spkid3-03-l3u3.bin
creating link cirrus/cs35l63-a1-dsp1-misc-10280e21-spkid3-04.wmfw -> cs35l63/CS35L63_Rev2.5.7.wmfw
creating link cirrus/cs35l63-a1-dsp1-misc-10280e21-spkid3-04-l1u1.bin -> cs35l63-a1-dsp1-misc-10280e1b-spkid3-04-l3u1.bin
creating link cirrus/cs35l63-a1-dsp1-misc-10280e21-spkid3-04-l1u3.bin -> cs35l63-a1-dsp1-misc-10280e1b-spkid3-04-l3u3.bin
creating link cirrus/cs35l63-a1-dsp1-misc-10280e22-spkid0-02.wmfw -> cs35l63/CS35L63_Rev2.5.7.wmfw
creating link cirrus/cs35l63-a1-dsp1-misc-10280e22-spkid0-02-l1u1.bin -> cs35l63-a1-dsp1-misc-10280e1a-spkid0-02-l3u1.bin
creating link cirrus/cs35l63-a1-dsp1-misc-10280e22-spkid0-02-l1u3.bin -> cs35l63-a1-dsp1-misc-10280e1a-spkid0-02-l3u3.bin
creating link cirrus/cs35l63-a1-dsp1-misc-10280e22-spkid2-01.wmfw -> cs35l63/CS35L63_Rev2.5.7.wmfw
creating link cirrus/cs35l63-a1-dsp1-misc-10280e22-spkid2-01-l1u1.bin -> cs35l63-a1-dsp1-misc-10280e1a-spkid2-01-l3u1.bin
creating link cirrus/cs35l63-a1-dsp1-misc-10280e22-spkid2-01-l1u3.bin -> cs35l63-a1-dsp1-misc-10280e1a-spkid2-01-l3u3.bin
creating link cirrus/cs35l63-a1-dsp1-misc-10280e22-spkid3-01.wmfw -> cs35l63/CS35L63_Rev2.5.7.wmfw
creating link cirrus/cs35l63-a1-dsp1-misc-10280e22-spkid3-01-l1u1.bin -> cs35l63-a1-dsp1-misc-10280e1a-spkid3-01-l3u1.bin
creating link cirrus/cs35l63-a1-dsp1-misc-10280e22-spkid3-01-l1u3.bin -> cs35l63-a1-dsp1-misc-10280e1a-spkid3-01-l3u3.bin
creating link cirrus/cs35l63-a1-dsp1-misc-10280e22-spkid3-02.wmfw -> cs35l63/CS35L63_Rev2.5.7.wmfw
creating link cirrus/cs35l63-a1-dsp1-misc-10280e22-spkid3-02-l1u1.bin -> cs35l63-a1-dsp1-misc-10280e1a-spkid3-02-l3u1.bin
creating link cirrus/cs35l63-a1-dsp1-misc-10280e22-spkid3-02-l1u3.bin -> cs35l63-a1-dsp1-misc-10280e1a-spkid3-02-l3u3.bin
creating link cirrus/cs35l63-a1-dsp1-misc-10280e23-spkid0-03.wmfw -> cs35l63/CS35L63_Rev2.5.7.wmfw
creating link cirrus/cs35l63-a1-dsp1-misc-10280e23-spkid0-03-l1u1.bin -> cs35l63-a1-dsp1-misc-10280e1d-spkid0-05-l3u1.bin
creating link cirrus/cs35l63-a1-dsp1-misc-10280e23-spkid0-03-l1u3.bin -> cs35l63-a1-dsp1-misc-10280e1d-spkid0-05-l3u3.bin
creating link cirrus/cs35l63-a1-dsp1-misc-10280e23-spkid0-04.wmfw -> cs35l63/CS35L63_Rev2.5.7.wmfw
creating link cirrus/cs35l63-a1-dsp1-misc-10280e23-spkid0-04-l1u1.bin -> cs35l63-a1-dsp1-misc-10280e1d-spkid0-06-l3u1.bin
creating link cirrus/cs35l63-a1-dsp1-misc-10280e23-spkid0-04-l1u3.bin -> cs35l63-a1-dsp1-misc-10280e1d-spkid0-06-l3u3.bin
creating link cirrus/cs35l63-a1-dsp1-misc-10280e23-spkid2-03.wmfw -> cs35l63/CS35L63_Rev2.5.7.wmfw
creating link cirrus/cs35l63-a1-dsp1-misc-10280e23-spkid2-03-l1u1.bin -> cs35l63-a1-dsp1-misc-10280e1d-spkid2-05-l3u1.bin
creating link cirrus/cs35l63-a1-dsp1-misc-10280e23-spkid2-03-l1u3.bin -> cs35l63-a1-dsp1-misc-10280e1d-spkid2-05-l3u3.bin
creating link cirrus/cs35l63-a1-dsp1-misc-10280e23-spkid2-04.wmfw -> cs35l63/CS35L63_Rev2.5.7.wmfw
creating link cirrus/cs35l63-a1-dsp1-misc-10280e23-spkid2-04-l1u1.bin -> cs35l63-a1-dsp1-misc-10280e1d-spkid2-06-l3u1.bin
creating link cirrus/cs35l63-a1-dsp1-misc-10280e23-spkid2-04-l1u3.bin -> cs35l63-a1-dsp1-misc-10280e1d-spkid2-06-l3u3.bin
creating link cirrus/cs35l63-a1-dsp1-misc-10280e23-spkid3-04.wmfw -> cs35l63/CS35L63_Rev2.5.7.wmfw
creating link cirrus/cs35l63-a1-dsp1-misc-10280e23-spkid3-04-l1u1.bin -> cs35l63-a1-dsp1-misc-10280e1d-spkid3-06-l3u1.bin
creating link cirrus/cs35l63-a1-dsp1-misc-10280e23-spkid3-04-l1u3.bin -> cs35l63-a1-dsp1-misc-10280e1d-spkid3-06-l3u3.bin
creating link cirrus/cs35l63-a1-dsp1-misc-10280e24-spkid0-05.wmfw -> cs35l63/CS35L63_Rev2.5.7.wmfw
creating link cirrus/cs35l63-a1-dsp1-misc-10280e24-spkid0-05-l1u1.bin -> cs35l63-a1-dsp1-misc-10280e1d-spkid0-05-l3u1.bin
creating link cirrus/cs35l63-a1-dsp1-misc-10280e24-spkid0-05-l1u3.bin -> cs35l63-a1-dsp1-misc-10280e1d-spkid0-05-l3u3.bin
creating link cirrus/cs35l63-a1-dsp1-misc-10280e24-spkid0-06.wmfw -> cs35l63/CS35L63_Rev2.5.7.wmfw
creating link cirrus/cs35l63-a1-dsp1-misc-10280e24-spkid0-06-l1u1.bin -> cs35l63-a1-dsp1-misc-10280e1d-spkid0-06-l3u1.bin
creating link cirrus/cs35l63-a1-dsp1-misc-10280e24-spkid0-06-l1u3.bin -> cs35l63-a1-dsp1-misc-10280e1d-spkid0-06-l3u3.bin
creating link cirrus/cs35l63-a1-dsp1-misc-10280e24-spkid2-05.wmfw -> cs35l63/CS35L63_Rev2.5.7.wmfw
creating link cirrus/cs35l63-a1-dsp1-misc-10280e24-spkid2-05-l1u1.bin -> cs35l63-a1-dsp1-misc-10280e1d-spkid2-05-l3u1.bin
creating link cirrus/cs35l63-a1-dsp1-misc-10280e24-spkid2-05-l1u3.bin -> cs35l63-a1-dsp1-misc-10280e1d-spkid2-05-l3u3.bin
creating link cirrus/cs35l63-a1-dsp1-misc-10280e24-spkid2-06.wmfw -> cs35l63/CS35L63_Rev2.5.7.wmfw
creating link cirrus/cs35l63-a1-dsp1-misc-10280e24-spkid2-06-l1u1.bin -> cs35l63-a1-dsp1-misc-10280e1d-spkid2-06-l3u1.bin
creating link cirrus/cs35l63-a1-dsp1-misc-10280e24-spkid2-06-l1u3.bin -> cs35l63-a1-dsp1-misc-10280e1d-spkid2-06-l3u3.bin
creating link cirrus/cs35l63-a1-dsp1-misc-10280e24-spkid3-06.wmfw -> cs35l63/CS35L63_Rev2.5.7.wmfw
creating link cirrus/cs35l63-a1-dsp1-misc-10280e24-spkid3-06-l1u1.bin -> cs35l63-a1-dsp1-misc-10280e1d-spkid3-06-l3u1.bin
creating link cirrus/cs35l63-a1-dsp1-misc-10280e24-spkid3-06-l1u3.bin -> cs35l63-a1-dsp1-misc-10280e1d-spkid3-06-l3u3.bin
creating link cirrus/cs35l63-a1-dsp1-misc-10280e25-spkid0-01.wmfw -> cs35l63/CS35L63_Rev2.5.7.wmfw
creating link cirrus/cs35l63-a1-dsp1-misc-10280e25-spkid0-01-l1u1.bin -> cs35l63-a1-dsp1-misc-10280e1c-spkid0-01-l3u1.bin
creating link cirrus/cs35l63-a1-dsp1-misc-10280e25-spkid0-01-l1u3.bin -> cs35l63-a1-dsp1-misc-10280e1c-spkid0-01-l3u3.bin
creating link cirrus/cs35l63-a1-dsp1-misc-10280e25-spkid1-01.wmfw -> cs35l63/CS35L63_Rev2.5.7.wmfw
creating link cirrus/cs35l63-a1-dsp1-misc-10280e25-spkid1-01-l1u1.bin -> cs35l63-a1-dsp1-misc-10280e1c-spkid1-01-l3u1.bin
creating link cirrus/cs35l63-a1-dsp1-misc-10280e25-spkid1-01-l1u3.bin -> cs35l63-a1-dsp1-misc-10280e1c-spkid1-01-l3u3.bin
creating link cirrus/cs35l63-a1-dsp1-misc-10280e25-spkid2-01.wmfw -> cs35l63/CS35L63_Rev2.5.7.wmfw
creating link cirrus/cs35l63-a1-dsp1-misc-10280e25-spkid2-01-l1u1.bin -> cs35l63-a1-dsp1-misc-10280e1c-spkid2-01-l3u1.bin
creating link cirrus/cs35l63-a1-dsp1-misc-10280e25-spkid2-01-l1u3.bin -> cs35l63-a1-dsp1-misc-10280e1c-spkid2-01-l3u3.bin
creating link cirrus/cs35l63-a1-dsp1-misc-10280e25-spkid3-01.wmfw -> cs35l63/CS35L63_Rev2.5.7.wmfw
creating link cirrus/cs35l63-a1-dsp1-misc-10280e25-spkid3-01-l1u1.bin -> cs35l63-a1-dsp1-misc-10280e1c-spkid3-01-l3u1.bin
creating link cirrus/cs35l63-a1-dsp1-misc-10280e25-spkid3-01-l1u3.bin -> cs35l63-a1-dsp1-misc-10280e1c-spkid3-01-l3u3.bin
creating link cirrus/cs35l63-a1-dsp1-misc-10280e26-spkid0-01.wmfw -> cs35l63/CS35L63_Rev2.5.7.wmfw
creating link cirrus/cs35l63-a1-dsp1-misc-10280e26-spkid0-01-l1u1.bin -> cs35l63-a1-dsp1-misc-10280e1c-spkid0-01-l3u1.bin
creating link cirrus/cs35l63-a1-dsp1-misc-10280e26-spkid0-01-l1u3.bin -> cs35l63-a1-dsp1-misc-10280e1c-spkid0-01-l3u3.bin
creating link cirrus/cs35l63-a1-dsp1-misc-10280e26-spkid1-01.wmfw -> cs35l63/CS35L63_Rev2.5.7.wmfw
creating link cirrus/cs35l63-a1-dsp1-misc-10280e26-spkid1-01-l1u1.bin -> cs35l63-a1-dsp1-misc-10280e1c-spkid1-01-l3u1.bin
creating link cirrus/cs35l63-a1-dsp1-misc-10280e26-spkid1-01-l1u3.bin -> cs35l63-a1-dsp1-misc-10280e1c-spkid1-01-l3u3.bin
creating link cirrus/cs35l63-a1-dsp1-misc-10280e26-spkid2-01.wmfw -> cs35l63/CS35L63_Rev2.5.7.wmfw
creating link cirrus/cs35l63-a1-dsp1-misc-10280e26-spkid2-01-l1u1.bin -> cs35l63-a1-dsp1-misc-10280e1c-spkid2-01-l3u1.bin
creating link cirrus/cs35l63-a1-dsp1-misc-10280e26-spkid2-01-l1u3.bin -> cs35l63-a1-dsp1-misc-10280e1c-spkid2-01-l3u3.bin
creating link cirrus/cs35l63-a1-dsp1-misc-10280e26-spkid3-01.wmfw -> cs35l63/CS35L63_Rev2.5.7.wmfw
creating link cirrus/cs35l63-a1-dsp1-misc-10280e26-spkid3-01-l1u1.bin -> cs35l63-a1-dsp1-misc-10280e1c-spkid3-01-l3u1.bin
creating link cirrus/cs35l63-a1-dsp1-misc-10280e26-spkid3-01-l1u3.bin -> cs35l63-a1-dsp1-misc-10280e1c-spkid3-01-l3u3.bin
creating link cirrus/cs35l63-a1-dsp1-misc-10280e27-spkid0-06.wmfw -> cs35l63/CS35L63_Rev2.5.7.wmfw
creating link cirrus/cs35l63-a1-dsp1-misc-10280e27-spkid0-06-l1u1.bin -> cs35l63-a1-dsp1-misc-10280e1e-spkid0-06-l3u1.bin
creating link cirrus/cs35l63-a1-dsp1-misc-10280e27-spkid0-06-l1u3.bin -> cs35l63-a1-dsp1-misc-10280e1e-spkid0-06-l3u3.bin
creating link cirrus/cs35l63-a1-dsp1-misc-10280e27-spkid1-06.wmfw -> cs35l63/CS35L63_Rev2.5.7.wmfw
creating link cirrus/cs35l63-a1-dsp1-misc-10280e27-spkid1-06-l1u1.bin -> cs35l63-a1-dsp1-misc-10280e1e-spkid1-06-l3u1.bin
creating link cirrus/cs35l63-a1-dsp1-misc-10280e27-spkid1-06-l1u3.bin -> cs35l63-a1-dsp1-misc-10280e1e-spkid1-06-l3u3.bin
creating link cirrus/cs35l63-a1-dsp1-misc-10280e27-spkid2-06.wmfw -> cs35l63/CS35L63_Rev2.5.7.wmfw
creating link cirrus/cs35l63-a1-dsp1-misc-10280e27-spkid2-06-l1u1.bin -> cs35l63-a1-dsp1-misc-10280e1e-spkid2-06-l3u1.bin
creating link cirrus/cs35l63-a1-dsp1-misc-10280e27-spkid2-06-l1u3.bin -> cs35l63-a1-dsp1-misc-10280e1e-spkid2-06-l3u3.bin
creating link cirrus/cs35l63-a1-dsp1-misc-10280e27-spkid3-06.wmfw -> cs35l63/CS35L63_Rev2.5.7.wmfw
creating link cirrus/cs35l63-a1-dsp1-misc-10280e27-spkid3-06-l1u1.bin -> cs35l63-a1-dsp1-misc-10280e1e-spkid3-06-l3u1.bin
creating link cirrus/cs35l63-a1-dsp1-misc-10280e27-spkid3-06-l1u3.bin -> cs35l63-a1-dsp1-misc-10280e1e-spkid3-06-l3u3.bin
creating link cirrus/cs35l63-a1-dsp1-misc-10280e28-spkid0-05.wmfw -> cs35l63/CS35L63_Rev2.5.7.wmfw
creating link cirrus/cs35l63-a1-dsp1-misc-10280e28-spkid0-05-l1u1.bin -> cs35l63-a1-dsp1-misc-10280e1e-spkid0-06-l3u1.bin
creating link cirrus/cs35l63-a1-dsp1-misc-10280e28-spkid0-05-l1u3.bin -> cs35l63-a1-dsp1-misc-10280e1e-spkid0-06-l3u3.bin
creating link cirrus/cs35l63-a1-dsp1-misc-10280e28-spkid1-05.wmfw -> cs35l63/CS35L63_Rev2.5.7.wmfw
creating link cirrus/cs35l63-a1-dsp1-misc-10280e28-spkid1-05-l1u1.bin -> cs35l63-a1-dsp1-misc-10280e1e-spkid1-06-l3u1.bin
creating link cirrus/cs35l63-a1-dsp1-misc-10280e28-spkid1-05-l1u3.bin -> cs35l63-a1-dsp1-misc-10280e1e-spkid1-06-l3u3.bin
creating link cirrus/cs35l63-a1-dsp1-misc-10280e28-spkid2-05.wmfw -> cs35l63/CS35L63_Rev2.5.7.wmfw
creating link cirrus/cs35l63-a1-dsp1-misc-10280e28-spkid2-05-l1u1.bin -> cs35l63-a1-dsp1-misc-10280e1e-spkid2-06-l3u1.bin
creating link cirrus/cs35l63-a1-dsp1-misc-10280e28-spkid2-05-l1u3.bin -> cs35l63-a1-dsp1-misc-10280e1e-spkid2-06-l3u3.bin
creating link cirrus/cs35l63-a1-dsp1-misc-10280e28-spkid3-05.wmfw -> cs35l63/CS35L63_Rev2.5.7.wmfw
creating link cirrus/cs35l63-a1-dsp1-misc-10280e28-spkid3-05-l1u1.bin -> cs35l63-a1-dsp1-misc-10280e1e-spkid3-06-l3u1.bin
creating link cirrus/cs35l63-a1-dsp1-misc-10280e28-spkid3-05-l1u3.bin -> cs35l63-a1-dsp1-misc-10280e1e-spkid3-06-l3u3.bin
creating link cirrus/cs35l63-a1-dsp1-misc-10280e2b-spkid0-00.wmfw -> cs35l63/CS35L63_Rev2.5.7.wmfw
creating link cirrus/cs35l63-a1-dsp1-misc-10280e2b-spkid1-00.wmfw -> cs35l63/CS35L63_Rev2.5.7.wmfw
creating link cirrus/cs35l63-a1-dsp1-misc-10280e2c-spkid0-00.wmfw -> cs35l63/CS35L63_Rev2.5.7.wmfw
creating link cirrus/cs35l63-a1-dsp1-misc-10280e2c-spkid1-00.wmfw -> cs35l63/CS35L63_Rev2.5.7.wmfw
creating link cirrus/cs35l63-a1-dsp1-misc-10280e38-spkid0-03.wmfw -> cs35l63/CS35L63_Rev2.5.7.wmfw
creating link cirrus/cs35l63-a1-dsp1-misc-10280e38-spkid0-03-l3u1.bin -> cs35l63-a1-dsp1-misc-10280e1d-spkid0-05-l3u1.bin
creating link cirrus/cs35l63-a1-dsp1-misc-10280e38-spkid0-03-l3u3.bin -> cs35l63-a1-dsp1-misc-10280e1d-spkid0-05-l3u3.bin
creating link cirrus/cs35l63-a1-dsp1-misc-10280e38-spkid0-04.wmfw -> cs35l63/CS35L63_Rev2.5.7.wmfw
creating link cirrus/cs35l63-a1-dsp1-misc-10280e38-spkid0-04-l3u1.bin -> cs35l63-a1-dsp1-misc-10280e1d-spkid0-06-l3u1.bin
creating link cirrus/cs35l63-a1-dsp1-misc-10280e38-spkid0-04-l3u3.bin -> cs35l63-a1-dsp1-misc-10280e1d-spkid0-06-l3u3.bin
creating link cirrus/cs35l63-a1-dsp1-misc-10280e38-spkid2-03.wmfw -> cs35l63/CS35L63_Rev2.5.7.wmfw
creating link cirrus/cs35l63-a1-dsp1-misc-10280e38-spkid2-03-l3u1.bin -> cs35l63-a1-dsp1-misc-10280e1d-spkid2-05-l3u1.bin
creating link cirrus/cs35l63-a1-dsp1-misc-10280e38-spkid2-03-l3u3.bin -> cs35l63-a1-dsp1-misc-10280e1d-spkid2-05-l3u3.bin
creating link cirrus/cs35l63-a1-dsp1-misc-10280e38-spkid2-04.wmfw -> cs35l63/CS35L63_Rev2.5.7.wmfw
creating link cirrus/cs35l63-a1-dsp1-misc-10280e38-spkid2-04-l3u1.bin -> cs35l63-a1-dsp1-misc-10280e1d-spkid2-06-l3u1.bin
creating link cirrus/cs35l63-a1-dsp1-misc-10280e38-spkid2-04-l3u3.bin -> cs35l63-a1-dsp1-misc-10280e1d-spkid2-06-l3u3.bin
creating link cirrus/cs35l63-a1-dsp1-misc-10280e38-spkid3-04.wmfw -> cs35l63/CS35L63_Rev2.5.7.wmfw
creating link cirrus/cs35l63-a1-dsp1-misc-10280e38-spkid3-04-l3u1.bin -> cs35l63-a1-dsp1-misc-10280e1d-spkid3-06-l3u1.bin
creating link cirrus/cs35l63-a1-dsp1-misc-10280e38-spkid3-04-l3u3.bin -> cs35l63-a1-dsp1-misc-10280e1d-spkid3-06-l3u3.bin
creating link cirrus/cs35l63-a1-dsp1-misc-10280e3e-spkid0-01.wmfw -> cs35l63/CS35L63_Rev2.5.7.wmfw
creating link cirrus/cs35l63-a1-dsp1-misc-10280e3e-spkid0-01-l3u1.bin -> cs35l63-a1-dsp1-misc-10280e1c-spkid0-01-l3u1.bin
creating link cirrus/cs35l63-a1-dsp1-misc-10280e3e-spkid0-01-l3u3.bin -> cs35l63-a1-dsp1-misc-10280e1c-spkid0-01-l3u3.bin
creating link cirrus/cs35l63-a1-dsp1-misc-10280e3e-spkid1-01.wmfw -> cs35l63/CS35L63_Rev2.5.7.wmfw
creating link cirrus/cs35l63-a1-dsp1-misc-10280e3e-spkid1-01-l3u1.bin -> cs35l63-a1-dsp1-misc-10280e1c-spkid1-01-l3u1.bin
creating link cirrus/cs35l63-a1-dsp1-misc-10280e3e-spkid1-01-l3u3.bin -> cs35l63-a1-dsp1-misc-10280e1c-spkid1-01-l3u3.bin
creating link cirrus/cs35l63-a1-dsp1-misc-10280e3e-spkid2-01.wmfw -> cs35l63/CS35L63_Rev2.5.7.wmfw
creating link cirrus/cs35l63-a1-dsp1-misc-10280e3e-spkid2-01-l3u1.bin -> cs35l63-a1-dsp1-misc-10280e1c-spkid2-01-l3u1.bin
creating link cirrus/cs35l63-a1-dsp1-misc-10280e3e-spkid2-01-l3u3.bin -> cs35l63-a1-dsp1-misc-10280e1c-spkid2-01-l3u3.bin
creating link cirrus/cs35l63-a1-dsp1-misc-10280e3e-spkid3-01.wmfw -> cs35l63/CS35L63_Rev2.5.7.wmfw
creating link cirrus/cs35l63-a1-dsp1-misc-10280e3e-spkid3-01-l3u1.bin -> cs35l63-a1-dsp1-misc-10280e1c-spkid3-01-l3u1.bin
creating link cirrus/cs35l63-a1-dsp1-misc-10280e3e-spkid3-01-l3u3.bin -> cs35l63-a1-dsp1-misc-10280e1c-spkid3-01-l3u3.bin
creating link cirrus/cs35l63-a1-dsp1-misc-10280e3f-spkid0-06.wmfw -> cs35l63/CS35L63_Rev2.5.7.wmfw
creating link cirrus/cs35l63-a1-dsp1-misc-10280e3f-spkid0-06-l3u1.bin -> cs35l63-a1-dsp1-misc-10280e1e-spkid0-06-l3u1.bin
creating link cirrus/cs35l63-a1-dsp1-misc-10280e3f-spkid0-06-l3u3.bin -> cs35l63-a1-dsp1-misc-10280e1e-spkid0-06-l3u3.bin
creating link cirrus/cs35l63-a1-dsp1-misc-10280e3f-spkid0-07.wmfw -> cs35l63/CS35L63_Rev2.5.7.wmfw
creating link cirrus/cs35l63-a1-dsp1-misc-10280e3f-spkid0-07-l3u1.bin -> cs35l63-a1-dsp1-misc-10280e1e-spkid0-06-l3u1.bin
creating link cirrus/cs35l63-a1-dsp1-misc-10280e3f-spkid0-07-l3u3.bin -> cs35l63-a1-dsp1-misc-10280e1e-spkid0-06-l3u3.bin
creating link cirrus/cs35l63-a1-dsp1-misc-10280e3f-spkid1-06.wmfw -> cs35l63/CS35L63_Rev2.5.7.wmfw
creating link cirrus/cs35l63-a1-dsp1-misc-10280e3f-spkid1-06-l3u1.bin -> cs35l63-a1-dsp1-misc-10280e1e-spkid1-06-l3u1.bin
creating link cirrus/cs35l63-a1-dsp1-misc-10280e3f-spkid1-06-l3u3.bin -> cs35l63-a1-dsp1-misc-10280e1e-spkid1-06-l3u3.bin
creating link cirrus/cs35l63-a1-dsp1-misc-10280e3f-spkid1-07.wmfw -> cs35l63/CS35L63_Rev2.5.7.wmfw
creating link cirrus/cs35l63-a1-dsp1-misc-10280e3f-spkid1-07-l3u1.bin -> cs35l63-a1-dsp1-misc-10280e1e-spkid1-06-l3u1.bin
creating link cirrus/cs35l63-a1-dsp1-misc-10280e3f-spkid1-07-l3u3.bin -> cs35l63-a1-dsp1-misc-10280e1e-spkid1-06-l3u3.bin
creating link cirrus/cs35l63-a1-dsp1-misc-10280e3f-spkid2-06.wmfw -> cs35l63/CS35L63_Rev2.5.7.wmfw
creating link cirrus/cs35l63-a1-dsp1-misc-10280e3f-spkid2-06-l3u1.bin -> cs35l63-a1-dsp1-misc-10280e1e-spkid2-06-l3u1.bin
creating link cirrus/cs35l63-a1-dsp1-misc-10280e3f-spkid2-06-l3u3.bin -> cs35l63-a1-dsp1-misc-10280e1e-spkid2-06-l3u3.bin
creating link cirrus/cs35l63-a1-dsp1-misc-10280e3f-spkid2-07.wmfw -> cs35l63/CS35L63_Rev2.5.7.wmfw
creating link cirrus/cs35l63-a1-dsp1-misc-10280e3f-spkid2-07-l3u1.bin -> cs35l63-a1-dsp1-misc-10280e1e-spkid2-06-l3u1.bin
creating link cirrus/cs35l63-a1-dsp1-misc-10280e3f-spkid2-07-l3u3.bin -> cs35l63-a1-dsp1-misc-10280e1e-spkid2-06-l3u3.bin
creating link cirrus/cs35l63-a1-dsp1-misc-10280e3f-spkid3-06.wmfw -> cs35l63/CS35L63_Rev2.5.7.wmfw
creating link cirrus/cs35l63-a1-dsp1-misc-10280e3f-spkid3-06-l3u1.bin -> cs35l63-a1-dsp1-misc-10280e1e-spkid3-06-l3u1.bin
creating link cirrus/cs35l63-a1-dsp1-misc-10280e3f-spkid3-06-l3u3.bin -> cs35l63-a1-dsp1-misc-10280e1e-spkid3-06-l3u3.bin
creating link cirrus/cs35l63-a1-dsp1-misc-10280e3f-spkid3-07.wmfw -> cs35l63/CS35L63_Rev2.5.7.wmfw
creating link cirrus/cs35l63-a1-dsp1-misc-10280e3f-spkid3-07-l3u1.bin -> cs35l63-a1-dsp1-misc-10280e1e-spkid3-06-l3u1.bin
creating link cirrus/cs35l63-a1-dsp1-misc-10280e3f-spkid3-07-l3u3.bin -> cs35l63-a1-dsp1-misc-10280e1e-spkid3-06-l3u3.bin
creating link cirrus/cs35l63-a1-dsp1-misc-10280e82-spkid0-04.wmfw -> cs35l63/CS35L63_Rev2.5.7.wmfw
creating link cirrus/cs35l63-a1-dsp1-misc-10280e82-spkid0-04-l3u1.bin -> cs35l63-a1-dsp1-misc-10280e1b-spkid0-04-l3u1.bin
creating link cirrus/cs35l63-a1-dsp1-misc-10280e82-spkid0-04-l3u3.bin -> cs35l63-a1-dsp1-misc-10280e1b-spkid0-04-l3u3.bin
creating link cirrus/cs35l63-a1-dsp1-misc-10280e82-spkid2-03.wmfw -> cs35l63/CS35L63_Rev2.5.7.wmfw
creating link cirrus/cs35l63-a1-dsp1-misc-10280e82-spkid2-03-l3u1.bin -> cs35l63-a1-dsp1-misc-10280e1b-spkid2-03-l3u1.bin
creating link cirrus/cs35l63-a1-dsp1-misc-10280e82-spkid2-03-l3u3.bin -> cs35l63-a1-dsp1-misc-10280e1b-spkid2-03-l3u3.bin
creating link cirrus/cs35l63-a1-dsp1-misc-10280e82-spkid3-03.wmfw -> cs35l63/CS35L63_Rev2.5.7.wmfw
creating link cirrus/cs35l63-a1-dsp1-misc-10280e82-spkid3-03-l3u1.bin -> cs35l63-a1-dsp1-misc-10280e1b-spkid3-03-l3u1.bin
creating link cirrus/cs35l63-a1-dsp1-misc-10280e82-spkid3-03-l3u3.bin -> cs35l63-a1-dsp1-misc-10280e1b-spkid3-03-l3u3.bin
creating link cirrus/cs35l63-a1-dsp1-misc-10280e82-spkid3-04.wmfw -> cs35l63/CS35L63_Rev2.5.7.wmfw
creating link cirrus/cs35l63-a1-dsp1-misc-10280e82-spkid3-04-l3u1.bin -> cs35l63-a1-dsp1-misc-10280e1b-spkid3-04-l3u1.bin
creating link cirrus/cs35l63-a1-dsp1-misc-10280e82-spkid3-04-l3u3.bin -> cs35l63-a1-dsp1-misc-10280e1b-spkid3-04-l3u3.bin
creating link cirrus/cs35l63-a1-dsp1-misc-10280e83-spkid0-02.wmfw -> cs35l63/CS35L63_Rev2.5.7.wmfw
creating link cirrus/cs35l63-a1-dsp1-misc-10280e83-spkid0-02-l3u1.bin -> cs35l63-a1-dsp1-misc-10280e1a-spkid0-02-l3u1.bin
creating link cirrus/cs35l63-a1-dsp1-misc-10280e83-spkid0-02-l3u3.bin -> cs35l63-a1-dsp1-misc-10280e1a-spkid0-02-l3u3.bin
creating link cirrus/cs35l63-a1-dsp1-misc-10280e83-spkid2-01.wmfw -> cs35l63/CS35L63_Rev2.5.7.wmfw
creating link cirrus/cs35l63-a1-dsp1-misc-10280e83-spkid2-01-l3u1.bin -> cs35l63-a1-dsp1-misc-10280e1a-spkid2-01-l3u1.bin
creating link cirrus/cs35l63-a1-dsp1-misc-10280e83-spkid2-01-l3u3.bin -> cs35l63-a1-dsp1-misc-10280e1a-spkid2-01-l3u3.bin
creating link cirrus/cs35l63-a1-dsp1-misc-10280e83-spkid3-01.wmfw -> cs35l63/CS35L63_Rev2.5.7.wmfw
creating link cirrus/cs35l63-a1-dsp1-misc-10280e83-spkid3-01-l3u1.bin -> cs35l63-a1-dsp1-misc-10280e1a-spkid3-01-l3u1.bin
creating link cirrus/cs35l63-a1-dsp1-misc-10280e83-spkid3-01-l3u3.bin -> cs35l63-a1-dsp1-misc-10280e1a-spkid3-01-l3u3.bin
creating link cirrus/cs35l63-a1-dsp1-misc-10280e83-spkid3-02.wmfw -> cs35l63/CS35L63_Rev2.5.7.wmfw
creating link cirrus/cs35l63-a1-dsp1-misc-10280e83-spkid3-02-l3u1.bin -> cs35l63-a1-dsp1-misc-10280e1a-spkid3-02-l3u1.bin
creating link cirrus/cs35l63-a1-dsp1-misc-10280e83-spkid3-02-l3u3.bin -> cs35l63-a1-dsp1-misc-10280e1a-spkid3-02-l3u3.bin
creating link cirrus/cs35l63-a1-dsp1-misc-10280e84-spkid0-05.wmfw -> cs35l63/CS35L63_Rev2.5.7.wmfw
creating link cirrus/cs35l63-a1-dsp1-misc-10280e84-spkid0-05-l3u1.bin -> cs35l63-a1-dsp1-misc-10280e1d-spkid0-05-l3u1.bin
creating link cirrus/cs35l63-a1-dsp1-misc-10280e84-spkid0-05-l3u3.bin -> cs35l63-a1-dsp1-misc-10280e1d-spkid0-05-l3u3.bin
creating link cirrus/cs35l63-a1-dsp1-misc-10280e84-spkid0-06.wmfw -> cs35l63/CS35L63_Rev2.5.7.wmfw
creating link cirrus/cs35l63-a1-dsp1-misc-10280e84-spkid0-06-l3u1.bin -> cs35l63-a1-dsp1-misc-10280e1d-spkid0-06-l3u1.bin
creating link cirrus/cs35l63-a1-dsp1-misc-10280e84-spkid0-06-l3u3.bin -> cs35l63-a1-dsp1-misc-10280e1d-spkid0-06-l3u3.bin
creating link cirrus/cs35l63-a1-dsp1-misc-10280e84-spkid2-05.wmfw -> cs35l63/CS35L63_Rev2.5.7.wmfw
creating link cirrus/cs35l63-a1-dsp1-misc-10280e84-spkid2-05-l3u1.bin -> cs35l63-a1-dsp1-misc-10280e1d-spkid2-05-l3u1.bin
creating link cirrus/cs35l63-a1-dsp1-misc-10280e84-spkid2-05-l3u3.bin -> cs35l63-a1-dsp1-misc-10280e1d-spkid2-05-l3u3.bin
creating link cirrus/cs35l63-a1-dsp1-misc-10280e84-spkid2-06.wmfw -> cs35l63/CS35L63_Rev2.5.7.wmfw
creating link cirrus/cs35l63-a1-dsp1-misc-10280e84-spkid2-06-l3u1.bin -> cs35l63-a1-dsp1-misc-10280e1d-spkid2-06-l3u1.bin
creating link cirrus/cs35l63-a1-dsp1-misc-10280e84-spkid2-06-l3u3.bin -> cs35l63-a1-dsp1-misc-10280e1d-spkid2-06-l3u3.bin
creating link cirrus/cs35l63-a1-dsp1-misc-10280e84-spkid3-06.wmfw -> cs35l63/CS35L63_Rev2.5.7.wmfw
creating link cirrus/cs35l63-a1-dsp1-misc-10280e84-spkid3-06-l3u1.bin -> cs35l63-a1-dsp1-misc-10280e1d-spkid3-06-l3u1.bin
creating link cirrus/cs35l63-a1-dsp1-misc-10280e84-spkid3-06-l3u3.bin -> cs35l63-a1-dsp1-misc-10280e1d-spkid3-06-l3u3.bin
creating link cirrus/cs35l63-a1-dsp1-misc-10280e85-spkid0-03.wmfw -> cs35l63/CS35L63_Rev2.5.7.wmfw
creating link cirrus/cs35l63-a1-dsp1-misc-10280e85-spkid0-03-l3u1.bin -> cs35l63-a1-dsp1-misc-10280e1d-spkid0-05-l3u1.bin
creating link cirrus/cs35l63-a1-dsp1-misc-10280e85-spkid0-03-l3u3.bin -> cs35l63-a1-dsp1-misc-10280e1d-spkid0-05-l3u3.bin
creating link cirrus/cs35l63-a1-dsp1-misc-10280e85-spkid0-04.wmfw -> cs35l63/CS35L63_Rev2.5.7.wmfw
creating link cirrus/cs35l63-a1-dsp1-misc-10280e85-spkid0-04-l3u1.bin -> cs35l63-a1-dsp1-misc-10280e1d-spkid0-06-l3u1.bin
creating link cirrus/cs35l63-a1-dsp1-misc-10280e85-spkid0-04-l3u3.bin -> cs35l63-a1-dsp1-misc-10280e1d-spkid0-06-l3u3.bin
creating link cirrus/cs35l63-a1-dsp1-misc-10280e85-spkid2-03.wmfw -> cs35l63/CS35L63_Rev2.5.7.wmfw
creating link cirrus/cs35l63-a1-dsp1-misc-10280e85-spkid2-03-l3u1.bin -> cs35l63-a1-dsp1-misc-10280e1d-spkid2-05-l3u1.bin
creating link cirrus/cs35l63-a1-dsp1-misc-10280e85-spkid2-03-l3u3.bin -> cs35l63-a1-dsp1-misc-10280e1d-spkid2-05-l3u3.bin
creating link cirrus/cs35l63-a1-dsp1-misc-10280e85-spkid2-04.wmfw -> cs35l63/CS35L63_Rev2.5.7.wmfw
creating link cirrus/cs35l63-a1-dsp1-misc-10280e85-spkid2-04-l3u1.bin -> cs35l63-a1-dsp1-misc-10280e1d-spkid2-06-l3u1.bin
creating link cirrus/cs35l63-a1-dsp1-misc-10280e85-spkid2-04-l3u3.bin -> cs35l63-a1-dsp1-misc-10280e1d-spkid2-06-l3u3.bin
creating link cirrus/cs35l63-a1-dsp1-misc-10280e85-spkid3-04.wmfw -> cs35l63/CS35L63_Rev2.5.7.wmfw
creating link cirrus/cs35l63-a1-dsp1-misc-10280e85-spkid3-04-l3u1.bin -> cs35l63-a1-dsp1-misc-10280e1d-spkid3-06-l3u1.bin
creating link cirrus/cs35l63-a1-dsp1-misc-10280e85-spkid3-04-l3u3.bin -> cs35l63-a1-dsp1-misc-10280e1d-spkid3-06-l3u3.bin
creating link cirrus/cs35l56-b0-dsp1-misc-103c8c52.wmfw -> cs35l56/CS35L56_Rev3.11.16.wmfw
creating link cirrus/cs35l56-b0-dsp1-misc-103c8c53.wmfw -> cs35l56/CS35L56_Rev3.11.16.wmfw
creating link cirrus/cs35l54-b0-dsp1-misc-103c8d01.wmfw -> cs35l56/CS35L56_Rev3.11.18.wmfw
creating link cirrus/cs35l54-b0-dsp1-misc-103c8d08.wmfw -> cs35l56/CS35L56_Rev3.11.18.wmfw
creating link cirrus/cs35l54-b0-dsp1-misc-103c8d85.wmfw -> cs35l56/CS35L56_Rev3.11.11.1.wmfw
creating link cirrus/cs35l54-b0-dsp1-misc-103c8d86.wmfw -> cs35l56/CS35L56_Rev3.11.11.1.wmfw
creating link cirrus/cs35l54-b0-dsp1-misc-103c8d8c.wmfw -> cs35l56/CS35L56_Rev3.11.11.1.wmfw
creating link cirrus/cs35l54-b0-dsp1-misc-103c8d8d.wmfw -> cs35l56/CS35L56_Rev3.11.11.1.wmfw
creating link cirrus/cs35l54-b0-dsp1-misc-103c8d8e.wmfw -> cs35l56/CS35L56_Rev3.11.11.1.wmfw
creating link cirrus/cs35l54-b0-dsp1-misc-103c8d8f.wmfw -> cs35l56/CS35L56_Rev3.11.11.1.wmfw
creating link cirrus/cs35l54-b0-dsp1-misc-103c8d8f-amp1.bin -> cs35l54-b0-dsp1-misc-103c8d8e-amp1.bin
creating link cirrus/cs35l54-b0-dsp1-misc-103c8d8f-amp2.bin -> cs35l54-b0-dsp1-misc-103c8d8e-amp2.bin
creating link cirrus/cs35l56-b0-dsp1-misc-103c8d90.wmfw -> cs35l56/CS35L56_Rev3.11.11.1.wmfw
creating link cirrus/cs35l54-b0-dsp1-misc-103c8d91.wmfw -> cs35l56/CS35L56_Rev3.11.11.1.wmfw
creating link cirrus/cs35l54-b0-dsp1-misc-103c8d91-amp1.bin -> cs35l54-b0-dsp1-misc-103c8d8e-amp1.bin
creating link cirrus/cs35l54-b0-dsp1-misc-103c8d91-amp2.bin -> cs35l54-b0-dsp1-misc-103c8d8e-amp2.bin
creating link cirrus/cs35l56-b0-dsp1-misc-103c8d91.wmfw -> cs35l56/CS35L56_Rev3.11.11.1.wmfw
creating link cirrus/cs35l56-b0-dsp1-misc-103c8d91-amp1.bin -> cs35l54-b0-dsp1-misc-103c8d8e-amp1.bin
creating link cirrus/cs35l56-b0-dsp1-misc-103c8d91-amp2.bin -> cs35l54-b0-dsp1-misc-103c8d8e-amp2.bin
creating link cirrus/cs35l56-b0-dsp1-misc-103c8d92.wmfw -> cs35l56/CS35L56_Rev3.11.11.1.wmfw
creating link cirrus/cs35l56-b0-dsp1-misc-103c8d92-amp1.bin -> cs35l56-b0-dsp1-misc-103c8d90-amp1.bin
creating link cirrus/cs35l56-b0-dsp1-misc-103c8d92-amp2.bin -> cs35l56-b0-dsp1-misc-103c8d90-amp2.bin
creating link cirrus/cs35l54-b0-dsp1-misc-103c8e14.wmfw -> cs35l56/CS35L56_Rev3.11.11.1.wmfw
creating link cirrus/cs35l54-b0-dsp1-misc-103c8e15.wmfw -> cs35l56/CS35L56_Rev3.11.11.1.wmfw
creating link cirrus/cs35l54-b0-dsp1-misc-103c8e16.wmfw -> cs35l56/CS35L56_Rev3.11.11.1.wmfw
creating link cirrus/cs35l54-b0-dsp1-misc-103c8e16-amp1.bin -> cs35l54-b0-dsp1-misc-103c8e14-amp1.bin
creating link cirrus/cs35l54-b0-dsp1-misc-103c8e16-amp2.bin -> cs35l54-b0-dsp1-misc-103c8e14-amp2.bin
creating link cirrus/cs35l54-b0-dsp1-misc-103c8e17.wmfw -> cs35l56/CS35L56_Rev3.11.11.1.wmfw
creating link cirrus/cs35l54-b0-dsp1-misc-103c8e17-amp1.bin -> cs35l54-b0-dsp1-misc-103c8e15-amp1.bin
creating link cirrus/cs35l54-b0-dsp1-misc-103c8e17-amp2.bin -> cs35l54-b0-dsp1-misc-103c8e15-amp2.bin
creating link cirrus/cs35l54-b0-dsp1-misc-103c8e18.wmfw -> cs35l56/CS35L56_Rev3.11.11.1.wmfw
creating link cirrus/cs35l54-b0-dsp1-misc-103c8e18-amp1.bin -> cs35l54-b0-dsp1-misc-103c8e15-amp1.bin
creating link cirrus/cs35l54-b0-dsp1-misc-103c8e18-amp2.bin -> cs35l54-b0-dsp1-misc-103c8e15-amp2.bin
creating link cirrus/cs35l54-b0-dsp1-misc-103c8e19.wmfw -> cs35l56/CS35L56_Rev3.11.11.1.wmfw
creating link cirrus/cs35l54-b0-dsp1-misc-103c8e19-amp1.bin -> cs35l54-b0-dsp1-misc-103c8e15-amp1.bin
creating link cirrus/cs35l54-b0-dsp1-misc-103c8e19-amp2.bin -> cs35l54-b0-dsp1-misc-103c8e15-amp2.bin
creating link cirrus/cs35l54-b0-dsp1-misc-103c8e1a.wmfw -> cs35l56/CS35L56_Rev3.11.11.1.wmfw
creating link cirrus/cs35l54-b0-dsp1-misc-103c8e1a-amp1.bin -> cs35l54-b0-dsp1-misc-103c8e15-amp1.bin
creating link cirrus/cs35l54-b0-dsp1-misc-103c8e1a-amp2.bin -> cs35l54-b0-dsp1-misc-103c8e15-amp2.bin
creating link cirrus/cs35l56-b0-dsp1-misc-103c8e1b.wmfw -> cs35l56/CS35L56_Rev3.11.11.1.wmfw
creating link cirrus/cs35l56-b0-dsp1-misc-103c8e1c.wmfw -> cs35l56/CS35L56_Rev3.11.11.1.wmfw
creating link cirrus/cs35l56-b0-dsp1-misc-103c8e1c-amp1.bin -> cs35l56-b0-dsp1-misc-103c8e1b-amp1.bin
creating link cirrus/cs35l56-b0-dsp1-misc-103c8e1c-amp2.bin -> cs35l56-b0-dsp1-misc-103c8e1b-amp2.bin
creating link cirrus/cs35l56-b0-dsp1-misc-103c8e2c.wmfw -> cs35l56/CS35L56_Rev3.11.11.1.wmfw
creating link cirrus/cs35l56-b0-dsp1-misc-103c8e2c-amp1.bin -> cs35l56-b0-dsp1-misc-103c8d90-amp1.bin
creating link cirrus/cs35l56-b0-dsp1-misc-103c8e2c-amp2.bin -> cs35l56-b0-dsp1-misc-103c8d90-amp2.bin
creating link cirrus/cs35l56-b0-dsp1-misc-10431024-spkid0.wmfw -> cs35l56/CS35L56_Rev3.11.16.wmfw
creating link cirrus/cs35l56-b0-dsp1-misc-10431024-spkid0-amp1.bin -> cs35l56-b0-dsp1-misc-10431044-spkid0-amp1.bin
creating link cirrus/cs35l56-b0-dsp1-misc-10431024-spkid0-amp2.bin -> cs35l56-b0-dsp1-misc-10431044-spkid0-amp2.bin
creating link cirrus/cs35l56-b0-dsp1-misc-10431024-spkid1.wmfw -> cs35l56/CS35L56_Rev3.11.16.wmfw
creating link cirrus/cs35l56-b0-dsp1-misc-10431024-spkid1-amp1.bin -> cs35l56-b0-dsp1-misc-10431044-spkid1-amp1.bin
creating link cirrus/cs35l56-b0-dsp1-misc-10431024-spkid1-amp2.bin -> cs35l56-b0-dsp1-misc-10431044-spkid1-amp2.bin
creating link cirrus/cs35l56-b0-dsp1-misc-10431034-spkid0.wmfw -> cs35l56/CS35L56_Rev3.11.16.wmfw
creating link cirrus/cs35l56-b0-dsp1-misc-10431034-spkid1.wmfw -> cs35l56/CS35L56_Rev3.11.16.wmfw
creating link cirrus/cs35l56-b0-dsp1-misc-10431044-spkid0.wmfw -> cs35l56/CS35L56_Rev3.11.16.wmfw
creating link cirrus/cs35l56-b0-dsp1-misc-10431044-spkid1.wmfw -> cs35l56/CS35L56_Rev3.11.16.wmfw
creating link cirrus/cs35l56-b0-dsp1-misc-10431264.wmfw -> cs35l56/CS35L56_Rev3.11.16.wmfw
creating link cirrus/cs35l56-b0-dsp1-misc-10431264-amp1.bin -> cs35l56-b0-dsp1-misc-10431df3-amp1.bin
creating link cirrus/cs35l56-b0-dsp1-misc-10431264-amp2.bin -> cs35l56-b0-dsp1-misc-10431df3-amp2.bin
creating link cirrus/cs35l56-b0-dsp1-misc-10431264-amp3.bin -> cs35l56-b0-dsp1-misc-10431df3-amp3.bin
creating link cirrus/cs35l56-b0-dsp1-misc-10431264-amp4.bin -> cs35l56-b0-dsp1-misc-10431df3-amp4.bin
creating link cirrus/cs35l56-b0-dsp1-misc-10431314-spkid0.wmfw -> cs35l56/CS35L56_Rev3.11.16.wmfw
creating link cirrus/cs35l56-b0-dsp1-misc-10431314-spkid0-amp1.bin -> cs35l56-b0-dsp1-misc-10431034-spkid0-amp1.bin
creating link cirrus/cs35l56-b0-dsp1-misc-10431314-spkid0-amp2.bin -> cs35l56-b0-dsp1-misc-10431034-spkid0-amp2.bin
creating link cirrus/cs35l56-b0-dsp1-misc-10431314-spkid1.wmfw -> cs35l56/CS35L56_Rev3.11.16.wmfw
creating link cirrus/cs35l56-b0-dsp1-misc-10431314-spkid1-amp1.bin -> cs35l56-b0-dsp1-misc-10431034-spkid1-amp1.bin
creating link cirrus/cs35l56-b0-dsp1-misc-10431314-spkid1-amp2.bin -> cs35l56-b0-dsp1-misc-10431034-spkid1-amp2.bin
creating link cirrus/cs35l56-b0-dsp1-misc-10431b13-spkid0.wmfw -> cs35l56/CS35L56_Rev3.11.16.wmfw
creating link cirrus/cs35l56-b0-dsp1-misc-10431b13-spkid1.wmfw -> cs35l56/CS35L56_Rev3.11.16.wmfw
creating link cirrus/cs35l56-b0-dsp1-misc-10431c63-spkid0.wmfw -> cs35l56/CS35L56_Rev3.11.16.wmfw
creating link cirrus/cs35l56-b0-dsp1-misc-10431c63-spkid1.wmfw -> cs35l56/CS35L56_Rev3.11.16.wmfw
creating link cirrus/cs35l56-b0-dsp1-misc-10431df3.wmfw -> cs35l56/CS35L56_Rev3.11.16.wmfw
creating link cirrus/cs35l56-b0-dsp1-misc-10431e13.wmfw -> cs35l56/CS35L56_Rev3.11.16.wmfw
creating link cirrus/cs35l56-b0-dsp1-misc-10431e63-spkid0.wmfw -> cs35l56/CS35L56_Rev3.11.16.wmfw
creating link cirrus/cs35l56-b0-dsp1-misc-10431e63-spkid1.wmfw -> cs35l56/CS35L56_Rev3.11.16.wmfw
creating link cirrus/cs35l56-b0-dsp1-misc-10431e83-spkid0.wmfw -> cs35l56/CS35L56_Rev3.11.16.wmfw
creating link cirrus/cs35l56-b0-dsp1-misc-10431e83-spkid1.wmfw -> cs35l56/CS35L56_Rev3.11.16.wmfw
creating link cirrus/cs35l56-b0-dsp1-misc-10431f43.wmfw -> cs35l56/CS35L56_Rev3.11.16.wmfw
creating link cirrus/cs35l56-b0-dsp1-misc-17aa233b-spkid0.wmfw -> cs35l56/CS35L56_Rev3.11.20.wmfw
creating link cirrus/cs35l56-b0-dsp1-misc-17aa233b-spkid1.wmfw -> cs35l56/CS35L56_Rev3.11.20.wmfw
creating link cirrus/cs35l56-b0-dsp1-misc-17aa233c.wmfw -> cs35l56/CS35L56_Rev3.11.28.wmfw
creating link cirrus/cs35l56-b0-dsp1-misc-17aa233c-spkid0.wmfw -> cs35l56/CS35L56_Rev3.11.28.wmfw
creating link cirrus/cs35l56-b0-dsp1-misc-17aa233c-spkid0-amp1.bin -> cs35l56-b0-dsp1-misc-17aa233c-amp1.bin
creating link cirrus/cs35l56-b0-dsp1-misc-17aa233c-spkid0-amp2.bin -> cs35l56-b0-dsp1-misc-17aa233c-amp2.bin
creating link cirrus/cs35l56-b0-dsp1-misc-17aa2347.wmfw -> cs35l56/CS35L56_Rev3.13.3R.wmfw
creating link cirrus/cs35l56-b0-dsp1-misc-17aa2348.wmfw -> cs35l56/CS35L56_Rev3.13.3R.wmfw
creating link cirrus/cs35l56-b0-dsp1-misc-17aa2349.wmfw -> cs35l56/CS35L56_Rev3.13.3R.wmfw
creating link cirrus/cs35l63-a1-dsp1-misc-17aa2352.wmfw -> cs35l63/CS35L63_Rev2.5.4.wmfw
creating link cirrus/cs35l63-a1-dsp1-misc-17aa2353.wmfw -> cs35l63/CS35L63_Rev2.5.4.wmfw
creating link cirrus/cs35l57-b2-dsp1-misc-17aa2355-spkid0.wmfw -> cs35l56/CS35L56_Rev4.5.3.wmfw
creating link cirrus/cs35l57-b2-dsp1-misc-17aa2355-spkid1.wmfw -> cs35l56/CS35L56_Rev4.5.3.wmfw
creating link cirrus/cs35l56-b0-dsp1-misc-17aa380e-spkid0.wmfw -> cs35l56/CS35L56_Rev3.11.20.wmfw
creating link cirrus/cs35l56-b0-dsp1-misc-17aa380e-spkid1.wmfw -> cs35l56/CS35L56_Rev3.11.20.wmfw
creating link cirrus/cs35l56-b0-dsp1-misc-17aa3832-spkid0.wmfw -> cs35l56/CS35L56_Rev3.11.26.wmfw
creating link cirrus/cs35l56-b0-dsp1-misc-17aa3832-spkid1.wmfw -> cs35l56/CS35L56_Rev3.11.26.wmfw
creating link cirrus/cs35l56-b0-dsp1-misc-17aa3838-spkid0.wmfw -> cs35l56/CS35L56_Rev3.11.20.wmfw
creating link cirrus/cs35l56-b0-dsp1-misc-17aa3838-spkid1.wmfw -> cs35l56/CS35L56_Rev3.11.20.wmfw
creating link cirrus/cs35l56-b0-dsp1-misc-17aa3905.wmfw -> cs35l56/CS35L56_Rev3.11.18.wmfw
creating link cirrus/cs35l56-b0-dsp1-misc-17aa390b.wmfw -> cs35l56/CS35L56_Rev3.11.21.wmfw
creating link cirrus/cs35l56-b0-dsp1-misc-17aa390c-spkid1.wmfw -> cs35l56/CS35L56_Rev3.11.18.wmfw
creating link cirrus/cs35l56-b0-dsp1-misc-17aa390d-spkid0.wmfw -> cs35l56/CS35L56_Rev3.11.18.wmfw
creating link cirrus/cs35l56-b0-dsp1-misc-17aa3910-spkid1.wmfw -> cs35l56/CS35L56_Rev3.11.18.wmfw
creating link cirrus/cs35l56-b0-dsp1-misc-17aa3911-spkid0.wmfw -> cs35l56/CS35L56_Rev3.11.18.wmfw
creating link cirrus/cs35l56-b0-dsp1-misc-17aa391b.wmfw -> cs35l56/CS35L56_Rev3.11.21.wmfw
creating link cirrus/cs35l56-b0-dsp1-misc-17aa391e-spkid0.wmfw -> cs35l56/CS35L56_Rev3.11.21.wmfw
creating link cirrus/cs35l56-b0-dsp1-misc-17aa3921-spkid1.wmfw -> cs35l56/CS35L56_Rev3.11.21.wmfw
creating link cirrus/cs35l56-b0-dsp1-misc-17aa392c-spkid1.wmfw -> cs35l56/CS35L56_Rev3.11.21.wmfw
creating link cirrus/cs35l56-b0-dsp1-misc-17aa392d-spkid0.wmfw -> cs35l56/CS35L56_Rev3.11.21.wmfw
creating link cirrus/cs35l56-b0-dsp1-misc-17aa392e.wmfw -> cs35l56/CS35L56_Rev3.11.28.wmfw
creating link cirrus/cs35l56-b0-dsp1-misc-17aa3932.wmfw -> cs35l56/CS35L56_Rev3.11.28.wmfw
creating link cirrus/cs35l56-b0-dsp1-misc-17aa3932-amp1.bin -> cs35l56-b0-dsp1-misc-17aa392e-amp1.bin
creating link cirrus/cs35l56-b0-dsp1-misc-17aa3932-amp2.bin -> cs35l56-b0-dsp1-misc-17aa392e-amp2.bin
creating link cirrus/cs35l56-b0-dsp1-misc-17aa3932-amp3.bin -> cs35l56-b0-dsp1-misc-17aa392e-amp3.bin
creating link cirrus/cs35l56-b0-dsp1-misc-17aa3932-amp4.bin -> cs35l56-b0-dsp1-misc-17aa392e-amp4.bin
creating link sdca/1fa/1028/db4/1.bin -> ../db3/1.bin
creating link sdca/1fa/1028/db4/2.bin -> ../db3/2.bin
creating link sdca/1fa/1028/db4/3.bin -> ../db3/3.bin
creating link sdca/1fa/1028/db4/4.bin -> ../db3/4.bin
creating link sdca/1fa/1028/db4/42450005.bin -> ../db3/42450005.bin
creating link sdca/1fa/1028/db9/1.bin -> ../db3/1.bin
creating link sdca/1fa/1028/db9/2.bin -> ../db3/2.bin
creating link sdca/1fa/1028/db9/3.bin -> ../db3/3.bin
creating link sdca/1fa/1028/db9/4.bin -> ../db3/4.bin
creating link sdca/1fa/1028/db9/42450005.bin -> ../db3/42450005.bin
creating link sdca/1fa/1028/dba/1.bin -> ../db3/1.bin
creating link sdca/1fa/1028/dba/2.bin -> ../db3/2.bin
creating link sdca/1fa/1028/dba/3.bin -> ../db3/3.bin
creating link sdca/1fa/1028/dba/4.bin -> ../db3/4.bin
creating link sdca/1fa/1028/dba/42450005.bin -> ../db3/42450005.bin
creating link sdca/1fa/1028/e1b/1.bin -> ../e1a/1.bin
creating link sdca/1fa/1028/e1b/2.bin -> ../e1a/2.bin
creating link sdca/1fa/1028/e1b/3.bin -> ../e1a/3.bin
creating link sdca/1fa/1028/e1b/4.bin -> ../e1a/4.bin
creating link sdca/1fa/1028/e1b/42450005.bin -> ../e1a/42450005.bin
creating link sdca/1fa/1028/e1c/1.bin -> ../e1a/1.bin
creating link sdca/1fa/1028/e1c/2.bin -> ../e1a/2.bin
creating link sdca/1fa/1028/e1c/3.bin -> ../e1a/3.bin
creating link sdca/1fa/1028/e1c/4.bin -> ../e1a/4.bin
creating link sdca/1fa/1028/e1c/42450005.bin -> ../e1a/42450005.bin
creating link sdca/1fa/1028/e1d/1.bin -> ../e1a/1.bin
creating link sdca/1fa/1028/e1d/2.bin -> ../e1a/2.bin
creating link sdca/1fa/1028/e1d/3.bin -> ../e1a/3.bin
creating link sdca/1fa/1028/e1d/4.bin -> ../e1a/4.bin
creating link sdca/1fa/1028/e1d/42450005.bin -> ../e1a/42450005.bin
creating link sdca/1fa/1028/e1e/1.bin -> ../e1a/1.bin
creating link sdca/1fa/1028/e1e/2.bin -> ../e1a/2.bin
creating link sdca/1fa/1028/e1e/3.bin -> ../e1a/3.bin
creating link sdca/1fa/1028/e1e/4.bin -> ../e1a/4.bin
creating link sdca/1fa/1028/e1e/42450005.bin -> ../e1a/42450005.bin
creating link sdca/1fa/1028/e1f/1.bin -> ../e1a/1.bin
creating link sdca/1fa/1028/e1f/2.bin -> ../e1a/2.bin
creating link sdca/1fa/1028/e1f/3.bin -> ../e1a/3.bin
creating link sdca/1fa/1028/e1f/4.bin -> ../e1a/4.bin
creating link sdca/1fa/1028/e1f/42450005.bin -> ../e1a/42450005.bin
creating link sdca/1fa/1028/e20/1.bin -> ../e1a/1.bin
creating link sdca/1fa/1028/e20/2.bin -> ../e1a/2.bin
creating link sdca/1fa/1028/e20/3.bin -> ../e1a/3.bin
creating link sdca/1fa/1028/e20/4.bin -> ../e1a/4.bin
creating link sdca/1fa/1028/e20/42450005.bin -> ../e1a/42450005.bin
creating link sdca/1fa/1028/e38/1.bin -> ../e1a/1.bin
creating link sdca/1fa/1028/e38/2.bin -> ../e1a/2.bin
creating link sdca/1fa/1028/e38/3.bin -> ../e1a/3.bin
creating link sdca/1fa/1028/e38/4.bin -> ../e1a/4.bin
creating link sdca/1fa/1028/e38/42450005.bin -> ../e1a/42450005.bin
creating link sdca/1fa/1028/e3e/1.bin -> ../e1a/1.bin
creating link sdca/1fa/1028/e3e/2.bin -> ../e1a/2.bin
creating link sdca/1fa/1028/e3e/3.bin -> ../e1a/3.bin
creating link sdca/1fa/1028/e3e/4.bin -> ../e1a/4.bin
creating link sdca/1fa/1028/e3e/42450005.bin -> ../e1a/42450005.bin
creating link sdca/1fa/1028/e3f/1.bin -> ../e1a/1.bin
creating link sdca/1fa/1028/e3f/2.bin -> ../e1a/2.bin
creating link sdca/1fa/1028/e3f/3.bin -> ../e1a/3.bin
creating link sdca/1fa/1028/e3f/4.bin -> ../e1a/4.bin
creating link sdca/1fa/1028/e3f/42450005.bin -> ../e1a/42450005.bin
creating link sdca/1fa/1028/e82/1.bin -> ../e1a/1.bin
creating link sdca/1fa/1028/e82/2.bin -> ../e1a/2.bin
creating link sdca/1fa/1028/e82/3.bin -> ../e1a/3.bin
creating link sdca/1fa/1028/e82/4.bin -> ../e1a/4.bin
creating link sdca/1fa/1028/e82/42450005.bin -> ../e1a/42450005.bin
creating link sdca/1fa/1028/e83/1.bin -> ../e1a/1.bin
creating link sdca/1fa/1028/e83/2.bin -> ../e1a/2.bin
creating link sdca/1fa/1028/e83/3.bin -> ../e1a/3.bin
creating link sdca/1fa/1028/e83/4.bin -> ../e1a/4.bin
creating link sdca/1fa/1028/e83/42450005.bin -> ../e1a/42450005.bin
creating link sdca/1fa/1028/e84/1.bin -> ../e1a/1.bin
creating link sdca/1fa/1028/e84/2.bin -> ../e1a/2.bin
creating link sdca/1fa/1028/e84/3.bin -> ../e1a/3.bin
creating link sdca/1fa/1028/e84/4.bin -> ../e1a/4.bin
creating link sdca/1fa/1028/e84/42450005.bin -> ../e1a/42450005.bin
creating link sdca/1fa/1028/e85/1.bin -> ../e1a/1.bin
creating link sdca/1fa/1028/e85/2.bin -> ../e1a/2.bin
creating link sdca/1fa/1028/e85/3.bin -> ../e1a/3.bin
creating link sdca/1fa/1028/e85/4.bin -> ../e1a/4.bin
creating link sdca/1fa/1028/e85/42450005.bin -> ../e1a/42450005.bin
creating link sdca/1fa/1028/e21/1.bin -> ../e22/1.bin
creating link sdca/1fa/1028/e21/2.bin -> ../e22/2.bin
creating link sdca/1fa/1028/e21/3.bin -> ../e22/3.bin
creating link sdca/1fa/1028/e21/4.bin -> ../e22/4.bin
creating link sdca/1fa/1028/e21/42450005.bin -> ../e22/42450005.bin
creating link sdca/1fa/1028/e23/1.bin -> ../e22/1.bin
creating link sdca/1fa/1028/e23/2.bin -> ../e22/2.bin
creating link sdca/1fa/1028/e23/3.bin -> ../e22/3.bin
creating link sdca/1fa/1028/e23/4.bin -> ../e22/4.bin
creating link sdca/1fa/1028/e23/42450005.bin -> ../e22/42450005.bin
creating link sdca/1fa/1028/e24/1.bin -> ../e22/1.bin
creating link sdca/1fa/1028/e24/2.bin -> ../e22/2.bin
creating link sdca/1fa/1028/e24/3.bin -> ../e22/3.bin
creating link sdca/1fa/1028/e24/4.bin -> ../e22/4.bin
creating link sdca/1fa/1028/e24/42450005.bin -> ../e22/42450005.bin
creating link sdca/1fa/1028/e25/1.bin -> ../e22/1.bin
creating link sdca/1fa/1028/e25/2.bin -> ../e22/2.bin
creating link sdca/1fa/1028/e25/3.bin -> ../e22/3.bin
creating link sdca/1fa/1028/e25/4.bin -> ../e22/4.bin
creating link sdca/1fa/1028/e25/42450005.bin -> ../e22/42450005.bin
creating link sdca/1fa/1028/e26/1.bin -> ../e22/1.bin
creating link sdca/1fa/1028/e26/2.bin -> ../e22/2.bin
creating link sdca/1fa/1028/e26/3.bin -> ../e22/3.bin
creating link sdca/1fa/1028/e26/4.bin -> ../e22/4.bin
creating link sdca/1fa/1028/e26/42450005.bin -> ../e22/42450005.bin
creating link sdca/1fa/1028/e27/1.bin -> ../e22/1.bin
creating link sdca/1fa/1028/e27/2.bin -> ../e22/2.bin
creating link sdca/1fa/1028/e27/3.bin -> ../e22/3.bin
creating link sdca/1fa/1028/e27/4.bin -> ../e22/4.bin
creating link sdca/1fa/1028/e27/42450005.bin -> ../e22/42450005.bin
creating link sdca/1fa/1028/e28/1.bin -> ../e22/1.bin
creating link sdca/1fa/1028/e28/2.bin -> ../e22/2.bin
creating link sdca/1fa/1028/e28/3.bin -> ../e22/3.bin
creating link sdca/1fa/1028/e28/4.bin -> ../e22/4.bin
creating link sdca/1fa/1028/e28/42450005.bin -> ../e22/42450005.bin
creating link sdca/1fa/1028/e2b/1.bin -> ../e22/1.bin
creating link sdca/1fa/1028/e2b/2.bin -> ../e22/2.bin
creating link sdca/1fa/1028/e2b/3.bin -> ../e22/3.bin
creating link sdca/1fa/1028/e2b/4.bin -> ../e22/4.bin
creating link sdca/1fa/1028/e2b/42450005.bin -> ../e22/42450005.bin
creating link sdca/1fa/1028/e2c/1.bin -> ../e22/1.bin
creating link sdca/1fa/1028/e2c/2.bin -> ../e22/2.bin
creating link sdca/1fa/1028/e2c/3.bin -> ../e22/3.bin
creating link sdca/1fa/1028/e2c/4.bin -> ../e22/4.bin
creating link sdca/1fa/1028/e2c/42450005.bin -> ../e22/42450005.bin
creating link sdca/1fa/17aa/2353/1.bin -> ../2352/1.bin
creating link sdca/1fa/17aa/2353/2.bin -> ../2352/2.bin
creating link sdca/1fa/17aa/2353/3.bin -> ../2352/3.bin
creating link sdca/1fa/17aa/2353/4.bin -> ../2352/4.bin
creating link sdca/1fa/17aa/2353/42450005.bin -> ../2352/42450005.bin
creating link qcom/sc8280xp/SC8280XP-LENOVO-X13S-tplg.bin -> LENOVO/21BX/audioreach-tplg.bin
creating link qcom/qcs6490/QCS6490-Radxa-Dragon-Q6A-tplg.bin -> radxa/dragon-q6a/QCS6490-Radxa-Dragon-Q6A-tplg.bin
creating link qcom/qcs6490/QCS6490-Thundercomm-RubikPi3-tplg.bin -> Thundercomm/RubikPi3/QCS6490-Thundercomm-RubikPi3-tplg.bin
creating link qcom/qcs9100/LEMANS-EVK-tplg.bin -> ../sa8775p/LEMANS-EVK-tplg.bin
creating link qcom/x1e80100/X1E80100-LENOVO-Thinkpad-T14s-tplg.bin -> LENOVO/21N1/X1E80100-LENOVO-Thinkpad-T14s-tplg.bin
creating link qcom/x1e80100/X1E80100-LENOVO-Yoga-Slim7x-tplg.bin -> LENOVO/83ED/X1E80100-LENOVO-Yoga-Slim7x-tplg.bin
creating link qcom/x1e80100/X1E80100-ASUS-Vivobook-16-tplg.bin -> ASUSTeK/vivobook-16/X1E80100-ASUS-Vivobook-16-tplg.bin
creating link qcom/x1e80100/X1E80100-ASUS-Vivobook-S15-tplg.bin -> ASUSTeK/vivobook-s15/X1E80100-ASUS-Vivobook-S15-tplg.bin
creating link qcom/x1e80100/X1E80100-ASUS-Zenbook-A14-tplg.bin -> ASUSTeK/zenbook-a14/X1E80100-ASUS-Zenbook-A14-tplg.bin
creating link qcom/x1e80100/X1E80100-Dell-Inspiron-14p-7441-tplg.bin -> dell/inspiron-14-plus-7441/X1E80100-Dell-Inspiron-14p-7441-tplg.bin
creating link qcom/x1e80100/X1E80100-Dell-Latitude-7455-tplg.bin -> dell/latitude-7455/X1E80100-Dell-Latitude-7455-tplg.bin
creating link qcom/x1e80100/X1E80100-Dell-XPS-13-9345-tplg.bin -> dell/xps13-9345/X1E80100-Dell-XPS-13-9345-tplg.bin
creating link qcom/x1e80100/X1E80100-HP-OMNIBOOK-X14-tplg.bin -> hp/omnibook-x14/X1E80100-HP-OMNIBOOK-X14-tplg.bin
creating link TAS2XXX0C94.bin -> ti/audio/tas2781/TAS2XXX0C94.bin
creating link TAS2XXX0C95.bin -> ti/audio/tas2781/TAS2XXX0C95.bin
creating link TAS2XXX0C96.bin -> ti/audio/tas2781/TAS2XXX0C96.bin
creating link TAS2XXX0C97.bin -> ti/audio/tas2781/TAS2XXX0C97.bin
creating link TAS2XXX103C8DE80.bin -> ti/audio/tas2781/TAS2XXX8DE8.bin
creating link TAS2XXX103C8DE81.bin -> ti/audio/tas2781/TAS2XXX8DE8.bin
creating link TAS2XXX103C8DE90.bin -> ti/audio/tas2781/TAS2XXX8DE9.bin
creating link TAS2XXX103C8DE91.bin -> ti/audio/tas2781/TAS2XXX8DE9.bin
creating link TAS2XXX103C8DE8-0.bin -> ti/audio/tas2781/TAS2XXX8DE8.bin
creating link TAS2XXX103C8DE8-1.bin -> ti/audio/tas2781/TAS2XXX8DE8.bin
creating link TAS2XXX103C8DE9-0.bin -> ti/audio/tas2781/TAS2XXX8DE9.bin
creating link TAS2XXX103C8DE9-1.bin -> ti/audio/tas2781/TAS2XXX8DE9.bin
creating link TAS2XXX10A40.bin -> ti/audio/tas2781/TAS2XXX10A40.bin
creating link TAS2XXX10A41.bin -> ti/audio/tas2781/TAS2XXX10A41.bin
creating link TAS2XXX11540.bin -> ti/audio/tas2781/TAS2XXX11540.bin
creating link TAS2XXX11541.bin -> ti/audio/tas2781/TAS2XXX11541.bin
creating link TAS2XXX12040.bin -> ti/audio/tas2781/TAS2XXX12040.bin
creating link TAS2XXX12041.bin -> ti/audio/tas2781/TAS2XXX12041.bin
creating link TAS2XXX12140.bin -> ti/audio/tas2781/TAS2XXX12140.bin
creating link TAS2XXX12141.bin -> ti/audio/tas2781/TAS2XXX12141.bin
creating link TAS2XXX13840.bin -> ti/audio/tas2781/TAS2XXX13840.bin
creating link TAS2XXX13841.bin -> ti/audio/tas2781/TAS2XXX13841.bin
creating link TAS2XXX13940.bin -> ti/audio/tas2781/TAS2XXX13940.bin
creating link TAS2XXX13941.bin -> ti/audio/tas2781/TAS2XXX13941.bin
creating link TAS2XXX13A40.bin -> ti/audio/tas2781/TAS2XXX13A40.bin
creating link TAS2XXX13A41.bin -> ti/audio/tas2781/TAS2XXX13A41.bin
creating link TAS2XXX1EB3.bin -> ti/audio/tas2781/TAS2XXX1EB30.bin
creating link TAS2XXX1EB30.bin -> ti/audio/tas2781/TAS2XXX1EB30.bin
creating link TAS2XXX1EB31.bin -> ti/audio/tas2781/TAS2XXX1EB31.bin
creating link TAS2XXX2234.bin -> ti/audio/tas2781/TAS2XXX2234.bin
creating link TAS2XXX2326.bin -> ti/audio/tas2781/TAS2XXX2326.bin
creating link TAS2XXX387D.bin -> ti/audio/tas2781/TAS2XXX387D.bin
creating link TAS2XXX387E.bin -> ti/audio/tas2781/TAS2XXX387E.bin
creating link TAS2XXX387F.bin -> ti/audio/tas2781/TAS2XXX387F.bin
creating link TAS2XXX3880.bin -> ti/audio/tas2781/TAS2XXX3880.bin
creating link TAS2XXX3881.bin -> ti/audio/tas2781/TAS2XXX3881.bin
creating link TAS2XXX3882.bin -> ti/audio/tas2781/TAS2XXX3882.bin
creating link TAS2XXX3884.bin -> ti/audio/tas2781/TAS2XXX3884.bin
creating link TAS2XXX3886.bin -> ti/audio/tas2781/TAS2XXX3886.bin
creating link TAS2XXX38A5.bin -> ti/audio/tas2781/TAS2XXX38A5.bin
creating link TAS2XXX38A7.bin -> ti/audio/tas2781/TAS2XXX38A7.bin
creating link TAS2XXX38A8.bin -> ti/audio/tas2781/TAS2XXX38A8.bin
creating link TAS2XXX38B8.bin -> ti/audio/tas2781/TAS2XXX38B8.bin
creating link TAS2XXX38B9.bin -> ti/audio/tas2781/TAS2XXX38B9.bin
creating link TAS2XXX38BA.bin -> ti/audio/tas2781/TAS2XXX38BA.bin
creating link TAS2XXX38BB.bin -> ti/audio/tas2781/TAS2XXX38BB.bin
creating link TAS2XXX38BE.bin -> ti/audio/tas2781/TAS2XXX38BE.bin
creating link TAS2XXX38BF.bin -> ti/audio/tas2781/TAS2XXX38BF.bin
creating link TAS2XXX38C3.bin -> ti/audio/tas2781/TAS2XXX38C3.bin
creating link TAS2XXX38CB.bin -> ti/audio/tas2781/TAS2XXX38CB.bin
creating link TAS2XXX38CD.bin -> ti/audio/tas2781/TAS2XXX38CD.bin
creating link TAS2XXX38D3.bin -> ti/audio/tas2781/TAS2XXX38D3.bin
creating link TAS2XXX38D4.bin -> ti/audio/tas2781/TAS2XXX38D4.bin
creating link TAS2XXX38D5.bin -> ti/audio/tas2781/TAS2XXX38D5.bin
creating link TAS2XXX38D6.bin -> ti/audio/tas2781/TAS2XXX38D6.bin
creating link TAS2XXX38DF.bin -> ti/audio/tas2781/TAS2XXX38DF.bin
creating link TAS2XXX38E0.bin -> ti/audio/tas2781/TAS2XXX38E0.bin
creating link TAS2XXX38FD.bin -> ti/audio/tas2781/TAS2XXX38FD.bin
creating link TAS2XXX391F.bin -> ti/audio/tas2781/TAS2XXX391F.bin
creating link TAS2XXX3920.bin -> ti/audio/tas2781/TAS2XXX3920.bin
creating link TAS2XXX3E300.bin -> ti/audio/tas2781/TAS2XXX3E300.bin
creating link TAS2XXX3E301.bin -> ti/audio/tas2781/TAS2XXX3E301.bin
creating link TAS2XXX3EE00.bin -> ti/audio/tas2781/TAS2XXX3EE00.bin
creating link TAS2XXX3EE01.bin -> ti/audio/tas2781/TAS2XXX3EE01.bin
creating link TAS2XXX3EF00.bin -> ti/audio/tas2781/TAS2XXX3EF00.bin
creating link TAS2XXX3EF01.bin -> ti/audio/tas2781/TAS2XXX3EF01.bin
creating link TAS2XXX3F000.bin -> ti/audio/tas2781/TAS2XXX3F000.bin
creating link TAS2XXX3F001.bin -> ti/audio/tas2781/TAS2XXX3F001.bin
creating link TAS2XXX3F100.bin -> ti/audio/tas2781/TAS2XXX3F100.bin
creating link TAS2XXX3F101.bin -> ti/audio/tas2781/TAS2XXX3F101.bin
creating link TAS2XXX3F200.bin -> ti/audio/tas2781/TAS2XXX3F200.bin
creating link TAS2XXX3F201.bin -> ti/audio/tas2781/TAS2XXX3F201.bin
creating link TAS2XXX3F300.bin -> ti/audio/tas2781/TAS2XXX3F300.bin
creating link TAS2XXX3F301.bin -> ti/audio/tas2781/TAS2XXX3F301.bin
creating link TAS2XXX8C70.bin -> ti/audio/tas2781/TAS2XXX8C70.bin
creating link TAS2XXX8C71.bin -> ti/audio/tas2781/TAS2XXX8C71.bin
creating link TAS2XXX8C72.bin -> ti/audio/tas2781/TAS2XXX8C72.bin
creating link TAS2XXX8D8E.bin -> ti/audio/tas2781/TAS2XXX8D8E.bin
creating link TAS2XXX8DAA.bin -> ti/audio/tas2781/TAS2XXX8DAA.bin
creating link TAS2XXX8DE8.bin -> ti/audio/tas2781/TAS2XXX8DE8.bin
creating link TAS2XXX8DE9.bin -> ti/audio/tas2781/TAS2XXX8DE9.bin
creating link TAS2XXX8DE80.bin -> ti/audio/tas2781/TAS2XXX8DE8.bin
creating link TAS2XXX8DE81.bin -> ti/audio/tas2781/TAS2XXX8DE8.bin
creating link TAS2XXX8DE8-0.bin -> ti/audio/tas2781/TAS2XXX8DE8.bin
creating link TAS2XXX8DE8-1.bin -> ti/audio/tas2781/TAS2XXX8DE8.bin
creating link TAS2XXX8DE90.bin -> ti/audio/tas2781/TAS2XXX8DE9.bin
creating link TAS2XXX8DE91.bin -> ti/audio/tas2781/TAS2XXX8DE9.bin
creating link TAS2XXX8DE9-0.bin -> ti/audio/tas2781/TAS2XXX8DE9.bin
creating link TAS2XXX8DE9-1.bin -> ti/audio/tas2781/TAS2XXX8DE9.bin
creating link TAS2XXX8E17.bin -> ti/audio/tas2781/TAS2XXX8E17.bin
creating link TAS2XXX8E19.bin -> ti/audio/tas2781/TAS2XXX8E19.bin
creating link TAS2XXX8E1C.bin -> ti/audio/tas2781/TAS2XXX8E1C.bin
creating link TAS2XXX8E8A.bin -> ti/audio/tas2781/TAS2XXX8E8A.bin
creating link TAS2XXX8ED5.bin -> ti/audio/tas2781/TAS2XXX8ED5.bin
creating link TAS2XXX8ED5-0.bin -> ti/audio/tas2781/TAS2XXX8ED5.bin
creating link TAS2XXX8ED5-1.bin -> ti/audio/tas2781/TAS2XXX8ED5.bin
creating link TAS2XXX8ED6.bin -> ti/audio/tas2781/TAS2XXX8ED6.bin
creating link TAS2XXX8ED6-0.bin -> ti/audio/tas2781/TAS2XXX8ED6.bin
creating link TAS2XXX8ED6-1.bin -> ti/audio/tas2781/TAS2XXX8ED6.bin
creating link TAS2XXX8ED7.bin -> ti/audio/tas2781/TAS2XXX8ED7.bin
creating link TAS2XXX8ED7-0.bin -> ti/audio/tas2781/TAS2XXX8ED7.bin
creating link TAS2XXX8ED7-1.bin -> ti/audio/tas2781/TAS2XXX8ED7.bin
creating link TAS2XXX8ED8.bin -> ti/audio/tas2781/TAS2XXX8ED8.bin
creating link TAS2XXX8ED8-0.bin -> ti/audio/tas2781/TAS2XXX8ED8.bin
creating link TAS2XXX8ED8-1.bin -> ti/audio/tas2781/TAS2XXX8ED8.bin
creating link TAS2XXX8ED9.bin -> ti/audio/tas2781/TAS2XXX8ED9.bin
creating link TAS2XXX8ED9-0.bin -> ti/audio/tas2781/TAS2XXX8ED9.bin
creating link TAS2XXX8ED9-1.bin -> ti/audio/tas2781/TAS2XXX8ED9.bin
creating link TAS2XXX8EDA.bin -> ti/audio/tas2781/TAS2XXX8EDA.bin
creating link TAS2XXX8EDA-0.bin -> ti/audio/tas2781/TAS2XXX8EDA.bin
creating link TAS2XXX8EDA-1.bin -> ti/audio/tas2781/TAS2XXX8EDA.bin
creating link TAS2XXX8F40.bin -> ti/audio/tas2781/TAS2XXX8F40.bin
creating link TAS2XXX8F41.bin -> ti/audio/tas2781/TAS2XXX8F41.bin
creating link TAS2XXX8F42.bin -> ti/audio/tas2781/TAS2XXX8F42.bin
creating link TAS2XXX8F62.bin -> ti/audio/tas2781/TAS2XXX8F62.bin
creating link TIAS2781RCA2.bin -> ti/audio/tas2781/TIAS2781RCA2.bin
creating link TIAS2781RCA4.bin -> ti/audio/tas2781/TIAS2781RCA4.bin
creating link TXNW2781RCA1.bin -> ti/audio/tas2781/TXNW2781RCA0.bin
creating link TXNW2781RCA0.bin -> ti/audio/tas2781/TXNW2781RCA1.bin
creating link TXNW2781RCA2.bin -> ti/audio/tas2781/TIAS2781RCA2.bin
creating link TXNW2781RCA4.bin -> ti/audio/tas2781/TIAS2781RCA4.bin
creating link 8E86-1-9.bin -> ti/audio/tas2783/8EXX-X-9.bin
creating link 8E86-1-A.bin -> ti/audio/tas2783/8EXX-X-A.bin
creating link 8E86-1-C.bin -> ti/audio/tas2783/8EXX-X-C.bin
creating link 8E86-1-D.bin -> ti/audio/tas2783/8EXX-X-D.bin
creating link 8E86-2-9.bin -> ti/audio/tas2783/8EXX-X-9.bin
creating link 8E86-2-A.bin -> ti/audio/tas2783/8EXX-X-A.bin
creating link 8E86-2-C.bin -> ti/audio/tas2783/8EXX-X-C.bin
creating link 8E86-2-D.bin -> ti/audio/tas2783/8EXX-X-D.bin
creating link 8E87-1-9.bin -> ti/audio/tas2783/8EXX-X-9.bin
creating link 8E87-1-A.bin -> ti/audio/tas2783/8EXX-X-A.bin
creating link 8E87-1-C.bin -> ti/audio/tas2783/8EXX-X-C.bin
creating link 8E87-1-D.bin -> ti/audio/tas2783/8EXX-X-D.bin
creating link 8E87-2-9.bin -> ti/audio/tas2783/8EXX-X-9.bin
creating link 8E87-2-A.bin -> ti/audio/tas2783/8EXX-X-A.bin
creating link 8E87-2-C.bin -> ti/audio/tas2783/8EXX-X-C.bin
creating link 8E87-2-D.bin -> ti/audio/tas2783/8EXX-X-D.bin
creating link 8EF5-0-9.bin -> ti/audio/tas2783/8EXX-X-9.bin
creating link 8EF5-0-A.bin -> ti/audio/tas2783/8EXX-X-A.bin
creating link 8EF5-0-C.bin -> ti/audio/tas2783/8EXX-X-C.bin
creating link 8EF5-0-D.bin -> ti/audio/tas2783/8EXX-X-D.bin
creating link 8EF6-2-9.bin -> ti/audio/tas2783/8EF6-X-9.bin
creating link 8EF6-2-C.bin -> ti/audio/tas2783/8EF6-X-C.bin
creating link TAS2XXX3870.bin -> ti/audio/tas2563/TAS2XXX3870.bin
creating link INT8866RCA2.bin -> ti/audio/tas2563/INT8866RCA2.bin
creating link intel/ish/ish_lnlm_53c4ffad_a672a235.bin -> ../../LENOVO/ish/ish_lnlm_lenovo_X9-14_2025_5.8.36.09092.bin
creating link intel/ish/ish_lnlm_53c4ffad_cb391961.bin -> ../../LENOVO/ish/ish_lnlm_lenovo_X1_2025_5.8.4.7720.bin
creating link intel/ish/ish_lnlm_53c4ffad_ebb27e41.bin -> ../../LENOVO/ish/ish_lnlm_lenovo_X1_2025_5.8.4.7720.bin
creating link intel/ish/ish_lnlm_12128606_f9751b71.bin -> ../../HP/ish/ish_lnlm_12128606_f9751b71.bin
creating link intel/ish/ish_lnlm_39ceeaf8.bin -> ../../dell/ish/ish_lnlm_39ceeaf8_58.7727.0.bin
creating link intel/ish/ish_ptl_39ceeaf8.bin -> ../../dell/ish/ish_ptl_39ceeaf8_581.7779.0.bin
creating link intel/vpu/vpu_37xx_v0.0.bin -> vpu_37xx_v1.bin
creating link intel/vpu/vpu_40xx_v0.0.bin -> vpu_40xx_v1.bin
creating link intel/vpu/vpu_50xx_v0.0.bin -> vpu_50xx_v1.bin
creating link qcom/qcs6490/qupv3fw.elf -> ../qcm6490/qupv3fw.elf
[1;33mBUILD[0m      kernel-firmware [1;37m(target)[0m
    [1;35mTOOLCHAIN[0m      manual
'/workspace/repos/rocknix.worktrees/m7-pixelelated-sm8550-01/build.pixelelated-SM8550.aarch64/build/kernel-firmware-20260309/.copied-firmware/rtl_nic/rtl8153a-4.fw' -> '/workspace/repos/rocknix.worktrees/m7-pixelelated-sm8550-01/build.pixelelated-SM8550.aarch64/install_pkg/kernel-firmware-20260309/usr/lib/kernel-overlays/base/lib/firmware/rtl_nic/rtl8153a-4.fw'
'/workspace/repos/rocknix.worktrees/m7-pixelelated-sm8550-01/build.pixelelated-SM8550.aarch64/build/kernel-firmware-20260309/.copied-firmware/qca/hmtbtfw20.tlv' -> '/workspace/repos/rocknix.worktrees/m7-pixelelated-sm8550-01/build.pixelelated-SM8550.aarch64/install_pkg/kernel-firmware-20260309/usr/lib/kernel-overlays/base/lib/firmware/qca/hmtbtfw20.tlv'
'/workspace/repos/rocknix.worktrees/m7-pixelelated-sm8550-01/build.pixelelated-SM8550.aarch64/build/kernel-firmware-20260309/.copied-firmware/qca/hmtnv20.b10f' -> '/workspace/repos/rocknix.worktrees/m7-pixelelated-sm8550-01/build.pixelelated-SM8550.aarch64/install_pkg/kernel-firmware-20260309/usr/lib/kernel-overlays/base/lib/firmware/qca/hmtnv20.b10f'
'/workspace/repos/rocknix.worktrees/m7-pixelelated-sm8550-01/build.pixelelated-SM8550.aarch64/build/kernel-firmware-20260309/.copied-firmware/qca/hmtnv20.b112' -> '/workspace/repos/rocknix.worktrees/m7-pixelelated-sm8550-01/build.pixelelated-SM8550.aarch64/install_pkg/kernel-firmware-20260309/usr/lib/kernel-overlays/base/lib/firmware/qca/hmtnv20.b112'
'/workspace/repos/rocknix.worktrees/m7-pixelelated-sm8550-01/build.pixelelated-SM8550.aarch64/build/kernel-firmware-20260309/.copied-firmware/qca/hmtnv20.bin' -> '/workspace/repos/rocknix.worktrees/m7-pixelelated-sm8550-01/build.pixelelated-SM8550.aarch64/install_pkg/kernel-firmware-20260309/usr/lib/kernel-overlays/base/lib/firmware/qca/hmtnv20.bin'
'/workspace/repos/rocknix.worktrees/m7-pixelelated-sm8550-01/build.pixelelated-SM8550.aarch64/build/kernel-firmware-20260309/.copied-firmware/qcom/sm8550/a740_zap.mbn' -> '/workspace/repos/rocknix.worktrees/m7-pixelelated-sm8550-01/build.pixelelated-SM8550.aarch64/install_pkg/kernel-firmware-20260309/usr/lib/kernel-overlays/base/lib/firmware/qcom/sm8550/a740_zap.mbn'
'/workspace/repos/rocknix.worktrees/m7-pixelelated-sm8550-01/build.pixelelated-SM8550.aarch64/build/kernel-firmware-20260309/.copied-firmware/qcom/a740_sqe.fw' -> '/workspace/repos/rocknix.worktrees/m7-pixelelated-sm8550-01/build.pixelelated-SM8550.aarch64/install_pkg/kernel-firmware-20260309/usr/lib/kernel-overlays/base/lib/firmware/qcom/a740_sqe.fw'
'/workspace/repos/rocknix.worktrees/m7-pixelelated-sm8550-01/build.pixelelated-SM8550.aarch64/build/kernel-firmware-20260309/.copied-firmware/qcom/gmu_gen70200.bin' -> '/workspace/repos/rocknix.worktrees/m7-pixelelated-sm8550-01/build.pixelelated-SM8550.aarch64/install_pkg/kernel-firmware-20260309/usr/lib/kernel-overlays/base/lib/firmware/qcom/gmu_gen70200.bin'
[1;32mINSTALL[0m      kernel-firmware [1;37m(target)[0m
>>> kernel-firmware:target seq 5 >>>
[660/737] [DONE] install kernel-firmware:target
[661/737] [DONE] install xemu-sa:target
<<< xemu-sa:target seq 662 <<<
[1;32mINSTALL[0m      xemu-sa [1;37m(target)[0m
>>> xemu-sa:target seq 662 >>>
<<< skyemu-sa:target seq 663 <<<
[1;32mINSTALL[0m      skyemu-sa [1;37m(target)[0m
>>> skyemu-sa:target seq 663 >>>
[662/737] [DONE] install skyemu-sa:target
<<< mesa-demos:target seq 664 <<<
[1;32mINSTALL[0m      mesa-demos [1;37m(target)[0m
>>> mesa-demos:target seq 664 >>>
[663/737] [DONE] install mesa-demos:target
<<< gamescope:target seq 665 <<<
[1;32mINSTALL[0m      gamescope [1;37m(target)[0m
>>> gamescope:target seq 665 >>>
[664/737] [DONE] install gamescope:target
<<< daedalusx64-sa:target seq 666 <<<
[1;32mINSTALL[0m      daedalusx64-sa [1;37m(target)[0m
>>> daedalusx64-sa:target seq 666 >>>
[665/737] [DONE] install daedalusx64-sa:target
[666/737] [DONE] install misc-packages:target
<<< misc-packages:target seq 667 <<<
[1;32mINSTALL[0m      misc-packages [1;37m(target)[0m
>>> misc-packages:target seq 667 >>>
[667/737] [DONE] install retroarch:target
<<< retroarch:target seq 668 <<<
[1;32mINSTALL[0m      retroarch [1;37m(target)[0m
>>> retroarch:target seq 668 >>>
<<< dosbox-core-lr:target seq 669 <<<
[1;32mINSTALL[0m      dosbox-core-lr [1;37m(target)[0m
>>> dosbox-core-lr:target seq 669 >>>
[668/737] [DONE] install dosbox-core-lr:target
[669/737] [DONE] install emuscv-lr:target
<<< emuscv-lr:target seq 670 <<<
[1;32mINSTALL[0m      emuscv-lr [1;37m(target)[0m
>>> emuscv-lr:target seq 670 >>>
<<< mupen64plus-sa-simplecore:target seq 672 <<<
[1;32mINSTALL[0m      mupen64plus-sa-simplecore [1;37m(target)[0m
>>> mupen64plus-sa-simplecore:target seq 672 >>>
[670/737] [DONE] install mupen64plus-sa-simplecore:target
[671/737] [DONE] install aethersx2-sa:target
<<< aethersx2-sa:target seq 671 <<<
[1;32mINSTALL[0m      aethersx2-sa [1;37m(target)[0m
>>> aethersx2-sa:target seq 671 >>>
[672/737] [DONE] install mupen64plus-sa-rsp-hle:target
<<< mupen64plus-sa-rsp-hle:target seq 673 <<<
[1;32mINSTALL[0m      mupen64plus-sa-rsp-hle [1;37m(target)[0m
>>> mupen64plus-sa-rsp-hle:target seq 673 >>>
[673/737] [DONE] install azahar-sa:target
<<< azahar-sa:target seq 674 <<<
[1;32mINSTALL[0m      azahar-sa [1;37m(target)[0m
>>> azahar-sa:target seq 674 >>>
[674/737] [DONE] install dolphin-sa:target
<<< dolphin-sa:target seq 675 <<<
[1;32mINSTALL[0m      dolphin-sa [1;37m(target)[0m
>>> dolphin-sa:target seq 675 >>>
<<< cemu-sa:target seq 676 <<<
[1;32mINSTALL[0m      cemu-sa [1;37m(target)[0m
>>> cemu-sa:target seq 676 >>>
[675/737] [DONE] install cemu-sa:target
<<< gopher64-sa:target seq 677 <<<
[1;32mINSTALL[0m      gopher64-sa [1;37m(target)[0m
>>> gopher64-sa:target seq 677 >>>
[676/737] [DONE] install gopher64-sa:target
[677/737] [DONE] install portmaster:target
<<< portmaster:target seq 679 <<<
[1;32mINSTALL[0m      portmaster [1;37m(target)[0m
>>> portmaster:target seq 679 >>>
<<< melonds-sa:target seq 678 <<<
[1;32mINSTALL[0m      melonds-sa [1;37m(target)[0m
>>> melonds-sa:target seq 678 >>>
[678/737] [DONE] install melonds-sa:target
<<< rpcs3-sa:target seq 681 <<<
[1;32mINSTALL[0m      rpcs3-sa [1;37m(target)[0m
>>> rpcs3-sa:target seq 681 >>>
[679/737] [DONE] install rpcs3-sa:target
[680/737] [DONE] install drastic-sa:target
<<< drastic-sa:target seq 680 <<<
[1;32mINSTALL[0m      drastic-sa [1;37m(target)[0m
>>> drastic-sa:target seq 680 >>>
<<< fex-emu:target seq 682 <<<
[1;32mINSTALL[0m      fex-emu [1;37m(target)[0m
>>> fex-emu:target seq 682 >>>
[681/737] [DONE] install fex-emu:target
<<< linux-firmware:target seq 684 <<<
[1;32mINSTALL[0m      linux-firmware [1;37m(target)[0m
>>> linux-firmware:target seq 684 >>>
[682/737] [DONE] install linux-firmware:target
<<< vita3k-sa:target seq 685 <<<
[1;32mINSTALL[0m      vita3k-sa [1;37m(target)[0m
>>> vita3k-sa:target seq 685 >>>
[683/737] [DONE] install vita3k-sa:target
<<< ecwolf-lr:target seq 687 <<<
[1;32mINSTALL[0m      ecwolf-lr [1;37m(target)[0m
>>> ecwolf-lr:target seq 687 >>>
[684/737] [DONE] install ecwolf-lr:target
<<< mojozork-lr:target seq 688 <<<
[1;32mINSTALL[0m      mojozork-lr [1;37m(target)[0m
>>> mojozork-lr:target seq 688 >>>
[685/737] [DONE] install mojozork-lr:target
<<< armsx2-sa:target seq 686 <<<
[1;32mINSTALL[0m      armsx2-sa [1;37m(target)[0m
>>> armsx2-sa:target seq 686 >>>
[686/737] [DONE] install armsx2-sa:target
<<< skyemu-lr:target seq 689 <<<
[1;32mINSTALL[0m      skyemu-lr [1;37m(target)[0m
>>> skyemu-lr:target seq 689 >>>
[687/737] [DONE] install skyemu-lr:target
<<< duckstation-lr:target seq 690 <<<
[1;32mINSTALL[0m      duckstation-lr [1;37m(target)[0m
>>> duckstation-lr:target seq 690 >>>
[688/737] [DONE] install duckstation-lr:target
<<< easyrpg-lr:target seq 691 <<<
[1;32mINSTALL[0m      easyrpg-lr [1;37m(target)[0m
>>> easyrpg-lr:target seq 691 >>>
[689/737] [DONE] install easyrpg-lr:target
[690/737] [DONE] install ppsspp-lr:target
<<< ppsspp-lr:target seq 692 <<<
[1;32mINSTALL[0m      ppsspp-lr [1;37m(target)[0m
>>> ppsspp-lr:target seq 692 >>>
<<< uae4arm-lr:target seq 693 <<<
[1;32mINSTALL[0m      uae4arm-lr [1;37m(target)[0m
>>> uae4arm-lr:target seq 693 >>>
[691/737] [DONE] install uae4arm-lr:target
<<< mupen64plus-sa-ui-console:target seq 694 <<<
[1;32mINSTALL[0m      mupen64plus-sa-ui-console [1;37m(target)[0m
>>> mupen64plus-sa-ui-console:target seq 694 >>>
[692/737] [DONE] install mupen64plus-sa-ui-console:target
[693/737] [DONE] install mupen64plus-sa-audio-sdl:target
<<< mupen64plus-sa-audio-sdl:target seq 695 <<<
[1;32mINSTALL[0m      mupen64plus-sa-audio-sdl [1;37m(target)[0m
>>> mupen64plus-sa-audio-sdl:target seq 695 >>>
[694/737] [DONE] install mupen64plus-sa-input-sdl:target
<<< mupen64plus-sa-input-sdl:target seq 696 <<<
[1;32mINSTALL[0m      mupen64plus-sa-input-sdl [1;37m(target)[0m
>>> mupen64plus-sa-input-sdl:target seq 696 >>>
[695/737] [DONE] install mupen64plus-sa-rsp-cxd4:target
<<< mupen64plus-sa-rsp-cxd4:target seq 697 <<<
[1;32mINSTALL[0m      mupen64plus-sa-rsp-cxd4 [1;37m(target)[0m
>>> mupen64plus-sa-rsp-cxd4:target seq 697 >>>
<<< mupen64plus-sa-video-rice:target seq 698 <<<
[1;32mINSTALL[0m      mupen64plus-sa-video-rice [1;37m(target)[0m
>>> mupen64plus-sa-video-rice:target seq 698 >>>
[696/737] [DONE] install mupen64plus-sa-video-rice:target
<<< jstest-sdl:target seq 701 <<<
[1;32mINSTALL[0m      jstest-sdl [1;37m(target)[0m
>>> jstest-sdl:target seq 701 >>>
[697/737] [DONE] install jstest-sdl:target
<<< mupen64plus-sa-video-glide64mk2:target seq 699 <<<
[1;32mINSTALL[0m      mupen64plus-sa-video-glide64mk2 [1;37m(target)[0m
>>> mupen64plus-sa-video-glide64mk2:target seq 699 >>>
[698/737] [DONE] install mupen64plus-sa-video-glide64mk2:target
<<< mupen64plus-sa-video-gliden64:target seq 700 <<<
[1;32mINSTALL[0m      mupen64plus-sa-video-gliden64 [1;37m(target)[0m
>>> mupen64plus-sa-video-gliden64:target seq 700 >>>
[699/737] [DONE] install mupen64plus-sa-video-gliden64:target
<<< sdljoytest:target seq 702 <<<
[1;32mINSTALL[0m      sdljoytest [1;37m(target)[0m
>>> sdljoytest:target seq 702 >>>
[700/737] [DONE] install sdljoytest:target
<<< sdltouchtest:target seq 703 <<<
[1;32mINSTALL[0m      sdltouchtest [1;37m(target)[0m
>>> sdltouchtest:target seq 703 >>>
[701/737] [DONE] install sdltouchtest:target
[702/737] [DONE] install sdl2text:target
<<< sdl2text:target seq 704 <<<
[1;32mINSTALL[0m      sdl2text [1;37m(target)[0m
>>> sdl2text:target seq 704 >>>
[703/737] [DONE] install steam:target
<<< steam:target seq 705 <<<
[1;32mINSTALL[0m      steam [1;37m(target)[0m
>>> steam:target seq 705 >>>
<<< mangohud:target seq 706 <<<
[1;32mINSTALL[0m      mangohud [1;37m(target)[0m
>>> mangohud:target seq 706 >>>
[704/737] [DONE] install mangohud:target
<<< gdb:target seq 707 <<<
[1;32mINSTALL[0m      gdb [1;37m(target)[0m
>>> gdb:target seq 707 >>>
[705/737] [DONE] install gdb:target
[706/737] [DONE] install idtech-lr:target
<<< idtech-lr:target seq 708 <<<
[1;32mINSTALL[0m      idtech-lr [1;37m(target)[0m
>>> idtech-lr:target seq 708 >>>
<<< kmsxx:target seq 709 <<<
[1;32mINSTALL[0m      kmsxx [1;37m(target)[0m
>>> kmsxx:target seq 709 >>>
[707/737] [DONE] install kmsxx:target
<<< nvtop:target seq 710 <<<
[1;32mINSTALL[0m      nvtop [1;37m(target)[0m
>>> nvtop:target seq 710 >>>
[708/737] [DONE] install nvtop:target
<<< renderdoc:target seq 712 <<<
[1;32mINSTALL[0m      renderdoc [1;37m(target)[0m
>>> renderdoc:target seq 712 >>>
[709/737] [DONE] install renderdoc:target
[710/737] [DONE] install waffle:target
<<< waffle:target seq 711 <<<
[1;32mINSTALL[0m      waffle [1;37m(target)[0m
>>> waffle:target seq 711 >>>
[711/737] [DONE] install udevil:target
<<< udevil:target seq 714 <<<
[1;32mINSTALL[0m      udevil [1;37m(target)[0m
>>> udevil:target seq 714 >>>
<<< exfatprogs:target seq 715 <<<
[1;32mINSTALL[0m      exfatprogs [1;37m(target)[0m
>>> exfatprogs:target seq 715 >>>
[712/737] [DONE] install exfatprogs:target
<<< libevent:target seq 716 <<<
[1;32mINSTALL[0m      libevent [1;37m(target)[0m
>>> libevent:target seq 716 >>>
[713/737] [DONE] install libevent:target
<<< htop:target seq 718 <<<
[1;32mINSTALL[0m      htop [1;37m(target)[0m
>>> htop:target seq 718 >>>
[714/737] [DONE] install htop:target
<<< ntfs-3g_ntfsprogs:target seq 717 <<<
[1;32mINSTALL[0m      ntfs-3g_ntfsprogs [1;37m(target)[0m
>>> ntfs-3g_ntfsprogs:target seq 717 >>>
[715/737] [DONE] install ntfs-3g_ntfsprogs:target
<<< btop:target seq 719 <<<
[1;32mINSTALL[0m      btop [1;37m(target)[0m
>>> btop:target seq 719 >>>
[716/737] [DONE] install btop:target
[717/737] [DONE] install SDL2_gfx:target
<<< SDL2_gfx:target seq 720 <<<
[1;32mINSTALL[0m      SDL2_gfx [1;37m(target)[0m
>>> SDL2_gfx:target seq 720 >>>
<<< dejavu:target seq 721 <<<
[1;32mINSTALL[0m      dejavu [1;37m(target)[0m
>>> dejavu:target seq 721 >>>
[718/737] [DONE] install dejavu:target
[719/737] [DONE] install lxqt-build-tools:target
<<< lxqt-build-tools:target seq 722 <<<
[1;32mINSTALL[0m      lxqt-build-tools [1;37m(target)[0m
>>> lxqt-build-tools:target seq 722 >>>
[720/737] [DONE] install mupen64plus-sa:target
<<< mupen64plus-sa:target seq 723 <<<
[1;32mINSTALL[0m      mupen64plus-sa [1;37m(target)[0m
>>> mupen64plus-sa:target seq 723 >>>
<<< layer-shell-qt:target seq 724 <<<
[1;32mINSTALL[0m      layer-shell-qt [1;37m(target)[0m
>>> layer-shell-qt:target seq 724 >>>
[721/737] [DONE] install layer-shell-qt:target
<<< entware:target seq 725 <<<
[1;32mINSTALL[0m      entware [1;37m(target)[0m
>>> entware:target seq 725 >>>
[722/737] [DONE] install entware:target
[723/737] [DONE] install gamesupport:target
<<< gamesupport:target seq 726 <<<
[1;32mINSTALL[0m      gamesupport [1;37m(target)[0m
>>> gamesupport:target seq 726 >>>
<<< rclone:target seq 683 <<<
[1;36mGET[0m      rclone (archive)
--2026-10-08 21:52:34--  https://downloads.rclone.org/v1.75.1/rclone-v1.75.1-linux-arm64.zip
Resolving downloads.rclone.org (downloads.rclone.org)... 172.67.148.254, 104.21.29.124, 2606:4700:3037::6815:1d7c, ...
Connecting to downloads.rclone.org (downloads.rclone.org)|172.67.148.254|:443... connected.
HTTP request sent, awaiting response... 200 OK
Length: 28640903 (27M) [application/zip]
Saving to: '/workspace/repos/rocknix.worktrees/m7-pixelelated-sm8550-01/sources/rclone/rclone-1.75.1.zip'


          /workspac   0%[                    ]       0  --.-KB/s               
         /workspace   5%[>                   ]   1.59M  7.21MB/s               
        /workspace/  15%[==>                 ]   4.15M  9.63MB/s               
       /workspace/r  23%[===>                ]   6.50M  10.1MB/s               
      /workspace/re  32%[=====>              ]   8.94M  9.96MB/s               
     /workspace/rep  41%[=======>            ]  11.45M  10.3MB/s               
    /workspace/repo  50%[=========>          ]  13.90M  10.4MB/s               
   /workspace/repos  60%[===========>        ]  16.43M  10.6MB/s               
  /workspace/repos/  68%[============>       ]  18.68M  10.7MB/s               
 /workspace/repos/r  76%[==============>     ]  20.98M  10.8MB/s               
/workspace/repos/ro  86%[================>   ]  23.50M  10.8MB/s               
workspace/repos/roc  95%[==================> ]  26.04M  10.9MB/s               
/workspace/repos/ro 100%[===================>]  27.31M  10.9MB/s    in 2.5s    

2026-10-08 21:52:37 (10.9 MB/s) - '/workspace/repos/rocknix.worktrees/m7-pixelelated-sm8550-01/sources/rclone/rclone-1.75.1.zip' saved [28640903/28640903]

    [1;32mINFO[0m      Calculated checksum: 03f2504174034b6d004152ed7369251c9a9ec1f7e0836eda420f5c7a5ec0dff9
[1;36mUNPACK[0m      rclone
Archive:  /workspace/repos/rocknix.worktrees/m7-pixelelated-sm8550-01/sources/rclone/rclone-1.75.1-arm64.zip
   creating: /workspace/repos/rocknix.worktrees/m7-pixelelated-sm8550-01/build.pixelelated-SM8550.aarch64/.unpack/rclone/rclone-1.75.1/rclone-v1.75.1-linux-arm64/
  inflating: /workspace/repos/rocknix.worktrees/m7-pixelelated-sm8550-01/build.pixelelated-SM8550.aarch64/.unpack/rclone/rclone-1.75.1/rclone-v1.75.1-linux-arm64/README.txt  
  inflating: /workspace/repos/rocknix.worktrees/m7-pixelelated-sm8550-01/build.pixelelated-SM8550.aarch64/.unpack/rclone/rclone-1.75.1/rclone-v1.75.1-linux-arm64/rclone.1  
  inflating: /workspace/repos/rocknix.worktrees/m7-pixelelated-sm8550-01/build.pixelelated-SM8550.aarch64/.unpack/rclone/rclone-1.75.1/rclone-v1.75.1-linux-arm64/rclone  
  inflating: /workspace/repos/rocknix.worktrees/m7-pixelelated-sm8550-01/build.pixelelated-SM8550.aarch64/.unpack/rclone/rclone-1.75.1/rclone-v1.75.1-linux-arm64/git-log.txt  
  inflating: /workspace/repos/rocknix.worktrees/m7-pixelelated-sm8550-01/build.pixelelated-SM8550.aarch64/.unpack/rclone/rclone-1.75.1/rclone-v1.75.1-linux-arm64/README.html  
[1;33mBUILD[0m      rclone [1;37m(target)[0m
    [1;35mTOOLCHAIN[0m      manual
[1;32mINSTALL[0m      rclone [1;37m(target)[0m
>>> rclone:target seq 683 >>>
[724/737] [DONE] install rclone:target
<<< apitrace:target seq 727 <<<
[1;32mINSTALL[0m      apitrace [1;37m(target)[0m
>>> apitrace:target seq 727 >>>
[725/737] [DONE] install apitrace:target
<<< nfs-utils:target seq 728 <<<
[1;32mINSTALL[0m      nfs-utils [1;37m(target)[0m
>>> nfs-utils:target seq 728 >>>
[726/737] [DONE] install nfs-utils:target
[727/737] [DONE] install lib32:target
<<< lib32:target seq 713 <<<
[1;33mBUILD[0m      lib32 [1;37m(target)[0m
    [1;35mTOOLCHAIN[0m      manual
[1;32mINSTALL[0m      lib32 [1;37m(target)[0m
>>> lib32:target seq 713 >>>
[728/737] [DONE] install gamepadtester:target
<<< gamepadtester:target seq 729 <<<
[1;32mINSTALL[0m      gamepadtester [1;37m(target)[0m
>>> gamepadtester:target seq 729 >>>
[729/737] [DONE] install commander:target
<<< commander:target seq 730 <<<
[1;32mINSTALL[0m      commander [1;37m(target)[0m
>>> commander:target seq 730 >>>
<<< qtermwidget:target seq 731 <<<
[1;32mINSTALL[0m      qtermwidget [1;37m(target)[0m
>>> qtermwidget:target seq 731 >>>
[730/737] [DONE] install qtermwidget:target
[731/737] [DONE] install synctools:target
<<< synctools:target seq 733 <<<
[1;32mINSTALL[0m      synctools [1;37m(target)[0m
>>> synctools:target seq 733 >>>
<<< debug:target seq 734 <<<
[1;32mINSTALL[0m      debug [1;37m(target)[0m
>>> debug:target seq 734 >>>
[732/737] [DONE] install debug:target
[733/737] [DONE] install qterminal:target
<<< qterminal:target seq 735 <<<
[1;32mINSTALL[0m      qterminal [1;37m(target)[0m
>>> qterminal:target seq 735 >>>
<<< modules:target seq 736 <<<
[1;36mUNPACK[0m      modules
[1;33mBUILD[0m      modules [1;37m(target)[0m
    [1;35mTOOLCHAIN[0m      manual
[1;32mINSTALL[0m      modules [1;37m(target)[0m
>>> modules:target seq 736 >>>
[734/737] [DONE] install modules:target
<<< emulators:target seq 732 <<<
[1;36mUNPACK[0m      emulators
[1;33mBUILD[0m      emulators [1;37m(target)[0m
    [1;35mTOOLCHAIN[0m      manual
[1;32mINSTALL[0m      emulators [1;37m(target)[0m
>>> emulators:target seq 732 >>>
[735/737] [DONE] install emulators:target
<<< emulationstation:target seq 661 <<<
ERROR: /workspace/repos/rocknix.worktrees/m7-pixelelated-sm8550-01/sources/emulationstation/emulationstation-1d76b3da7da75794066df1c089931b890304da7a: failed to determine git HEAD
[1;36mGET[0m       (git)
Directory /workspace/repos/rocknix.worktrees/m7-pixelelated-sm8550-01/sources/emulationstation/emulationstation-1d76b3da7da75794066df1c089931b890304da7a already exists and is not empty. Removing it.
Cloning repository with parameters: --recursive --shallow-submodules --filter=blob:none --no-tags --branch test/qa-integration
Cloning into '/workspace/repos/rocknix.worktrees/m7-pixelelated-sm8550-01/sources/emulationstation/emulationstation-1d76b3da7da75794066df1c089931b890304da7a'...
Updating files:   0% (2/1106)
Updating files:   1% (12/1106)
Updating files:   2% (23/1106)
Updating files:   3% (34/1106)
Updating files:   4% (45/1106)
Updating files:   5% (56/1106)
Updating files:   6% (67/1106)
Updating files:   7% (78/1106)
Updating files:   8% (89/1106)
Updating files:   9% (100/1106)
Updating files:  10% (111/1106)
Updating files:  11% (122/1106)
Updating files:  12% (133/1106)
Updating files:  13% (144/1106)
Updating files:  14% (155/1106)
Updating files:  15% (166/1106)
Updating files:  16% (177/1106)
Updating files:  17% (189/1106)
Updating files:  18% (200/1106)
Updating files:  19% (211/1106)
Updating files:  20% (222/1106)
Updating files:  21% (233/1106)
Updating files:  22% (244/1106)
Updating files:  23% (255/1106)
Updating files:  24% (266/1106)
Updating files:  25% (277/1106)
Updating files:  26% (288/1106)
Updating files:  27% (299/1106)
Updating files:  28% (310/1106)
Updating files:  29% (321/1106)
Updating files:  30% (332/1106)
Updating files:  31% (343/1106)
Updating files:  32% (354/1106)
Updating files:  33% (365/1106)
Updating files:  34% (377/1106)
Updating files:  35% (388/1106)
Updating files:  36% (399/1106)
Updating files:  37% (410/1106)
Updating files:  38% (421/1106)
Updating files:  39% (432/1106)
Updating files:  40% (443/1106)
Updating files:  41% (454/1106)
Updating files:  42% (465/1106)
Updating files:  43% (476/1106)
Updating files:  44% (487/1106)
Updating files:  45% (498/1106)
Updating files:  46% (509/1106)
Updating files:  47% (520/1106)
Updating files:  48% (531/1106)
Updating files:  49% (542/1106)
Updating files:  50% (553/1106)
Updating files:  51% (565/1106)
Updating files:  52% (576/1106)
Updating files:  53% (587/1106)
Updating files:  54% (598/1106)
Updating files:  55% (609/1106)
Updating files:  56% (620/1106)
Updating files:  57% (631/1106)
Updating files:  58% (642/1106)
Updating files:  59% (653/1106)
Updating files:  60% (664/1106)
Updating files:  61% (675/1106)
Updating files:  62% (686/1106)
Updating files:  63% (697/1106)
Updating files:  64% (708/1106)
Updating files:  65% (719/1106)
Updating files:  66% (730/1106)
Updating files:  67% (742/1106)
Updating files:  68% (753/1106)
Updating files:  69% (764/1106)
Updating files:  70% (775/1106)
Updating files:  71% (786/1106)
Updating files:  72% (797/1106)
Updating files:  73% (808/1106)
Updating files:  74% (819/1106)
Updating files:  75% (830/1106)
Updating files:  76% (841/1106)
Updating files:  77% (852/1106)
Updating files:  78% (863/1106)
Updating files:  79% (874/1106)
Updating files:  80% (885/1106)
Updating files:  81% (896/1106)
Updating files:  82% (907/1106)
Updating files:  83% (918/1106)
Updating files:  84% (930/1106)
Updating files:  85% (941/1106)
Updating files:  86% (952/1106)
Updating files:  87% (963/1106)
Updating files:  88% (974/1106)
Updating files:  89% (985/1106)
Updating files:  90% (996/1106)
Updating files:  91% (1007/1106)
Updating files:  92% (1018/1106)
Updating files:  93% (1029/1106)
Updating files:  94% (1040/1106)
Updating files:  95% (1051/1106)
Updating files:  96% (1062/1106)
Updating files:  97% (1073/1106)
Updating files:  98% (1084/1106)
Updating files:  99% (1095/1106)
Updating files: 100% (1106/1106)
Updating files: 100% (1106/1106), done.
Submodule 'external/pugixml' (https://github.com/zeux/pugixml.git) registered for path 'external/pugixml'
Cloning into '/workspace/repos/rocknix.worktrees/m7-pixelelated-sm8550-01/sources/emulationstation/emulationstation-1d76b3da7da75794066df1c089931b890304da7a/external/pugixml'...
From https://github.com/zeux/pugixml
 * branch            61c944895e071872370219cadade8423dc6e04dc -> FETCH_HEAD
Submodule path 'external/pugixml': checked out '61c944895e071872370219cadade8423dc6e04dc'
Resetting to commit: 1d76b3da7da75794066df1c089931b890304da7a
HEAD is now at 1d76b3da cloud setup: explain refused folder paths (#524)
Updating submodules...
Updating submodule: external/pugixml
Repository setup completed successfully.
Repository setup completed successfully.
[1;36mUNPACK[0m      emulationstation
[1;33mBUILD[0m      emulationstation [1;37m(target)[0m
    [1;35mTOOLCHAIN[0m      cmake (auto-detect)
WARNING: SCREENSCRAPER_DEV_LOGIN not declared, will not build support.
WARNING: GAMESDB_APIKEY not declared, will not build support.
WARNING: CHEEVOS_DEV_LOGIN not declared, will not build support.
Executing (target): cmake -GNinja -DCMAKE_TOOLCHAIN_FILE=/workspace/repos/rocknix.worktrees/m7-pixelelated-sm8550-01/build.pixelelated-SM8550.aarch64/toolchain/etc/cmake-aarch64-rocknix-linux-gnu.conf -DCMAKE_INSTALL_PREFIX=/usr -DCMAKE_BUILD_TYPE=Release -DROCKNIX=1 -DDISABLE_KODI=1 -DENABLE_FILEMANAGER=0 -DCEC=0 -DENABLE_PULSE=1 -DUSE_SYSTEM_PUGIXML=1 -DGLES3=1 -DSCREENSCRAPER_RUNTIME_DEV_LOGIN=1 /workspace/repos/rocknix.worktrees/m7-pixelelated-sm8550-01/build.pixelelated-SM8550.aarch64/build/emulationstation-1d76b3da7da75794066df1c089931b890304da7a
-- The C compiler identification is GNU 15.2.0
-- The CXX compiler identification is GNU 15.2.0
-- Detecting C compiler ABI info
-- Detecting C compiler ABI info - done
-- Check for working C compiler: /workspace/repos/rocknix.worktrees/m7-pixelelated-sm8550-01/build.pixelelated-SM8550.aarch64/toolchain/bin/aarch64-rocknix-linux-gnu-gcc - skipped
-- Detecting C compile features
-- Detecting C compile features - done
-- Detecting CXX compiler ABI info
-- Detecting CXX compiler ABI info - done
-- Check for working CXX compiler: /workspace/repos/rocknix.worktrees/m7-pixelelated-sm8550-01/build.pixelelated-SM8550.aarch64/toolchain/bin/aarch64-rocknix-linux-gnu-g++ - skipped
-- Detecting CXX compile features
-- Detecting CXX compile features - done
ROCKNIX build
Kodi disabled
-- Graphics API: OpenGL ES 3.0
-- Found PkgConfig: /workspace/repos/rocknix.worktrees/m7-pixelelated-sm8550-01/build.pixelelated-SM8550.aarch64/toolchain/bin/pkg-config (found version "0.29.2")
-- Found OpenGLES3: /workspace/repos/rocknix.worktrees/m7-pixelelated-sm8550-01/build.pixelelated-SM8550.aarch64/toolchain/aarch64-rocknix-linux-gnu/sysroot/usr/lib/libGLESv2.so  
-- Found Freetype: /workspace/repos/rocknix.worktrees/m7-pixelelated-sm8550-01/build.pixelelated-SM8550.aarch64/toolchain/aarch64-rocknix-linux-gnu/sysroot/usr/lib/libfreetype.so (found version "2.14.3")
-- Looking for FreeImage...
-- Checking for module 'freeimage'
--   No package 'freeimage' found
-- Found FreeImage: optimized;/workspace/repos/rocknix.worktrees/m7-pixelelated-sm8550-01/build.pixelelated-SM8550.aarch64/toolchain/aarch64-rocknix-linux-gnu/sysroot/usr/lib/libfreeimage.so;debug;/workspace/repos/rocknix.worktrees/m7-pixelelated-sm8550-01/build.pixelelated-SM8550.aarch64/toolchain/aarch64-rocknix-linux-gnu/sysroot/usr/lib/libfreeimage.so
-- Found SDLMIXER: /workspace/repos/rocknix.worktrees/m7-pixelelated-sm8550-01/build.pixelelated-SM8550.aarch64/toolchain/aarch64-rocknix-linux-gnu/sysroot/usr/include/SDL2  
-- Performing Test CMAKE_HAVE_LIBC_PTHREAD
-- Performing Test CMAKE_HAVE_LIBC_PTHREAD - Success
-- Found Threads: TRUE
-- Found SDL2: /workspace/repos/rocknix.worktrees/m7-pixelelated-sm8550-01/build.pixelelated-SM8550.aarch64/toolchain/aarch64-rocknix-linux-gnu/sysroot/usr/lib/libSDL2main.a;/workspace/repos/rocknix.worktrees/m7-pixelelated-sm8550-01/build.pixelelated-SM8550.aarch64/toolchain/aarch64-rocknix-linux-gnu/sysroot/usr/lib/libSDL2.so  
-- Checking for module 'libidn2'
--   Found libidn2, version 2.3.8
-- Found Libidn2 (via pkg-config): /workspace/repos/rocknix.worktrees/m7-pixelelated-sm8550-01/build.pixelelated-SM8550.aarch64/toolchain/aarch64-rocknix-linux-gnu/sysroot/usr/include (found version "2.3.8")
-- Checking for module 'libnghttp2'
--   Found libnghttp2, version 1.70.0
-- Found NGHTTP2 (via pkg-config): /workspace/repos/rocknix.worktrees/m7-pixelelated-sm8550-01/build.pixelelated-SM8550.aarch64/toolchain/aarch64-rocknix-linux-gnu/sysroot/usr/include (found version "1.70.0")
-- Found CURL: /workspace/repos/rocknix.worktrees/m7-pixelelated-sm8550-01/build.pixelelated-SM8550.aarch64/toolchain/aarch64-rocknix-linux-gnu/sysroot/usr/lib/cmake/CURL/CURLConfig.cmake (found version "8.21.0")
-- Checking for module 'libvlc>=1.0.0'
--   Found libvlc, version 3.0.23
-- VLC library found
-- Found VLC: /workspace/repos/rocknix.worktrees/m7-pixelelated-sm8550-01/build.pixelelated-SM8550.aarch64/toolchain/aarch64-rocknix-linux-gnu/sysroot/usr/include/vlc  
-- Found Rapidjson: /workspace/repos/rocknix.worktrees/m7-pixelelated-sm8550-01/build.pixelelated-SM8550.aarch64/toolchain/aarch64-rocknix-linux-gnu/sysroot/usr/include  
-- FriBidi found, using it for right-to-left text reordering
pulse audio enabled
-- Found udev: /workspace/repos/rocknix.worktrees/m7-pixelelated-sm8550-01/build.pixelelated-SM8550.aarch64/toolchain/aarch64-rocknix-linux-gnu/sysroot/usr/lib/libudev.so  
udev found. guns enabled
tts disabled
CEC disabled
-- Found ALSA: /workspace/repos/rocknix.worktrees/m7-pixelelated-sm8550-01/build.pixelelated-SM8550.aarch64/toolchain/aarch64-rocknix-linux-gnu/sysroot/usr/lib/libasound.so (found version "1.2.14")
Use system pugixml
-- Found Intl: /workspace/repos/rocknix.worktrees/m7-pixelelated-sm8550-01/build.pixelelated-SM8550.aarch64/toolchain/aarch64-rocknix-linux-gnu/sysroot/usr/include  
-- Native language support enabled.
Building the pot file
LANG = ar
LANG = ca
LANG = cs_CZ
LANG = cy_GB
LANG = de
LANG = el
LANG = en_GB
LANG = es
LANG = es_MX
LANG = eu_ES
LANG = fi_FI
LANG = fr
LANG = gl_ES
LANG = he
LANG = hu
LANG = id_ID
LANG = it
LANG = ja_JP
LANG = ko
LANG = nb_NO
LANG = nl
LANG = nn_NO
LANG = oc_FR
LANG = pl
LANG = pt_BR
LANG = pt_PT
LANG = ro_RO
LANG = ru_RU
LANG = sk_SK
LANG = sv_SE
LANG = tr
LANG = uk_UA
LANG = vi_VN
LANG = zh_CN
LANG = zh_TW
-- Configuring done (0.5s)
-- Generating done (0.0s)
-- Build files have been written to: /workspace/repos/rocknix.worktrees/m7-pixelelated-sm8550-01/build.pixelelated-SM8550.aarch64/build/emulationstation-1d76b3da7da75794066df1c089931b890304da7a/.aarch64-rocknix-linux-gnu
Executing (target): ninja 
[1/354] Building C object external/libcheevos/CMakeFiles/libcheevos.dir/rcheevos/src/rcheevos/consoleinfo.c.o
[2/354] Building C object external/id3v2lib/src/CMakeFiles/id3v2lib.dir/modules/char_stream.c.o
[3/354] Building C object external/id3v2lib/src/CMakeFiles/id3v2lib.dir/modules/frame.c.o
[4/354] Building C object external/id3v2lib/src/CMakeFiles/id3v2lib.dir/modules/tag_header.c.o
[5/354] Building C object external/id3v2lib/src/CMakeFiles/id3v2lib.dir/modules/frames/comment_frame.c.o
[6/354] Building C object external/id3v2lib/src/CMakeFiles/id3v2lib.dir/modules/frame_header.c.o
[7/354] Building C object external/id3v2lib/src/CMakeFiles/id3v2lib.dir/modules/frames/text_frame.c.o
[8/354] Building C object external/id3v2lib/src/CMakeFiles/id3v2lib.dir/modules/frames/apic_frame.c.o
[9/354] Building C object external/id3v2lib/src/CMakeFiles/id3v2lib.dir/id3v2lib.c.o
[10/354] Building C object external/libcheevos/CMakeFiles/libcheevos.dir/rcheevos/src/rcheevos/compat.c.o
[11/354] Building C object external/id3v2lib/src/CMakeFiles/id3v2lib.dir/modules/frame_list.c.o
[12/354] Building C object external/id3v2lib/src/CMakeFiles/id3v2lib.dir/modules/utils.c.o
[13/354] Building C object external/libcheevos/CMakeFiles/libcheevos.dir/rcheevos/src/rcheevos/alloc.c.o
[14/354] Building C object external/libcheevos/CMakeFiles/libcheevos.dir/rcheevos/src/rcheevos/condition.c.o
[15/354] Building C object external/libcheevos/CMakeFiles/libcheevos.dir/rcheevos/src/rcheevos/format.c.o
[16/354] Building C object external/libcheevos/CMakeFiles/libcheevos.dir/rcheevos/src/rapi/rc_api_user.c.o
[17/354] Building C object external/libcheevos/CMakeFiles/libcheevos.dir/rcheevos/src/rcheevos/lboard.c.o
[18/354] Building C object external/libcheevos/CMakeFiles/libcheevos.dir/rcheevos/src/rapi/rc_api_info.c.o
[19/354] Building C object external/libcheevos/CMakeFiles/libcheevos.dir/rcheevos/src/rcheevos/trigger.c.o
[20/354] Building C object external/id3v2lib/src/CMakeFiles/id3v2lib.dir/modules/tag.c.o
[21/354] Building C object external/libcheevos/CMakeFiles/libcheevos.dir/rcheevos/src/rcheevos/condset.c.o
[22/354] Building C object external/id3v2lib/src/CMakeFiles/id3v2lib.dir/id3v2lib.compat.c.o
[23/354] Building C object external/libcheevos/CMakeFiles/libcheevos.dir/rcheevos/src/rcheevos/operand.c.o
[24/354] Building C object external/libcheevos/CMakeFiles/libcheevos.dir/libretro-common/src/compat/compat_strcasestr.c.o
[25/354] Building C object external/libcheevos/CMakeFiles/libcheevos.dir/libretro-common/src/compat/compat_strl.c.o
[26/354] Building C object external/libcheevos/CMakeFiles/libcheevos.dir/libretro-common/src/compat/compat_posix_string.c.o
[27/354] Building C object external/libcheevos/CMakeFiles/libcheevos.dir/rcheevos/src/rcheevos/memref.c.o
[28/354] Building C object external/libcheevos/CMakeFiles/libcheevos.dir/libretro-common/src/file/file_path_io.c.o
[29/354] Building C object external/libcheevos/CMakeFiles/libcheevos.dir/libretro-common/src/file/retro_dirent.c.o
[30/354] Building C object external/libcheevos/CMakeFiles/libcheevos.dir/rcheevos/src/rhash/hash_rom.c.o
[31/354] Building C object external/libcheevos/CMakeFiles/libcheevos.dir/rcheevos/src/rapi/rc_api_runtime.c.o
[32/354] Building C object external/libcheevos/CMakeFiles/libcheevos.dir/rcheevos/src/rhash/hash_zip.c.o
[33/354] Building CXX object external/libcheevos/CMakeFiles/libcheevos.dir/cheevos.cpp.o
[34/354] Building C object external/libcheevos/CMakeFiles/libcheevos.dir/rcheevos/src/rcheevos/rc_libretro.c.o
[35/354] Building C object external/libcheevos/CMakeFiles/libcheevos.dir/rcheevos/src/rurl/url.c.o
[36/354] Building C object external/libcheevos/CMakeFiles/libcheevos.dir/libretro-common/src/memmap/memmap.c.o
[37/354] Building C object external/libcheevos/CMakeFiles/libcheevos.dir/libretro-common/src/memmap/memalign.c.o
[38/354] Building C object external/libcheevos/CMakeFiles/libcheevos.dir/rcheevos/src/rhash/hash_encrypted.c.o
[39/354] Building C object external/libcheevos/CMakeFiles/libcheevos.dir/libretro-common/src/compat/fopen_utf8.c.o
[40/354] Building C object external/libcheevos/CMakeFiles/libcheevos.dir/rcheevos/src/rhash/aes.c.o
[41/354] Building C object external/libcheevos/CMakeFiles/libcheevos.dir/rcheevos/src/rcheevos/value.c.o
[42/354] Building C object external/libcheevos/CMakeFiles/libcheevos.dir/libretro-common/src/formats/libchdr/libchdr_bitstream.c.o
[43/354] Building C object external/libcheevos/CMakeFiles/libcheevos.dir/libretro-common/src/formats/libchdr/libchdr_cdrom.c.o
[44/354] Building C object external/libcheevos/CMakeFiles/libcheevos.dir/rcheevos/src/rcheevos/runtime.c.o
[45/354] Building C object external/libcheevos/CMakeFiles/libcheevos.dir/rcheevos/src/rcheevos/runtime_progress.c.o
[46/354] Building C object external/libcheevos/CMakeFiles/libcheevos.dir/libretro-common/src/streams/stdin_stream.c.o
[47/354] Building C object external/libcheevos/CMakeFiles/libcheevos.dir/rcheevos/src/rcheevos/richpresence.c.o
[48/354] Building C object external/libcheevos/CMakeFiles/libcheevos.dir/libretro-common/src/file/file_path.c.o
[49/354] Building C object external/libcheevos/CMakeFiles/libcheevos.dir/libretro-common/src/streams/trans_stream.c.o
[50/354] Building C object external/libcheevos/CMakeFiles/libcheevos.dir/libretro-common/src/streams/file_stream_transforms.c.o
[51/354] Building C object external/libcheevos/CMakeFiles/libcheevos.dir/libretro-common/src/streams/memory_stream.c.o
[52/354] Building C object external/libcheevos/CMakeFiles/libcheevos.dir/libretro-common/src/streams/trans_stream_pipe.c.o
[53/354] Building C object external/libcheevos/CMakeFiles/libcheevos.dir/rcheevos/src/rhash/cdreader.c.o
[54/354] Building C object external/libcheevos/CMakeFiles/libcheevos.dir/rcheevos/src/rhash/hash.c.o
[55/354] Building C object external/libcheevos/CMakeFiles/libcheevos.dir/libretro-common/src/time/rtime.c.o
[56/354] Building C object external/libcheevos/CMakeFiles/libcheevos.dir/libretro-common/src/formats/libchdr/libchdr_huffman.c.o
[57/354] Building C object external/libcheevos/CMakeFiles/libcheevos.dir/rcheevos/src/rapi/rc_api_common.c.o
[58/354] Building C object external/libcheevos/CMakeFiles/libcheevos.dir/libretro-common/src/streams/chd_stream.c.o
[59/354] Building C object external/libcheevos/CMakeFiles/libcheevos.dir/libretro-common/src/streams/trans_stream_zlib.c.o
[60/354] Building C object external/libcheevos/CMakeFiles/libcheevos.dir/libretro-common/src/encodings/encoding_crc32.c.o
[61/354] Building C object external/libcheevos/CMakeFiles/libcheevos.dir/libretro-common/src/formats/cdfs/cdfs.c.o
[62/354] Building C object external/libcheevos/CMakeFiles/libcheevos.dir/libretro-common/src/formats/m3u/m3u_file.c.o
[63/354] Building C object external/libcheevos/CMakeFiles/libcheevos.dir/libretro-common/src/utils/md5.c.o
[64/354] Building C object external/libcheevos/CMakeFiles/libcheevos.dir/libretro-common/src/streams/rzip_stream.c.o
[65/354] Building C object external/libcheevos/CMakeFiles/libcheevos.dir/libretro-common/src/7zip/7zBuf.c.o
[66/354] Building C object external/libcheevos/CMakeFiles/libcheevos.dir/libretro-common/src/7zip/7zCrc.c.o
[67/354] Building C object external/libcheevos/CMakeFiles/libcheevos.dir/libretro-common/src/string/stdstring.c.o
[68/354] Building C object external/libcheevos/CMakeFiles/libcheevos.dir/libretro-common/src/lists/dir_list.c.o
[69/354] Building C object external/libcheevos/CMakeFiles/libcheevos.dir/libretro-common/src/streams/interface_stream.c.o
[70/354] Building C object external/libcheevos/CMakeFiles/libcheevos.dir/rcheevos/src/rhash/hash_disc.c.o
[71/354] Building C object external/libcheevos/CMakeFiles/libcheevos.dir/libretro-common/src/streams/file_stream.c.o
[72/354] Building C object external/libcheevos/CMakeFiles/libcheevos.dir/libretro-common/src/encodings/encoding_utf.c.o
[73/354] Building C object external/libcheevos/CMakeFiles/libcheevos.dir/libretro-common/src/vfs/vfs_implementation.c.o
[74/354] Building C object external/libcheevos/CMakeFiles/libcheevos.dir/libretro-common/src/7zip/7zFile.c.o
[75/354] Building C object external/libcheevos/CMakeFiles/libcheevos.dir/libretro-common/src/7zip/7zStream.c.o
[76/354] Building C object external/libcheevos/CMakeFiles/libcheevos.dir/libretro-common/src/7zip/CpuArch.c.o
[77/354] Building C object external/libcheevos/CMakeFiles/libcheevos.dir/libretro-common/src/7zip/Delta.c.o
[78/354] Building C object external/libcheevos/CMakeFiles/libcheevos.dir/libretro-common/src/7zip/Bra.c.o
[79/354] Building C object external/libcheevos/CMakeFiles/libcheevos.dir/libretro-common/src/7zip/Bcj2.c.o
[80/354] Building C object external/libcheevos/CMakeFiles/libcheevos.dir/libretro-common/src/vfs/vfs_implementation_cdrom.c.o
[81/354] Building C object external/libcheevos/CMakeFiles/libcheevos.dir/libretro-common/src/7zip/BraIA64.c.o
[82/354] Building C object external/libcheevos/CMakeFiles/libcheevos.dir/libretro-common/src/lists/string_list.c.o
[83/354] Building C object external/libcheevos/CMakeFiles/libcheevos.dir/libretro-common/src/libz/compress.c.o
[84/354] Building C object external/libcheevos/CMakeFiles/libcheevos.dir/libretro-common/src/7zip/7zDec.c.o
[85/354] Building C object external/libcheevos/CMakeFiles/libcheevos.dir/libretro-common/src/libz/gzclose.c.o
[86/354] Building C object external/libcheevos/CMakeFiles/libcheevos.dir/libretro-common/src/libz/libz-crc32.c.o
[87/354] Building C object external/libcheevos/CMakeFiles/libcheevos.dir/libretro-common/src/libz/uncompr.c.o
[88/354] Building C object external/libcheevos/CMakeFiles/libcheevos.dir/libretro-common/src/libFLAC/bitmath.c.o
[89/354] Building C object external/libcheevos/CMakeFiles/libcheevos.dir/libretro-common/src/libz/zutil.c.o
[90/354] Building C object external/libcheevos/CMakeFiles/libcheevos.dir/libretro-common/src/7zip/Lzma2Dec.c.o
[91/354] Building C object external/libcheevos/CMakeFiles/libcheevos.dir/libretro-common/src/libz/adler32.c.o
[92/354] Building C object external/libcheevos/CMakeFiles/libcheevos.dir/libretro-common/src/libFLAC/crc.c.o
[93/354] Building C object external/libcheevos/CMakeFiles/libcheevos.dir/libretro-common/src/libz/inftrees.c.o
[94/354] Building C object external/libcheevos/CMakeFiles/libcheevos.dir/libretro-common/src/libFLAC/cpu.c.o
[95/354] Building C object external/libcheevos/CMakeFiles/libcheevos.dir/libretro-common/src/libz/inffast.c.o
[96/354] Building C object external/libcheevos/CMakeFiles/libcheevos.dir/libretro-common/src/cdrom/cdrom.c.o
[97/354] Building C object external/libcheevos/CMakeFiles/libcheevos.dir/libretro-common/src/libFLAC/float.c.o
[98/354] Linking C static library /workspace/repos/rocknix.worktrees/m7-pixelelated-sm8550-01/build.pixelelated-SM8550.aarch64/build/emulationstation-1d76b3da7da75794066df1c089931b890304da7a/libid3v2lib.a
[99/354] Building C object external/libcheevos/CMakeFiles/libcheevos.dir/libretro-common/src/libz/gzlib.c.o
[100/354] Building C object external/libcheevos/CMakeFiles/libcheevos.dir/libretro-common/src/libz/gzwrite.c.o
[101/354] Building C object external/libcheevos/CMakeFiles/libcheevos.dir/libretro-common/src/libFLAC/memory.c.o
[102/354] Building C object external/libcheevos/CMakeFiles/libcheevos.dir/libretro-common/src/libz/gzread.c.o
[103/354] Building C object external/libcheevos/CMakeFiles/libcheevos.dir/libretro-common/src/formats/libchdr/libchdr_chd.c.o
[104/354] Building C object external/libcheevos/CMakeFiles/libcheevos.dir/libretro-common/src/7zip/LzmaDec.c.o
[105/354] Building C object external/libcheevos/CMakeFiles/libcheevos.dir/libretro-common/src/libFLAC/fixed.c.o
[106/354] Building C object external/libcheevos/CMakeFiles/libcheevos.dir/libretro-common/src/libFLAC/format.c.o
[107/354] Building C object external/libcheevos/CMakeFiles/libcheevos.dir/libretro-common/src/libFLAC/bitreader.c.o
[108/354] Building C object external/libcheevos/CMakeFiles/libcheevos.dir/libretro-common/src/7zip/LzFind.c.o
[109/354] Building C object external/libcheevos/CMakeFiles/libcheevos.dir/libretro-common/src/libz/trees.c.o
[110/354] Building C object external/libcheevos/CMakeFiles/libcheevos.dir/libretro-common/src/libFLAC/md5.c.o
[111/354] Building C object external/libcheevos/CMakeFiles/libcheevos.dir/libretro-common/src/7zip/7zArcIn.c.o
[112/354] Building C object external/libcheevos/CMakeFiles/libcheevos.dir/libretro-common/src/libz/deflate.c.o
[113/354] Building C object external/libcheevos/CMakeFiles/libcheevos.dir/libretro-common/src/libz/inflate.c.o
[114/354] Building CXX object es-core/CMakeFiles/es-core.dir/src/CECInput.cpp.o
[115/354] Building C object external/libcheevos/CMakeFiles/libcheevos.dir/libretro-common/src/7zip/LzmaEnc.c.o
[116/354] Building CXX object es-core/CMakeFiles/es-core.dir/src/LocaleES.cpp.o
[117/354] Building C object external/libcheevos/CMakeFiles/libcheevos.dir/libretro-common/src/libFLAC/lpc.c.o
[118/354] Building C object external/libcheevos/CMakeFiles/libcheevos.dir/libretro-common/src/libFLAC/stream_decoder.c.o
[119/354] Building CXX object es-core/CMakeFiles/es-core.dir/src/ThemeVariables.cpp.o
[120/354] Building CXX object external/nanosvg/CMakeFiles/nanosvg.dir/src/nanosvg_impl.cpp.o
[121/354] Building CXX object es-core/CMakeFiles/es-core.dir/src/ImageIO.cpp.o
[122/354] Linking CXX static library /workspace/repos/rocknix.worktrees/m7-pixelelated-sm8550-01/build.pixelelated-SM8550.aarch64/build/emulationstation-1d76b3da7da75794066df1c089931b890304da7a/libnanosvg.a
[123/354] Building CXX object es-core/CMakeFiles/es-core.dir/src/PowerSaver.cpp.o
[124/354] Building CXX object es-core/CMakeFiles/es-core.dir/src/TextToSpeech.cpp.o
[125/354] Building CXX object es-core/CMakeFiles/es-core.dir/src/animations/AnimationController.cpp.o
[126/354] Building C object external/libcheevos/CMakeFiles/libcheevos.dir/libretro-common/src/formats/libchdr/libchdr_flac.c.o
[127/354] Linking CXX static library /workspace/repos/rocknix.worktrees/m7-pixelelated-sm8550-01/build.pixelelated-SM8550.aarch64/build/emulationstation-1d76b3da7da75794066df1c089931b890304da7a/liblibcheevos.a
[128/354] Building CXX object es-core/CMakeFiles/es-core.dir/src/FavoriteMusicManager.cpp.o
[129/354] Building CXX object es-core/CMakeFiles/es-core.dir/src/MultiStateInput.cpp.o
[130/354] Building CXX object es-core/CMakeFiles/es-core.dir/src/Scripting.cpp.o
[131/354] Building CXX object es-core/CMakeFiles/es-core.dir/src/Sound.cpp.o
[132/354] Building CXX object es-core/CMakeFiles/es-core.dir/src/Log.cpp.o
[133/354] Building CXX object es-core/CMakeFiles/es-core.dir/src/VolumeControl.cpp.o
[134/354] Building CXX object es-core/CMakeFiles/es-core.dir/src/InputConfig.cpp.o
[135/354] Building CXX object es-core/CMakeFiles/es-core.dir/src/GunManager.cpp.o
[136/354] Building CXX object es-core/CMakeFiles/es-core.dir/src/HttpReq.cpp.o
[137/354] Building CXX object es-core/CMakeFiles/es-core.dir/src/HelpStyle.cpp.o
[138/354] Building CXX object es-core/CMakeFiles/es-core.dir/src/Paths.cpp.o
[139/354] Building CXX object es-core/CMakeFiles/es-core.dir/src/playlists/AnimatedGifPlaylist.cpp.o
[140/354] Building CXX object es-core/CMakeFiles/es-core.dir/src/MameNames.cpp.o
[141/354] Building CXX object es-core/CMakeFiles/es-core.dir/src/components/IExternalActivity.cpp.o
[142/354] Building CXX object es-core/CMakeFiles/es-core.dir/src/components/AnimatedImageComponent.cpp.o
[143/354] Building CXX object es-core/CMakeFiles/es-core.dir/src/playlists/M3uPlaylist.cpp.o
[144/354] Building CXX object es-core/CMakeFiles/es-core.dir/src/BindingManager.cpp.o
[145/354] Building CXX object es-core/CMakeFiles/es-core.dir/src/components/BusyComponent.cpp.o
[146/354] Building CXX object es-core/CMakeFiles/es-core.dir/src/components/BatteryTextComponent.cpp.o
[147/354] Building CXX object es-core/CMakeFiles/es-core.dir/src/components/PostProcessShaderComponent.cpp.o
[148/354] Building CXX object es-core/CMakeFiles/es-core.dir/src/components/BatteryIndicatorComponent.cpp.o
[149/354] Building CXX object es-core/CMakeFiles/es-core.dir/src/components/NetworkIconComponent.cpp.o
[150/354] Building CXX object es-core/CMakeFiles/es-core.dir/src/AudioManager.cpp.o
[151/354] Building CXX object es-core/CMakeFiles/es-core.dir/src/Splash.cpp.o
[152/354] Building CXX object es-core/CMakeFiles/es-core.dir/src/anim/ThemeStoryboard.cpp.o
[153/354] Building CXX object es-core/CMakeFiles/es-core.dir/src/components/AsyncNotificationComponent.cpp.o
[154/354] Building CXX object es-core/CMakeFiles/es-core.dir/src/anim/StoryboardAnimator.cpp.o
[155/354] Building CXX object es-core/CMakeFiles/es-core.dir/src/components/StackPanelComponent.cpp.o
[156/354] Building CXX object es-core/CMakeFiles/es-core.dir/src/components/BatteryIconComponent.cpp.o
[157/354] Building CXX object es-core/CMakeFiles/es-core.dir/src/InputManager.cpp.o
[158/354] Building CXX object es-core/CMakeFiles/es-core.dir/src/Settings.cpp.o
[159/354] Building CXX object es-core/CMakeFiles/es-core.dir/src/components/VideoPlayerComponent.cpp.o
[160/354] Building CXX object es-core/CMakeFiles/es-core.dir/src/components/ClockComponent.cpp.o
[161/354] Building CXX object es-core/CMakeFiles/es-core.dir/src/components/ScrollableContainer.cpp.o
[162/354] Building CXX object es-core/CMakeFiles/es-core.dir/src/components/ButtonComponent.cpp.o
[163/354] Building CXX object es-core/CMakeFiles/es-core.dir/src/components/DateTimeEditComponent.cpp.o
[164/354] Building CXX object es-core/CMakeFiles/es-core.dir/src/components/SliderComponent.cpp.o
[165/354] Building CXX object es-core/CMakeFiles/es-core.dir/src/components/SwitchComponent.cpp.o
[166/354] Building CXX object es-core/CMakeFiles/es-core.dir/src/components/ComponentGrid.cpp.o
[167/354] Building CXX object es-core/CMakeFiles/es-core.dir/src/components/VolumeInfoComponent.cpp.o
[168/354] Building CXX object es-core/CMakeFiles/es-core.dir/src/components/DateTimeComponent.cpp.o
[169/354] Building CXX object es-core/CMakeFiles/es-core.dir/src/GuiComponent.cpp.o
[170/354] Building CXX object es-core/CMakeFiles/es-core.dir/src/components/ScrollbarComponent.cpp.o
[171/354] Building CXX object es-core/CMakeFiles/es-core.dir/src/components/RectangleComponent.cpp.o
[172/354] Building CXX object es-core/CMakeFiles/es-core.dir/src/components/RatingComponent.cpp.o
[173/354] Building CXX object es-core/CMakeFiles/es-core.dir/src/components/NinePatchComponent.cpp.o
[174/354] Building CXX object es-core/CMakeFiles/es-core.dir/src/components/TextEditComponent.cpp.o
[175/354] Building CXX object es-core/CMakeFiles/es-core.dir/src/math/Misc.cpp.o
[176/354] Building CXX object es-core/CMakeFiles/es-core.dir/src/components/MultiLineMenuEntry.cpp.o
[177/354] Building CXX object es-core/CMakeFiles/es-core.dir/src/Window.cpp.o
[178/354] Building CXX object es-core/CMakeFiles/es-core.dir/src/math/Vector2i.cpp.o
[179/354] Building CXX object es-core/CMakeFiles/es-core.dir/src/components/ControllerActivityComponent.cpp.o
[180/354] Building CXX object es-core/CMakeFiles/es-core.dir/src/math/Vector2f.cpp.o
[181/354] Building CXX object es-core/CMakeFiles/es-core.dir/src/renderers/Renderer_GL21.cpp.o
[182/354] Building CXX object es-core/CMakeFiles/es-core.dir/src/math/Transform4x4f.cpp.o
[183/354] Building CXX object es-core/CMakeFiles/es-core.dir/src/components/HelpComponent.cpp.o
[184/354] Building CXX object es-core/CMakeFiles/es-core.dir/src/renderers/Renderer_GLES10.cpp.o
[185/354] Building CXX object es-core/CMakeFiles/es-core.dir/src/math/Vector3f.cpp.o
[186/354] Building CXX object es-core/CMakeFiles/es-core.dir/src/components/WebImageComponent.cpp.o
[187/354] Building CXX object es-core/CMakeFiles/es-core.dir/src/math/Vector4f.cpp.o
[188/354] Building CXX object es-core/CMakeFiles/es-core.dir/src/guis/GuiInfoPopup.cpp.o
[189/354] Building CXX object es-core/CMakeFiles/es-core.dir/src/components/ComponentTab.cpp.o
[190/354] Building CXX object es-core/CMakeFiles/es-core.dir/src/components/ComponentList.cpp.o
[191/354] Building CXX object es-core/CMakeFiles/es-core.dir/src/renderers/GlExtensions.cpp.o
[192/354] Building CXX object es-core/CMakeFiles/es-core.dir/src/components/VideoVlcComponent.cpp.o
[193/354] Building CXX object es-core/CMakeFiles/es-core.dir/src/components/MenuComponent.cpp.o
[194/354] Building CXX object es-core/CMakeFiles/es-core.dir/src/guis/GuiDetectDevice.cpp.o
[195/354] Building CXX object es-core/CMakeFiles/es-core.dir/src/guis/GuiTextEditPopup.cpp.o
[196/354] Building CXX object es-core/CMakeFiles/es-core.dir/src/components/VideoComponent.cpp.o
[197/354] Building CXX object es-core/CMakeFiles/es-core.dir/src/components/TextComponent.cpp.o
[198/354] Building CXX object es-core/CMakeFiles/es-core.dir/src/guis/GuiMsgBox.cpp.o
[199/354] Building CXX object es-core/CMakeFiles/es-core.dir/src/utils/StringListLock.cpp.o
[200/354] Building CXX object es-core/CMakeFiles/es-core.dir/src/utils/TimeText.cpp.o
[201/354] Building CXX object es-core/CMakeFiles/es-core.dir/src/utils/OfflineProxyUrl.cpp.o
[202/354] Building CXX object es-core/CMakeFiles/es-core.dir/src/renderers/Shader.cpp.o
[203/354] Building CXX object es-core/CMakeFiles/es-core.dir/src/resources/ResourceManager.cpp.o
[204/354] Building CXX object es-core/CMakeFiles/es-core.dir/src/components/ImageComponent.cpp.o
[205/354] Building CXX object es-core/CMakeFiles/es-core.dir/src/utils/md5.cpp.o
[206/354] Building CXX object es-core/CMakeFiles/es-core.dir/src/utils/TimeUtil.cpp.o
[207/354] Building CXX object es-core/CMakeFiles/es-core.dir/src/components/GridTileComponent.cpp.o
[208/354] Building CXX object es-core/CMakeFiles/es-core.dir/src/resources/TextureResource.cpp.o
[209/354] Building C object external/id3v2lib/test/CMakeFiles/main_test.dir/assertion_utils.c.o
[210/354] Building C object external/id3v2lib/test/CMakeFiles/main_test.dir/compat_test.c.o
[211/354] Building C object external/id3v2lib/test/CMakeFiles/main_test.dir/delete_test.c.o
[212/354] Building C object external/id3v2lib/test/CMakeFiles/main_test.dir/main_test.c.o
[213/354] Building C object external/id3v2lib/test/CMakeFiles/main_test.dir/get_test.c.o
[214/354] Building C object external/id3v2lib/test/CMakeFiles/main_test.dir/set_test.c.o
[215/354] Building CXX object es-core/CMakeFiles/es-core.dir/src/watchers/BatteryLevelWatcher.cpp.o
[216/354] Building CXX object es-core/CMakeFiles/es-core.dir/src/watchers/WatchersManager.cpp.o
[217/354] Building CXX object es-core/CMakeFiles/es-core.dir/src/watchers/NetworkStateWatcher.cpp.o
[218/354] Building C object external/id3v2lib/test/CMakeFiles/main_test.dir/test_utils.c.o
[219/354] Building CXX object es-core/CMakeFiles/es-core.dir/src/utils/Randomizer.cpp.o
[220/354] Building CXX object es-core/CMakeFiles/es-core.dir/src/utils/AtomicFileUtil.cpp.o
[221/354] Building CXX object es-core/CMakeFiles/es-core.dir/src/utils/HtmlColor.cpp.o
[222/354] Building CXX object es-core/CMakeFiles/es-core.dir/src/renderers/Renderer.cpp.o
[223/354] Building CXX object es-core/CMakeFiles/es-core.dir/src/utils/ThreadPool.cpp.o
[224/354] Building CXX object es-core/CMakeFiles/es-core.dir/src/resources/TextureDataManager.cpp.o
[225/354] Building CXX object es-core/CMakeFiles/es-core.dir/src/resources/TextureData.cpp.o
[226/354] Building CXX object es-app/CMakeFiles/emulationstation.dir/src/FileTag.cpp.o
[227/354] Building CXX object es-core/CMakeFiles/es-core.dir/src/components/CarouselComponent.cpp.o
[228/354] Building CXX object es-core/CMakeFiles/es-core.dir/src/SystemConf.cpp.o
[229/354] Building CXX object es-core/CMakeFiles/es-core.dir/src/guis/GuiInputConfig.cpp.o
[230/354] Building CXX object es-core/CMakeFiles/es-core.dir/src/guis/GuiTextEditPopupKeyboard.cpp.o
[231/354] Building CXX object es-core/CMakeFiles/es-core.dir/src/utils/Platform.cpp.o
[232/354] Building CXX object es-app/CMakeFiles/emulationstation.dir/src/FileSorts.cpp.o
[233/354] Building CXX object es-core/CMakeFiles/es-core.dir/src/utils/StringUtil.cpp.o
[234/354] Building CXX object es-app/CMakeFiles/emulationstation.dir/src/PlatformId.cpp.o
[235/354] Building CXX object es-app/CMakeFiles/emulationstation.dir/src/ThreadedBluetooth.cpp.o
[236/354] Building CXX object es-core/CMakeFiles/es-core.dir/src/resources/Font.cpp.o
[237/354] Building CXX object es-app/CMakeFiles/emulationstation.dir/src/SaveStateJobQueue.cpp.o
[238/354] Building CXX object es-app/CMakeFiles/emulationstation.dir/src/CheevosRetry.cpp.o
[239/354] Building CXX object es-app/CMakeFiles/emulationstation.dir/src/ContentInstaller.cpp.o
[240/354] Building CXX object es-app/CMakeFiles/emulationstation.dir/src/CheevosIndex.cpp.o
[241/354] Building CXX object es-core/CMakeFiles/es-core.dir/src/utils/FileSystemUtil.cpp.o
[242/354] Building CXX object es-core/CMakeFiles/es-core.dir/src/ThemeData.cpp.o
[243/354] Building CXX object es-app/CMakeFiles/emulationstation.dir/src/SaveStateBookkeeper.cpp.o
[244/354] Building CXX object es-app/CMakeFiles/emulationstation.dir/src/Genres.cpp.o
[245/354] Building CXX object es-app/CMakeFiles/emulationstation.dir/src/NetworkThread.cpp.o
[246/354] Building CXX object es-app/CMakeFiles/emulationstation.dir/src/WifiText.cpp.o
[247/354] Building CXX object es-app/CMakeFiles/emulationstation.dir/src/CloudOffer.cpp.o
[248/354] Building CXX object es-app/CMakeFiles/emulationstation.dir/src/main.cpp.o
[249/354] Building CXX object es-app/CMakeFiles/emulationstation.dir/src/CloudFolderValidation.cpp.o
[250/354] Building CXX object es-app/CMakeFiles/emulationstation.dir/src/ThreadedCloudSync.cpp.o
[251/354] Building CXX object es-app/CMakeFiles/emulationstation.dir/src/MetaData.cpp.o
[252/354] Building CXX object es-app/CMakeFiles/emulationstation.dir/src/ThreadedHasher.cpp.o
[253/354] Building CXX object es-app/CMakeFiles/emulationstation.dir/src/OfflineAchievements.cpp.o
[254/354] Building CXX object es-app/CMakeFiles/emulationstation.dir/src/OfflineScanJob.cpp.o
[255/354] Building CXX object es-app/CMakeFiles/emulationstation.dir/src/FileFilterIndex.cpp.o
[256/354] Building CXX object es-core/CMakeFiles/es-core.dir/src/renderers/Renderer_GLES30.cpp.o
[257/354] Building CXX object es-core/CMakeFiles/es-core.dir/src/utils/ZipFile.cpp.o
[258/354] Building CXX object es-app/CMakeFiles/emulationstation.dir/src/Gamelist.cpp.o
[259/354] Building CXX object es-app/CMakeFiles/emulationstation.dir/src/scrapers/ThreadedScraper.cpp.o
[260/354] Building CXX object es-app/CMakeFiles/emulationstation.dir/src/OfflineAchievementsText.cpp.o
[261/354] Building CXX object es-core/CMakeFiles/es-core.dir/src/utils/MathExpr.cpp.o
[262/354] Building CXX object es-app/CMakeFiles/emulationstation.dir/src/SystemScreenSaver.cpp.o
[263/354] Building CXX object es-app/CMakeFiles/emulationstation.dir/src/SystemRandomPlaylist.cpp.o
[264/354] Building CXX object es-app/CMakeFiles/emulationstation.dir/src/CloudText.cpp.o
[265/354] Building CXX object es-app/CMakeFiles/emulationstation.dir/src/ProxyCards.cpp.o
[266/354] Building CXX object es-app/CMakeFiles/emulationstation.dir/src/CloudTransferJob.cpp.o
[267/354] Building CXX object es-app/CMakeFiles/emulationstation.dir/src/CollectionSystemManager.cpp.o
[268/354] Building CXX object es-app/CMakeFiles/emulationstation.dir/src/LangParser.cpp.o
[269/354] Building CXX object es-app/CMakeFiles/emulationstation.dir/src/SaveStateRepository.cpp.o
[270/354] Building CXX object es-app/CMakeFiles/emulationstation.dir/src/guis/GuiGameScraper.cpp.o
[271/354] Building CXX object es-app/CMakeFiles/emulationstation.dir/src/SaveState.cpp.o
[272/354] Linking CXX static library /workspace/repos/rocknix.worktrees/m7-pixelelated-sm8550-01/build.pixelelated-SM8550.aarch64/build/emulationstation-1d76b3da7da75794066df1c089931b890304da7a/libes-core.a
[273/354] Building CXX object es-app/CMakeFiles/emulationstation.dir/src/KeyboardMapping.cpp.o
[274/354] Building CXX object es-app/CMakeFiles/emulationstation.dir/src/services/HttpApi.cpp.o
[275/354] Building CXX object es-app/CMakeFiles/emulationstation.dir/src/guis/GuiBackup.cpp.o
[276/354] Building CXX object es-app/CMakeFiles/emulationstation.dir/src/CustomFeatures.cpp.o
[277/354] Building CXX object es-app/CMakeFiles/emulationstation.dir/src/guis/GuiUpdate.cpp.o
[278/354] Building CXX object es-app/CMakeFiles/emulationstation.dir/src/CaptureRotationText.cpp.o
[279/354] Building CXX object es-app/CMakeFiles/emulationstation.dir/src/FileData.cpp.o
[280/354] Building CXX object es-app/CMakeFiles/emulationstation.dir/src/components/ScraperSearchComponent.cpp.o
[281/354] Building CXX object es-app/CMakeFiles/emulationstation.dir/src/DisplayAspectText.cpp.o
[282/354] Building CXX object es-app/CMakeFiles/emulationstation.dir/src/guis/GuiGameOptions.cpp.o
[283/354] Building CXX object es-app/CMakeFiles/emulationstation.dir/src/RetroAchievements.cpp.o
[284/354] Building CXX object es-app/CMakeFiles/emulationstation.dir/src/guis/GuiOfflineScan.cpp.o
[285/354] Building CXX object es-app/CMakeFiles/emulationstation.dir/src/guis/GuiInstallStart.cpp.o
[286/354] Building CXX object es-app/CMakeFiles/emulationstation.dir/src/CaptureRotation.cpp.o
[287/354] Building CXX object es-app/CMakeFiles/emulationstation.dir/src/guis/GuiSettings.cpp.o
[288/354] Building CXX object es-app/CMakeFiles/emulationstation.dir/src/guis/GuiGeneralScreensaverOptions.cpp.o
[289/354] Building CXX object es-app/CMakeFiles/emulationstation.dir/src/SaveStateConfigFile.cpp.o
[290/354] Building CXX object es-app/CMakeFiles/emulationstation.dir/src/guis/GuiBackupStart.cpp.o
[291/354] Building CXX object es-app/CMakeFiles/emulationstation.dir/src/guis/GuiInstall.cpp.o
[292/354] Building CXX object es-app/CMakeFiles/emulationstation.dir/src/DisplayAspect.cpp.o
[293/354] Building CXX object es-app/CMakeFiles/emulationstation.dir/src/guis/GuiCloudTransfer.cpp.o
[294/354] Building CXX object es-app/CMakeFiles/emulationstation.dir/src/SystemData.cpp.o
[295/354] Building CXX object es-app/CMakeFiles/emulationstation.dir/src/guis/GuiSystemInformation.cpp.o
[296/354] Building CXX object es-app/CMakeFiles/emulationstation.dir/src/guis/GuiGamelistFilter.cpp.o
[297/354] Building CXX object es-app/CMakeFiles/emulationstation.dir/src/guis/GuiHashStart.cpp.o
[298/354] Building CXX object es-app/CMakeFiles/emulationstation.dir/src/guis/GuiScraperRun.cpp.o
[299/354] Building CXX object es-app/CMakeFiles/emulationstation.dir/src/guis/GuiGamelistOptions.cpp.o
[300/354] Building CXX object es-app/CMakeFiles/emulationstation.dir/src/guis/GuiMetaDataEd.cpp.o
[301/354] Building CXX object es-app/CMakeFiles/emulationstation.dir/src/guis/GuiBluetoothDevices.cpp.o
[302/354] Building CXX object es-app/CMakeFiles/emulationstation.dir/src/guis/GuiBluetoothDeviceOptions.cpp.o
[303/354] Building CXX object es-app/CMakeFiles/emulationstation.dir/src/guis/GuiBluetoothPair.cpp.o
[304/354] Building CXX object es-app/CMakeFiles/emulationstation.dir/src/guis/GuiBezelInstaller.cpp.o
[305/354] Building CXX object es-app/CMakeFiles/emulationstation.dir/src/guis/GuiThemeInstaller.cpp.o
[306/354] Building CXX object es-app/CMakeFiles/emulationstation.dir/src/guis/GuiKeyboardLayout.cpp.o
[307/354] Building CXX object es-app/CMakeFiles/emulationstation.dir/src/scrapers/GamesDBJSONScraper.cpp.o
[308/354] Building CXX object es-app/CMakeFiles/emulationstation.dir/src/guis/GuiCollectionSystemsOptions.cpp.o
[309/354] Building CXX object es-app/CMakeFiles/emulationstation.dir/src/scrapers/HfsDBScraper.cpp.o
[310/354] Building CXX object es-app/CMakeFiles/emulationstation.dir/src/guis/GuiRetroAchievements.cpp.o
[311/354] Building CXX object es-app/CMakeFiles/emulationstation.dir/src/scrapers/GamesDBJSONScraperResources.cpp.o
[312/354] Building CXX object es-app/CMakeFiles/emulationstation.dir/src/guis/GuiFileBrowser.cpp.o
[313/354] Building CXX object es-app/CMakeFiles/emulationstation.dir/src/guis/GuiScraperStart.cpp.o
[314/354] Building CXX object es-app/CMakeFiles/emulationstation.dir/src/guis/GuiRetroAchievementsSettings.cpp.o
[315/354] Building CXX object es-app/CMakeFiles/emulationstation.dir/src/guis/GuiFavoriteMusicSelector.cpp.o
[316/354] Building CXX object es-app/CMakeFiles/emulationstation.dir/src/guis/GuiNetPlaySettings.cpp.o
[317/354] Building CXX object es-app/CMakeFiles/emulationstation.dir/src/guis/GuiMoonlight.cpp.o
[318/354] Building CXX object es-app/CMakeFiles/emulationstation.dir/src/guis/GuiAnalogSticksLedControls.cpp.o
[319/354] Building CXX object es-app/CMakeFiles/emulationstation.dir/src/guis/GuiGameAchievements.cpp.o
[320/354] Building CXX object es-app/CMakeFiles/emulationstation.dir/src/guis/GuiWifi.cpp.o
[321/354] Building CXX object es-app/CMakeFiles/emulationstation.dir/src/views/gamelist/IGameListView.cpp.o
[322/354] Building CXX object es-app/CMakeFiles/emulationstation.dir/src/guis/GuiBatoceraStore.cpp.o
[323/354] Building CXX object es-app/CMakeFiles/emulationstation.dir/src/guis/GuiBios.cpp.o
[324/354] Building CXX object es-app/CMakeFiles/emulationstation.dir/src/guis/GuiImageViewer.cpp.o
[325/354] Building CXX object es-app/CMakeFiles/emulationstation.dir/src/guis/GuiKeyboardtopads.cpp.o
[326/354] Building CXX object es-app/CMakeFiles/emulationstation.dir/src/scrapers/Scraper.cpp.o
[327/354] Building CXX object es-app/CMakeFiles/emulationstation.dir/src/Win32ApiSystem.cpp.o
[328/354] Running utility command for checkgamesdb
[329/354] Linking C executable /workspace/repos/rocknix.worktrees/m7-pixelelated-sm8550-01/build.pixelelated-SM8550.aarch64/build/emulationstation-1d76b3da7da75794066df1c089931b890304da7a/main_test
[330/354] Building CXX object es-app/CMakeFiles/emulationstation.dir/src/views/gamelist/CarouselGameListView.cpp.o
[331/354] Building CXX object es-app/CMakeFiles/emulationstation.dir/src/guis/GuiSaveState.cpp.o
[332/354] Building CXX object es-app/CMakeFiles/emulationstation.dir/src/scrapers/ArcadeDBJSONScraper.cpp.o
[333/354] Building CXX object es-app/CMakeFiles/emulationstation.dir/src/LibretroRatio.cpp.o
[334/354] Building CXX object es-app/CMakeFiles/emulationstation.dir/src/guis/GuiNetPlay.cpp.o
[335/354] Building CXX object es-app/CMakeFiles/emulationstation.dir/src/ZaparooSupport.cpp.o
[336/354] Building CXX object es-app/CMakeFiles/emulationstation.dir/src/guis/GuiKeyMappingEditor.cpp.o
[337/354] Building CXX object es-app/CMakeFiles/emulationstation.dir/src/views/gamelist/DetailedGameListView.cpp.o
[338/354] Building CXX object es-app/CMakeFiles/emulationstation.dir/src/views/UIModeController.cpp.o
[339/354] Building CXX object es-app/CMakeFiles/emulationstation.dir/src/views/gamelist/GameNameFormatter.cpp.o
[340/354] Building CXX object es-app/CMakeFiles/emulationstation.dir/src/services/HttpServerThread.cpp.o
[341/354] Building CXX object es-app/CMakeFiles/emulationstation.dir/src/scrapers/IGDBScraper.cpp.o
[342/354] Building CXX object es-app/CMakeFiles/emulationstation.dir/src/views/gamelist/VideoGameListView.cpp.o
[343/354] Building CXX object es-app/CMakeFiles/emulationstation.dir/src/views/gamelist/BasicGameListView.cpp.o
[344/354] Building CXX object es-app/CMakeFiles/emulationstation.dir/src/views/gamelist/ISimpleGameListView.cpp.o
[345/354] Building CXX object es-app/CMakeFiles/emulationstation.dir/src/guis/GuiControllersSettings.cpp.o
[346/354] Running utility command for i18n
/workspace/repos/rocknix.worktrees/m7-pixelelated-sm8550-01/build.pixelelated-SM8550.aarch64/build/emulationstation-1d76b3da7da75794066df1c089931b890304da7a/es-app/src/RetroAchievements.cpp:1027: warning: Message contains an embedded URL.  Better move it out of the translatable string, see https://www.gnu.org/software/gettext/manual/html_node/No-embedded-URLs.html
....................................................................................................................................................................................................................................................................................................................................................................................................................................................................................... done.
ar
................................................................................................................................................................................................................................................................................................................................................................................................................................................................ done.
ca
........................................................................................................................................................................................................................................................................................................................................... done.
cs_CZ
................................................................................................................................................................................................................................................................................................................................................................................................................................................... done.
cy_GB
.................................................................................................................................................................................................................................................................................................................................................................................................................................................................. done.
de
........................................................................................................................................................................................................................................................................................................................................................................................................................................................................................ done.
el
........................................................................................................................................................................................................................................................................................................................................................................................................................... done.
en_GB
................................................................................................................................................................................................................................................................................................................................................................................................................................................................................................................ done.
es
...................................................................................................................................................................................................................................................................................................................................................................................................................................................................... done.
es_MX
................................................................................................................................................................................................................................................................................................................................................................................................................................................................................................... done.
eu_ES
............................................................................................................................................................................................................................................................................................................................................................................................................................................ done.
fi_FI
................................................................................................................................................................................................................................................................................................................................................................................................................................................................................................................. done.
fr
........................................................................................................................................................................................................................................................................................................................................................................................................................ done.
gl_ES
.............................................................................................................................................................................................................................................................................................................................................................................................................................................................................................................. done.
he
....................................................................................................................................................................................................................................................................................................................................................................................................................................................................... done.
hu
......................................................................................................................................................................................................................................................................................................................................... done.
id_ID
................................................................................................................................................................................................................................................................................................................................................... done.
it
........................................................................................................................................................................................................................................................................................................................................................................................................ done.
ja_JP
................................................................................................................................................................................................................................................................................................................................................................................................................................. done.
ko
...................................................................................................................................................................................................................................................................................................................................................................................................................... done.
nb_NO
........................................................................................................................................................................................................................................................................................................................................................................................................................................... done.
nl
................................................................................................................................................................................................................................................................................................................................................................................................................... done.
nn_NO
.................................................................................................................................................................................................................................................................................................................................................................................................................................... done.
oc_FR
......................................................................................................................................................................................................................................................................................................................................................................................................... done.
pl
......................................................................................................................................................................................................................................................................................................................................................................................................................................... done.
pt_BR
.......................................................................................................................................................................................................................................................................................................................... done.
pt_PT
....................................................................................................................................................................................................................................................................................................................................................................................................................... done.
ro_RO
..................................................................................................................................................................................................................................................................................................................................................................................... done.
ru_RU
..................................................................................................................................................................................................................................................................................................................................................................................... done.
sk_SK
............................................................................................................................................................................................................................................................................................................................................................................................................. done.
sv_SE
............................................................................................................................................................................................................................................................................................................................................................ done.
tr
...................................................................................................................................................................................................................................................................................................................................................................................................................... done.
uk_UA
........................................................................................................................................................................................................................................................................................................................................................ done.
vi_VN
............................................................................................................................................................................................................................................................................................................................................................................................. done.
zh_CN
........................................................................................................................................................................................................................................................................................................................................................................................................ done.
zh_TW

ar    1234 translated messages, 812 untranslated messages.
ca    1238 translated messages, 808 untranslated messages.
cs_CZ 1093 translated messages, 953 untranslated messages.
cy_GB 582 translated messages, 1464 untranslated messages.
de    1238 translated messages, 808 untranslated messages.
el    861 translated messages, 1185 untranslated messages.
en_GB 1049 translated messages, 997 untranslated messages.
es    1217 translated messages, 829 untranslated messages.
es_MX 988 translated messages, 1058 untranslated messages.
eu_ES 990 translated messages, 1056 untranslated messages.
fi_FI 757 translated messages, 1 fuzzy translation, 1288 untranslated messages.
fr    2044 translated messages, 2 untranslated messages.
gl_ES 1234 translated messages, 812 untranslated messages.
he    626 translated messages, 1420 untranslated messages.
hu    1210 translated messages, 836 untranslated messages.
id_ID 1238 translated messages, 808 untranslated messages.
it    1238 translated messages, 808 untranslated messages.
ja_JP 1234 translated messages, 812 untranslated messages.
ko    1234 translated messages, 812 untranslated messages.
nb_NO 1082 translated messages, 964 untranslated messages.
nl    1220 translated messages, 826 untranslated messages.
nn_NO 153 translated messages, 1893 untranslated messages.
oc_FR 381 translated messages, 1665 untranslated messages.
pl    1241 translated messages, 805 untranslated messages.
pt_BR 1234 translated messages, 812 untranslated messages.
pt_PT 1238 translated messages, 808 untranslated messages.
ro_RO 1234 translated messages, 812 untranslated messages.
ru_RU 1239 translated messages, 807 untranslated messages.
sk_SK 1217 translated messages, 829 untranslated messages.
sv_SE 1238 translated messages, 808 untranslated messages.
tr    1238 translated messages, 808 untranslated messages.
uk_UA 654 translated messages, 1392 untranslated messages.
vi_VN 1082 translated messages, 964 untranslated messages.
zh_CN 1241 translated messages, 805 untranslated messages.
zh_TW 1091 translated messages, 955 untranslated messages.

[347/354] Building CXX object es-app/CMakeFiles/emulationstation.dir/src/views/gamelist/GridGameListView.cpp.o
[348/354] Building CXX object es-app/CMakeFiles/emulationstation.dir/src/scrapers/ScreenScraper.cpp.o
[349/354] Building CXX object es-app/CMakeFiles/emulationstation.dir/src/views/gamelist/DetailedContainer.cpp.o
[350/354] Building CXX object es-app/CMakeFiles/emulationstation.dir/src/views/ViewController.cpp.o
[351/354] Building CXX object es-app/CMakeFiles/emulationstation.dir/src/views/SystemView.cpp.o
[352/354] Building CXX object es-app/CMakeFiles/emulationstation.dir/src/ApiSystem.cpp.o
[353/354] Building CXX object es-app/CMakeFiles/emulationstation.dir/src/guis/GuiMenu.cpp.o
[354/354] Linking CXX executable /workspace/repos/rocknix.worktrees/m7-pixelelated-sm8550-01/build.pixelelated-SM8550.aarch64/build/emulationstation-1d76b3da7da75794066df1c089931b890304da7a/emulationstation
/workspace/repos/rocknix.worktrees/m7-pixelelated-sm8550-01/build.pixelelated-SM8550.aarch64/install_pkg/glibc-2.41/usr/share/i18n/locales//translit_emojis:18: LC_CTYPE: syntax error
/workspace/repos/rocknix.worktrees/m7-pixelelated-sm8550-01/build.pixelelated-SM8550.aarch64/install_pkg/glibc-2.41/usr/share/i18n/locales//translit_emojis:19: LC_CTYPE: syntax error
/workspace/repos/rocknix.worktrees/m7-pixelelated-sm8550-01/build.pixelelated-SM8550.aarch64/install_pkg/glibc-2.41/usr/share/i18n/locales//translit_emojis:20: LC_CTYPE: syntax error
/workspace/repos/rocknix.worktrees/m7-pixelelated-sm8550-01/build.pixelelated-SM8550.aarch64/install_pkg/glibc-2.41/usr/share/i18n/locales//translit_emojis:21: LC_CTYPE: syntax error
/workspace/repos/rocknix.worktrees/m7-pixelelated-sm8550-01/build.pixelelated-SM8550.aarch64/install_pkg/glibc-2.41/usr/share/i18n/locales//translit_emojis:22: LC_CTYPE: syntax error
/workspace/repos/rocknix.worktrees/m7-pixelelated-sm8550-01/build.pixelelated-SM8550.aarch64/install_pkg/glibc-2.41/usr/share/i18n/locales//translit_emojis:23: LC_CTYPE: syntax error
/workspace/repos/rocknix.worktrees/m7-pixelelated-sm8550-01/build.pixelelated-SM8550.aarch64/install_pkg/glibc-2.41/usr/share/i18n/locales//translit_emojis:24: LC_CTYPE: syntax error
/workspace/repos/rocknix.worktrees/m7-pixelelated-sm8550-01/build.pixelelated-SM8550.aarch64/install_pkg/glibc-2.41/usr/share/i18n/locales//translit_emojis:25: LC_CTYPE: syntax error
/workspace/repos/rocknix.worktrees/m7-pixelelated-sm8550-01/build.pixelelated-SM8550.aarch64/install_pkg/glibc-2.41/usr/share/i18n/locales//translit_emojis:26: LC_CTYPE: syntax error
/workspace/repos/rocknix.worktrees/m7-pixelelated-sm8550-01/build.pixelelated-SM8550.aarch64/install_pkg/glibc-2.41/usr/share/i18n/locales//translit_emojis:27: LC_CTYPE: syntax error
/workspace/repos/rocknix.worktrees/m7-pixelelated-sm8550-01/build.pixelelated-SM8550.aarch64/install_pkg/glibc-2.41/usr/share/i18n/locales//translit_emojis:28: LC_CTYPE: syntax error
/workspace/repos/rocknix.worktrees/m7-pixelelated-sm8550-01/build.pixelelated-SM8550.aarch64/install_pkg/glibc-2.41/usr/share/i18n/locales//translit_emojis:29: LC_CTYPE: syntax error
/workspace/repos/rocknix.worktrees/m7-pixelelated-sm8550-01/build.pixelelated-SM8550.aarch64/install_pkg/glibc-2.41/usr/share/i18n/locales//translit_emojis:30: LC_CTYPE: syntax error
/workspace/repos/rocknix.worktrees/m7-pixelelated-sm8550-01/build.pixelelated-SM8550.aarch64/install_pkg/glibc-2.41/usr/share/i18n/locales//translit_emojis:31: LC_CTYPE: syntax error
/workspace/repos/rocknix.worktrees/m7-pixelelated-sm8550-01/build.pixelelated-SM8550.aarch64/install_pkg/glibc-2.41/usr/share/i18n/locales//translit_emojis:32: LC_CTYPE: syntax error
/workspace/repos/rocknix.worktrees/m7-pixelelated-sm8550-01/build.pixelelated-SM8550.aarch64/install_pkg/glibc-2.41/usr/share/i18n/locales//translit_emojis:33: LC_CTYPE: syntax error
/workspace/repos/rocknix.worktrees/m7-pixelelated-sm8550-01/build.pixelelated-SM8550.aarch64/install_pkg/glibc-2.41/usr/share/i18n/locales//translit_emojis:34: LC_CTYPE: syntax error
/workspace/repos/rocknix.worktrees/m7-pixelelated-sm8550-01/build.pixelelated-SM8550.aarch64/install_pkg/glibc-2.41/usr/share/i18n/locales//translit_emojis:35: LC_CTYPE: syntax error
/workspace/repos/rocknix.worktrees/m7-pixelelated-sm8550-01/build.pixelelated-SM8550.aarch64/install_pkg/glibc-2.41/usr/share/i18n/locales//translit_emojis:36: LC_CTYPE: syntax error
/workspace/repos/rocknix.worktrees/m7-pixelelated-sm8550-01/build.pixelelated-SM8550.aarch64/install_pkg/glibc-2.41/usr/share/i18n/locales//translit_emojis:37: LC_CTYPE: syntax error
/workspace/repos/rocknix.worktrees/m7-pixelelated-sm8550-01/build.pixelelated-SM8550.aarch64/install_pkg/glibc-2.41/usr/share/i18n/locales//translit_emojis:38: LC_CTYPE: syntax error
/workspace/repos/rocknix.worktrees/m7-pixelelated-sm8550-01/build.pixelelated-SM8550.aarch64/install_pkg/glibc-2.41/usr/share/i18n/locales//translit_emojis:39: LC_CTYPE: syntax error
/workspace/repos/rocknix.worktrees/m7-pixelelated-sm8550-01/build.pixelelated-SM8550.aarch64/install_pkg/glibc-2.41/usr/share/i18n/locales//translit_emojis:40: LC_CTYPE: syntax error
/workspace/repos/rocknix.worktrees/m7-pixelelated-sm8550-01/build.pixelelated-SM8550.aarch64/install_pkg/glibc-2.41/usr/share/i18n/locales//translit_emojis:41: LC_CTYPE: syntax error
/workspace/repos/rocknix.worktrees/m7-pixelelated-sm8550-01/build.pixelelated-SM8550.aarch64/install_pkg/glibc-2.41/usr/share/i18n/locales//translit_emojis:42: LC_CTYPE: syntax error
/workspace/repos/rocknix.worktrees/m7-pixelelated-sm8550-01/build.pixelelated-SM8550.aarch64/install_pkg/glibc-2.41/usr/share/i18n/locales//translit_emojis:43: LC_CTYPE: syntax error
/workspace/repos/rocknix.worktrees/m7-pixelelated-sm8550-01/build.pixelelated-SM8550.aarch64/install_pkg/glibc-2.41/usr/share/i18n/locales//translit_emojis:44: LC_CTYPE: syntax error
/workspace/repos/rocknix.worktrees/m7-pixelelated-sm8550-01/build.pixelelated-SM8550.aarch64/install_pkg/glibc-2.41/usr/share/i18n/locales//translit_emojis:45: LC_CTYPE: syntax error
/workspace/repos/rocknix.worktrees/m7-pixelelated-sm8550-01/build.pixelelated-SM8550.aarch64/install_pkg/glibc-2.41/usr/share/i18n/locales//translit_emojis:46: LC_CTYPE: syntax error
/workspace/repos/rocknix.worktrees/m7-pixelelated-sm8550-01/build.pixelelated-SM8550.aarch64/install_pkg/glibc-2.41/usr/share/i18n/locales//translit_emojis:47: LC_CTYPE: syntax error
/workspace/repos/rocknix.worktrees/m7-pixelelated-sm8550-01/build.pixelelated-SM8550.aarch64/install_pkg/glibc-2.41/usr/share/i18n/locales//translit_emojis:48: LC_CTYPE: syntax error
/workspace/repos/rocknix.worktrees/m7-pixelelated-sm8550-01/build.pixelelated-SM8550.aarch64/install_pkg/glibc-2.41/usr/share/i18n/locales//translit_emojis:49: LC_CTYPE: syntax error
/workspace/repos/rocknix.worktrees/m7-pixelelated-sm8550-01/build.pixelelated-SM8550.aarch64/install_pkg/glibc-2.41/usr/share/i18n/locales//translit_emojis:50: LC_CTYPE: syntax error
/workspace/repos/rocknix.worktrees/m7-pixelelated-sm8550-01/build.pixelelated-SM8550.aarch64/install_pkg/glibc-2.41/usr/share/i18n/locales//translit_emojis:51: LC_CTYPE: syntax error
/workspace/repos/rocknix.worktrees/m7-pixelelated-sm8550-01/build.pixelelated-SM8550.aarch64/install_pkg/glibc-2.41/usr/share/i18n/locales//translit_emojis:52: LC_CTYPE: syntax error
/workspace/repos/rocknix.worktrees/m7-pixelelated-sm8550-01/build.pixelelated-SM8550.aarch64/install_pkg/glibc-2.41/usr/share/i18n/locales//translit_emojis:53: LC_CTYPE: syntax error
/workspace/repos/rocknix.worktrees/m7-pixelelated-sm8550-01/build.pixelelated-SM8550.aarch64/install_pkg/glibc-2.41/usr/share/i18n/locales//translit_emojis:54: LC_CTYPE: syntax error
/workspace/repos/rocknix.worktrees/m7-pixelelated-sm8550-01/build.pixelelated-SM8550.aarch64/install_pkg/glibc-2.41/usr/share/i18n/locales//translit_emojis:55: LC_CTYPE: syntax error
/workspace/repos/rocknix.worktrees/m7-pixelelated-sm8550-01/build.pixelelated-SM8550.aarch64/install_pkg/glibc-2.41/usr/share/i18n/locales//translit_emojis:56: LC_CTYPE: syntax error
/workspace/repos/rocknix.worktrees/m7-pixelelated-sm8550-01/build.pixelelated-SM8550.aarch64/install_pkg/glibc-2.41/usr/share/i18n/locales//translit_emojis:57: LC_CTYPE: syntax error
/workspace/repos/rocknix.worktrees/m7-pixelelated-sm8550-01/build.pixelelated-SM8550.aarch64/install_pkg/glibc-2.41/usr/share/i18n/locales//translit_emojis:58: LC_CTYPE: syntax error
/workspace/repos/rocknix.worktrees/m7-pixelelated-sm8550-01/build.pixelelated-SM8550.aarch64/install_pkg/glibc-2.41/usr/share/i18n/locales//translit_emojis:59: LC_CTYPE: syntax error
/workspace/repos/rocknix.worktrees/m7-pixelelated-sm8550-01/build.pixelelated-SM8550.aarch64/install_pkg/glibc-2.41/usr/share/i18n/locales//translit_emojis:60: LC_CTYPE: syntax error
/workspace/repos/rocknix.worktrees/m7-pixelelated-sm8550-01/build.pixelelated-SM8550.aarch64/install_pkg/glibc-2.41/usr/share/i18n/locales//translit_emojis:61: LC_CTYPE: syntax error
/workspace/repos/rocknix.worktrees/m7-pixelelated-sm8550-01/build.pixelelated-SM8550.aarch64/install_pkg/glibc-2.41/usr/share/i18n/locales//translit_emojis:62: LC_CTYPE: syntax error
/workspace/repos/rocknix.worktrees/m7-pixelelated-sm8550-01/build.pixelelated-SM8550.aarch64/install_pkg/glibc-2.41/usr/share/i18n/locales//translit_emojis:63: LC_CTYPE: syntax error
/workspace/repos/rocknix.worktrees/m7-pixelelated-sm8550-01/build.pixelelated-SM8550.aarch64/install_pkg/glibc-2.41/usr/share/i18n/locales//translit_emojis:64: LC_CTYPE: syntax error
/workspace/repos/rocknix.worktrees/m7-pixelelated-sm8550-01/build.pixelelated-SM8550.aarch64/install_pkg/glibc-2.41/usr/share/i18n/locales//translit_emojis:65: LC_CTYPE: syntax error
/workspace/repos/rocknix.worktrees/m7-pixelelated-sm8550-01/build.pixelelated-SM8550.aarch64/install_pkg/glibc-2.41/usr/share/i18n/locales//translit_emojis:66: LC_CTYPE: syntax error
/workspace/repos/rocknix.worktrees/m7-pixelelated-sm8550-01/build.pixelelated-SM8550.aarch64/install_pkg/glibc-2.41/usr/share/i18n/locales//translit_emojis:67: LC_CTYPE: syntax error
/workspace/repos/rocknix.worktrees/m7-pixelelated-sm8550-01/build.pixelelated-SM8550.aarch64/install_pkg/glibc-2.41/usr/share/i18n/locales//translit_emojis:68: LC_CTYPE: syntax error
/workspace/repos/rocknix.worktrees/m7-pixelelated-sm8550-01/build.pixelelated-SM8550.aarch64/install_pkg/glibc-2.41/usr/share/i18n/locales//translit_emojis:69: LC_CTYPE: syntax error
/workspace/repos/rocknix.worktrees/m7-pixelelated-sm8550-01/build.pixelelated-SM8550.aarch64/install_pkg/glibc-2.41/usr/share/i18n/locales//translit_emojis:70: LC_CTYPE: syntax error
/workspace/repos/rocknix.worktrees/m7-pixelelated-sm8550-01/build.pixelelated-SM8550.aarch64/install_pkg/glibc-2.41/usr/share/i18n/locales//translit_emojis:71: LC_CTYPE: syntax error
/workspace/repos/rocknix.worktrees/m7-pixelelated-sm8550-01/build.pixelelated-SM8550.aarch64/install_pkg/glibc-2.41/usr/share/i18n/locales//translit_emojis:72: LC_CTYPE: syntax error
/workspace/repos/rocknix.worktrees/m7-pixelelated-sm8550-01/build.pixelelated-SM8550.aarch64/install_pkg/glibc-2.41/usr/share/i18n/locales//translit_emojis:73: LC_CTYPE: syntax error
/workspace/repos/rocknix.worktrees/m7-pixelelated-sm8550-01/build.pixelelated-SM8550.aarch64/install_pkg/glibc-2.41/usr/share/i18n/locales//translit_emojis:74: LC_CTYPE: syntax error
/workspace/repos/rocknix.worktrees/m7-pixelelated-sm8550-01/build.pixelelated-SM8550.aarch64/install_pkg/glibc-2.41/usr/share/i18n/locales//translit_emojis:75: LC_CTYPE: syntax error
/workspace/repos/rocknix.worktrees/m7-pixelelated-sm8550-01/build.pixelelated-SM8550.aarch64/install_pkg/glibc-2.41/usr/share/i18n/locales//translit_emojis:76: LC_CTYPE: syntax error
/workspace/repos/rocknix.worktrees/m7-pixelelated-sm8550-01/build.pixelelated-SM8550.aarch64/install_pkg/glibc-2.41/usr/share/i18n/locales//translit_emojis:77: LC_CTYPE: syntax error
/workspace/repos/rocknix.worktrees/m7-pixelelated-sm8550-01/build.pixelelated-SM8550.aarch64/install_pkg/glibc-2.41/usr/share/i18n/locales//translit_emojis:78: LC_CTYPE: syntax error
/workspace/repos/rocknix.worktrees/m7-pixelelated-sm8550-01/build.pixelelated-SM8550.aarch64/install_pkg/glibc-2.41/usr/share/i18n/locales//translit_emojis:79: LC_CTYPE: syntax error
/workspace/repos/rocknix.worktrees/m7-pixelelated-sm8550-01/build.pixelelated-SM8550.aarch64/install_pkg/glibc-2.41/usr/share/i18n/locales//translit_emojis:80: LC_CTYPE: syntax error
/workspace/repos/rocknix.worktrees/m7-pixelelated-sm8550-01/build.pixelelated-SM8550.aarch64/install_pkg/glibc-2.41/usr/share/i18n/locales//translit_emojis:81: LC_CTYPE: syntax error
/workspace/repos/rocknix.worktrees/m7-pixelelated-sm8550-01/build.pixelelated-SM8550.aarch64/install_pkg/glibc-2.41/usr/share/i18n/locales//translit_emojis:82: LC_CTYPE: syntax error
/workspace/repos/rocknix.worktrees/m7-pixelelated-sm8550-01/build.pixelelated-SM8550.aarch64/install_pkg/glibc-2.41/usr/share/i18n/locales//translit_emojis:83: LC_CTYPE: syntax error
/workspace/repos/rocknix.worktrees/m7-pixelelated-sm8550-01/build.pixelelated-SM8550.aarch64/install_pkg/glibc-2.41/usr/share/i18n/locales//translit_emojis:84: LC_CTYPE: syntax error
/workspace/repos/rocknix.worktrees/m7-pixelelated-sm8550-01/build.pixelelated-SM8550.aarch64/install_pkg/glibc-2.41/usr/share/i18n/locales//translit_emojis:85: LC_CTYPE: syntax error
/workspace/repos/rocknix.worktrees/m7-pixelelated-sm8550-01/build.pixelelated-SM8550.aarch64/install_pkg/glibc-2.41/usr/share/i18n/locales//translit_emojis:86: LC_CTYPE: syntax error
/workspace/repos/rocknix.worktrees/m7-pixelelated-sm8550-01/build.pixelelated-SM8550.aarch64/install_pkg/glibc-2.41/usr/share/i18n/locales//translit_emojis:87: LC_CTYPE: syntax error
[warning] LC_NAME: field `name_gen' not defined
[verbose] LC_CTYPE: table for class "upper": 1778116460957 bytes
[verbose] LC_CTYPE: table for class "lower": 1872605741491 bytes
[verbose] LC_CTYPE: table for class "alpha": 18446744073709551615 bytes
[verbose] LC_CTYPE: table for class "digit": 18446744073709551615 bytes
[verbose] LC_CTYPE: table for class "xdigit": 18446744073709551615 bytes
[verbose] LC_CTYPE: table for class "space": 18446744073709551615 bytes
[verbose] LC_CTYPE: table for class "print": 18446744073709551615 bytes
[verbose] LC_CTYPE: table for class "graph": 18446744073709551615 bytes
[verbose] LC_CTYPE: table for class "blank": 18446744073709551615 bytes
[verbose] LC_CTYPE: table for class "cntrl": 2259152798221 bytes
[verbose] LC_CTYPE: table for class "punct": 18446744073709551615 bytes
[verbose] LC_CTYPE: table for class "alnum": 2413771620913 bytes
[verbose] LC_CTYPE: table for class "combining": 18446744073709551615 bytes
[verbose] LC_CTYPE: table for class "combining_level3": 18446744073709551615 bytes
[verbose] LC_CTYPE: table for map "toupper": 1 bytes
[verbose] LC_CTYPE: table for map "tolower": 0 bytes
[verbose] LC_CTYPE: table for map "totitle": 0 bytes
[verbose] LC_CTYPE: table for width: 0 bytes
[1;32mINSTALL[0m      emulationstation [1;37m(target)[0m
>>> emulationstation:target seq 661 >>>
[736/737] [DONE] install emulationstation:target
<<< image:target seq 737 <<<
[1;32mINSTALL[0m      image [1;37m(target)[0m
>>> image:target seq 737 >>>
[737/737] [DONE] install image:target

Total Build Time: 00:01:32.785 (wall clock)
Accum Build Time: 00:37:04.986 (24 slots)

Breakdown by status (all slots):

  Status   Usage         ( Pct )  Count  State
  ACTIVE     :05:31.265  (14.9%)  648    busy 
  FAILED     :  :00.000  (00.0%)  0           
  GETPKG     :  :03.423  (00.2%)  1      busy 
  IDLE       :27:10.074  (73.3%)  737         
  LOCKED     :02:30.300  (06.8%)  1372        
  MUTEX      :  :00.000  (00.0%)  0      busy 
  MUTEX/W    :  :00.000  (00.0%)  0      stall
  STALLED    :  :00.000  (00.0%)  0      stall
  UNLOCK     :01:49.924  (04.9%)  1372        
  -------------------------------------
  TOTAL      :37:04.986  ( 100%)  4130 

Peak concurrency: 24 out of 24 slots

0 job slots were held in a "stall" state for 00:00:00.000

Slot usage (time in a "busy" state):     | Concurrency breakdown ("busy"):
                                         |
#Rank  Slot  Usage        ( Pct )        | # of Slots  Usage        ( Pct )
 #01    02     :01:03.527 (02.9%)        |     01        :01:32.342 (04.2%)
 #02    08     :  :23.883 (01.1%)        |     02        :  :35.462 (01.6%)
 #03    22     :  :19.395 (00.9%)        |     03        :  :25.071 (01.1%)
 #04    16     :  :16.718 (00.8%)        |     04        :  :22.653 (01.0%)
 #05    20     :  :15.574 (00.7%)        |     05        :  :20.747 (00.9%)
 #06    12     :  :13.713 (00.6%)        |     06        :  :18.885 (00.8%)
 #07    17     :  :13.294 (00.6%)        |     07        :  :17.282 (00.8%)
 #08    04     :  :13.161 (00.6%)        |     08        :  :15.288 (00.7%)
 #09    15     :  :13.038 (00.6%)        |     09        :  :11.714 (00.5%)
 #10    21     :  :12.239 (00.6%)        |     10        :  :10.843 (00.5%)
 #11    14     :  :11.338 (00.5%)        |     11        :  :10.222 (00.5%)
 #12    19     :  :09.954 (00.4%)        |     12        :  :08.969 (00.4%)
 #13    06     :  :09.906 (00.4%)        |     13        :  :08.250 (00.4%)
 #14    01     :  :09.777 (00.4%)        |     14        :  :07.537 (00.3%)
 #15    11     :  :09.706 (00.4%)        |     15        :  :06.311 (00.3%)
 #16    10     :  :09.458 (00.4%)        |     16        :  :04.762 (00.2%)
 #17    18     :  :09.429 (00.4%)        |     17        :  :03.115 (00.1%)
 #18    13     :  :09.135 (00.4%)        |     18        :  :02.775 (00.1%)
 #19    23     :  :09.106 (00.4%)        |     19        :  :02.499 (00.1%)
 #20    03     :  :08.891 (00.4%)        |     20        :  :02.422 (00.1%)
 #21    07     :  :08.674 (00.4%)        |     21        :  :02.304 (00.1%)
 #22    09     :  :08.619 (00.4%)        |     22        :  :02.051 (00.1%)
 #23    05     :  :08.292 (00.4%)        |     23        :  :01.842 (00.1%)
 #24    24     :  :07.860 (00.4%)        |     24        :  :01.340 (00.1%)
-----------------------------------------+---------------------------------
 TOTALS        :05:34.688 (15.0%)                        :05:34.688 (15.0%)
Successful build, creating image...

Parallel mksquashfs: Using 24 processors
Creating 4.0 filesystem on /workspace/repos/rocknix.worktrees/m7-pixelelated-sm8550-01/target/pixelelated-SM8550.aarch64-0.0.1-from-ROCKNIX.system, block size 1048576.
[/                                                           ]     0/33102   0%[======/                                                     ]  6700/64230  10%[========|                                                   ]  9700/64230  15%[===========================================================-] 64230/64230 100%

Exportable Squashfs 4.0 filesystem, zstd compressed, data block size 1048576
	compressed data, compressed metadata, compressed fragments,
	no xattrs, compressed ids
	duplicates are removed
Filesystem size 1557337.60 Kbytes (1520.84 Mbytes)
	31.91% of uncompressed filesystem size (4880507.31 Kbytes)
Inode table size 482433 bytes (471.13 Kbytes)
	23.40% of uncompressed inode table size (2061522 bytes)
Directory table size 812600 bytes (793.55 Kbytes)
	35.59% of uncompressed directory table size (2283489 bytes)
Number of duplicate files found 3845
Number of inodes 62617
Number of files 57790
Number of fragments 1357
Number of symbolic links 2236
Number of device nodes 0
Number of fifo nodes 0
Number of socket nodes 0
Number of directories 2591
Number of hard-links 258
Number of ids (unique uids + gids) 2
Number of uids 1
	root (0)
Number of gids 2
	root (0)
	unknown (81)
Running /workspace/repos/rocknix.worktrees/m7-pixelelated-sm8550-01/projects/ROCKNIX/bootloader/install
install: building ROCKNIX bootloader for SM8550 (qcom-abl) ...
install: qcom-abl is written into the boot partition at image time
install: skipping generic bootloader installation for qcom-abl
install: ROCKNIX bootloader installation completed for qcom-abl
Running /workspace/repos/rocknix.worktrees/m7-pixelelated-sm8550-01/projects/ROCKNIX/bootloader/release

image: creating sparse file for disk image pixelelated-SM8550.aarch64-0.0.1-from-ROCKNIX.img...
image: creating gpt partition table...
image: creating partitions...
image: creating sparse file for part2...
image: creating filesystem on part2...
image: populating filesystem on part2...
image: merging part2 into disk image...
image: creating sparse file for part1...
image: creating filesystem on part1...
image: creating bootloader configuration... (qcom-abl)
image: copying ROCKNIX ABL...
image: copying files to part1...
image: checking filesystem on part1...
image: merging part1 into disk image...
image: compressing...
image: cleanup...

make[2]: Leaving directory '/workspace/repos/rocknix.worktrees/m7-pixelelated-sm8550-01'
make[1]: Leaving directory '/workspace/repos/rocknix.worktrees/m7-pixelelated-sm8550-01'
warning: $HOME ('/home/max') is not owned by you, falling back to the one defined in the 'passwd' file ('/home/docker')
{"utc": "2026-10-08T21:55:06.084550+00:00", "result": "PASS", "nix_version": "nix (Nix) 2.35.2", "nixpkgs_url": "https://releases.nixos.org/nixpkgs/nixpkgs-26.11pre1086972.7dd199b0e299/nixexprs.tar.xz", "rootfs": "/nix/store/hymgd36hiy3g3pj7pyj6a53q7rbaip3i-fex-dev-rootfs", "toolchain32": "/nix/store/a6b0pssdzris6023aqdgxvpvp3vqp8aw-toolchain_nix_x86_32.txt", "toolchain64": "/nix/store/0y77jl567k50s0mpaz6878rpqdbynfqc-toolchain_nix_x86_64.txt", "files": [{"path": "usr/bin/FEX", "sha256": "8db7af7da12410e129ee894cdd60c1cf678733da6c1824c3792a41f8fae2eb92", "bytes": 4184112, "bits": 64, "machine": 183}, {"path": "usr/share/fex-emu/GuestThunks_32/libEGL-guest.so", "sha256": "59756cd9600378896b8430941e324d2d627f2e2ead5480fe1f7deb740cf6fdb3", "bytes": 8780, "bits": 32, "machine": 3}, {"path": "usr/share/fex-emu/GuestThunks_32/libGL-guest.so", "sha256": "eb307799ca60941c88bc4e844775fef126ecbb6c1013ca63e3419363f9284a06", "bytes": 1627360, "bits": 32, "machine": 3}, {"path": "usr/share/fex-emu/GuestThunks_32/libVDSO-guest.so", "sha256": "48c9e9c20066a5543bb3bc801413942e67b2091c5d6315d84dde62d7be027d49", "bytes": 3352, "bits": 32, "machine": 3}, {"path": "usr/share/fex-emu/GuestThunks_32/libcuda-guest.so", "sha256": "274b05493b160f3bd1580de1c020c4f0b7baf29eef8685ff9e9459b580be1f4f", "bytes": 213464, "bits": 32, "machine": 3}, {"path": "usr/share/fex-emu/GuestThunks_32/libwayland-client-guest.so", "sha256": "de618860e289cda192c27be4276d3f9b8f45b6ece4e957886fef9ff3bc65ebe5", "bytes": 49644, "bits": 32, "machine": 3}, {"path": "usr/share/fex-emu/GuestThunks/libEGL-guest.so", "sha256": "75db32dbb1c036203acca5b80877713be95da41ad63db39da32a1748f9f769ab", "bytes": 10128, "bits": 64, "machine": 62}, {"path": "usr/share/fex-emu/GuestThunks/libGL-guest.so", "sha256": "c61aacff9738b6841f080b61ae87106abeb053ce20cd8519808c660a24633655", "bytes": 1700208, "bits": 64, "machine": 62}, {"path": "usr/share/fex-emu/GuestThunks/libVDSO-guest.so", "sha256": "8b43adf177e0df3cfe48e434b5e716d0c6e08a5aa747a40cc24927f24c5ab2a9", "bytes": 3584, "bits": 64, "machine": 62}, {"path": "usr/share/fex-emu/GuestThunks/libasound-guest.so", "sha256": "9acd7ab6c9d65ce6c8a33ba277a4cca3001d46cba3947c962f3948019446b75a", "bytes": 513376, "bits": 64, "machine": 62}, {"path": "usr/share/fex-emu/GuestThunks/libcuda-guest.so", "sha256": "8c65c1e48803b2b522053f2ee660a546322d9b6ba61457487778dbc1a1fe4cf5", "bytes": 332584, "bits": 64, "machine": 62}, {"path": "usr/share/fex-emu/GuestThunks/libdrm-guest.so", "sha256": "64ab6ca8cadc765447c150a9674cb3326145a5900103d82b40932cc570486a0d", "bytes": 50896, "bits": 64, "machine": 62}, {"path": "usr/share/fex-emu/GuestThunks/libvulkan-guest.so", "sha256": "4e470e11c58a44ccd64626a3b6281aea074e7c6b29e76e6dba3b8beead98da05", "bytes": 549616, "bits": 64, "machine": 62}, {"path": "usr/share/fex-emu/GuestThunks/libwayland-client-guest.so", "sha256": "5c2625fa110235d4a46d8d7fdd7be5495ec2a408b7096ec847ada2d7c8a553c4", "bytes": 45224, "bits": 64, "machine": 62}], "scope": "Complete FEX package: native AArch64 runtime and all installed x86 guest thunks; no native execution claim"}
PASS frozen inputs, host options, container and 24/4 concurrency
PASS SM8550 exact installed helper/default/native/post-update/ES/catalog/identity/ARM output inclusion
BUILT SM8550; installed inclusion passed; independent raw/update acceptance follows
