[next 94b109c279] qa: verify legacy folders and cloud error guidance
 Date: Wed Oct 7 01:27:54 2026 +0000
 1191 files changed, 19017 insertions(+), 52 deletions(-)
 create mode 100644 docs/qa-logs/2026-10-07-pixelelated-replacement-16/build16-ui-publication-03/audit-pre-issue.log
 create mode 100644 docs/qa-logs/2026-10-07-pixelelated-replacement-16/build16-ui-publication-03/changed-paths.json
 create mode 100644 docs/qa-logs/2026-10-07-pixelelated-replacement-16/build16-ui-publication-03/commit.log
 create mode 100644 docs/qa-logs/2026-10-07-pixelelated-replacement-16/build16-ui-publication-03/console.log
 create mode 100644 docs/qa-logs/2026-10-07-pixelelated-replacement-16/build16-ui-publication-03/diff-check.log
 create mode 100644 docs/qa-logs/2026-10-07-pixelelated-replacement-16/build16-ui-publication-03/feature-push.log
 create mode 100644 docs/qa-logs/2026-10-07-pixelelated-replacement-16/build16-ui-publication-03/inner.rc
 create mode 100644 docs/qa-logs/2026-10-07-pixelelated-replacement-16/build16-ui-publication-03/integration.log
 create mode 100644 docs/qa-logs/2026-10-07-pixelelated-replacement-16/build16-ui-publication-03/launcher-pid.json
 create mode 100644 docs/qa-logs/2026-10-07-pixelelated-replacement-16/build16-ui-publication-03/launcher-result.json
 create mode 100644 docs/qa-logs/2026-10-07-pixelelated-replacement-16/build16-ui-publication-03/launcher-start.json
 create mode 100644 docs/qa-logs/2026-10-07-pixelelated-replacement-16/build16-ui-publication-03/launcher-submission.json
 create mode 100644 docs/qa-logs/2026-10-07-pixelelated-replacement-16/build16-ui-publication-03/next-push.log
 create mode 100644 docs/qa-logs/2026-10-07-pixelelated-replacement-16/build16-ui-publication-03/outer.rc
 create mode 100644 docs/qa-logs/2026-10-07-pixelelated-replacement-16/build16-ui-publication-03/owner-verification.json
 create mode 100644 docs/qa-logs/2026-10-07-pixelelated-replacement-16/build16-ui-publication-03/publication.json
 create mode 100644 docs/qa-logs/2026-10-07-pixelelated-replacement-16/build16-ui-publication-03/publish.py
 create mode 100644 docs/qa-logs/2026-10-07-pixelelated-replacement-16/build16-ui-publication-03/register-check.log
 create mode 100644 docs/qa-logs/2026-10-07-pixelelated-replacement-16/build16-ui-publication-03/retention.json
 create mode 100644 docs/qa-logs/2026-10-07-pixelelated-replacement-16/build16-ui-publication-03/rules-check.log
 create mode 100644 docs/qa-logs/2026-10-07-pixelelated-replacement-16/build16-ui-publication-03/run.path
 create mode 100644 docs/qa-logs/2026-10-07-pixelelated-replacement-16/build16-ui-publication-03/seal.json
 create mode 100644 docs/qa-logs/2026-10-07-pixelelated-replacement-16/build16-ui-publication-03/sha256.json
 create mode 100644 docs/qa-logs/2026-10-07-pixelelated-replacement-16/build16-ui-publication-03/tool-wrapper.rc
 create mode 100755 docs/qa-logs/2026-10-07-pixelelated-replacement-16/build16-ui-publication-03/watch-build-submit.py
 create mode 100644 docs/qa-logs/2026-10-07-pixelelated-replacement-16/build16-ui-publication-03/watcher/build.log
 create mode 100644 docs/qa-logs/2026-10-07-pixelelated-replacement-16/build16-ui-publication-03/watcher/build.pid
 create mode 100644 docs/qa-logs/2026-10-07-pixelelated-replacement-16/build16-ui-publication-03/watcher/build.rc
 create mode 100644 docs/qa-logs/2026-10-07-pixelelated-replacement-16/build16-ui-publication-03/watcher/build.status
 create mode 100644 docs/qa-logs/2026-10-07-pixelelated-replacement-16/build16-ui-publication-03/watcher/command.pid
 create mode 100644 docs/qa-logs/2026-10-07-pixelelated-replacement-16/build16-ui-publication-03/watcher/watcher.pid
 create mode 100644 docs/qa-logs/2026-10-07-pixelelated-replacement-16/build16-ui-publication-03/work-log-index.log
 create mode 100644 docs/qa-logs/2026-10-07-pixelelated-replacement-16/interruption-issue-resolution/482-before.json
 create mode 100644 docs/qa-logs/2026-10-07-pixelelated-replacement-16/interruption-issue-resolution/482-body.md
 create mode 100644 docs/qa-logs/2026-10-07-pixelelated-replacement-16/interruption-issue-resolution/482-closed.json
 create mode 100644 docs/qa-logs/2026-10-07-pixelelated-replacement-16/interruption-issue-resolution/486-before.json
 create mode 100644 docs/qa-logs/2026-10-07-pixelelated-replacement-16/interruption-issue-resolution/486-body.md
 create mode 100644 docs/qa-logs/2026-10-07-pixelelated-replacement-16/interruption-issue-resolution/486-closed.json
 create mode 100644 docs/qa-logs/2026-10-07-pixelelated-replacement-16/interruption-issue-resolution/source-and-publication-commands.json
 create mode 100644 docs/qa-logs/2026-10-07-pixelelated-replacement-16/interruption-issue-resolution/verification.json
 create mode 100644 docs/qa-logs/2026-10-07-pixelelated-replacement-16/p4-build16-root-reasons-1280x800-01/artifacts/cloud-ui/01-en_US-legacy-root-content-ticked.png
 create mode 100644 docs/qa-logs/2026-10-07-pixelelated-replacement-16/p4-build16-root-reasons-1280x800-01/artifacts/cloud-ui/01-en_US-legacy-root-hub.png
 create mode 100644 docs/qa-logs/2026-10-07-pixelelated-replacement-16/p4-build16-root-reasons-1280x800-01/artifacts/cloud-ui/01-en_US-legacy-root-menu-before.png
 create mode 100644 docs/qa-logs/2026-10-07-pixelelated-replacement-16/p4-build16-root-reasons-1280x800-01/artifacts/cloud-ui/01-en_US-legacy-root-opening-result.png
 create mode 100644 docs/qa-logs/2026-10-07-pixelelated-replacement-16/p4-build16-root-reasons-1280x800-01/artifacts/cloud-ui/01-en_US-reason-config-hub.png
 create mode 100644 docs/qa-logs/2026-10-07-pixelelated-replacement-16/p4-build16-root-reasons-1280x800-01/artifacts/cloud-ui/01-en_US-reason-config-menu-before.png
 create mode 100644 docs/qa-logs/2026-10-07-pixelelated-replacement-16/p4-build16-root-reasons-1280x800-01/artifacts/cloud-ui/01-en_US-reason-config-opening-result.png
 create mode 100644 docs/qa-logs/2026-10-07-pixelelated-replacement-16/p4-build16-root-reasons-1280x800-01/artifacts/cloud-ui/01-en_US-reason-future-hub.png
 create mode 100644 docs/qa-logs/2026-10-07-pixelelated-replacement-16/p4-build16-root-reasons-1280x800-01/artifacts/cloud-ui/01-en_US-reason-future-menu-before.png
 create mode 100644 docs/qa-logs/2026-10-07-pixelelated-replacement-16/p4-build16-root-reasons-1280x800-01/artifacts/cloud-ui/01-en_US-reason-future-opening-result.png
 create mode 100644 docs/qa-logs/2026-10-07-pixelelated-replacement-16/p4-build16-root-reasons-1280x800-01/artifacts/cloud-ui/01-en_US-reason-malformed-hub.png
 create mode 100644 docs/qa-logs/2026-10-07-pixelelated-replacement-16/p4-build16-root-reasons-1280x800-01/artifacts/cloud-ui/01-en_US-reason-malformed-menu-before.png
 create mode 100644 docs/qa-logs/2026-10-07-pixelelated-replacement-16/p4-build16-root-reasons-1280x800-01/artifacts/cloud-ui/01-en_US-reason-malformed-opening-result.png
 create mode 100644 docs/qa-logs/2026-10-07-pixelelated-replacement-16/p4-build16-root-reasons-1280x800-01/artifacts/cloud-ui/01-en_US-reason-record-hub.png
 create mode 100644 docs/qa-logs/2026-10-07-pixelelated-replacement-16/p4-build16-root-reasons-1280x800-01/artifacts/cloud-ui/01-en_US-reason-record-menu-before.png
 create mode 100644 docs/qa-logs/2026-10-07-pixelelated-replacement-16/p4-build16-root-reasons-1280x800-01/artifacts/cloud-ui/01-en_US-reason-record-opening-result.png
 create mode 100644 docs/qa-logs/2026-10-07-pixelelated-replacement-16/p4-build16-root-reasons-1280x800-01/artifacts/cloud-ui/01-fr_FR-legacy-root-content-ticked.png
 create mode 100644 docs/qa-logs/2026-10-07-pixelelated-replacement-16/p4-build16-root-reasons-1280x800-01/artifacts/cloud-ui/01-fr_FR-legacy-root-hub.png
 create mode 100644 docs/qa-logs/2026-10-07-pixelelated-replacement-16/p4-build16-root-reasons-1280x800-01/artifacts/cloud-ui/01-fr_FR-legacy-root-menu-before.png
 create mode 100644 docs/qa-logs/2026-10-07-pixelelated-replacement-16/p4-build16-root-reasons-1280x800-01/artifacts/cloud-ui/01-fr_FR-legacy-root-opening-result.png
 create mode 100644 docs/qa-logs/2026-10-07-pixelelated-replacement-16/p4-build16-root-reasons-1280x800-01/artifacts/cloud-ui/01-fr_FR-reason-config-hub.png
 create mode 100644 docs/qa-logs/2026-10-07-pixelelated-replacement-16/p4-build16-root-reasons-1280x800-01/artifacts/cloud-ui/01-fr_FR-reason-config-menu-before.png
 create mode 100644 docs/qa-logs/2026-10-07-pixelelated-replacement-16/p4-build16-root-reasons-1280x800-01/artifacts/cloud-ui/01-fr_FR-reason-config-opening-result.png
 create mode 100644 docs/qa-logs/2026-10-07-pixelelated-replacement-16/p4-build16-root-reasons-1280x800-01/artifacts/cloud-ui/01-fr_FR-reason-future-hub.png
 create mode 100644 docs/qa-logs/2026-10-07-pixelelated-replacement-16/p4-build16-root-reasons-1280x800-01/artifacts/cloud-ui/01-fr_FR-reason-future-menu-before.png
 create mode 100644 docs/qa-logs/2026-10-07-pixelelated-replacement-16/p4-build16-root-reasons-1280x800-01/artifacts/cloud-ui/01-fr_FR-reason-future-opening-result.png
 create mode 100644 docs/qa-logs/2026-10-07-pixelelated-replacement-16/p4-build16-root-reasons-1280x800-01/artifacts/cloud-ui/01-fr_FR-reason-malformed-hub.png
 create mode 100644 docs/qa-logs/2026-10-07-pixelelated-replacement-16/p4-build16-root-reasons-1280x800-01/artifacts/cloud-ui/01-fr_FR-reason-malformed-menu-before.png
 create mode 100644 docs/qa-logs/2026-10-07-pixelelated-replacement-16/p4-build16-root-reasons-1280x800-01/artifacts/cloud-ui/01-fr_FR-reason-malformed-opening-result.png
 create mode 100644 docs/qa-logs/2026-10-07-pixelelated-replacement-16/p4-build16-root-reasons-1280x800-01/artifacts/cloud-ui/01-fr_FR-reason-record-hub.png
 create mode 100644 docs/qa-logs/2026-10-07-pixelelated-replacement-16/p4-build16-root-reasons-1280x800-01/artifacts/cloud-ui/01-fr_FR-reason-record-menu-before.png
 create mode 100644 docs/qa-logs/2026-10-07-pixelelated-replacement-16/p4-build16-root-reasons-1280x800-01/artifacts/cloud-ui/01-fr_FR-reason-record-opening-result.png
 create mode 100644 docs/qa-logs/2026-10-07-pixelelated-replacement-16/p4-build16-root-reasons-1280x800-01/artifacts/cloud-ui/02-en_US-legacy-root-content-outcome.png
 create mode 100644 docs/qa-logs/2026-10-07-pixelelated-replacement-16/p4-build16-root-reasons-1280x800-01/artifacts/cloud-ui/02-en_US-legacy-root-main-menu.png
 create mode 100644 docs/qa-logs/2026-10-07-pixelelated-replacement-16/p4-build16-root-reasons-1280x800-01/artifacts/cloud-ui/02-en_US-reason-config-main-menu.png
 create mode 100644 docs/qa-logs/2026-10-07-pixelelated-replacement-16/p4-build16-root-reasons-1280x800-01/artifacts/cloud-ui/02-en_US-reason-future-main-menu.png
 create mode 100644 docs/qa-logs/2026-10-07-pixelelated-replacement-16/p4-build16-root-reasons-1280x800-01/artifacts/cloud-ui/02-en_US-reason-malformed-main-menu.png
 create mode 100644 docs/qa-logs/2026-10-07-pixelelated-replacement-16/p4-build16-root-reasons-1280x800-01/artifacts/cloud-ui/02-en_US-reason-record-main-menu.png
 create mode 100644 docs/qa-logs/2026-10-07-pixelelated-replacement-16/p4-build16-root-reasons-1280x800-01/artifacts/cloud-ui/02-fr_FR-legacy-root-content-outcome.png
 create mode 100644 docs/qa-logs/2026-10-07-pixelelated-replacement-16/p4-build16-root-reasons-1280x800-01/artifacts/cloud-ui/02-fr_FR-legacy-root-main-menu.png
 create mode 100644 docs/qa-logs/2026-10-07-pixelelated-replacement-16/p4-build16-root-reasons-1280x800-01/artifacts/cloud-ui/02-fr_FR-reason-config-main-menu.png
 create mode 100644 docs/qa-logs/2026-10-07-pixelelated-replacement-16/p4-build16-root-reasons-1280x800-01/artifacts/cloud-ui/02-fr_FR-reason-future-main-menu.png
 create mode 100644 docs/qa-logs/2026-10-07-pixelelated-replacement-16/p4-build16-root-reasons-1280x800-01/artifacts/cloud-ui/02-fr_FR-reason-malformed-main-menu.png
 create mode 100644 docs/qa-logs/2026-10-07-pixelelated-replacement-16/p4-build16-root-reasons-1280x800-01/artifacts/cloud-ui/02-fr_FR-reason-record-main-menu.png
 create mode 100644 docs/qa-logs/2026-10-07-pixelelated-replacement-16/p4-build16-root-reasons-1280x800-01/artifacts/cloud-ui/en_US-legacy-root-carousel.log
 create mode 100644 docs/qa-logs/2026-10-07-pixelelated-replacement-16/p4-build16-root-reasons-1280x800-01/artifacts/cloud-ui/en_US-legacy-root-carousel.steps
 create mode 100644 docs/qa-logs/2026-10-07-pixelelated-replacement-16/p4-build16-root-reasons-1280x800-01/artifacts/cloud-ui/en_US-legacy-root-close.log
 create mode 100644 docs/qa-logs/2026-10-07-pixelelated-replacement-16/p4-build16-root-reasons-1280x800-01/artifacts/cloud-ui/en_US-legacy-root-close.steps
 create mode 100644 docs/qa-logs/2026-10-07-pixelelated-replacement-16/p4-build16-root-reasons-1280x800-01/artifacts/cloud-ui/en_US-legacy-root-continue.log
 create mode 100644 docs/qa-logs/2026-10-07-pixelelated-replacement-16/p4-build16-root-reasons-1280x800-01/artifacts/cloud-ui/en_US-legacy-root-continue.steps
 create mode 100644 docs/qa-logs/2026-10-07-pixelelated-replacement-16/p4-build16-root-reasons-1280x800-01/artifacts/cloud-ui/en_US-legacy-root-hub-menu.log
 create mode 100644 docs/qa-logs/2026-10-07-pixelelated-replacement-16/p4-build16-root-reasons-1280x800-01/artifacts/cloud-ui/en_US-legacy-root-hub-menu.steps
 create mode 100644 docs/qa-logs/2026-10-07-pixelelated-replacement-16/p4-build16-root-reasons-1280x800-01/artifacts/cloud-ui/en_US-legacy-root-hub.log
 create mode 100644 docs/qa-logs/2026-10-07-pixelelated-replacement-16/p4-build16-root-reasons-1280x800-01/artifacts/cloud-ui/en_US-legacy-root-hub.steps
 create mode 100644 docs/qa-logs/2026-10-07-pixelelated-replacement-16/p4-build16-root-reasons-1280x800-01/artifacts/cloud-ui/en_US-legacy-root-opening-scan.log
 create mode 100644 docs/qa-logs/2026-10-07-pixelelated-replacement-16/p4-build16-root-reasons-1280x800-01/artifacts/cloud-ui/en_US-legacy-root-opening-scan.steps
 create mode 100644 docs/qa-logs/2026-10-07-pixelelated-replacement-16/p4-build16-root-reasons-1280x800-01/artifacts/cloud-ui/en_US-legacy-root-root.json
 create mode 100644 docs/qa-logs/2026-10-07-pixelelated-replacement-16/p4-build16-root-reasons-1280x800-01/artifacts/cloud-ui/en_US-reason-config-carousel.log
 create mode 100644 docs/qa-logs/2026-10-07-pixelelated-replacement-16/p4-build16-root-reasons-1280x800-01/artifacts/cloud-ui/en_US-reason-config-carousel.steps
 create mode 100644 docs/qa-logs/2026-10-07-pixelelated-replacement-16/p4-build16-root-reasons-1280x800-01/artifacts/cloud-ui/en_US-reason-config-close.log
 create mode 100644 docs/qa-logs/2026-10-07-pixelelated-replacement-16/p4-build16-root-reasons-1280x800-01/artifacts/cloud-ui/en_US-reason-config-close.steps
 create mode 100644 docs/qa-logs/2026-10-07-pixelelated-replacement-16/p4-build16-root-reasons-1280x800-01/artifacts/cloud-ui/en_US-reason-config-hub-menu.log
 create mode 100644 docs/qa-logs/2026-10-07-pixelelated-replacement-16/p4-build16-root-reasons-1280x800-01/artifacts/cloud-ui/en_US-reason-config-hub-menu.steps
 create mode 100644 docs/qa-logs/2026-10-07-pixelelated-replacement-16/p4-build16-root-reasons-1280x800-01/artifacts/cloud-ui/en_US-reason-config-hub.log
 create mode 100644 docs/qa-logs/2026-10-07-pixelelated-replacement-16/p4-build16-root-reasons-1280x800-01/artifacts/cloud-ui/en_US-reason-config-hub.steps
 create mode 100644 docs/qa-logs/2026-10-07-pixelelated-replacement-16/p4-build16-root-reasons-1280x800-01/artifacts/cloud-ui/en_US-reason-config-opening-scan.log
 create mode 100644 docs/qa-logs/2026-10-07-pixelelated-replacement-16/p4-build16-root-reasons-1280x800-01/artifacts/cloud-ui/en_US-reason-config-opening-scan.steps
 create mode 100644 docs/qa-logs/2026-10-07-pixelelated-replacement-16/p4-build16-root-reasons-1280x800-01/artifacts/cloud-ui/en_US-reason-config-reason.json
 create mode 100644 docs/qa-logs/2026-10-07-pixelelated-replacement-16/p4-build16-root-reasons-1280x800-01/artifacts/cloud-ui/en_US-reason-future-carousel.log
 create mode 100644 docs/qa-logs/2026-10-07-pixelelated-replacement-16/p4-build16-root-reasons-1280x800-01/artifacts/cloud-ui/en_US-reason-future-carousel.steps
 create mode 100644 docs/qa-logs/2026-10-07-pixelelated-replacement-16/p4-build16-root-reasons-1280x800-01/artifacts/cloud-ui/en_US-reason-future-close.log
 create mode 100644 docs/qa-logs/2026-10-07-pixelelated-replacement-16/p4-build16-root-reasons-1280x800-01/artifacts/cloud-ui/en_US-reason-future-close.steps
 create mode 100644 docs/qa-logs/2026-10-07-pixelelated-replacement-16/p4-build16-root-reasons-1280x800-01/artifacts/cloud-ui/en_US-reason-future-hub-menu.log
 create mode 100644 docs/qa-logs/2026-10-07-pixelelated-replacement-16/p4-build16-root-reasons-1280x800-01/artifacts/cloud-ui/en_US-reason-future-hub-menu.steps
 create mode 100644 docs/qa-logs/2026-10-07-pixelelated-replacement-16/p4-build16-root-reasons-1280x800-01/artifacts/cloud-ui/en_US-reason-future-hub.log
 create mode 100644 docs/qa-logs/2026-10-07-pixelelated-replacement-16/p4-build16-root-reasons-1280x800-01/artifacts/cloud-ui/en_US-reason-future-hub.steps
 create mode 100644 docs/qa-logs/2026-10-07-pixelelated-replacement-16/p4-build16-root-reasons-1280x800-01/artifacts/cloud-ui/en_US-reason-future-opening-scan.log
 create mode 100644 docs/qa-logs/2026-10-07-pixelelated-replacement-16/p4-build16-root-reasons-1280x800-01/artifacts/cloud-ui/en_US-reason-future-opening-scan.steps
 create mode 100644 docs/qa-logs/2026-10-07-pixelelated-replacement-16/p4-build16-root-reasons-1280x800-01/artifacts/cloud-ui/en_US-reason-future-reason.json
 create mode 100644 docs/qa-logs/2026-10-07-pixelelated-replacement-16/p4-build16-root-reasons-1280x800-01/artifacts/cloud-ui/en_US-reason-malformed-carousel.log
 create mode 100644 docs/qa-logs/2026-10-07-pixelelated-replacement-16/p4-build16-root-reasons-1280x800-01/artifacts/cloud-ui/en_US-reason-malformed-carousel.steps
 create mode 100644 docs/qa-logs/2026-10-07-pixelelated-replacement-16/p4-build16-root-reasons-1280x800-01/artifacts/cloud-ui/en_US-reason-malformed-close.log
 create mode 100644 docs/qa-logs/2026-10-07-pixelelated-replacement-16/p4-build16-root-reasons-1280x800-01/artifacts/cloud-ui/en_US-reason-malformed-close.steps
 create mode 100644 docs/qa-logs/2026-10-07-pixelelated-replacement-16/p4-build16-root-reasons-1280x800-01/artifacts/cloud-ui/en_US-reason-malformed-hub-menu.log
 create mode 100644 docs/qa-logs/2026-10-07-pixelelated-replacement-16/p4-build16-root-reasons-1280x800-01/artifacts/cloud-ui/en_US-reason-malformed-hub-menu.steps
 create mode 100644 docs/qa-logs/2026-10-07-pixelelated-replacement-16/p4-build16-root-reasons-1280x800-01/artifacts/cloud-ui/en_US-reason-malformed-hub.log
 create mode 100644 docs/qa-logs/2026-10-07-pixelelated-replacement-16/p4-build16-root-reasons-1280x800-01/artifacts/cloud-ui/en_US-reason-malformed-hub.steps
 create mode 100644 docs/qa-logs/2026-10-07-pixelelated-replacement-16/p4-build16-root-reasons-1280x800-01/artifacts/cloud-ui/en_US-reason-malformed-opening-scan.log
 create mode 100644 docs/qa-logs/2026-10-07-pixelelated-replacement-16/p4-build16-root-reasons-1280x800-01/artifacts/cloud-ui/en_US-reason-malformed-opening-scan.steps
 create mode 100644 docs/qa-logs/2026-10-07-pixelelated-replacement-16/p4-build16-root-reasons-1280x800-01/artifacts/cloud-ui/en_US-reason-malformed-reason.json
 create mode 100644 docs/qa-logs/2026-10-07-pixelelated-replacement-16/p4-build16-root-reasons-1280x800-01/artifacts/cloud-ui/en_US-reason-record-carousel.log
 create mode 100644 docs/qa-logs/2026-10-07-pixelelated-replacement-16/p4-build16-root-reasons-1280x800-01/artifacts/cloud-ui/en_US-reason-record-carousel.steps
 create mode 100644 docs/qa-logs/2026-10-07-pixelelated-replacement-16/p4-build16-root-reasons-1280x800-01/artifacts/cloud-ui/en_US-reason-record-close.log
 create mode 100644 docs/qa-logs/2026-10-07-pixelelated-replacement-16/p4-build16-root-reasons-1280x800-01/artifacts/cloud-ui/en_US-reason-record-close.steps
 create mode 100644 docs/qa-logs/2026-10-07-pixelelated-replacement-16/p4-build16-root-reasons-1280x800-01/artifacts/cloud-ui/en_US-reason-record-hub-menu.log
 create mode 100644 docs/qa-logs/2026-10-07-pixelelated-replacement-16/p4-build16-root-reasons-1280x800-01/artifacts/cloud-ui/en_US-reason-record-hub-menu.steps
 create mode 100644 docs/qa-logs/2026-10-07-pixelelated-replacement-16/p4-build16-root-reasons-1280x800-01/artifacts/cloud-ui/en_US-reason-record-hub.log
 create mode 100644 docs/qa-logs/2026-10-07-pixelelated-replacement-16/p4-build16-root-reasons-1280x800-01/artifacts/cloud-ui/en_US-reason-record-hub.steps
 create mode 100644 docs/qa-logs/2026-10-07-pixelelated-replacement-16/p4-build16-root-reasons-1280x800-01/artifacts/cloud-ui/en_US-reason-record-opening-scan.log
 create mode 100644 docs/qa-logs/2026-10-07-pixelelated-replacement-16/p4-build16-root-reasons-1280x800-01/artifacts/cloud-ui/en_US-reason-record-opening-scan.steps
 create mode 100644 docs/qa-logs/2026-10-07-pixelelated-replacement-16/p4-build16-root-reasons-1280x800-01/artifacts/cloud-ui/en_US-reason-record-reason.json
 create mode 100644 docs/qa-logs/2026-10-07-pixelelated-replacement-16/p4-build16-root-reasons-1280x800-01/artifacts/cloud-ui/fr_FR-legacy-root-carousel.log
 create mode 100644 docs/qa-logs/2026-10-07-pixelelated-replacement-16/p4-build16-root-reasons-1280x800-01/artifacts/cloud-ui/fr_FR-legacy-root-carousel.steps
 create mode 100644 docs/qa-logs/2026-10-07-pixelelated-replacement-16/p4-build16-root-reasons-1280x800-01/artifacts/cloud-ui/fr_FR-legacy-root-close.log
 create mode 100644 docs/qa-logs/2026-10-07-pixelelated-replacement-16/p4-build16-root-reasons-1280x800-01/artifacts/cloud-ui/fr_FR-legacy-root-close.steps
 create mode 100644 docs/qa-logs/2026-10-07-pixelelated-replacement-16/p4-build16-root-reasons-1280x800-01/artifacts/cloud-ui/fr_FR-legacy-root-continue.log
 create mode 100644 docs/qa-logs/2026-10-07-pixelelated-replacement-16/p4-build16-root-reasons-1280x800-01/artifacts/cloud-ui/fr_FR-legacy-root-continue.steps
 create mode 100644 docs/qa-logs/2026-10-07-pixelelated-replacement-16/p4-build16-root-reasons-1280x800-01/artifacts/cloud-ui/fr_FR-legacy-root-hub-menu.log
 create mode 100644 docs/qa-logs/2026-10-07-pixelelated-replacement-16/p4-build16-root-reasons-1280x800-01/artifacts/cloud-ui/fr_FR-legacy-root-hub-menu.steps
 create mode 100644 docs/qa-logs/2026-10-07-pixelelated-replacement-16/p4-build16-root-reasons-1280x800-01/artifacts/cloud-ui/fr_FR-legacy-root-hub.log
 create mode 100644 docs/qa-logs/2026-10-07-pixelelated-replacement-16/p4-build16-root-reasons-1280x800-01/artifacts/cloud-ui/fr_FR-legacy-root-hub.steps
 create mode 100644 docs/qa-logs/2026-10-07-pixelelated-replacement-16/p4-build16-root-reasons-1280x800-01/artifacts/cloud-ui/fr_FR-legacy-root-opening-scan.log
 create mode 100644 docs/qa-logs/2026-10-07-pixelelated-replacement-16/p4-build16-root-reasons-1280x800-01/artifacts/cloud-ui/fr_FR-legacy-root-opening-scan.steps
 create mode 100644 docs/qa-logs/2026-10-07-pixelelated-replacement-16/p4-build16-root-reasons-1280x800-01/artifacts/cloud-ui/fr_FR-legacy-root-root.json
 create mode 100644 docs/qa-logs/2026-10-07-pixelelated-replacement-16/p4-build16-root-reasons-1280x800-01/artifacts/cloud-ui/fr_FR-reason-config-carousel.log
 create mode 100644 docs/qa-logs/2026-10-07-pixelelated-replacement-16/p4-build16-root-reasons-1280x800-01/artifacts/cloud-ui/fr_FR-reason-config-carousel.steps
 create mode 100644 docs/qa-logs/2026-10-07-pixelelated-replacement-16/p4-build16-root-reasons-1280x800-01/artifacts/cloud-ui/fr_FR-reason-config-close.log
 create mode 100644 docs/qa-logs/2026-10-07-pixelelated-replacement-16/p4-build16-root-reasons-1280x800-01/artifacts/cloud-ui/fr_FR-reason-config-close.steps
 create mode 100644 docs/qa-logs/2026-10-07-pixelelated-replacement-16/p4-build16-root-reasons-1280x800-01/artifacts/cloud-ui/fr_FR-reason-config-hub-menu.log
 create mode 100644 docs/qa-logs/2026-10-07-pixelelated-replacement-16/p4-build16-root-reasons-1280x800-01/artifacts/cloud-ui/fr_FR-reason-config-hub-menu.steps
 create mode 100644 docs/qa-logs/2026-10-07-pixelelated-replacement-16/p4-build16-root-reasons-1280x800-01/artifacts/cloud-ui/fr_FR-reason-config-hub.log
 create mode 100644 docs/qa-logs/2026-10-07-pixelelated-replacement-16/p4-build16-root-reasons-1280x800-01/artifacts/cloud-ui/fr_FR-reason-config-hub.steps
 create mode 100644 docs/qa-logs/2026-10-07-pixelelated-replacement-16/p4-build16-root-reasons-1280x800-01/artifacts/cloud-ui/fr_FR-reason-config-opening-scan.log
 create mode 100644 docs/qa-logs/2026-10-07-pixelelated-replacement-16/p4-build16-root-reasons-1280x800-01/artifacts/cloud-ui/fr_FR-reason-config-opening-scan.steps
 create mode 100644 docs/qa-logs/2026-10-07-pixelelated-replacement-16/p4-build16-root-reasons-1280x800-01/artifacts/cloud-ui/fr_FR-reason-config-reason.json
 create mode 100644 docs/qa-logs/2026-10-07-pixelelated-replacement-16/p4-build16-root-reasons-1280x800-01/artifacts/cloud-ui/fr_FR-reason-future-carousel.log
 create mode 100644 docs/qa-logs/2026-10-07-pixelelated-replacement-16/p4-build16-root-reasons-1280x800-01/artifacts/cloud-ui/fr_FR-reason-future-carousel.steps
 create mode 100644 docs/qa-logs/2026-10-07-pixelelated-replacement-16/p4-build16-root-reasons-1280x800-01/artifacts/cloud-ui/fr_FR-reason-future-close.log
 create mode 100644 docs/qa-logs/2026-10-07-pixelelated-replacement-16/p4-build16-root-reasons-1280x800-01/artifacts/cloud-ui/fr_FR-reason-future-close.steps
 create mode 100644 docs/qa-logs/2026-10-07-pixelelated-replacement-16/p4-build16-root-reasons-1280x800-01/artifacts/cloud-ui/fr_FR-reason-future-hub-menu.log
 create mode 100644 docs/qa-logs/2026-10-07-pixelelated-replacement-16/p4-build16-root-reasons-1280x800-01/artifacts/cloud-ui/fr_FR-reason-future-hub-menu.steps
 create mode 100644 docs/qa-logs/2026-10-07-pixelelated-replacement-16/p4-build16-root-reasons-1280x800-01/artifacts/cloud-ui/fr_FR-reason-future-hub.log
 create mode 100644 docs/qa-logs/2026-10-07-pixelelated-replacement-16/p4-build16-root-reasons-1280x800-01/artifacts/cloud-ui/fr_FR-reason-future-hub.steps
 create mode 100644 docs/qa-logs/2026-10-07-pixelelated-replacement-16/p4-build16-root-reasons-1280x800-01/artifacts/cloud-ui/fr_FR-reason-future-opening-scan.log
 create mode 100644 docs/qa-logs/2026-10-07-pixelelated-replacement-16/p4-build16-root-reasons-1280x800-01/artifacts/cloud-ui/fr_FR-reason-future-opening-scan.steps
 create mode 100644 docs/qa-logs/2026-10-07-pixelelated-replacement-16/p4-build16-root-reasons-1280x800-01/artifacts/cloud-ui/fr_FR-reason-future-reason.json
 create mode 100644 docs/qa-logs/2026-10-07-pixelelated-replacement-16/p4-build16-root-reasons-1280x800-01/artifacts/cloud-ui/fr_FR-reason-malformed-carousel.log
 create mode 100644 docs/qa-logs/2026-10-07-pixelelated-replacement-16/p4-build16-root-reasons-1280x800-01/artifacts/cloud-ui/fr_FR-reason-malformed-carousel.steps
 create mode 100644 docs/qa-logs/2026-10-07-pixelelated-replacement-16/p4-build16-root-reasons-1280x800-01/artifacts/cloud-ui/fr_FR-reason-malformed-close.log
 create mode 100644 docs/qa-logs/2026-10-07-pixelelated-replacement-16/p4-build16-root-reasons-1280x800-01/artifacts/cloud-ui/fr_FR-reason-malformed-close.steps
 create mode 100644 docs/qa-logs/2026-10-07-pixelelated-replacement-16/p4-build16-root-reasons-1280x800-01/artifacts/cloud-ui/fr_FR-reason-malformed-hub-menu.log
 create mode 100644 docs/qa-logs/2026-10-07-pixelelated-replacement-16/p4-build16-root-reasons-1280x800-01/artifacts/cloud-ui/fr_FR-reason-malformed-hub-menu.steps
 create mode 100644 docs/qa-logs/2026-10-07-pixelelated-replacement-16/p4-build16-root-reasons-1280x800-01/artifacts/cloud-ui/fr_FR-reason-malformed-hub.log
 create mode 100644 docs/qa-logs/2026-10-07-pixelelated-replacement-16/p4-build16-root-reasons-1280x800-01/artifacts/cloud-ui/fr_FR-reason-malformed-hub.steps
 create mode 100644 docs/qa-logs/2026-10-07-pixelelated-replacement-16/p4-build16-root-reasons-1280x800-01/artifacts/cloud-ui/fr_FR-reason-malformed-opening-scan.log
 create mode 100644 docs/qa-logs/2026-10-07-pixelelated-replacement-16/p4-build16-root-reasons-1280x800-01/artifacts/cloud-ui/fr_FR-reason-malformed-opening-scan.steps
 create mode 100644 docs/qa-logs/2026-10-07-pixelelated-replacement-16/p4-build16-root-reasons-1280x800-01/artifacts/cloud-ui/fr_FR-reason-malformed-reason.json
 create mode 100644 docs/qa-logs/2026-10-07-pixelelated-replacement-16/p4-build16-root-reasons-1280x800-01/artifacts/cloud-ui/fr_FR-reason-record-carousel.log
 create mode 100644 docs/qa-logs/2026-10-07-pixelelated-replacement-16/p4-build16-root-reasons-1280x800-01/artifacts/cloud-ui/fr_FR-reason-record-carousel.steps
 create mode 100644 docs/qa-logs/2026-10-07-pixelelated-replacement-16/p4-build16-root-reasons-1280x800-01/artifacts/cloud-ui/fr_FR-reason-record-close.log
 create mode 100644 docs/qa-logs/2026-10-07-pixelelated-replacement-16/p4-build16-root-reasons-1280x800-01/artifacts/cloud-ui/fr_FR-reason-record-close.steps
 create mode 100644 docs/qa-logs/2026-10-07-pixelelated-replacement-16/p4-build16-root-reasons-1280x800-01/artifacts/cloud-ui/fr_FR-reason-record-frame-dimensions.json
 create mode 100644 docs/qa-logs/2026-10-07-pixelelated-replacement-16/p4-build16-root-reasons-1280x800-01/artifacts/cloud-ui/fr_FR-reason-record-hub-menu.log
 create mode 100644 docs/qa-logs/2026-10-07-pixelelated-replacement-16/p4-build16-root-reasons-1280x800-01/artifacts/cloud-ui/fr_FR-reason-record-hub-menu.steps
 create mode 100644 docs/qa-logs/2026-10-07-pixelelated-replacement-16/p4-build16-root-reasons-1280x800-01/artifacts/cloud-ui/fr_FR-reason-record-hub.log
 create mode 100644 docs/qa-logs/2026-10-07-pixelelated-replacement-16/p4-build16-root-reasons-1280x800-01/artifacts/cloud-ui/fr_FR-reason-record-hub.steps
 create mode 100644 docs/qa-logs/2026-10-07-pixelelated-replacement-16/p4-build16-root-reasons-1280x800-01/artifacts/cloud-ui/fr_FR-reason-record-opening-scan.log
 create mode 100644 docs/qa-logs/2026-10-07-pixelelated-replacement-16/p4-build16-root-reasons-1280x800-01/artifacts/cloud-ui/fr_FR-reason-record-opening-scan.steps
 create mode 100644 docs/qa-logs/2026-10-07-pixelelated-replacement-16/p4-build16-root-reasons-1280x800-01/artifacts/cloud-ui/fr_FR-reason-record-reason.json
 create mode 100644 docs/qa-logs/2026-10-07-pixelelated-replacement-16/p4-build16-root-reasons-1280x800-01/artifacts/cloud-ui/installed-after.sha256
 create mode 100644 docs/qa-logs/2026-10-07-pixelelated-replacement-16/p4-build16-root-reasons-1280x800-01/artifacts/cloud-ui/installed-before.sha256
 create mode 100644 docs/qa-logs/2026-10-07-pixelelated-replacement-16/p4-build16-root-reasons-1280x800-01/artifacts/cloud-ui/results.json
 create mode 100644 docs/qa-logs/2026-10-07-pixelelated-replacement-16/p4-build16-root-reasons-1280x800-01/artifacts/disk-initial.json
 create mode 100644 docs/qa-logs/2026-10-07-pixelelated-replacement-16/p4-build16-root-reasons-1280x800-01/artifacts/payload-cloud-ui-after.json
 create mode 100644 docs/qa-logs/2026-10-07-pixelelated-replacement-16/p4-build16-root-reasons-1280x800-01/artifacts/payload-cloud-ui-before.json
 create mode 100644 docs/qa-logs/2026-10-07-pixelelated-replacement-16/p4-build16-root-reasons-1280x800-01/artifacts/proxy-identity-cloud-ui-after.json
 create mode 100644 docs/qa-logs/2026-10-07-pixelelated-replacement-16/p4-build16-root-reasons-1280x800-01/artifacts/proxy-identity-cloud-ui-before.json
 create mode 100644 docs/qa-logs/2026-10-07-pixelelated-replacement-16/p4-build16-root-reasons-1280x800-01/artifacts/qemu-argv.txt
 create mode 100644 docs/qa-logs/2026-10-07-pixelelated-replacement-16/p4-build16-root-reasons-1280x800-01/check-payload.py
 create mode 100644 docs/qa-logs/2026-10-07-pixelelated-replacement-16/p4-build16-root-reasons-1280x800-01/cloud-ui-proof.py
 create mode 100644 docs/qa-logs/2026-10-07-pixelelated-replacement-16/p4-build16-root-reasons-1280x800-01/console.log
 create mode 100644 docs/qa-logs/2026-10-07-pixelelated-replacement-16/p4-build16-root-reasons-1280x800-01/guest-cleanup-verification.json
 create mode 100644 docs/qa-logs/2026-10-07-pixelelated-replacement-16/p4-build16-root-reasons-1280x800-01/guest-d.ovmf-vars.fd
 create mode 100644 docs/qa-logs/2026-10-07-pixelelated-replacement-16/p4-build16-root-reasons-1280x800-01/guest.pid
 create mode 100644 docs/qa-logs/2026-10-07-pixelelated-replacement-16/p4-build16-root-reasons-1280x800-01/harness.sha256
 create mode 100644 docs/qa-logs/2026-10-07-pixelelated-replacement-16/p4-build16-root-reasons-1280x800-01/inner.rc
 create mode 100644 docs/qa-logs/2026-10-07-pixelelated-replacement-16/p4-build16-root-reasons-1280x800-01/launcher-pid.json
 create mode 100644 docs/qa-logs/2026-10-07-pixelelated-replacement-16/p4-build16-root-reasons-1280x800-01/launcher-result.json
 create mode 100644 docs/qa-logs/2026-10-07-pixelelated-replacement-16/p4-build16-root-reasons-1280x800-01/launcher-start.json
 create mode 100644 docs/qa-logs/2026-10-07-pixelelated-replacement-16/p4-build16-root-reasons-1280x800-01/launcher-submission.json
 create mode 100644 docs/qa-logs/2026-10-07-pixelelated-replacement-16/p4-build16-root-reasons-1280x800-01/outer.rc
 create mode 100755 docs/qa-logs/2026-10-07-pixelelated-replacement-16/p4-build16-root-reasons-1280x800-01/outer.sh
 create mode 100644 docs/qa-logs/2026-10-07-pixelelated-replacement-16/p4-build16-root-reasons-1280x800-01/owner-verification.json
 create mode 100644 docs/qa-logs/2026-10-07-pixelelated-replacement-16/p4-build16-root-reasons-1280x800-01/provenance.json
 create mode 100644 docs/qa-logs/2026-10-07-pixelelated-replacement-16/p4-build16-root-reasons-1280x800-01/proxy-identity.py
 create mode 100644 docs/qa-logs/2026-10-07-pixelelated-replacement-16/p4-build16-root-reasons-1280x800-01/qa.start
 create mode 100644 docs/qa-logs/2026-10-07-pixelelated-replacement-16/p4-build16-root-reasons-1280x800-01/retention.json
 create mode 100644 docs/qa-logs/2026-10-07-pixelelated-replacement-16/p4-build16-root-reasons-1280x800-01/run.path
 create mode 100755 docs/qa-logs/2026-10-07-pixelelated-replacement-16/p4-build16-root-reasons-1280x800-01/run.sh
 create mode 100644 docs/qa-logs/2026-10-07-pixelelated-replacement-16/p4-build16-root-reasons-1280x800-01/seed.py
 create mode 100644 docs/qa-logs/2026-10-07-pixelelated-replacement-16/p4-build16-root-reasons-1280x800-01/sha256.json
 create mode 100644 docs/qa-logs/2026-10-07-pixelelated-replacement-16/p4-build16-root-reasons-1280x800-01/stop-guest.py
 create mode 100644 docs/qa-logs/2026-10-07-pixelelated-replacement-16/p4-build16-root-reasons-1280x800-01/tool-wrapper.rc
 create mode 100644 docs/qa-logs/2026-10-07-pixelelated-replacement-16/p4-build16-root-reasons-1280x800-01/verify-inputs.py
 create mode 100755 docs/qa-logs/2026-10-07-pixelelated-replacement-16/p4-build16-root-reasons-1280x800-01/watch-build-submit.py
 create mode 100644 docs/qa-logs/2026-10-07-pixelelated-replacement-16/p4-build16-root-reasons-1280x800-01/watcher/build.log
 create mode 100644 docs/qa-logs/2026-10-07-pixelelated-replacement-16/p4-build16-root-reasons-1280x800-01/watcher/build.pid
 create mode 100644 docs/qa-logs/2026-10-07-pixelelated-replacement-16/p4-build16-root-reasons-1280x800-01/watcher/build.rc
 create mode 100644 docs/qa-logs/2026-10-07-pixelelated-replacement-16/p4-build16-root-reasons-1280x800-01/watcher/build.status
 create mode 100644 docs/qa-logs/2026-10-07-pixelelated-replacement-16/p4-build16-root-reasons-1280x800-01/watcher/command.pid
 create mode 100644 docs/qa-logs/2026-10-07-pixelelated-replacement-16/p4-build16-root-reasons-1280x800-01/watcher/watcher.pid
 create mode 100644 docs/qa-logs/2026-10-07-pixelelated-replacement-16/p4-build16-root-reasons-640x480-01/artifacts/cloud-ui/01-en_US-legacy-root-content-ticked.png
 create mode 100644 docs/qa-logs/2026-10-07-pixelelated-replacement-16/p4-build16-root-reasons-640x480-01/artifacts/cloud-ui/01-en_US-legacy-root-hub.png
 create mode 100644 docs/qa-logs/2026-10-07-pixelelated-replacement-16/p4-build16-root-reasons-640x480-01/artifacts/cloud-ui/01-en_US-legacy-root-menu-before.png
 create mode 100644 docs/qa-logs/2026-10-07-pixelelated-replacement-16/p4-build16-root-reasons-640x480-01/artifacts/cloud-ui/01-en_US-legacy-root-opening-result.png
 create mode 100644 docs/qa-logs/2026-10-07-pixelelated-replacement-16/p4-build16-root-reasons-640x480-01/artifacts/cloud-ui/01-en_US-reason-config-hub.png
 create mode 100644 docs/qa-logs/2026-10-07-pixelelated-replacement-16/p4-build16-root-reasons-640x480-01/artifacts/cloud-ui/01-en_US-reason-config-menu-before.png
 create mode 100644 docs/qa-logs/2026-10-07-pixelelated-replacement-16/p4-build16-root-reasons-640x480-01/artifacts/cloud-ui/01-en_US-reason-config-opening-result.png
 create mode 100644 docs/qa-logs/2026-10-07-pixelelated-replacement-16/p4-build16-root-reasons-640x480-01/artifacts/cloud-ui/01-en_US-reason-future-hub.png
 create mode 100644 docs/qa-logs/2026-10-07-pixelelated-replacement-16/p4-build16-root-reasons-640x480-01/artifacts/cloud-ui/01-en_US-reason-future-menu-before.png
 create mode 100644 docs/qa-logs/2026-10-07-pixelelated-replacement-16/p4-build16-root-reasons-640x480-01/artifacts/cloud-ui/01-en_US-reason-future-opening-result.png
 create mode 100644 docs/qa-logs/2026-10-07-pixelelated-replacement-16/p4-build16-root-reasons-640x480-01/artifacts/cloud-ui/01-en_US-reason-malformed-hub.png
 create mode 100644 docs/qa-logs/2026-10-07-pixelelated-replacement-16/p4-build16-root-reasons-640x480-01/artifacts/cloud-ui/01-en_US-reason-malformed-menu-before.png
 create mode 100644 docs/qa-logs/2026-10-07-pixelelated-replacement-16/p4-build16-root-reasons-640x480-01/artifacts/cloud-ui/01-en_US-reason-malformed-opening-result.png
 create mode 100644 docs/qa-logs/2026-10-07-pixelelated-replacement-16/p4-build16-root-reasons-640x480-01/artifacts/cloud-ui/01-en_US-reason-record-hub.png
 create mode 100644 docs/qa-logs/2026-10-07-pixelelated-replacement-16/p4-build16-root-reasons-640x480-01/artifacts/cloud-ui/01-en_US-reason-record-menu-before.png
 create mode 100644 docs/qa-logs/2026-10-07-pixelelated-replacement-16/p4-build16-root-reasons-640x480-01/artifacts/cloud-ui/01-en_US-reason-record-opening-result.png
 create mode 100644 docs/qa-logs/2026-10-07-pixelelated-replacement-16/p4-build16-root-reasons-640x480-01/artifacts/cloud-ui/01-fr_FR-legacy-root-content-ticked.png
 create mode 100644 docs/qa-logs/2026-10-07-pixelelated-replacement-16/p4-build16-root-reasons-640x480-01/artifacts/cloud-ui/01-fr_FR-legacy-root-hub.png
 create mode 100644 docs/qa-logs/2026-10-07-pixelelated-replacement-16/p4-build16-root-reasons-640x480-01/artifacts/cloud-ui/01-fr_FR-legacy-root-menu-before.png
 create mode 100644 docs/qa-logs/2026-10-07-pixelelated-replacement-16/p4-build16-root-reasons-640x480-01/artifacts/cloud-ui/01-fr_FR-legacy-root-opening-result.png
 create mode 100644 docs/qa-logs/2026-10-07-pixelelated-replacement-16/p4-build16-root-reasons-640x480-01/artifacts/cloud-ui/01-fr_FR-reason-config-hub.png
 create mode 100644 docs/qa-logs/2026-10-07-pixelelated-replacement-16/p4-build16-root-reasons-640x480-01/artifacts/cloud-ui/01-fr_FR-reason-config-menu-before.png
 create mode 100644 docs/qa-logs/2026-10-07-pixelelated-replacement-16/p4-build16-root-reasons-640x480-01/artifacts/cloud-ui/01-fr_FR-reason-config-opening-result.png
 create mode 100644 docs/qa-logs/2026-10-07-pixelelated-replacement-16/p4-build16-root-reasons-640x480-01/artifacts/cloud-ui/01-fr_FR-reason-future-hub.png
 create mode 100644 docs/qa-logs/2026-10-07-pixelelated-replacement-16/p4-build16-root-reasons-640x480-01/artifacts/cloud-ui/01-fr_FR-reason-future-menu-before.png
 create mode 100644 docs/qa-logs/2026-10-07-pixelelated-replacement-16/p4-build16-root-reasons-640x480-01/artifacts/cloud-ui/01-fr_FR-reason-future-opening-result.png
 create mode 100644 docs/qa-logs/2026-10-07-pixelelated-replacement-16/p4-build16-root-reasons-640x480-01/artifacts/cloud-ui/01-fr_FR-reason-malformed-hub.png
 create mode 100644 docs/qa-logs/2026-10-07-pixelelated-replacement-16/p4-build16-root-reasons-640x480-01/artifacts/cloud-ui/01-fr_FR-reason-malformed-menu-before.png
 create mode 100644 docs/qa-logs/2026-10-07-pixelelated-replacement-16/p4-build16-root-reasons-640x480-01/artifacts/cloud-ui/01-fr_FR-reason-malformed-opening-result.png
 create mode 100644 docs/qa-logs/2026-10-07-pixelelated-replacement-16/p4-build16-root-reasons-640x480-01/artifacts/cloud-ui/01-fr_FR-reason-record-hub.png
 create mode 100644 docs/qa-logs/2026-10-07-pixelelated-replacement-16/p4-build16-root-reasons-640x480-01/artifacts/cloud-ui/01-fr_FR-reason-record-menu-before.png
 create mode 100644 docs/qa-logs/2026-10-07-pixelelated-replacement-16/p4-build16-root-reasons-640x480-01/artifacts/cloud-ui/01-fr_FR-reason-record-opening-result.png
 create mode 100644 docs/qa-logs/2026-10-07-pixelelated-replacement-16/p4-build16-root-reasons-640x480-01/artifacts/cloud-ui/02-en_US-legacy-root-content-outcome.png
 create mode 100644 docs/qa-logs/2026-10-07-pixelelated-replacement-16/p4-build16-root-reasons-640x480-01/artifacts/cloud-ui/02-en_US-legacy-root-main-menu.png
 create mode 100644 docs/qa-logs/2026-10-07-pixelelated-replacement-16/p4-build16-root-reasons-640x480-01/artifacts/cloud-ui/02-en_US-reason-config-main-menu.png
 create mode 100644 docs/qa-logs/2026-10-07-pixelelated-replacement-16/p4-build16-root-reasons-640x480-01/artifacts/cloud-ui/02-en_US-reason-future-main-menu.png
 create mode 100644 docs/qa-logs/2026-10-07-pixelelated-replacement-16/p4-build16-root-reasons-640x480-01/artifacts/cloud-ui/02-en_US-reason-malformed-main-menu.png
 create mode 100644 docs/qa-logs/2026-10-07-pixelelated-replacement-16/p4-build16-root-reasons-640x480-01/artifacts/cloud-ui/02-en_US-reason-record-main-menu.png
 create mode 100644 docs/qa-logs/2026-10-07-pixelelated-replacement-16/p4-build16-root-reasons-640x480-01/artifacts/cloud-ui/02-fr_FR-legacy-root-content-outcome.png
 create mode 100644 docs/qa-logs/2026-10-07-pixelelated-replacement-16/p4-build16-root-reasons-640x480-01/artifacts/cloud-ui/02-fr_FR-legacy-root-main-menu.png
 create mode 100644 docs/qa-logs/2026-10-07-pixelelated-replacement-16/p4-build16-root-reasons-640x480-01/artifacts/cloud-ui/02-fr_FR-reason-config-main-menu.png
 create mode 100644 docs/qa-logs/2026-10-07-pixelelated-replacement-16/p4-build16-root-reasons-640x480-01/artifacts/cloud-ui/02-fr_FR-reason-future-main-menu.png
 create mode 100644 docs/qa-logs/2026-10-07-pixelelated-replacement-16/p4-build16-root-reasons-640x480-01/artifacts/cloud-ui/02-fr_FR-reason-malformed-main-menu.png
 create mode 100644 docs/qa-logs/2026-10-07-pixelelated-replacement-16/p4-build16-root-reasons-640x480-01/artifacts/cloud-ui/02-fr_FR-reason-record-main-menu.png
 create mode 100644 docs/qa-logs/2026-10-07-pixelelated-replacement-16/p4-build16-root-reasons-640x480-01/artifacts/cloud-ui/en_US-legacy-root-carousel.log
 create mode 100644 docs/qa-logs/2026-10-07-pixelelated-replacement-16/p4-build16-root-reasons-640x480-01/artifacts/cloud-ui/en_US-legacy-root-carousel.steps
 create mode 100644 docs/qa-logs/2026-10-07-pixelelated-replacement-16/p4-build16-root-reasons-640x480-01/artifacts/cloud-ui/en_US-legacy-root-close.log
 create mode 100644 docs/qa-logs/2026-10-07-pixelelated-replacement-16/p4-build16-root-reasons-640x480-01/artifacts/cloud-ui/en_US-legacy-root-close.steps
 create mode 100644 docs/qa-logs/2026-10-07-pixelelated-replacement-16/p4-build16-root-reasons-640x480-01/artifacts/cloud-ui/en_US-legacy-root-continue.log
 create mode 100644 docs/qa-logs/2026-10-07-pixelelated-replacement-16/p4-build16-root-reasons-640x480-01/artifacts/cloud-ui/en_US-legacy-root-continue.steps
 create mode 100644 docs/qa-logs/2026-10-07-pixelelated-replacement-16/p4-build16-root-reasons-640x480-01/artifacts/cloud-ui/en_US-legacy-root-hub-menu.log
 create mode 100644 docs/qa-logs/2026-10-07-pixelelated-replacement-16/p4-build16-root-reasons-640x480-01/artifacts/cloud-ui/en_US-legacy-root-hub-menu.steps
 create mode 100644 docs/qa-logs/2026-10-07-pixelelated-replacement-16/p4-build16-root-reasons-640x480-01/artifacts/cloud-ui/en_US-legacy-root-hub.log
 create mode 100644 docs/qa-logs/2026-10-07-pixelelated-replacement-16/p4-build16-root-reasons-640x480-01/artifacts/cloud-ui/en_US-legacy-root-hub.steps
 create mode 100644 docs/qa-logs/2026-10-07-pixelelated-replacement-16/p4-build16-root-reasons-640x480-01/artifacts/cloud-ui/en_US-legacy-root-opening-scan.log
 create mode 100644 docs/qa-logs/2026-10-07-pixelelated-replacement-16/p4-build16-root-reasons-640x480-01/artifacts/cloud-ui/en_US-legacy-root-opening-scan.steps
 create mode 100644 docs/qa-logs/2026-10-07-pixelelated-replacement-16/p4-build16-root-reasons-640x480-01/artifacts/cloud-ui/en_US-legacy-root-root.json
 create mode 100644 docs/qa-logs/2026-10-07-pixelelated-replacement-16/p4-build16-root-reasons-640x480-01/artifacts/cloud-ui/en_US-reason-config-carousel.log
 create mode 100644 docs/qa-logs/2026-10-07-pixelelated-replacement-16/p4-build16-root-reasons-640x480-01/artifacts/cloud-ui/en_US-reason-config-carousel.steps
 create mode 100644 docs/qa-logs/2026-10-07-pixelelated-replacement-16/p4-build16-root-reasons-640x480-01/artifacts/cloud-ui/en_US-reason-config-close.log
 create mode 100644 docs/qa-logs/2026-10-07-pixelelated-replacement-16/p4-build16-root-reasons-640x480-01/artifacts/cloud-ui/en_US-reason-config-close.steps
 create mode 100644 docs/qa-logs/2026-10-07-pixelelated-replacement-16/p4-build16-root-reasons-640x480-01/artifacts/cloud-ui/en_US-reason-config-hub-menu.log
 create mode 100644 docs/qa-logs/2026-10-07-pixelelated-replacement-16/p4-build16-root-reasons-640x480-01/artifacts/cloud-ui/en_US-reason-config-hub-menu.steps
 create mode 100644 docs/qa-logs/2026-10-07-pixelelated-replacement-16/p4-build16-root-reasons-640x480-01/artifacts/cloud-ui/en_US-reason-config-hub.log
 create mode 100644 docs/qa-logs/2026-10-07-pixelelated-replacement-16/p4-build16-root-reasons-640x480-01/artifacts/cloud-ui/en_US-reason-config-hub.steps
 create mode 100644 docs/qa-logs/2026-10-07-pixelelated-replacement-16/p4-build16-root-reasons-640x480-01/artifacts/cloud-ui/en_US-reason-config-opening-scan.log
 create mode 100644 docs/qa-logs/2026-10-07-pixelelated-replacement-16/p4-build16-root-reasons-640x480-01/artifacts/cloud-ui/en_US-reason-config-opening-scan.steps
 create mode 100644 docs/qa-logs/2026-10-07-pixelelated-replacement-16/p4-build16-root-reasons-640x480-01/artifacts/cloud-ui/en_US-reason-config-reason.json
 create mode 100644 docs/qa-logs/2026-10-07-pixelelated-replacement-16/p4-build16-root-reasons-640x480-01/artifacts/cloud-ui/en_US-reason-future-carousel.log
 create mode 100644 docs/qa-logs/2026-10-07-pixelelated-replacement-16/p4-build16-root-reasons-640x480-01/artifacts/cloud-ui/en_US-reason-future-carousel.steps
 create mode 100644 docs/qa-logs/2026-10-07-pixelelated-replacement-16/p4-build16-root-reasons-640x480-01/artifacts/cloud-ui/en_US-reason-future-close.log
 create mode 100644 docs/qa-logs/2026-10-07-pixelelated-replacement-16/p4-build16-root-reasons-640x480-01/artifacts/cloud-ui/en_US-reason-future-close.steps
 create mode 100644 docs/qa-logs/2026-10-07-pixelelated-replacement-16/p4-build16-root-reasons-640x480-01/artifacts/cloud-ui/en_US-reason-future-hub-menu.log
 create mode 100644 docs/qa-logs/2026-10-07-pixelelated-replacement-16/p4-build16-root-reasons-640x480-01/artifacts/cloud-ui/en_US-reason-future-hub-menu.steps
 create mode 100644 docs/qa-logs/2026-10-07-pixelelated-replacement-16/p4-build16-root-reasons-640x480-01/artifacts/cloud-ui/en_US-reason-future-hub.log
 create mode 100644 docs/qa-logs/2026-10-07-pixelelated-replacement-16/p4-build16-root-reasons-640x480-01/artifacts/cloud-ui/en_US-reason-future-hub.steps
 create mode 100644 docs/qa-logs/2026-10-07-pixelelated-replacement-16/p4-build16-root-reasons-640x480-01/artifacts/cloud-ui/en_US-reason-future-opening-scan.log
 create mode 100644 docs/qa-logs/2026-10-07-pixelelated-replacement-16/p4-build16-root-reasons-640x480-01/artifacts/cloud-ui/en_US-reason-future-opening-scan.steps
 create mode 100644 docs/qa-logs/2026-10-07-pixelelated-replacement-16/p4-build16-root-reasons-640x480-01/artifacts/cloud-ui/en_US-reason-future-reason.json
 create mode 100644 docs/qa-logs/2026-10-07-pixelelated-replacement-16/p4-build16-root-reasons-640x480-01/artifacts/cloud-ui/en_US-reason-malformed-carousel.log
 create mode 100644 docs/qa-logs/2026-10-07-pixelelated-replacement-16/p4-build16-root-reasons-640x480-01/artifacts/cloud-ui/en_US-reason-malformed-carousel.steps
 create mode 100644 docs/qa-logs/2026-10-07-pixelelated-replacement-16/p4-build16-root-reasons-640x480-01/artifacts/cloud-ui/en_US-reason-malformed-close.log
 create mode 100644 docs/qa-logs/2026-10-07-pixelelated-replacement-16/p4-build16-root-reasons-640x480-01/artifacts/cloud-ui/en_US-reason-malformed-close.steps
 create mode 100644 docs/qa-logs/2026-10-07-pixelelated-replacement-16/p4-build16-root-reasons-640x480-01/artifacts/cloud-ui/en_US-reason-malformed-hub-menu.log
 create mode 100644 docs/qa-logs/2026-10-07-pixelelated-replacement-16/p4-build16-root-reasons-640x480-01/artifacts/cloud-ui/en_US-reason-malformed-hub-menu.steps
 create mode 100644 docs/qa-logs/2026-10-07-pixelelated-replacement-16/p4-build16-root-reasons-640x480-01/artifacts/cloud-ui/en_US-reason-malformed-hub.log
 create mode 100644 docs/qa-logs/2026-10-07-pixelelated-replacement-16/p4-build16-root-reasons-640x480-01/artifacts/cloud-ui/en_US-reason-malformed-hub.steps
 create mode 100644 docs/qa-logs/2026-10-07-pixelelated-replacement-16/p4-build16-root-reasons-640x480-01/artifacts/cloud-ui/en_US-reason-malformed-opening-scan.log
 create mode 100644 docs/qa-logs/2026-10-07-pixelelated-replacement-16/p4-build16-root-reasons-640x480-01/artifacts/cloud-ui/en_US-reason-malformed-opening-scan.steps
 create mode 100644 docs/qa-logs/2026-10-07-pixelelated-replacement-16/p4-build16-root-reasons-640x480-01/artifacts/cloud-ui/en_US-reason-malformed-reason.json
 create mode 100644 docs/qa-logs/2026-10-07-pixelelated-replacement-16/p4-build16-root-reasons-640x480-01/artifacts/cloud-ui/en_US-reason-record-carousel.log
 create mode 100644 docs/qa-logs/2026-10-07-pixelelated-replacement-16/p4-build16-root-reasons-640x480-01/artifacts/cloud-ui/en_US-reason-record-carousel.steps
 create mode 100644 docs/qa-logs/2026-10-07-pixelelated-replacement-16/p4-build16-root-reasons-640x480-01/artifacts/cloud-ui/en_US-reason-record-close.log
 create mode 100644 docs/qa-logs/2026-10-07-pixelelated-replacement-16/p4-build16-root-reasons-640x480-01/artifacts/cloud-ui/en_US-reason-record-close.steps
 create mode 100644 docs/qa-logs/2026-10-07-pixelelated-replacement-16/p4-build16-root-reasons-640x480-01/artifacts/cloud-ui/en_US-reason-record-hub-menu.log
 create mode 100644 docs/qa-logs/2026-10-07-pixelelated-replacement-16/p4-build16-root-reasons-640x480-01/artifacts/cloud-ui/en_US-reason-record-hub-menu.steps
 create mode 100644 docs/qa-logs/2026-10-07-pixelelated-replacement-16/p4-build16-root-reasons-640x480-01/artifacts/cloud-ui/en_US-reason-record-hub.log
 create mode 100644 docs/qa-logs/2026-10-07-pixelelated-replacement-16/p4-build16-root-reasons-640x480-01/artifacts/cloud-ui/en_US-reason-record-hub.steps
 create mode 100644 docs/qa-logs/2026-10-07-pixelelated-replacement-16/p4-build16-root-reasons-640x480-01/artifacts/cloud-ui/en_US-reason-record-opening-scan.log
 create mode 100644 docs/qa-logs/2026-10-07-pixelelated-replacement-16/p4-build16-root-reasons-640x480-01/artifacts/cloud-ui/en_US-reason-record-opening-scan.steps
 create mode 100644 docs/qa-logs/2026-10-07-pixelelated-replacement-16/p4-build16-root-reasons-640x480-01/artifacts/cloud-ui/en_US-reason-record-reason.json
 create mode 100644 docs/qa-logs/2026-10-07-pixelelated-replacement-16/p4-build16-root-reasons-640x480-01/artifacts/cloud-ui/fr_FR-legacy-root-carousel.log
 create mode 100644 docs/qa-logs/2026-10-07-pixelelated-replacement-16/p4-build16-root-reasons-640x480-01/artifacts/cloud-ui/fr_FR-legacy-root-carousel.steps
 create mode 100644 docs/qa-logs/2026-10-07-pixelelated-replacement-16/p4-build16-root-reasons-640x480-01/artifacts/cloud-ui/fr_FR-legacy-root-close.log
 create mode 100644 docs/qa-logs/2026-10-07-pixelelated-replacement-16/p4-build16-root-reasons-640x480-01/artifacts/cloud-ui/fr_FR-legacy-root-close.steps
 create mode 100644 docs/qa-logs/2026-10-07-pixelelated-replacement-16/p4-build16-root-reasons-640x480-01/artifacts/cloud-ui/fr_FR-legacy-root-continue.log
 create mode 100644 docs/qa-logs/2026-10-07-pixelelated-replacement-16/p4-build16-root-reasons-640x480-01/artifacts/cloud-ui/fr_FR-legacy-root-continue.steps
 create mode 100644 docs/qa-logs/2026-10-07-pixelelated-replacement-16/p4-build16-root-reasons-640x480-01/artifacts/cloud-ui/fr_FR-legacy-root-hub-menu.log
 create mode 100644 docs/qa-logs/2026-10-07-pixelelated-replacement-16/p4-build16-root-reasons-640x480-01/artifacts/cloud-ui/fr_FR-legacy-root-hub-menu.steps
 create mode 100644 docs/qa-logs/2026-10-07-pixelelated-replacement-16/p4-build16-root-reasons-640x480-01/artifacts/cloud-ui/fr_FR-legacy-root-hub.log
 create mode 100644 docs/qa-logs/2026-10-07-pixelelated-replacement-16/p4-build16-root-reasons-640x480-01/artifacts/cloud-ui/fr_FR-legacy-root-hub.steps
 create mode 100644 docs/qa-logs/2026-10-07-pixelelated-replacement-16/p4-build16-root-reasons-640x480-01/artifacts/cloud-ui/fr_FR-legacy-root-opening-scan.log
 create mode 100644 docs/qa-logs/2026-10-07-pixelelated-replacement-16/p4-build16-root-reasons-640x480-01/artifacts/cloud-ui/fr_FR-legacy-root-opening-scan.steps
 create mode 100644 docs/qa-logs/2026-10-07-pixelelated-replacement-16/p4-build16-root-reasons-640x480-01/artifacts/cloud-ui/fr_FR-legacy-root-root.json
 create mode 100644 docs/qa-logs/2026-10-07-pixelelated-replacement-16/p4-build16-root-reasons-640x480-01/artifacts/cloud-ui/fr_FR-reason-config-carousel.log
 create mode 100644 docs/qa-logs/2026-10-07-pixelelated-replacement-16/p4-build16-root-reasons-640x480-01/artifacts/cloud-ui/fr_FR-reason-config-carousel.steps
 create mode 100644 docs/qa-logs/2026-10-07-pixelelated-replacement-16/p4-build16-root-reasons-640x480-01/artifacts/cloud-ui/fr_FR-reason-config-close.log
 create mode 100644 docs/qa-logs/2026-10-07-pixelelated-replacement-16/p4-build16-root-reasons-640x480-01/artifacts/cloud-ui/fr_FR-reason-config-close.steps
 create mode 100644 docs/qa-logs/2026-10-07-pixelelated-replacement-16/p4-build16-root-reasons-640x480-01/artifacts/cloud-ui/fr_FR-reason-config-hub-menu.log
 create mode 100644 docs/qa-logs/2026-10-07-pixelelated-replacement-16/p4-build16-root-reasons-640x480-01/artifacts/cloud-ui/fr_FR-reason-config-hub-menu.steps
 create mode 100644 docs/qa-logs/2026-10-07-pixelelated-replacement-16/p4-build16-root-reasons-640x480-01/artifacts/cloud-ui/fr_FR-reason-config-hub.log
 create mode 100644 docs/qa-logs/2026-10-07-pixelelated-replacement-16/p4-build16-root-reasons-640x480-01/artifacts/cloud-ui/fr_FR-reason-config-hub.steps
 create mode 100644 docs/qa-logs/2026-10-07-pixelelated-replacement-16/p4-build16-root-reasons-640x480-01/artifacts/cloud-ui/fr_FR-reason-config-opening-scan.log
 create mode 100644 docs/qa-logs/2026-10-07-pixelelated-replacement-16/p4-build16-root-reasons-640x480-01/artifacts/cloud-ui/fr_FR-reason-config-opening-scan.steps
 create mode 100644 docs/qa-logs/2026-10-07-pixelelated-replacement-16/p4-build16-root-reasons-640x480-01/artifacts/cloud-ui/fr_FR-reason-config-reason.json
 create mode 100644 docs/qa-logs/2026-10-07-pixelelated-replacement-16/p4-build16-root-reasons-640x480-01/artifacts/cloud-ui/fr_FR-reason-future-carousel.log
 create mode 100644 docs/qa-logs/2026-10-07-pixelelated-replacement-16/p4-build16-root-reasons-640x480-01/artifacts/cloud-ui/fr_FR-reason-future-carousel.steps
 create mode 100644 docs/qa-logs/2026-10-07-pixelelated-replacement-16/p4-build16-root-reasons-640x480-01/artifacts/cloud-ui/fr_FR-reason-future-close.log
 create mode 100644 docs/qa-logs/2026-10-07-pixelelated-replacement-16/p4-build16-root-reasons-640x480-01/artifacts/cloud-ui/fr_FR-reason-future-close.steps
 create mode 100644 docs/qa-logs/2026-10-07-pixelelated-replacement-16/p4-build16-root-reasons-640x480-01/artifacts/cloud-ui/fr_FR-reason-future-hub-menu.log
 create mode 100644 docs/qa-logs/2026-10-07-pixelelated-replacement-16/p4-build16-root-reasons-640x480-01/artifacts/cloud-ui/fr_FR-reason-future-hub-menu.steps
 create mode 100644 docs/qa-logs/2026-10-07-pixelelated-replacement-16/p4-build16-root-reasons-640x480-01/artifacts/cloud-ui/fr_FR-reason-future-hub.log
 create mode 100644 docs/qa-logs/2026-10-07-pixelelated-replacement-16/p4-build16-root-reasons-640x480-01/artifacts/cloud-ui/fr_FR-reason-future-hub.steps
 create mode 100644 docs/qa-logs/2026-10-07-pixelelated-replacement-16/p4-build16-root-reasons-640x480-01/artifacts/cloud-ui/fr_FR-reason-future-opening-scan.log
 create mode 100644 docs/qa-logs/2026-10-07-pixelelated-replacement-16/p4-build16-root-reasons-640x480-01/artifacts/cloud-ui/fr_FR-reason-future-opening-scan.steps
 create mode 100644 docs/qa-logs/2026-10-07-pixelelated-replacement-16/p4-build16-root-reasons-640x480-01/artifacts/cloud-ui/fr_FR-reason-future-reason.json
 create mode 100644 docs/qa-logs/2026-10-07-pixelelated-replacement-16/p4-build16-root-reasons-640x480-01/artifacts/cloud-ui/fr_FR-reason-malformed-carousel.log
 create mode 100644 docs/qa-logs/2026-10-07-pixelelated-replacement-16/p4-build16-root-reasons-640x480-01/artifacts/cloud-ui/fr_FR-reason-malformed-carousel.steps
 create mode 100644 docs/qa-logs/2026-10-07-pixelelated-replacement-16/p4-build16-root-reasons-640x480-01/artifacts/cloud-ui/fr_FR-reason-malformed-close.log
 create mode 100644 docs/qa-logs/2026-10-07-pixelelated-replacement-16/p4-build16-root-reasons-640x480-01/artifacts/cloud-ui/fr_FR-reason-malformed-close.steps
 create mode 100644 docs/qa-logs/2026-10-07-pixelelated-replacement-16/p4-build16-root-reasons-640x480-01/artifacts/cloud-ui/fr_FR-reason-malformed-hub-menu.log
 create mode 100644 docs/qa-logs/2026-10-07-pixelelated-replacement-16/p4-build16-root-reasons-640x480-01/artifacts/cloud-ui/fr_FR-reason-malformed-hub-menu.steps
 create mode 100644 docs/qa-logs/2026-10-07-pixelelated-replacement-16/p4-build16-root-reasons-640x480-01/artifacts/cloud-ui/fr_FR-reason-malformed-hub.log
 create mode 100644 docs/qa-logs/2026-10-07-pixelelated-replacement-16/p4-build16-root-reasons-640x480-01/artifacts/cloud-ui/fr_FR-reason-malformed-hub.steps
 create mode 100644 docs/qa-logs/2026-10-07-pixelelated-replacement-16/p4-build16-root-reasons-640x480-01/artifacts/cloud-ui/fr_FR-reason-malformed-opening-scan.log
 create mode 100644 docs/qa-logs/2026-10-07-pixelelated-replacement-16/p4-build16-root-reasons-640x480-01/artifacts/cloud-ui/fr_FR-reason-malformed-opening-scan.steps
 create mode 100644 docs/qa-logs/2026-10-07-pixelelated-replacement-16/p4-build16-root-reasons-640x480-01/artifacts/cloud-ui/fr_FR-reason-malformed-reason.json
 create mode 100644 docs/qa-logs/2026-10-07-pixelelated-replacement-16/p4-build16-root-reasons-640x480-01/artifacts/cloud-ui/fr_FR-reason-record-carousel.log
 create mode 100644 docs/qa-logs/2026-10-07-pixelelated-replacement-16/p4-build16-root-reasons-640x480-01/artifacts/cloud-ui/fr_FR-reason-record-carousel.steps
 create mode 100644 docs/qa-logs/2026-10-07-pixelelated-replacement-16/p4-build16-root-reasons-640x480-01/artifacts/cloud-ui/fr_FR-reason-record-close.log
 create mode 100644 docs/qa-logs/2026-10-07-pixelelated-replacement-16/p4-build16-root-reasons-640x480-01/artifacts/cloud-ui/fr_FR-reason-record-close.steps
 create mode 100644 docs/qa-logs/2026-10-07-pixelelated-replacement-16/p4-build16-root-reasons-640x480-01/artifacts/cloud-ui/fr_FR-reason-record-frame-dimensions.json
 create mode 100644 docs/qa-logs/2026-10-07-pixelelated-replacement-16/p4-build16-root-reasons-640x480-01/artifacts/cloud-ui/fr_FR-reason-record-hub-menu.log
 create mode 100644 docs/qa-logs/2026-10-07-pixelelated-replacement-16/p4-build16-root-reasons-640x480-01/artifacts/cloud-ui/fr_FR-reason-record-hub-menu.steps
 create mode 100644 docs/qa-logs/2026-10-07-pixelelated-replacement-16/p4-build16-root-reasons-640x480-01/artifacts/cloud-ui/fr_FR-reason-record-hub.log
 create mode 100644 docs/qa-logs/2026-10-07-pixelelated-replacement-16/p4-build16-root-reasons-640x480-01/artifacts/cloud-ui/fr_FR-reason-record-hub.steps
 create mode 100644 docs/qa-logs/2026-10-07-pixelelated-replacement-16/p4-build16-root-reasons-640x480-01/artifacts/cloud-ui/fr_FR-reason-record-opening-scan.log
 create mode 100644 docs/qa-logs/2026-10-07-pixelelated-replacement-16/p4-build16-root-reasons-640x480-01/artifacts/cloud-ui/fr_FR-reason-record-opening-scan.steps
 create mode 100644 docs/qa-logs/2026-10-07-pixelelated-replacement-16/p4-build16-root-reasons-640x480-01/artifacts/cloud-ui/fr_FR-reason-record-reason.json
 create mode 100644 docs/qa-logs/2026-10-07-pixelelated-replacement-16/p4-build16-root-reasons-640x480-01/artifacts/cloud-ui/installed-after.sha256
 create mode 100644 docs/qa-logs/2026-10-07-pixelelated-replacement-16/p4-build16-root-reasons-640x480-01/artifacts/cloud-ui/installed-before.sha256
 create mode 100644 docs/qa-logs/2026-10-07-pixelelated-replacement-16/p4-build16-root-reasons-640x480-01/artifacts/cloud-ui/results.json
 create mode 100644 docs/qa-logs/2026-10-07-pixelelated-replacement-16/p4-build16-root-reasons-640x480-01/artifacts/disk-initial.json
 create mode 100644 docs/qa-logs/2026-10-07-pixelelated-replacement-16/p4-build16-root-reasons-640x480-01/artifacts/payload-cloud-ui-after.json
 create mode 100644 docs/qa-logs/2026-10-07-pixelelated-replacement-16/p4-build16-root-reasons-640x480-01/artifacts/payload-cloud-ui-before.json
 create mode 100644 docs/qa-logs/2026-10-07-pixelelated-replacement-16/p4-build16-root-reasons-640x480-01/artifacts/proxy-identity-cloud-ui-after.json
 create mode 100644 docs/qa-logs/2026-10-07-pixelelated-replacement-16/p4-build16-root-reasons-640x480-01/artifacts/proxy-identity-cloud-ui-before.json
 create mode 100644 docs/qa-logs/2026-10-07-pixelelated-replacement-16/p4-build16-root-reasons-640x480-01/artifacts/qemu-argv.txt
 create mode 100644 docs/qa-logs/2026-10-07-pixelelated-replacement-16/p4-build16-root-reasons-640x480-01/check-payload.py
 create mode 100644 docs/qa-logs/2026-10-07-pixelelated-replacement-16/p4-build16-root-reasons-640x480-01/cloud-ui-proof.py
 create mode 100644 docs/qa-logs/2026-10-07-pixelelated-replacement-16/p4-build16-root-reasons-640x480-01/console.log
 create mode 100644 docs/qa-logs/2026-10-07-pixelelated-replacement-16/p4-build16-root-reasons-640x480-01/guest-cleanup-verification.json
 create mode 100644 docs/qa-logs/2026-10-07-pixelelated-replacement-16/p4-build16-root-reasons-640x480-01/guest-d.ovmf-vars.fd
 create mode 100644 docs/qa-logs/2026-10-07-pixelelated-replacement-16/p4-build16-root-reasons-640x480-01/guest.pid
 create mode 100644 docs/qa-logs/2026-10-07-pixelelated-replacement-16/p4-build16-root-reasons-640x480-01/harness.sha256
 create mode 100644 docs/qa-logs/2026-10-07-pixelelated-replacement-16/p4-build16-root-reasons-640x480-01/inner.rc
 create mode 100644 docs/qa-logs/2026-10-07-pixelelated-replacement-16/p4-build16-root-reasons-640x480-01/launcher-pid.json
 create mode 100644 docs/qa-logs/2026-10-07-pixelelated-replacement-16/p4-build16-root-reasons-640x480-01/launcher-result.json
 create mode 100644 docs/qa-logs/2026-10-07-pixelelated-replacement-16/p4-build16-root-reasons-640x480-01/launcher-start.json
 create mode 100644 docs/qa-logs/2026-10-07-pixelelated-replacement-16/p4-build16-root-reasons-640x480-01/launcher-submission.json
 create mode 100644 docs/qa-logs/2026-10-07-pixelelated-replacement-16/p4-build16-root-reasons-640x480-01/outer.rc
 create mode 100755 docs/qa-logs/2026-10-07-pixelelated-replacement-16/p4-build16-root-reasons-640x480-01/outer.sh
 create mode 100644 docs/qa-logs/2026-10-07-pixelelated-replacement-16/p4-build16-root-reasons-640x480-01/owner-verification.json
 create mode 100644 docs/qa-logs/2026-10-07-pixelelated-replacement-16/p4-build16-root-reasons-640x480-01/provenance.json
 create mode 100644 docs/qa-logs/2026-10-07-pixelelated-replacement-16/p4-build16-root-reasons-640x480-01/proxy-identity.py
 create mode 100644 docs/qa-logs/2026-10-07-pixelelated-replacement-16/p4-build16-root-reasons-640x480-01/qa.start
 create mode 100644 docs/qa-logs/2026-10-07-pixelelated-replacement-16/p4-build16-root-reasons-640x480-01/retention.json
 create mode 100644 docs/qa-logs/2026-10-07-pixelelated-replacement-16/p4-build16-root-reasons-640x480-01/run.path
 create mode 100755 docs/qa-logs/2026-10-07-pixelelated-replacement-16/p4-build16-root-reasons-640x480-01/run.sh
 create mode 100644 docs/qa-logs/2026-10-07-pixelelated-replacement-16/p4-build16-root-reasons-640x480-01/seed.py
 create mode 100644 docs/qa-logs/2026-10-07-pixelelated-replacement-16/p4-build16-root-reasons-640x480-01/sha256.json
 create mode 100644 docs/qa-logs/2026-10-07-pixelelated-replacement-16/p4-build16-root-reasons-640x480-01/stop-guest.py
 create mode 100644 docs/qa-logs/2026-10-07-pixelelated-replacement-16/p4-build16-root-reasons-640x480-01/tool-wrapper.rc
 create mode 100644 docs/qa-logs/2026-10-07-pixelelated-replacement-16/p4-build16-root-reasons-640x480-01/verify-inputs.py
 create mode 100755 docs/qa-logs/2026-10-07-pixelelated-replacement-16/p4-build16-root-reasons-640x480-01/watch-build-submit.py
 create mode 100644 docs/qa-logs/2026-10-07-pixelelated-replacement-16/p4-build16-root-reasons-640x480-01/watcher/build.log
 create mode 100644 docs/qa-logs/2026-10-07-pixelelated-replacement-16/p4-build16-root-reasons-640x480-01/watcher/build.pid
 create mode 100644 docs/qa-logs/2026-10-07-pixelelated-replacement-16/p4-build16-root-reasons-640x480-01/watcher/build.rc
 create mode 100644 docs/qa-logs/2026-10-07-pixelelated-replacement-16/p4-build16-root-reasons-640x480-01/watcher/build.status
 create mode 100644 docs/qa-logs/2026-10-07-pixelelated-replacement-16/p4-build16-root-reasons-640x480-01/watcher/command.pid
 create mode 100644 docs/qa-logs/2026-10-07-pixelelated-replacement-16/p4-build16-root-reasons-640x480-01/watcher/watcher.pid
 create mode 100644 docs/qa-logs/2026-10-07-pixelelated-replacement-16/p4-build16-supplemental-01/console.log
 create mode 100644 docs/qa-logs/2026-10-07-pixelelated-replacement-16/p4-build16-supplemental-01/extra-boundaries.py
 create mode 100644 docs/qa-logs/2026-10-07-pixelelated-replacement-16/p4-build16-supplemental-01/launcher-pid.json
 create mode 100644 docs/qa-logs/2026-10-07-pixelelated-replacement-16/p4-build16-supplemental-01/launcher-result.json
 create mode 100644 docs/qa-logs/2026-10-07-pixelelated-replacement-16/p4-build16-supplemental-01/launcher-start.json
 create mode 100644 docs/qa-logs/2026-10-07-pixelelated-replacement-16/p4-build16-supplemental-01/launcher-submission.json
 create mode 100644 docs/qa-logs/2026-10-07-pixelelated-replacement-16/p4-build16-supplemental-01/prelaunch-verification.json
 create mode 100644 docs/qa-logs/2026-10-07-pixelelated-replacement-16/p4-build16-supplemental-01/provenance.json
 create mode 100644 docs/qa-logs/2026-10-07-pixelelated-replacement-16/p4-build16-supplemental-01/run.py
 create mode 100644 docs/qa-logs/2026-10-07-pixelelated-replacement-16/p4-build16-supplemental-01/seal.json
 create mode 100644 docs/qa-logs/2026-10-07-pixelelated-replacement-16/p4-build16-supplemental-01/tool-wrapper.rc
 create mode 100644 docs/qa-logs/2026-10-07-pixelelated-replacement-16/p4-build16-supplemental-01/verify-inputs.py
 create mode 100755 docs/qa-logs/2026-10-07-pixelelated-replacement-16/p4-build16-supplemental-01/watch-build-submit.py
 create mode 100644 docs/qa-logs/2026-10-07-pixelelated-replacement-16/p4-build16-supplemental-02/console.log
 create mode 100644 docs/qa-logs/2026-10-07-pixelelated-replacement-16/p4-build16-supplemental-02/extra-boundaries.py
 create mode 100644 docs/qa-logs/2026-10-07-pixelelated-replacement-16/p4-build16-supplemental-02/guest-cleanup-verification.json
 create mode 100644 docs/qa-logs/2026-10-07-pixelelated-replacement-16/p4-build16-supplemental-02/inner.rc
 create mode 100644 docs/qa-logs/2026-10-07-pixelelated-replacement-16/p4-build16-supplemental-02/launcher-pid.json
 create mode 100644 docs/qa-logs/2026-10-07-pixelelated-replacement-16/p4-build16-supplemental-02/launcher-result.json
 create mode 100644 docs/qa-logs/2026-10-07-pixelelated-replacement-16/p4-build16-supplemental-02/launcher-start.json
 create mode 100644 docs/qa-logs/2026-10-07-pixelelated-replacement-16/p4-build16-supplemental-02/launcher-submission.json
 create mode 100644 docs/qa-logs/2026-10-07-pixelelated-replacement-16/p4-build16-supplemental-02/outer.rc
 create mode 100644 docs/qa-logs/2026-10-07-pixelelated-replacement-16/p4-build16-supplemental-02/owner-verification.json
 create mode 100644 docs/qa-logs/2026-10-07-pixelelated-replacement-16/p4-build16-supplemental-02/proof/artifacts/0001-setup-a.log
 create mode 100644 docs/qa-logs/2026-10-07-pixelelated-replacement-16/p4-build16-supplemental-02/proof/artifacts/0001-setup-a.rc
 create mode 100644 docs/qa-logs/2026-10-07-pixelelated-replacement-16/p4-build16-supplemental-02/proof/artifacts/0002-setup-a.log
 create mode 100644 docs/qa-logs/2026-10-07-pixelelated-replacement-16/p4-build16-supplemental-02/proof/artifacts/0002-setup-a.rc
 create mode 100644 docs/qa-logs/2026-10-07-pixelelated-replacement-16/p4-build16-supplemental-02/proof/artifacts/0003-setup-a.log
 create mode 100644 docs/qa-logs/2026-10-07-pixelelated-replacement-16/p4-build16-supplemental-02/proof/artifacts/0003-setup-a.rc
 create mode 100644 docs/qa-logs/2026-10-07-pixelelated-replacement-16/p4-build16-supplemental-02/proof/artifacts/0004-setup-a.log
 create mode 100644 docs/qa-logs/2026-10-07-pixelelated-replacement-16/p4-build16-supplemental-02/proof/artifacts/0004-setup-a.rc
 create mode 100644 docs/qa-logs/2026-10-07-pixelelated-replacement-16/p4-build16-supplemental-02/proof/artifacts/0005-setup-a.log
 create mode 100644 docs/qa-logs/2026-10-07-pixelelated-replacement-16/p4-build16-supplemental-02/proof/artifacts/0005-setup-a.rc
 create mode 100644 docs/qa-logs/2026-10-07-pixelelated-replacement-16/p4-build16-supplemental-02/proof/artifacts/0006-setup-a.log
 create mode 100644 docs/qa-logs/2026-10-07-pixelelated-replacement-16/p4-build16-supplemental-02/proof/artifacts/0006-setup-a.rc
 create mode 100644 docs/qa-logs/2026-10-07-pixelelated-replacement-16/p4-build16-supplemental-02/proof/artifacts/0007-setup-a.log
 create mode 100644 docs/qa-logs/2026-10-07-pixelelated-replacement-16/p4-build16-supplemental-02/proof/artifacts/0007-setup-a.rc
 create mode 100644 docs/qa-logs/2026-10-07-pixelelated-replacement-16/p4-build16-supplemental-02/proof/artifacts/0008-setup-a.log
 create mode 100644 docs/qa-logs/2026-10-07-pixelelated-replacement-16/p4-build16-supplemental-02/proof/artifacts/0008-setup-a.rc
 create mode 100644 docs/qa-logs/2026-10-07-pixelelated-replacement-16/p4-build16-supplemental-02/proof/artifacts/0009-setup-a.log
 create mode 100644 docs/qa-logs/2026-10-07-pixelelated-replacement-16/p4-build16-supplemental-02/proof/artifacts/0009-setup-a.rc
 create mode 100644 docs/qa-logs/2026-10-07-pixelelated-replacement-16/p4-build16-supplemental-02/proof/artifacts/0010-setup-a.log
 create mode 100644 docs/qa-logs/2026-10-07-pixelelated-replacement-16/p4-build16-supplemental-02/proof/artifacts/0010-setup-a.rc
 create mode 100644 docs/qa-logs/2026-10-07-pixelelated-replacement-16/p4-build16-supplemental-02/proof/artifacts/0011-setup-a.log
 create mode 100644 docs/qa-logs/2026-10-07-pixelelated-replacement-16/p4-build16-supplemental-02/proof/artifacts/0011-setup-a.rc
 create mode 100644 docs/qa-logs/2026-10-07-pixelelated-replacement-16/p4-build16-supplemental-02/proof/artifacts/0012-setup-b.log
 create mode 100644 docs/qa-logs/2026-10-07-pixelelated-replacement-16/p4-build16-supplemental-02/proof/artifacts/0012-setup-b.rc
 create mode 100644 docs/qa-logs/2026-10-07-pixelelated-replacement-16/p4-build16-supplemental-02/proof/artifacts/0013-setup-b.log
 create mode 100644 docs/qa-logs/2026-10-07-pixelelated-replacement-16/p4-build16-supplemental-02/proof/artifacts/0013-setup-b.rc
 create mode 100644 docs/qa-logs/2026-10-07-pixelelated-replacement-16/p4-build16-supplemental-02/proof/artifacts/0014-setup-b.log
 create mode 100644 docs/qa-logs/2026-10-07-pixelelated-replacement-16/p4-build16-supplemental-02/proof/artifacts/0014-setup-b.rc
 create mode 100644 docs/qa-logs/2026-10-07-pixelelated-replacement-16/p4-build16-supplemental-02/proof/artifacts/0015-setup-b.log
 create mode 100644 docs/qa-logs/2026-10-07-pixelelated-replacement-16/p4-build16-supplemental-02/proof/artifacts/0015-setup-b.rc
 create mode 100644 docs/qa-logs/2026-10-07-pixelelated-replacement-16/p4-build16-supplemental-02/proof/artifacts/0016-setup-b.log
 create mode 100644 docs/qa-logs/2026-10-07-pixelelated-replacement-16/p4-build16-supplemental-02/proof/artifacts/0016-setup-b.rc
 create mode 100644 docs/qa-logs/2026-10-07-pixelelated-replacement-16/p4-build16-supplemental-02/proof/artifacts/0017-setup-b.log
 create mode 100644 docs/qa-logs/2026-10-07-pixelelated-replacement-16/p4-build16-supplemental-02/proof/artifacts/0017-setup-b.rc
 create mode 100644 docs/qa-logs/2026-10-07-pixelelated-replacement-16/p4-build16-supplemental-02/proof/artifacts/0018-setup-b.log
 create mode 100644 docs/qa-logs/2026-10-07-pixelelated-replacement-16/p4-build16-supplemental-02/proof/artifacts/0018-setup-b.rc
 create mode 100644 docs/qa-logs/2026-10-07-pixelelated-replacement-16/p4-build16-supplemental-02/proof/artifacts/0019-setup-b.log
 create mode 100644 docs/qa-logs/2026-10-07-pixelelated-replacement-16/p4-build16-supplemental-02/proof/artifacts/0019-setup-b.rc
 create mode 100644 docs/qa-logs/2026-10-07-pixelelated-replacement-16/p4-build16-supplemental-02/proof/artifacts/0020-setup-b.log
 create mode 100644 docs/qa-logs/2026-10-07-pixelelated-replacement-16/p4-build16-supplemental-02/proof/artifacts/0020-setup-b.rc
 create mode 100644 docs/qa-logs/2026-10-07-pixelelated-replacement-16/p4-build16-supplemental-02/proof/artifacts/0021-setup-b.log
 create mode 100644 docs/qa-logs/2026-10-07-pixelelated-replacement-16/p4-build16-supplemental-02/proof/artifacts/0021-setup-b.rc
 create mode 100644 docs/qa-logs/2026-10-07-pixelelated-replacement-16/p4-build16-supplemental-02/proof/artifacts/0022-setup-b.log
 create mode 100644 docs/qa-logs/2026-10-07-pixelelated-replacement-16/p4-build16-supplemental-02/proof/artifacts/0022-setup-b.rc
 create mode 100644 docs/qa-logs/2026-10-07-pixelelated-replacement-16/p4-build16-supplemental-02/proof/artifacts/0023-setup-a.log
 create mode 100644 docs/qa-logs/2026-10-07-pixelelated-replacement-16/p4-build16-supplemental-02/proof/artifacts/0023-setup-a.rc
 create mode 100644 docs/qa-logs/2026-10-07-pixelelated-replacement-16/p4-build16-supplemental-02/proof/artifacts/0024-setup-a.log
 create mode 100644 docs/qa-logs/2026-10-07-pixelelated-replacement-16/p4-build16-supplemental-02/proof/artifacts/0024-setup-a.rc
 create mode 100644 docs/qa-logs/2026-10-07-pixelelated-replacement-16/p4-build16-supplemental-02/proof/artifacts/0025-setup-a.log
 create mode 100644 docs/qa-logs/2026-10-07-pixelelated-replacement-16/p4-build16-supplemental-02/proof/artifacts/0025-setup-a.rc
 create mode 100644 docs/qa-logs/2026-10-07-pixelelated-replacement-16/p4-build16-supplemental-02/proof/artifacts/0026-setup-a.log
 create mode 100644 docs/qa-logs/2026-10-07-pixelelated-replacement-16/p4-build16-supplemental-02/proof/artifacts/0026-setup-a.rc
 create mode 100644 docs/qa-logs/2026-10-07-pixelelated-replacement-16/p4-build16-supplemental-02/proof/artifacts/0027-PL003-unreadable-active-sibling-a.log
 create mode 100644 docs/qa-logs/2026-10-07-pixelelated-replacement-16/p4-build16-supplemental-02/proof/artifacts/0027-PL003-unreadable-active-sibling-a.rc
 create mode 100644 docs/qa-logs/2026-10-07-pixelelated-replacement-16/p4-build16-supplemental-02/proof/artifacts/0028-PL003-unreadable-active-sibling-a.log
 create mode 100644 docs/qa-logs/2026-10-07-pixelelated-replacement-16/p4-build16-supplemental-02/proof/artifacts/0028-PL003-unreadable-active-sibling-a.rc
 create mode 100644 docs/qa-logs/2026-10-07-pixelelated-replacement-16/p4-build16-supplemental-02/proof/artifacts/0029-PL003-unreadable-active-sibling-a.log
 create mode 100644 docs/qa-logs/2026-10-07-pixelelated-replacement-16/p4-build16-supplemental-02/proof/artifacts/0029-PL003-unreadable-active-sibling-a.rc
 create mode 100644 docs/qa-logs/2026-10-07-pixelelated-replacement-16/p4-build16-supplemental-02/proof/artifacts/0030-PL003-unreadable-active-sibling-b.log
 create mode 100644 docs/qa-logs/2026-10-07-pixelelated-replacement-16/p4-build16-supplemental-02/proof/artifacts/0030-PL003-unreadable-active-sibling-b.rc
 create mode 100644 docs/qa-logs/2026-10-07-pixelelated-replacement-16/p4-build16-supplemental-02/proof/artifacts/0031-PL003-unreadable-active-sibling-b.log
 create mode 100644 docs/qa-logs/2026-10-07-pixelelated-replacement-16/p4-build16-supplemental-02/proof/artifacts/0031-PL003-unreadable-active-sibling-b.rc
 create mode 100644 docs/qa-logs/2026-10-07-pixelelated-replacement-16/p4-build16-supplemental-02/proof/artifacts/0032-PL003-unreadable-active-sibling-b.log
 create mode 100644 docs/qa-logs/2026-10-07-pixelelated-replacement-16/p4-build16-supplemental-02/proof/artifacts/0032-PL003-unreadable-active-sibling-b.rc
 create mode 100644 docs/qa-logs/2026-10-07-pixelelated-replacement-16/p4-build16-supplemental-02/proof/artifacts/0033-PL003-unreadable-active-sibling-a.log
 create mode 100644 docs/qa-logs/2026-10-07-pixelelated-replacement-16/p4-build16-supplemental-02/proof/artifacts/0033-PL003-unreadable-active-sibling-a.rc
 create mode 100644 docs/qa-logs/2026-10-07-pixelelated-replacement-16/p4-build16-supplemental-02/proof/artifacts/0034-PL003-unreadable-active-sibling-a.log
 create mode 100644 docs/qa-logs/2026-10-07-pixelelated-replacement-16/p4-build16-supplemental-02/proof/artifacts/0034-PL003-unreadable-active-sibling-a.rc
 create mode 100644 docs/qa-logs/2026-10-07-pixelelated-replacement-16/p4-build16-supplemental-02/proof/artifacts/0035-PL003-unreadable-active-sibling-b.log
 create mode 100644 docs/qa-logs/2026-10-07-pixelelated-replacement-16/p4-build16-supplemental-02/proof/artifacts/0035-PL003-unreadable-active-sibling-b.rc
 create mode 100644 docs/qa-logs/2026-10-07-pixelelated-replacement-16/p4-build16-supplemental-02/proof/artifacts/0036-PL003-unreadable-active-sibling-b.log
 create mode 100644 docs/qa-logs/2026-10-07-pixelelated-replacement-16/p4-build16-supplemental-02/proof/artifacts/0036-PL003-unreadable-active-sibling-b.rc
 create mode 100644 docs/qa-logs/2026-10-07-pixelelated-replacement-16/p4-build16-supplemental-02/proof/artifacts/0037-PL003-unreadable-active-sibling-a.log
 create mode 100644 docs/qa-logs/2026-10-07-pixelelated-replacement-16/p4-build16-supplemental-02/proof/artifacts/0037-PL003-unreadable-active-sibling-a.rc
 create mode 100644 docs/qa-logs/2026-10-07-pixelelated-replacement-16/p4-build16-supplemental-02/proof/artifacts/0038-PL003-unreadable-active-sibling-b.log
 create mode 100644 docs/qa-logs/2026-10-07-pixelelated-replacement-16/p4-build16-supplemental-02/proof/artifacts/0038-PL003-unreadable-active-sibling-b.rc
 create mode 100644 docs/qa-logs/2026-10-07-pixelelated-replacement-16/p4-build16-supplemental-02/proof/artifacts/0039-PL003-unreadable-active-sibling-a.log
 create mode 100644 docs/qa-logs/2026-10-07-pixelelated-replacement-16/p4-build16-supplemental-02/proof/artifacts/0039-PL003-unreadable-active-sibling-a.rc
 create mode 100644 docs/qa-logs/2026-10-07-pixelelated-replacement-16/p4-build16-supplemental-02/proof/artifacts/0040-PL003-unreadable-active-sibling-a.log
 create mode 100644 docs/qa-logs/2026-10-07-pixelelated-replacement-16/p4-build16-supplemental-02/proof/artifacts/0040-PL003-unreadable-active-sibling-a.rc
 create mode 100644 docs/qa-logs/2026-10-07-pixelelated-replacement-16/p4-build16-supplemental-02/proof/artifacts/0041-PL003-unreadable-active-sibling-b.log
 create mode 100644 docs/qa-logs/2026-10-07-pixelelated-replacement-16/p4-build16-supplemental-02/proof/artifacts/0041-PL003-unreadable-active-sibling-b.rc
 create mode 100644 docs/qa-logs/2026-10-07-pixelelated-replacement-16/p4-build16-supplemental-02/proof/artifacts/0042-PL003-unreadable-active-sibling-a.log
 create mode 100644 docs/qa-logs/2026-10-07-pixelelated-replacement-16/p4-build16-supplemental-02/proof/artifacts/0042-PL003-unreadable-active-sibling-a.rc
 create mode 100644 docs/qa-logs/2026-10-07-pixelelated-replacement-16/p4-build16-supplemental-02/proof/artifacts/0043-PL003-unreadable-active-sibling-a.log
 create mode 100644 docs/qa-logs/2026-10-07-pixelelated-replacement-16/p4-build16-supplemental-02/proof/artifacts/0043-PL003-unreadable-active-sibling-a.rc
 create mode 100644 docs/qa-logs/2026-10-07-pixelelated-replacement-16/p4-build16-supplemental-02/proof/artifacts/0044-PL003-unreadable-active-sibling-b.log
 create mode 100644 docs/qa-logs/2026-10-07-pixelelated-replacement-16/p4-build16-supplemental-02/proof/artifacts/0044-PL003-unreadable-active-sibling-b.rc
 create mode 100644 docs/qa-logs/2026-10-07-pixelelated-replacement-16/p4-build16-supplemental-02/proof/artifacts/0045-PL003-unreadable-active-sibling-a.log
 create mode 100644 docs/qa-logs/2026-10-07-pixelelated-replacement-16/p4-build16-supplemental-02/proof/artifacts/0045-PL003-unreadable-active-sibling-a.rc
 create mode 100644 docs/qa-logs/2026-10-07-pixelelated-replacement-16/p4-build16-supplemental-02/proof/artifacts/0046-PL003-unreadable-active-sibling-a.log
 create mode 100644 docs/qa-logs/2026-10-07-pixelelated-replacement-16/p4-build16-supplemental-02/proof/artifacts/0046-PL003-unreadable-active-sibling-a.rc
 create mode 100644 docs/qa-logs/2026-10-07-pixelelated-replacement-16/p4-build16-supplemental-02/proof/artifacts/0047-PL003-unreadable-active-sibling-a.log
 create mode 100644 docs/qa-logs/2026-10-07-pixelelated-replacement-16/p4-build16-supplemental-02/proof/artifacts/0047-PL003-unreadable-active-sibling-a.rc
 create mode 100644 docs/qa-logs/2026-10-07-pixelelated-replacement-16/p4-build16-supplemental-02/proof/artifacts/0048-PL003-unreadable-active-sibling-a.log
 create mode 100644 docs/qa-logs/2026-10-07-pixelelated-replacement-16/p4-build16-supplemental-02/proof/artifacts/0048-PL003-unreadable-active-sibling-a.rc
 create mode 100644 docs/qa-logs/2026-10-07-pixelelated-replacement-16/p4-build16-supplemental-02/proof/artifacts/0049-PL003-unreadable-active-sibling-a.log
 create mode 100644 docs/qa-logs/2026-10-07-pixelelated-replacement-16/p4-build16-supplemental-02/proof/artifacts/0049-PL003-unreadable-active-sibling-a.rc
 create mode 100644 docs/qa-logs/2026-10-07-pixelelated-replacement-16/p4-build16-supplemental-02/proof/artifacts/0050-PL003-unreadable-active-sibling-b.log
 create mode 100644 docs/qa-logs/2026-10-07-pixelelated-replacement-16/p4-build16-supplemental-02/proof/artifacts/0050-PL003-unreadable-active-sibling-b.rc
 create mode 100644 docs/qa-logs/2026-10-07-pixelelated-replacement-16/p4-build16-supplemental-02/proof/artifacts/0051-PL003-unreadable-active-sibling-a.log
 create mode 100644 docs/qa-logs/2026-10-07-pixelelated-replacement-16/p4-build16-supplemental-02/proof/artifacts/0051-PL003-unreadable-active-sibling-a.rc
 create mode 100644 docs/qa-logs/2026-10-07-pixelelated-replacement-16/p4-build16-supplemental-02/proof/artifacts/0052-PL003-unreadable-active-sibling-a.log
 create mode 100644 docs/qa-logs/2026-10-07-pixelelated-replacement-16/p4-build16-supplemental-02/proof/artifacts/0052-PL003-unreadable-active-sibling-a.rc
 create mode 100644 docs/qa-logs/2026-10-07-pixelelated-replacement-16/p4-build16-supplemental-02/proof/artifacts/0053-PL003-unreadable-active-sibling-a.log
 create mode 100644 docs/qa-logs/2026-10-07-pixelelated-replacement-16/p4-build16-supplemental-02/proof/artifacts/0053-PL003-unreadable-active-sibling-a.rc
 create mode 100644 docs/qa-logs/2026-10-07-pixelelated-replacement-16/p4-build16-supplemental-02/proof/artifacts/0054-PL003-unreadable-active-sibling-a.log
 create mode 100644 docs/qa-logs/2026-10-07-pixelelated-replacement-16/p4-build16-supplemental-02/proof/artifacts/0054-PL003-unreadable-active-sibling-a.rc
 create mode 100644 docs/qa-logs/2026-10-07-pixelelated-replacement-16/p4-build16-supplemental-02/proof/artifacts/0055-PL003-unreadable-active-sibling-b.log
 create mode 100644 docs/qa-logs/2026-10-07-pixelelated-replacement-16/p4-build16-supplemental-02/proof/artifacts/0055-PL003-unreadable-active-sibling-b.rc
 create mode 100644 docs/qa-logs/2026-10-07-pixelelated-replacement-16/p4-build16-supplemental-02/proof/artifacts/0056-PL003-unreadable-active-sibling-a.log
 create mode 100644 docs/qa-logs/2026-10-07-pixelelated-replacement-16/p4-build16-supplemental-02/proof/artifacts/0056-PL003-unreadable-active-sibling-a.rc
 create mode 100644 docs/qa-logs/2026-10-07-pixelelated-replacement-16/p4-build16-supplemental-02/proof/artifacts/0057-PL003-unreadable-active-sibling-a.log
 create mode 100644 docs/qa-logs/2026-10-07-pixelelated-replacement-16/p4-build16-supplemental-02/proof/artifacts/0057-PL003-unreadable-active-sibling-a.rc
 create mode 100644 docs/qa-logs/2026-10-07-pixelelated-replacement-16/p4-build16-supplemental-02/proof/artifacts/0058-PL003-unreadable-active-sibling-a.log
 create mode 100644 docs/qa-logs/2026-10-07-pixelelated-replacement-16/p4-build16-supplemental-02/proof/artifacts/0058-PL003-unreadable-active-sibling-a.rc
 create mode 100644 docs/qa-logs/2026-10-07-pixelelated-replacement-16/p4-build16-supplemental-02/proof/artifacts/0059-PL003-unreadable-active-sibling-a.log
 create mode 100644 docs/qa-logs/2026-10-07-pixelelated-replacement-16/p4-build16-supplemental-02/proof/artifacts/0059-PL003-unreadable-active-sibling-a.rc
 create mode 100644 docs/qa-logs/2026-10-07-pixelelated-replacement-16/p4-build16-supplemental-02/proof/artifacts/0060-PL003-unreadable-active-sibling-b.log
 create mode 100644 docs/qa-logs/2026-10-07-pixelelated-replacement-16/p4-build16-supplemental-02/proof/artifacts/0060-PL003-unreadable-active-sibling-b.rc
 create mode 100644 docs/qa-logs/2026-10-07-pixelelated-replacement-16/p4-build16-supplemental-02/proof/artifacts/0061-PL003-unreadable-active-sibling-a.log
 create mode 100644 docs/qa-logs/2026-10-07-pixelelated-replacement-16/p4-build16-supplemental-02/proof/artifacts/0061-PL003-unreadable-active-sibling-a.rc
 create mode 100644 docs/qa-logs/2026-10-07-pixelelated-replacement-16/p4-build16-supplemental-02/proof/artifacts/0062-PL003-unreadable-active-sibling-a.log
 create mode 100644 docs/qa-logs/2026-10-07-pixelelated-replacement-16/p4-build16-supplemental-02/proof/artifacts/0062-PL003-unreadable-active-sibling-a.rc
 create mode 100644 docs/qa-logs/2026-10-07-pixelelated-replacement-16/p4-build16-supplemental-02/proof/artifacts/0063-PL003-unreadable-active-sibling-a.log
 create mode 100644 docs/qa-logs/2026-10-07-pixelelated-replacement-16/p4-build16-supplemental-02/proof/artifacts/0063-PL003-unreadable-active-sibling-a.rc
 create mode 100644 docs/qa-logs/2026-10-07-pixelelated-replacement-16/p4-build16-supplemental-02/proof/artifacts/0064-PL003-unreadable-active-sibling-a.log
 create mode 100644 docs/qa-logs/2026-10-07-pixelelated-replacement-16/p4-build16-supplemental-02/proof/artifacts/0064-PL003-unreadable-active-sibling-a.rc
 create mode 100644 docs/qa-logs/2026-10-07-pixelelated-replacement-16/p4-build16-supplemental-02/proof/artifacts/0065-PL003-unreadable-active-sibling-a.log
 create mode 100644 docs/qa-logs/2026-10-07-pixelelated-replacement-16/p4-build16-supplemental-02/proof/artifacts/0065-PL003-unreadable-active-sibling-a.rc
 create mode 100644 docs/qa-logs/2026-10-07-pixelelated-replacement-16/p4-build16-supplemental-02/proof/artifacts/0066-PL003-unreadable-active-sibling-b.log
 create mode 100644 docs/qa-logs/2026-10-07-pixelelated-replacement-16/p4-build16-supplemental-02/proof/artifacts/0066-PL003-unreadable-active-sibling-b.rc
 create mode 100644 docs/qa-logs/2026-10-07-pixelelated-replacement-16/p4-build16-supplemental-02/proof/artifacts/0067-PL003-unreadable-active-sibling-a.log
 create mode 100644 docs/qa-logs/2026-10-07-pixelelated-replacement-16/p4-build16-supplemental-02/proof/artifacts/0067-PL003-unreadable-active-sibling-a.rc
 create mode 100644 docs/qa-logs/2026-10-07-pixelelated-replacement-16/p4-build16-supplemental-02/proof/artifacts/0068-PL003-unreadable-active-sibling-a.log
 create mode 100644 docs/qa-logs/2026-10-07-pixelelated-replacement-16/p4-build16-supplemental-02/proof/artifacts/0068-PL003-unreadable-active-sibling-a.rc
 create mode 100644 docs/qa-logs/2026-10-07-pixelelated-replacement-16/p4-build16-supplemental-02/proof/artifacts/0069-PL003-unreadable-active-sibling-a.log
 create mode 100644 docs/qa-logs/2026-10-07-pixelelated-replacement-16/p4-build16-supplemental-02/proof/artifacts/0069-PL003-unreadable-active-sibling-a.rc
 create mode 100644 docs/qa-logs/2026-10-07-pixelelated-replacement-16/p4-build16-supplemental-02/proof/artifacts/0070-PL003-unreadable-active-sibling-a.log
 create mode 100644 docs/qa-logs/2026-10-07-pixelelated-replacement-16/p4-build16-supplemental-02/proof/artifacts/0070-PL003-unreadable-active-sibling-a.rc
 create mode 100644 docs/qa-logs/2026-10-07-pixelelated-replacement-16/p4-build16-supplemental-02/proof/artifacts/0071-PL003-unreadable-active-sibling-b.log
 create mode 100644 docs/qa-logs/2026-10-07-pixelelated-replacement-16/p4-build16-supplemental-02/proof/artifacts/0071-PL003-unreadable-active-sibling-b.rc
 create mode 100644 docs/qa-logs/2026-10-07-pixelelated-replacement-16/p4-build16-supplemental-02/proof/artifacts/0072-PL005-record-write-retry-a.log
 create mode 100644 docs/qa-logs/2026-10-07-pixelelated-replacement-16/p4-build16-supplemental-02/proof/artifacts/0072-PL005-record-write-retry-a.rc
 create mode 100644 docs/qa-logs/2026-10-07-pixelelated-replacement-16/p4-build16-supplemental-02/proof/artifacts/0073-PL005-record-write-retry-a.log
 create mode 100644 docs/qa-logs/2026-10-07-pixelelated-replacement-16/p4-build16-supplemental-02/proof/artifacts/0073-PL005-record-write-retry-a.rc
 create mode 100644 docs/qa-logs/2026-10-07-pixelelated-replacement-16/p4-build16-supplemental-02/proof/artifacts/0074-PL005-record-write-retry-a.log
 create mode 100644 docs/qa-logs/2026-10-07-pixelelated-replacement-16/p4-build16-supplemental-02/proof/artifacts/0074-PL005-record-write-retry-a.rc
 create mode 100644 docs/qa-logs/2026-10-07-pixelelated-replacement-16/p4-build16-supplemental-02/proof/artifacts/0075-PL005-record-write-retry-b.log
 create mode 100644 docs/qa-logs/2026-10-07-pixelelated-replacement-16/p4-build16-supplemental-02/proof/artifacts/0075-PL005-record-write-retry-b.rc
 create mode 100644 docs/qa-logs/2026-10-07-pixelelated-replacement-16/p4-build16-supplemental-02/proof/artifacts/0076-PL005-record-write-retry-b.log
 create mode 100644 docs/qa-logs/2026-10-07-pixelelated-replacement-16/p4-build16-supplemental-02/proof/artifacts/0076-PL005-record-write-retry-b.rc
 create mode 100644 docs/qa-logs/2026-10-07-pixelelated-replacement-16/p4-build16-supplemental-02/proof/artifacts/0077-PL005-record-write-retry-b.log
 create mode 100644 docs/qa-logs/2026-10-07-pixelelated-replacement-16/p4-build16-supplemental-02/proof/artifacts/0077-PL005-record-write-retry-b.rc
 create mode 100644 docs/qa-logs/2026-10-07-pixelelated-replacement-16/p4-build16-supplemental-02/proof/artifacts/0078-PL005-record-write-retry-a.log
 create mode 100644 docs/qa-logs/2026-10-07-pixelelated-replacement-16/p4-build16-supplemental-02/proof/artifacts/0078-PL005-record-write-retry-a.rc
 create mode 100644 docs/qa-logs/2026-10-07-pixelelated-replacement-16/p4-build16-supplemental-02/proof/artifacts/0079-PL005-record-write-retry-a.log
 create mode 100644 docs/qa-logs/2026-10-07-pixelelated-replacement-16/p4-build16-supplemental-02/proof/artifacts/0079-PL005-record-write-retry-a.rc
 create mode 100644 docs/qa-logs/2026-10-07-pixelelated-replacement-16/p4-build16-supplemental-02/proof/artifacts/0080-PL005-record-write-retry-b.log
 create mode 100644 docs/qa-logs/2026-10-07-pixelelated-replacement-16/p4-build16-supplemental-02/proof/artifacts/0080-PL005-record-write-retry-b.rc
 create mode 100644 docs/qa-logs/2026-10-07-pixelelated-replacement-16/p4-build16-supplemental-02/proof/artifacts/0081-PL005-record-write-retry-b.log
 create mode 100644 docs/qa-logs/2026-10-07-pixelelated-replacement-16/p4-build16-supplemental-02/proof/artifacts/0081-PL005-record-write-retry-b.rc
 create mode 100644 docs/qa-logs/2026-10-07-pixelelated-replacement-16/p4-build16-supplemental-02/proof/artifacts/0082-PL005-record-write-retry-a.log
 create mode 100644 docs/qa-logs/2026-10-07-pixelelated-replacement-16/p4-build16-supplemental-02/proof/artifacts/0082-PL005-record-write-retry-a.rc
 create mode 100644 docs/qa-logs/2026-10-07-pixelelated-replacement-16/p4-build16-supplemental-02/proof/artifacts/0083-PL005-record-write-retry-b.log
 create mode 100644 docs/qa-logs/2026-10-07-pixelelated-replacement-16/p4-build16-supplemental-02/proof/artifacts/0083-PL005-record-write-retry-b.rc
 create mode 100644 docs/qa-logs/2026-10-07-pixelelated-replacement-16/p4-build16-supplemental-02/proof/artifacts/0084-PL005-record-write-retry-a.log
 create mode 100644 docs/qa-logs/2026-10-07-pixelelated-replacement-16/p4-build16-supplemental-02/proof/artifacts/0084-PL005-record-write-retry-a.rc
 create mode 100644 docs/qa-logs/2026-10-07-pixelelated-replacement-16/p4-build16-supplemental-02/proof/artifacts/0085-PL005-record-write-retry-a.log
 create mode 100644 docs/qa-logs/2026-10-07-pixelelated-replacement-16/p4-build16-supplemental-02/proof/artifacts/0085-PL005-record-write-retry-a.rc
 create mode 100644 docs/qa-logs/2026-10-07-pixelelated-replacement-16/p4-build16-supplemental-02/proof/artifacts/0086-PL005-record-write-retry-a.log
 create mode 100644 docs/qa-logs/2026-10-07-pixelelated-replacement-16/p4-build16-supplemental-02/proof/artifacts/0086-PL005-record-write-retry-a.rc
 create mode 100644 docs/qa-logs/2026-10-07-pixelelated-replacement-16/p4-build16-supplemental-02/proof/artifacts/0087-PL005-record-write-retry-a.log
 create mode 100644 docs/qa-logs/2026-10-07-pixelelated-replacement-16/p4-build16-supplemental-02/proof/artifacts/0087-PL005-record-write-retry-a.rc
 create mode 100644 docs/qa-logs/2026-10-07-pixelelated-replacement-16/p4-build16-supplemental-02/proof/artifacts/0088-PL005-record-write-retry-a.log
 create mode 100644 docs/qa-logs/2026-10-07-pixelelated-replacement-16/p4-build16-supplemental-02/proof/artifacts/0088-PL005-record-write-retry-a.rc
 create mode 100644 docs/qa-logs/2026-10-07-pixelelated-replacement-16/p4-build16-supplemental-02/proof/artifacts/0089-PL005-record-write-retry-a.log
 create mode 100644 docs/qa-logs/2026-10-07-pixelelated-replacement-16/p4-build16-supplemental-02/proof/artifacts/0089-PL005-record-write-retry-a.rc
 create mode 100644 docs/qa-logs/2026-10-07-pixelelated-replacement-16/p4-build16-supplemental-02/proof/artifacts/0090-PL005-record-write-retry-a.log
 create mode 100644 docs/qa-logs/2026-10-07-pixelelated-replacement-16/p4-build16-supplemental-02/proof/artifacts/0090-PL005-record-write-retry-a.rc
 create mode 100644 docs/qa-logs/2026-10-07-pixelelated-replacement-16/p4-build16-supplemental-02/proof/artifacts/0091-PL005-record-write-retry-a.log
 create mode 100644 docs/qa-logs/2026-10-07-pixelelated-replacement-16/p4-build16-supplemental-02/proof/artifacts/0091-PL005-record-write-retry-a.rc
 create mode 100644 docs/qa-logs/2026-10-07-pixelelated-replacement-16/p4-build16-supplemental-02/proof/artifacts/0092-PL005-marker-write-retry-a.log
 create mode 100644 docs/qa-logs/2026-10-07-pixelelated-replacement-16/p4-build16-supplemental-02/proof/artifacts/0092-PL005-marker-write-retry-a.rc
 create mode 100644 docs/qa-logs/2026-10-07-pixelelated-replacement-16/p4-build16-supplemental-02/proof/artifacts/0093-PL005-marker-write-retry-a.log
 create mode 100644 docs/qa-logs/2026-10-07-pixelelated-replacement-16/p4-build16-supplemental-02/proof/artifacts/0093-PL005-marker-write-retry-a.rc
 create mode 100644 docs/qa-logs/2026-10-07-pixelelated-replacement-16/p4-build16-supplemental-02/proof/artifacts/0094-PL005-marker-write-retry-a.log
 create mode 100644 docs/qa-logs/2026-10-07-pixelelated-replacement-16/p4-build16-supplemental-02/proof/artifacts/0094-PL005-marker-write-retry-a.rc
 create mode 100644 docs/qa-logs/2026-10-07-pixelelated-replacement-16/p4-build16-supplemental-02/proof/artifacts/0095-PL005-marker-write-retry-b.log
 create mode 100644 docs/qa-logs/2026-10-07-pixelelated-replacement-16/p4-build16-supplemental-02/proof/artifacts/0095-PL005-marker-write-retry-b.rc
 create mode 100644 docs/qa-logs/2026-10-07-pixelelated-replacement-16/p4-build16-supplemental-02/proof/artifacts/0096-PL005-marker-write-retry-b.log
 create mode 100644 docs/qa-logs/2026-10-07-pixelelated-replacement-16/p4-build16-supplemental-02/proof/artifacts/0096-PL005-marker-write-retry-b.rc
 create mode 100644 docs/qa-logs/2026-10-07-pixelelated-replacement-16/p4-build16-supplemental-02/proof/artifacts/0097-PL005-marker-write-retry-b.log
 create mode 100644 docs/qa-logs/2026-10-07-pixelelated-replacement-16/p4-build16-supplemental-02/proof/artifacts/0097-PL005-marker-write-retry-b.rc
 create mode 100644 docs/qa-logs/2026-10-07-pixelelated-replacement-16/p4-build16-supplemental-02/proof/artifacts/0098-PL005-marker-write-retry-a.log
 create mode 100644 docs/qa-logs/2026-10-07-pixelelated-replacement-16/p4-build16-supplemental-02/proof/artifacts/0098-PL005-marker-write-retry-a.rc
 create mode 100644 docs/qa-logs/2026-10-07-pixelelated-replacement-16/p4-build16-supplemental-02/proof/artifacts/0099-PL005-marker-write-retry-a.log
 create mode 100644 docs/qa-logs/2026-10-07-pixelelated-replacement-16/p4-build16-supplemental-02/proof/artifacts/0099-PL005-marker-write-retry-a.rc
 create mode 100644 docs/qa-logs/2026-10-07-pixelelated-replacement-16/p4-build16-supplemental-02/proof/artifacts/0100-PL005-marker-write-retry-b.log
 create mode 100644 docs/qa-logs/2026-10-07-pixelelated-replacement-16/p4-build16-supplemental-02/proof/artifacts/0100-PL005-marker-write-retry-b.rc
 create mode 100644 docs/qa-logs/2026-10-07-pixelelated-replacement-16/p4-build16-supplemental-02/proof/artifacts/0101-PL005-marker-write-retry-b.log
 create mode 100644 docs/qa-logs/2026-10-07-pixelelated-replacement-16/p4-build16-supplemental-02/proof/artifacts/0101-PL005-marker-write-retry-b.rc
 create mode 100644 docs/qa-logs/2026-10-07-pixelelated-replacement-16/p4-build16-supplemental-02/proof/artifacts/0102-PL005-marker-write-retry-a.log
 create mode 100644 docs/qa-logs/2026-10-07-pixelelated-replacement-16/p4-build16-supplemental-02/proof/artifacts/0102-PL005-marker-write-retry-a.rc
 create mode 100644 docs/qa-logs/2026-10-07-pixelelated-replacement-16/p4-build16-supplemental-02/proof/artifacts/0103-PL005-marker-write-retry-b.log
 create mode 100644 docs/qa-logs/2026-10-07-pixelelated-replacement-16/p4-build16-supplemental-02/proof/artifacts/0103-PL005-marker-write-retry-b.rc
 create mode 100644 docs/qa-logs/2026-10-07-pixelelated-replacement-16/p4-build16-supplemental-02/proof/artifacts/0104-PL005-marker-write-retry-a.log
 create mode 100644 docs/qa-logs/2026-10-07-pixelelated-replacement-16/p4-build16-supplemental-02/proof/artifacts/0104-PL005-marker-write-retry-a.rc
 create mode 100644 docs/qa-logs/2026-10-07-pixelelated-replacement-16/p4-build16-supplemental-02/proof/artifacts/0105-PL005-marker-write-retry-a.log
 create mode 100644 docs/qa-logs/2026-10-07-pixelelated-replacement-16/p4-build16-supplemental-02/proof/artifacts/0105-PL005-marker-write-retry-a.rc
 create mode 100644 docs/qa-logs/2026-10-07-pixelelated-replacement-16/p4-build16-supplemental-02/proof/artifacts/0106-PL005-marker-write-retry-a.log
 create mode 100644 docs/qa-logs/2026-10-07-pixelelated-replacement-16/p4-build16-supplemental-02/proof/artifacts/0106-PL005-marker-write-retry-a.rc
 create mode 100644 docs/qa-logs/2026-10-07-pixelelated-replacement-16/p4-build16-supplemental-02/proof/artifacts/0107-PL005-marker-write-retry-a.log
 create mode 100644 docs/qa-logs/2026-10-07-pixelelated-replacement-16/p4-build16-supplemental-02/proof/artifacts/0107-PL005-marker-write-retry-a.rc
 create mode 100644 docs/qa-logs/2026-10-07-pixelelated-replacement-16/p4-build16-supplemental-02/proof/artifacts/0108-PL005-marker-write-retry-a.log
 create mode 100644 docs/qa-logs/2026-10-07-pixelelated-replacement-16/p4-build16-supplemental-02/proof/artifacts/0108-PL005-marker-write-retry-a.rc
 create mode 100644 docs/qa-logs/2026-10-07-pixelelated-replacement-16/p4-build16-supplemental-02/proof/artifacts/0109-PL005-real-closed-endpoint-a.log
 create mode 100644 docs/qa-logs/2026-10-07-pixelelated-replacement-16/p4-build16-supplemental-02/proof/artifacts/0109-PL005-real-closed-endpoint-a.rc
 create mode 100644 docs/qa-logs/2026-10-07-pixelelated-replacement-16/p4-build16-supplemental-02/proof/artifacts/0110-PL005-real-closed-endpoint-a.log
 create mode 100644 docs/qa-logs/2026-10-07-pixelelated-replacement-16/p4-build16-supplemental-02/proof/artifacts/0110-PL005-real-closed-endpoint-a.rc
 create mode 100644 docs/qa-logs/2026-10-07-pixelelated-replacement-16/p4-build16-supplemental-02/proof/artifacts/0111-PL005-real-closed-endpoint-a.log
 create mode 100644 docs/qa-logs/2026-10-07-pixelelated-replacement-16/p4-build16-supplemental-02/proof/artifacts/0111-PL005-real-closed-endpoint-a.rc
 create mode 100644 docs/qa-logs/2026-10-07-pixelelated-replacement-16/p4-build16-supplemental-02/proof/artifacts/0112-PL005-real-closed-endpoint-b.log
 create mode 100644 docs/qa-logs/2026-10-07-pixelelated-replacement-16/p4-build16-supplemental-02/proof/artifacts/0112-PL005-real-closed-endpoint-b.rc
 create mode 100644 docs/qa-logs/2026-10-07-pixelelated-replacement-16/p4-build16-supplemental-02/proof/artifacts/0113-PL005-real-closed-endpoint-b.log
 create mode 100644 docs/qa-logs/2026-10-07-pixelelated-replacement-16/p4-build16-supplemental-02/proof/artifacts/0113-PL005-real-closed-endpoint-b.rc
 create mode 100644 docs/qa-logs/2026-10-07-pixelelated-replacement-16/p4-build16-supplemental-02/proof/artifacts/0114-PL005-real-closed-endpoint-b.log
 create mode 100644 docs/qa-logs/2026-10-07-pixelelated-replacement-16/p4-build16-supplemental-02/proof/artifacts/0114-PL005-real-closed-endpoint-b.rc
 create mode 100644 docs/qa-logs/2026-10-07-pixelelated-replacement-16/p4-build16-supplemental-02/proof/artifacts/0115-PL005-real-closed-endpoint-a.log
 create mode 100644 docs/qa-logs/2026-10-07-pixelelated-replacement-16/p4-build16-supplemental-02/proof/artifacts/0115-PL005-real-closed-endpoint-a.rc
 create mode 100644 docs/qa-logs/2026-10-07-pixelelated-replacement-16/p4-build16-supplemental-02/proof/artifacts/0116-PL005-real-closed-endpoint-a.log
 create mode 100644 docs/qa-logs/2026-10-07-pixelelated-replacement-16/p4-build16-supplemental-02/proof/artifacts/0116-PL005-real-closed-endpoint-a.rc
 create mode 100644 docs/qa-logs/2026-10-07-pixelelated-replacement-16/p4-build16-supplemental-02/proof/artifacts/0117-PL005-real-closed-endpoint-b.log
 create mode 100644 docs/qa-logs/2026-10-07-pixelelated-replacement-16/p4-build16-supplemental-02/proof/artifacts/0117-PL005-real-closed-endpoint-b.rc
 create mode 100644 docs/qa-logs/2026-10-07-pixelelated-replacement-16/p4-build16-supplemental-02/proof/artifacts/0118-PL005-real-closed-endpoint-b.log
 create mode 100644 docs/qa-logs/2026-10-07-pixelelated-replacement-16/p4-build16-supplemental-02/proof/artifacts/0118-PL005-real-closed-endpoint-b.rc
 create mode 100644 docs/qa-logs/2026-10-07-pixelelated-replacement-16/p4-build16-supplemental-02/proof/artifacts/0119-PL005-real-closed-endpoint-a.log
 create mode 100644 docs/qa-logs/2026-10-07-pixelelated-replacement-16/p4-build16-supplemental-02/proof/artifacts/0119-PL005-real-closed-endpoint-a.rc
 create mode 100644 docs/qa-logs/2026-10-07-pixelelated-replacement-16/p4-build16-supplemental-02/proof/artifacts/0120-PL005-real-closed-endpoint-b.log
 create mode 100644 docs/qa-logs/2026-10-07-pixelelated-replacement-16/p4-build16-supplemental-02/proof/artifacts/0120-PL005-real-closed-endpoint-b.rc
 create mode 100644 docs/qa-logs/2026-10-07-pixelelated-replacement-16/p4-build16-supplemental-02/proof/artifacts/0121-PL005-real-closed-endpoint-a.log
 create mode 100644 docs/qa-logs/2026-10-07-pixelelated-replacement-16/p4-build16-supplemental-02/proof/artifacts/0121-PL005-real-closed-endpoint-a.rc
 create mode 100644 docs/qa-logs/2026-10-07-pixelelated-replacement-16/p4-build16-supplemental-02/proof/artifacts/0122-PL005-real-closed-endpoint-a.log
 create mode 100644 docs/qa-logs/2026-10-07-pixelelated-replacement-16/p4-build16-supplemental-02/proof/artifacts/0122-PL005-real-closed-endpoint-a.rc
 create mode 100644 docs/qa-logs/2026-10-07-pixelelated-replacement-16/p4-build16-supplemental-02/proof/artifacts/0123-PL005-real-closed-endpoint-a.log
 create mode 100644 docs/qa-logs/2026-10-07-pixelelated-replacement-16/p4-build16-supplemental-02/proof/artifacts/0123-PL005-real-closed-endpoint-a.rc
 create mode 100644 docs/qa-logs/2026-10-07-pixelelated-replacement-16/p4-build16-supplemental-02/proof/artifacts/0124-PL005-real-closed-endpoint-a.log
 create mode 100644 docs/qa-logs/2026-10-07-pixelelated-replacement-16/p4-build16-supplemental-02/proof/artifacts/0124-PL005-real-closed-endpoint-a.rc
 create mode 100644 docs/qa-logs/2026-10-07-pixelelated-replacement-16/p4-build16-supplemental-02/proof/artifacts/0125-PL005-real-closed-endpoint-a.log
 create mode 100644 docs/qa-logs/2026-10-07-pixelelated-replacement-16/p4-build16-supplemental-02/proof/artifacts/0125-PL005-real-closed-endpoint-a.rc
 create mode 100644 docs/qa-logs/2026-10-07-pixelelated-replacement-16/p4-build16-supplemental-02/proof/artifacts/0126-PL005-real-closed-endpoint-a.log
 create mode 100644 docs/qa-logs/2026-10-07-pixelelated-replacement-16/p4-build16-supplemental-02/proof/artifacts/0126-PL005-real-closed-endpoint-a.rc
 create mode 100644 docs/qa-logs/2026-10-07-pixelelated-replacement-16/p4-build16-supplemental-02/proof/artifacts/0127-PL005-real-closed-endpoint-a.log
 create mode 100644 docs/qa-logs/2026-10-07-pixelelated-replacement-16/p4-build16-supplemental-02/proof/artifacts/0127-PL005-real-closed-endpoint-a.rc
 create mode 100644 docs/qa-logs/2026-10-07-pixelelated-replacement-16/p4-build16-supplemental-02/proof/artifacts/0128-PL005-real-closed-endpoint-a.log
 create mode 100644 docs/qa-logs/2026-10-07-pixelelated-replacement-16/p4-build16-supplemental-02/proof/artifacts/0128-PL005-real-closed-endpoint-a.rc
 create mode 100644 docs/qa-logs/2026-10-07-pixelelated-replacement-16/p4-build16-supplemental-02/proof/artifacts/0129-PL002-already-written-join-a.log
 create mode 100644 docs/qa-logs/2026-10-07-pixelelated-replacement-16/p4-build16-supplemental-02/proof/artifacts/0129-PL002-already-written-join-a.rc
 create mode 100644 docs/qa-logs/2026-10-07-pixelelated-replacement-16/p4-build16-supplemental-02/proof/artifacts/0130-PL002-already-written-join-a.log
 create mode 100644 docs/qa-logs/2026-10-07-pixelelated-replacement-16/p4-build16-supplemental-02/proof/artifacts/0130-PL002-already-written-join-a.rc
 create mode 100644 docs/qa-logs/2026-10-07-pixelelated-replacement-16/p4-build16-supplemental-02/proof/artifacts/0131-PL002-already-written-join-a.log
 create mode 100644 docs/qa-logs/2026-10-07-pixelelated-replacement-16/p4-build16-supplemental-02/proof/artifacts/0131-PL002-already-written-join-a.rc
 create mode 100644 docs/qa-logs/2026-10-07-pixelelated-replacement-16/p4-build16-supplemental-02/proof/artifacts/0132-PL002-already-written-join-b.log
 create mode 100644 docs/qa-logs/2026-10-07-pixelelated-replacement-16/p4-build16-supplemental-02/proof/artifacts/0132-PL002-already-written-join-b.rc
 create mode 100644 docs/qa-logs/2026-10-07-pixelelated-replacement-16/p4-build16-supplemental-02/proof/artifacts/0133-PL002-already-written-join-b.log
 create mode 100644 docs/qa-logs/2026-10-07-pixelelated-replacement-16/p4-build16-supplemental-02/proof/artifacts/0133-PL002-already-written-join-b.rc
 create mode 100644 docs/qa-logs/2026-10-07-pixelelated-replacement-16/p4-build16-supplemental-02/proof/artifacts/0134-PL002-already-written-join-b.log
 create mode 100644 docs/qa-logs/2026-10-07-pixelelated-replacement-16/p4-build16-supplemental-02/proof/artifacts/0134-PL002-already-written-join-b.rc
 create mode 100644 docs/qa-logs/2026-10-07-pixelelated-replacement-16/p4-build16-supplemental-02/proof/artifacts/0135-PL002-already-written-join-a.log
 create mode 100644 docs/qa-logs/2026-10-07-pixelelated-replacement-16/p4-build16-supplemental-02/proof/artifacts/0135-PL002-already-written-join-a.rc
 create mode 100644 docs/qa-logs/2026-10-07-pixelelated-replacement-16/p4-build16-supplemental-02/proof/artifacts/0136-PL002-already-written-join-a.log
 create mode 100644 docs/qa-logs/2026-10-07-pixelelated-replacement-16/p4-build16-supplemental-02/proof/artifacts/0136-PL002-already-written-join-a.rc
 create mode 100644 docs/qa-logs/2026-10-07-pixelelated-replacement-16/p4-build16-supplemental-02/proof/artifacts/0137-PL002-already-written-join-b.log
 create mode 100644 docs/qa-logs/2026-10-07-pixelelated-replacement-16/p4-build16-supplemental-02/proof/artifacts/0137-PL002-already-written-join-b.rc
 create mode 100644 docs/qa-logs/2026-10-07-pixelelated-replacement-16/p4-build16-supplemental-02/proof/artifacts/0138-PL002-already-written-join-b.log
 create mode 100644 docs/qa-logs/2026-10-07-pixelelated-replacement-16/p4-build16-supplemental-02/proof/artifacts/0138-PL002-already-written-join-b.rc
 create mode 100644 docs/qa-logs/2026-10-07-pixelelated-replacement-16/p4-build16-supplemental-02/proof/artifacts/0139-PL002-already-written-join-a.log
 create mode 100644 docs/qa-logs/2026-10-07-pixelelated-replacement-16/p4-build16-supplemental-02/proof/artifacts/0139-PL002-already-written-join-a.rc
 create mode 100644 docs/qa-logs/2026-10-07-pixelelated-replacement-16/p4-build16-supplemental-02/proof/artifacts/0140-PL002-already-written-join-b.log
 create mode 100644 docs/qa-logs/2026-10-07-pixelelated-replacement-16/p4-build16-supplemental-02/proof/artifacts/0140-PL002-already-written-join-b.rc
 create mode 100644 docs/qa-logs/2026-10-07-pixelelated-replacement-16/p4-build16-supplemental-02/proof/artifacts/0141-PL002-already-written-join-a.log
 create mode 100644 docs/qa-logs/2026-10-07-pixelelated-replacement-16/p4-build16-supplemental-02/proof/artifacts/0141-PL002-already-written-join-a.rc
 create mode 100644 docs/qa-logs/2026-10-07-pixelelated-replacement-16/p4-build16-supplemental-02/proof/artifacts/0142-PL002-already-written-join-a.log
 create mode 100644 docs/qa-logs/2026-10-07-pixelelated-replacement-16/p4-build16-supplemental-02/proof/artifacts/0142-PL002-already-written-join-a.rc
 create mode 100644 docs/qa-logs/2026-10-07-pixelelated-replacement-16/p4-build16-supplemental-02/proof/artifacts/0143-PL002-already-written-join-a.log
 create mode 100644 docs/qa-logs/2026-10-07-pixelelated-replacement-16/p4-build16-supplemental-02/proof/artifacts/0143-PL002-already-written-join-a.rc
 create mode 100644 docs/qa-logs/2026-10-07-pixelelated-replacement-16/p4-build16-supplemental-02/proof/artifacts/0144-PL002-already-written-join-a.log
 create mode 100644 docs/qa-logs/2026-10-07-pixelelated-replacement-16/p4-build16-supplemental-02/proof/artifacts/0144-PL002-already-written-join-a.rc
 create mode 100644 docs/qa-logs/2026-10-07-pixelelated-replacement-16/p4-build16-supplemental-02/proof/artifacts/0145-PL002-already-written-join-a.log
 create mode 100644 docs/qa-logs/2026-10-07-pixelelated-replacement-16/p4-build16-supplemental-02/proof/artifacts/0145-PL002-already-written-join-a.rc
 create mode 100644 docs/qa-logs/2026-10-07-pixelelated-replacement-16/p4-build16-supplemental-02/proof/artifacts/0146-PL002-already-written-join-a.log
 create mode 100644 docs/qa-logs/2026-10-07-pixelelated-replacement-16/p4-build16-supplemental-02/proof/artifacts/0146-PL002-already-written-join-a.rc
 create mode 100644 docs/qa-logs/2026-10-07-pixelelated-replacement-16/p4-build16-supplemental-02/proof/artifacts/0147-PL002-already-written-join-a.log
 create mode 100644 docs/qa-logs/2026-10-07-pixelelated-replacement-16/p4-build16-supplemental-02/proof/artifacts/0147-PL002-already-written-join-a.rc
 create mode 100644 docs/qa-logs/2026-10-07-pixelelated-replacement-16/p4-build16-supplemental-02/proof/artifacts/0148-PL002-already-written-join-a.log
 create mode 100644 docs/qa-logs/2026-10-07-pixelelated-replacement-16/p4-build16-supplemental-02/proof/artifacts/0148-PL002-already-written-join-a.rc
 create mode 100644 docs/qa-logs/2026-10-07-pixelelated-replacement-16/p4-build16-supplemental-02/proof/artifacts/0149-PL002-already-written-join-a.log
 create mode 100644 docs/qa-logs/2026-10-07-pixelelated-replacement-16/p4-build16-supplemental-02/proof/artifacts/0149-PL002-already-written-join-a.rc
 create mode 100644 docs/qa-logs/2026-10-07-pixelelated-replacement-16/p4-build16-supplemental-02/proof/artifacts/0150-PL002-already-written-join-a.log
 create mode 100644 docs/qa-logs/2026-10-07-pixelelated-replacement-16/p4-build16-supplemental-02/proof/artifacts/0150-PL002-already-written-join-a.rc
 create mode 100644 docs/qa-logs/2026-10-07-pixelelated-replacement-16/p4-build16-supplemental-02/proof/artifacts/0151-PL002-already-written-join-a.log
 create mode 100644 docs/qa-logs/2026-10-07-pixelelated-replacement-16/p4-build16-supplemental-02/proof/artifacts/0151-PL002-already-written-join-a.rc
 create mode 100644 docs/qa-logs/2026-10-07-pixelelated-replacement-16/p4-build16-supplemental-02/proof/artifacts/0152-PL002-already-written-join-a.log
 create mode 100644 docs/qa-logs/2026-10-07-pixelelated-replacement-16/p4-build16-supplemental-02/proof/artifacts/0152-PL002-already-written-join-a.rc
 create mode 100644 docs/qa-logs/2026-10-07-pixelelated-replacement-16/p4-build16-supplemental-02/proof/artifacts/0153-PL002-already-written-join-a.log
 create mode 100644 docs/qa-logs/2026-10-07-pixelelated-replacement-16/p4-build16-supplemental-02/proof/artifacts/0153-PL002-already-written-join-a.rc
 create mode 100644 docs/qa-logs/2026-10-07-pixelelated-replacement-16/p4-build16-supplemental-02/proof/artifacts/0154-PL002-already-written-join-a.log
 create mode 100644 docs/qa-logs/2026-10-07-pixelelated-replacement-16/p4-build16-supplemental-02/proof/artifacts/0154-PL002-already-written-join-a.rc
 create mode 100644 docs/qa-logs/2026-10-07-pixelelated-replacement-16/p4-build16-supplemental-02/proof/artifacts/0155-PL002-already-written-follow-a.log
 create mode 100644 docs/qa-logs/2026-10-07-pixelelated-replacement-16/p4-build16-supplemental-02/proof/artifacts/0155-PL002-already-written-follow-a.rc
 create mode 100644 docs/qa-logs/2026-10-07-pixelelated-replacement-16/p4-build16-supplemental-02/proof/artifacts/0156-PL002-already-written-follow-a.log
 create mode 100644 docs/qa-logs/2026-10-07-pixelelated-replacement-16/p4-build16-supplemental-02/proof/artifacts/0156-PL002-already-written-follow-a.rc
 create mode 100644 docs/qa-logs/2026-10-07-pixelelated-replacement-16/p4-build16-supplemental-02/proof/artifacts/0157-PL002-already-written-follow-a.log
 create mode 100644 docs/qa-logs/2026-10-07-pixelelated-replacement-16/p4-build16-supplemental-02/proof/artifacts/0157-PL002-already-written-follow-a.rc
 create mode 100644 docs/qa-logs/2026-10-07-pixelelated-replacement-16/p4-build16-supplemental-02/proof/artifacts/0158-PL002-already-written-follow-b.log
 create mode 100644 docs/qa-logs/2026-10-07-pixelelated-replacement-16/p4-build16-supplemental-02/proof/artifacts/0158-PL002-already-written-follow-b.rc
 create mode 100644 docs/qa-logs/2026-10-07-pixelelated-replacement-16/p4-build16-supplemental-02/proof/artifacts/0159-PL002-already-written-follow-b.log
 create mode 100644 docs/qa-logs/2026-10-07-pixelelated-replacement-16/p4-build16-supplemental-02/proof/artifacts/0159-PL002-already-written-follow-b.rc
 create mode 100644 docs/qa-logs/2026-10-07-pixelelated-replacement-16/p4-build16-supplemental-02/proof/artifacts/0160-PL002-already-written-follow-b.log
 create mode 100644 docs/qa-logs/2026-10-07-pixelelated-replacement-16/p4-build16-supplemental-02/proof/artifacts/0160-PL002-already-written-follow-b.rc
 create mode 100644 docs/qa-logs/2026-10-07-pixelelated-replacement-16/p4-build16-supplemental-02/proof/artifacts/0161-PL002-already-written-follow-a.log
 create mode 100644 docs/qa-logs/2026-10-07-pixelelated-replacement-16/p4-build16-supplemental-02/proof/artifacts/0161-PL002-already-written-follow-a.rc
 create mode 100644 docs/qa-logs/2026-10-07-pixelelated-replacement-16/p4-build16-supplemental-02/proof/artifacts/0162-PL002-already-written-follow-a.log
 create mode 100644 docs/qa-logs/2026-10-07-pixelelated-replacement-16/p4-build16-supplemental-02/proof/artifacts/0162-PL002-already-written-follow-a.rc
 create mode 100644 docs/qa-logs/2026-10-07-pixelelated-replacement-16/p4-build16-supplemental-02/proof/artifacts/0163-PL002-already-written-follow-b.log
 create mode 100644 docs/qa-logs/2026-10-07-pixelelated-replacement-16/p4-build16-supplemental-02/proof/artifacts/0163-PL002-already-written-follow-b.rc
 create mode 100644 docs/qa-logs/2026-10-07-pixelelated-replacement-16/p4-build16-supplemental-02/proof/artifacts/0164-PL002-already-written-follow-b.log
 create mode 100644 docs/qa-logs/2026-10-07-pixelelated-replacement-16/p4-build16-supplemental-02/proof/artifacts/0164-PL002-already-written-follow-b.rc
 create mode 100644 docs/qa-logs/2026-10-07-pixelelated-replacement-16/p4-build16-supplemental-02/proof/artifacts/0165-PL002-already-written-follow-a.log
 create mode 100644 docs/qa-logs/2026-10-07-pixelelated-replacement-16/p4-build16-supplemental-02/proof/artifacts/0165-PL002-already-written-follow-a.rc
 create mode 100644 docs/qa-logs/2026-10-07-pixelelated-replacement-16/p4-build16-supplemental-02/proof/artifacts/0166-PL002-already-written-follow-b.log
 create mode 100644 docs/qa-logs/2026-10-07-pixelelated-replacement-16/p4-build16-supplemental-02/proof/artifacts/0166-PL002-already-written-follow-b.rc
 create mode 100644 docs/qa-logs/2026-10-07-pixelelated-replacement-16/p4-build16-supplemental-02/proof/artifacts/0167-PL002-already-written-follow-a.log
 create mode 100644 docs/qa-logs/2026-10-07-pixelelated-replacement-16/p4-build16-supplemental-02/proof/artifacts/0167-PL002-already-written-follow-a.rc
 create mode 100644 docs/qa-logs/2026-10-07-pixelelated-replacement-16/p4-build16-supplemental-02/proof/artifacts/0168-PL002-already-written-follow-a.log
 create mode 100644 docs/qa-logs/2026-10-07-pixelelated-replacement-16/p4-build16-supplemental-02/proof/artifacts/0168-PL002-already-written-follow-a.rc
 create mode 100644 docs/qa-logs/2026-10-07-pixelelated-replacement-16/p4-build16-supplemental-02/proof/artifacts/0169-PL002-already-written-follow-a.log
 create mode 100644 docs/qa-logs/2026-10-07-pixelelated-replacement-16/p4-build16-supplemental-02/proof/artifacts/0169-PL002-already-written-follow-a.rc
 create mode 100644 docs/qa-logs/2026-10-07-pixelelated-replacement-16/p4-build16-supplemental-02/proof/artifacts/0170-PL002-already-written-follow-a.log
 create mode 100644 docs/qa-logs/2026-10-07-pixelelated-replacement-16/p4-build16-supplemental-02/proof/artifacts/0170-PL002-already-written-follow-a.rc
 create mode 100644 docs/qa-logs/2026-10-07-pixelelated-replacement-16/p4-build16-supplemental-02/proof/artifacts/0171-PL002-already-written-follow-a.log
 create mode 100644 docs/qa-logs/2026-10-07-pixelelated-replacement-16/p4-build16-supplemental-02/proof/artifacts/0171-PL002-already-written-follow-a.rc
 create mode 100644 docs/qa-logs/2026-10-07-pixelelated-replacement-16/p4-build16-supplemental-02/proof/artifacts/0172-PL002-already-written-follow-a.log
 create mode 100644 docs/qa-logs/2026-10-07-pixelelated-replacement-16/p4-build16-supplemental-02/proof/artifacts/0172-PL002-already-written-follow-a.rc
 create mode 100644 docs/qa-logs/2026-10-07-pixelelated-replacement-16/p4-build16-supplemental-02/proof/artifacts/0173-PL002-already-written-follow-a.log
 create mode 100644 docs/qa-logs/2026-10-07-pixelelated-replacement-16/p4-build16-supplemental-02/proof/artifacts/0173-PL002-already-written-follow-a.rc
 create mode 100644 docs/qa-logs/2026-10-07-pixelelated-replacement-16/p4-build16-supplemental-02/proof/artifacts/0174-PL002-already-written-follow-a.log
 create mode 100644 docs/qa-logs/2026-10-07-pixelelated-replacement-16/p4-build16-supplemental-02/proof/artifacts/0174-PL002-already-written-follow-a.rc
 create mode 100644 docs/qa-logs/2026-10-07-pixelelated-replacement-16/p4-build16-supplemental-02/proof/artifacts/0175-PL002-already-written-follow-a.log
 create mode 100644 docs/qa-logs/2026-10-07-pixelelated-replacement-16/p4-build16-supplemental-02/proof/artifacts/0175-PL002-already-written-follow-a.rc
 create mode 100644 docs/qa-logs/2026-10-07-pixelelated-replacement-16/p4-build16-supplemental-02/proof/artifacts/0176-PL002-already-written-follow-a.log
 create mode 100644 docs/qa-logs/2026-10-07-pixelelated-replacement-16/p4-build16-supplemental-02/proof/artifacts/0176-PL002-already-written-follow-a.rc
 create mode 100644 docs/qa-logs/2026-10-07-pixelelated-replacement-16/p4-build16-supplemental-02/proof/artifacts/0177-PL002-already-written-follow-a.log
 create mode 100644 docs/qa-logs/2026-10-07-pixelelated-replacement-16/p4-build16-supplemental-02/proof/artifacts/0177-PL002-already-written-follow-a.rc
 create mode 100644 docs/qa-logs/2026-10-07-pixelelated-replacement-16/p4-build16-supplemental-02/proof/artifacts/0178-PL002-already-written-follow-a.log
 create mode 100644 docs/qa-logs/2026-10-07-pixelelated-replacement-16/p4-build16-supplemental-02/proof/artifacts/0178-PL002-already-written-follow-a.rc
 create mode 100644 docs/qa-logs/2026-10-07-pixelelated-replacement-16/p4-build16-supplemental-02/proof/artifacts/0179-PL002-already-written-follow-a.log
 create mode 100644 docs/qa-logs/2026-10-07-pixelelated-replacement-16/p4-build16-supplemental-02/proof/artifacts/0179-PL002-already-written-follow-a.rc
 create mode 100644 docs/qa-logs/2026-10-07-pixelelated-replacement-16/p4-build16-supplemental-02/proof/artifacts/0180-PL002-already-written-follow-a.log
 create mode 100644 docs/qa-logs/2026-10-07-pixelelated-replacement-16/p4-build16-supplemental-02/proof/artifacts/0180-PL002-already-written-follow-a.rc
 create mode 100644 docs/qa-logs/2026-10-07-pixelelated-replacement-16/p4-build16-supplemental-02/proof/artifacts/0181-PL002-already-written-settle-a.log
 create mode 100644 docs/qa-logs/2026-10-07-pixelelated-replacement-16/p4-build16-supplemental-02/proof/artifacts/0181-PL002-already-written-settle-a.rc
 create mode 100644 docs/qa-logs/2026-10-07-pixelelated-replacement-16/p4-build16-supplemental-02/proof/artifacts/0182-PL002-already-written-settle-a.log
 create mode 100644 docs/qa-logs/2026-10-07-pixelelated-replacement-16/p4-build16-supplemental-02/proof/artifacts/0182-PL002-already-written-settle-a.rc
 create mode 100644 docs/qa-logs/2026-10-07-pixelelated-replacement-16/p4-build16-supplemental-02/proof/artifacts/0183-PL002-already-written-settle-a.log
 create mode 100644 docs/qa-logs/2026-10-07-pixelelated-replacement-16/p4-build16-supplemental-02/proof/artifacts/0183-PL002-already-written-settle-a.rc
 create mode 100644 docs/qa-logs/2026-10-07-pixelelated-replacement-16/p4-build16-supplemental-02/proof/artifacts/0184-PL002-already-written-settle-b.log
 create mode 100644 docs/qa-logs/2026-10-07-pixelelated-replacement-16/p4-build16-supplemental-02/proof/artifacts/0184-PL002-already-written-settle-b.rc
 create mode 100644 docs/qa-logs/2026-10-07-pixelelated-replacement-16/p4-build16-supplemental-02/proof/artifacts/0185-PL002-already-written-settle-b.log
 create mode 100644 docs/qa-logs/2026-10-07-pixelelated-replacement-16/p4-build16-supplemental-02/proof/artifacts/0185-PL002-already-written-settle-b.rc
 create mode 100644 docs/qa-logs/2026-10-07-pixelelated-replacement-16/p4-build16-supplemental-02/proof/artifacts/0186-PL002-already-written-settle-b.log
 create mode 100644 docs/qa-logs/2026-10-07-pixelelated-replacement-16/p4-build16-supplemental-02/proof/artifacts/0186-PL002-already-written-settle-b.rc
 create mode 100644 docs/qa-logs/2026-10-07-pixelelated-replacement-16/p4-build16-supplemental-02/proof/artifacts/0187-PL002-already-written-settle-a.log
 create mode 100644 docs/qa-logs/2026-10-07-pixelelated-replacement-16/p4-build16-supplemental-02/proof/artifacts/0187-PL002-already-written-settle-a.rc
 create mode 100644 docs/qa-logs/2026-10-07-pixelelated-replacement-16/p4-build16-supplemental-02/proof/artifacts/0188-PL002-already-written-settle-a.log
 create mode 100644 docs/qa-logs/2026-10-07-pixelelated-replacement-16/p4-build16-supplemental-02/proof/artifacts/0188-PL002-already-written-settle-a.rc
 create mode 100644 docs/qa-logs/2026-10-07-pixelelated-replacement-16/p4-build16-supplemental-02/proof/artifacts/0189-PL002-already-written-settle-b.log
 create mode 100644 docs/qa-logs/2026-10-07-pixelelated-replacement-16/p4-build16-supplemental-02/proof/artifacts/0189-PL002-already-written-settle-b.rc
 create mode 100644 docs/qa-logs/2026-10-07-pixelelated-replacement-16/p4-build16-supplemental-02/proof/artifacts/0190-PL002-already-written-settle-b.log
 create mode 100644 docs/qa-logs/2026-10-07-pixelelated-replacement-16/p4-build16-supplemental-02/proof/artifacts/0190-PL002-already-written-settle-b.rc
 create mode 100644 docs/qa-logs/2026-10-07-pixelelated-replacement-16/p4-build16-supplemental-02/proof/artifacts/0191-PL002-already-written-settle-a.log
 create mode 100644 docs/qa-logs/2026-10-07-pixelelated-replacement-16/p4-build16-supplemental-02/proof/artifacts/0191-PL002-already-written-settle-a.rc
 create mode 100644 docs/qa-logs/2026-10-07-pixelelated-replacement-16/p4-build16-supplemental-02/proof/artifacts/0192-PL002-already-written-settle-b.log
 create mode 100644 docs/qa-logs/2026-10-07-pixelelated-replacement-16/p4-build16-supplemental-02/proof/artifacts/0192-PL002-already-written-settle-b.rc
 create mode 100644 docs/qa-logs/2026-10-07-pixelelated-replacement-16/p4-build16-supplemental-02/proof/artifacts/0193-PL002-already-written-settle-a.log
 create mode 100644 docs/qa-logs/2026-10-07-pixelelated-replacement-16/p4-build16-supplemental-02/proof/artifacts/0193-PL002-already-written-settle-a.rc
 create mode 100644 docs/qa-logs/2026-10-07-pixelelated-replacement-16/p4-build16-supplemental-02/proof/artifacts/0194-PL002-already-written-settle-a.log
 create mode 100644 docs/qa-logs/2026-10-07-pixelelated-replacement-16/p4-build16-supplemental-02/proof/artifacts/0194-PL002-already-written-settle-a.rc
 create mode 100644 docs/qa-logs/2026-10-07-pixelelated-replacement-16/p4-build16-supplemental-02/proof/artifacts/0195-PL002-already-written-settle-a.log
 create mode 100644 docs/qa-logs/2026-10-07-pixelelated-replacement-16/p4-build16-supplemental-02/proof/artifacts/0195-PL002-already-written-settle-a.rc
 create mode 100644 docs/qa-logs/2026-10-07-pixelelated-replacement-16/p4-build16-supplemental-02/proof/artifacts/0196-PL002-already-written-settle-a.log
 create mode 100644 docs/qa-logs/2026-10-07-pixelelated-replacement-16/p4-build16-supplemental-02/proof/artifacts/0196-PL002-already-written-settle-a.rc
 create mode 100644 docs/qa-logs/2026-10-07-pixelelated-replacement-16/p4-build16-supplemental-02/proof/artifacts/0197-PL002-already-written-settle-a.log
 create mode 100644 docs/qa-logs/2026-10-07-pixelelated-replacement-16/p4-build16-supplemental-02/proof/artifacts/0197-PL002-already-written-settle-a.rc
 create mode 100644 docs/qa-logs/2026-10-07-pixelelated-replacement-16/p4-build16-supplemental-02/proof/artifacts/0198-PL002-already-written-settle-a.log
 create mode 100644 docs/qa-logs/2026-10-07-pixelelated-replacement-16/p4-build16-supplemental-02/proof/artifacts/0198-PL002-already-written-settle-a.rc
 create mode 100644 docs/qa-logs/2026-10-07-pixelelated-replacement-16/p4-build16-supplemental-02/proof/artifacts/0199-PL002-already-written-settle-a.log
 create mode 100644 docs/qa-logs/2026-10-07-pixelelated-replacement-16/p4-build16-supplemental-02/proof/artifacts/0199-PL002-already-written-settle-a.rc
 create mode 100644 docs/qa-logs/2026-10-07-pixelelated-replacement-16/p4-build16-supplemental-02/proof/artifacts/0200-PL002-already-written-settle-a.log
 create mode 100644 docs/qa-logs/2026-10-07-pixelelated-replacement-16/p4-build16-supplemental-02/proof/artifacts/0200-PL002-already-written-settle-a.rc
 create mode 100644 docs/qa-logs/2026-10-07-pixelelated-replacement-16/p4-build16-supplemental-02/proof/artifacts/0201-PL002-already-written-settle-a.log
 create mode 100644 docs/qa-logs/2026-10-07-pixelelated-replacement-16/p4-build16-supplemental-02/proof/artifacts/0201-PL002-already-written-settle-a.rc
 create mode 100644 docs/qa-logs/2026-10-07-pixelelated-replacement-16/p4-build16-supplemental-02/proof/artifacts/0202-PL002-already-written-settle-a.log
 create mode 100644 docs/qa-logs/2026-10-07-pixelelated-replacement-16/p4-build16-supplemental-02/proof/artifacts/0202-PL002-already-written-settle-a.rc
 create mode 100644 docs/qa-logs/2026-10-07-pixelelated-replacement-16/p4-build16-supplemental-02/proof/artifacts/0203-PL002-already-written-settle-a.log
 create mode 100644 docs/qa-logs/2026-10-07-pixelelated-replacement-16/p4-build16-supplemental-02/proof/artifacts/0203-PL002-already-written-settle-a.rc
 create mode 100644 docs/qa-logs/2026-10-07-pixelelated-replacement-16/p4-build16-supplemental-02/proof/artifacts/0204-PL002-already-written-settle-a.log
 create mode 100644 docs/qa-logs/2026-10-07-pixelelated-replacement-16/p4-build16-supplemental-02/proof/artifacts/0204-PL002-already-written-settle-a.rc
 create mode 100644 docs/qa-logs/2026-10-07-pixelelated-replacement-16/p4-build16-supplemental-02/proof/artifacts/0205-PL002-already-written-settle-a.log
 create mode 100644 docs/qa-logs/2026-10-07-pixelelated-replacement-16/p4-build16-supplemental-02/proof/artifacts/0205-PL002-already-written-settle-a.rc
 create mode 100644 docs/qa-logs/2026-10-07-pixelelated-replacement-16/p4-build16-supplemental-02/proof/artifacts/0206-PL002-already-written-settle-a.log
 create mode 100644 docs/qa-logs/2026-10-07-pixelelated-replacement-16/p4-build16-supplemental-02/proof/artifacts/0206-PL002-already-written-settle-a.rc
 create mode 100644 docs/qa-logs/2026-10-07-pixelelated-replacement-16/p4-build16-supplemental-02/proof/artifacts/0207-PL001-empty-local-last-supported-a.log
 create mode 100644 docs/qa-logs/2026-10-07-pixelelated-replacement-16/p4-build16-supplemental-02/proof/artifacts/0207-PL001-empty-local-last-supported-a.rc
 create mode 100644 docs/qa-logs/2026-10-07-pixelelated-replacement-16/p4-build16-supplemental-02/proof/artifacts/0208-PL001-empty-local-last-supported-a.log
 create mode 100644 docs/qa-logs/2026-10-07-pixelelated-replacement-16/p4-build16-supplemental-02/proof/artifacts/0208-PL001-empty-local-last-supported-a.rc
 create mode 100644 docs/qa-logs/2026-10-07-pixelelated-replacement-16/p4-build16-supplemental-02/proof/artifacts/0209-PL001-empty-local-last-supported-a.log
 create mode 100644 docs/qa-logs/2026-10-07-pixelelated-replacement-16/p4-build16-supplemental-02/proof/artifacts/0209-PL001-empty-local-last-supported-a.rc
 create mode 100644 docs/qa-logs/2026-10-07-pixelelated-replacement-16/p4-build16-supplemental-02/proof/artifacts/0210-PL001-empty-local-last-supported-b.log
 create mode 100644 docs/qa-logs/2026-10-07-pixelelated-replacement-16/p4-build16-supplemental-02/proof/artifacts/0210-PL001-empty-local-last-supported-b.rc
 create mode 100644 docs/qa-logs/2026-10-07-pixelelated-replacement-16/p4-build16-supplemental-02/proof/artifacts/0211-PL001-empty-local-last-supported-b.log
 create mode 100644 docs/qa-logs/2026-10-07-pixelelated-replacement-16/p4-build16-supplemental-02/proof/artifacts/0211-PL001-empty-local-last-supported-b.rc
 create mode 100644 docs/qa-logs/2026-10-07-pixelelated-replacement-16/p4-build16-supplemental-02/proof/artifacts/0212-PL001-empty-local-last-supported-b.log
 create mode 100644 docs/qa-logs/2026-10-07-pixelelated-replacement-16/p4-build16-supplemental-02/proof/artifacts/0212-PL001-empty-local-last-supported-b.rc
 create mode 100644 docs/qa-logs/2026-10-07-pixelelated-replacement-16/p4-build16-supplemental-02/proof/artifacts/0213-PL001-empty-local-last-supported-a.log
 create mode 100644 docs/qa-logs/2026-10-07-pixelelated-replacement-16/p4-build16-supplemental-02/proof/artifacts/0213-PL001-empty-local-last-supported-a.rc
 create mode 100644 docs/qa-logs/2026-10-07-pixelelated-replacement-16/p4-build16-supplemental-02/proof/artifacts/0214-PL001-empty-local-last-supported-a.log
 create mode 100644 docs/qa-logs/2026-10-07-pixelelated-replacement-16/p4-build16-supplemental-02/proof/artifacts/0214-PL001-empty-local-last-supported-a.rc
 create mode 100644 docs/qa-logs/2026-10-07-pixelelated-replacement-16/p4-build16-supplemental-02/proof/artifacts/0215-PL001-empty-local-last-supported-b.log
 create mode 100644 docs/qa-logs/2026-10-07-pixelelated-replacement-16/p4-build16-supplemental-02/proof/artifacts/0215-PL001-empty-local-last-supported-b.rc
 create mode 100644 docs/qa-logs/2026-10-07-pixelelated-replacement-16/p4-build16-supplemental-02/proof/artifacts/0216-PL001-empty-local-last-supported-b.log
 create mode 100644 docs/qa-logs/2026-10-07-pixelelated-replacement-16/p4-build16-supplemental-02/proof/artifacts/0216-PL001-empty-local-last-supported-b.rc
 create mode 100644 docs/qa-logs/2026-10-07-pixelelated-replacement-16/p4-build16-supplemental-02/proof/artifacts/0217-PL001-empty-local-last-supported-a.log
 create mode 100644 docs/qa-logs/2026-10-07-pixelelated-replacement-16/p4-build16-supplemental-02/proof/artifacts/0217-PL001-empty-local-last-supported-a.rc
 create mode 100644 docs/qa-logs/2026-10-07-pixelelated-replacement-16/p4-build16-supplemental-02/proof/artifacts/0218-PL001-empty-local-last-supported-b.log
 create mode 100644 docs/qa-logs/2026-10-07-pixelelated-replacement-16/p4-build16-supplemental-02/proof/artifacts/0218-PL001-empty-local-last-supported-b.rc
 create mode 100644 docs/qa-logs/2026-10-07-pixelelated-replacement-16/p4-build16-supplemental-02/proof/artifacts/0219-PL001-empty-local-last-supported-a.log
 create mode 100644 docs/qa-logs/2026-10-07-pixelelated-replacement-16/p4-build16-supplemental-02/proof/artifacts/0219-PL001-empty-local-last-supported-a.rc
 create mode 100644 docs/qa-logs/2026-10-07-pixelelated-replacement-16/p4-build16-supplemental-02/proof/artifacts/0220-PL001-empty-local-last-supported-a.log
 create mode 100644 docs/qa-logs/2026-10-07-pixelelated-replacement-16/p4-build16-supplemental-02/proof/artifacts/0220-PL001-empty-local-last-supported-a.rc
 create mode 100644 docs/qa-logs/2026-10-07-pixelelated-replacement-16/p4-build16-supplemental-02/proof/artifacts/0221-PL001-empty-local-last-supported-a.log
 create mode 100644 docs/qa-logs/2026-10-07-pixelelated-replacement-16/p4-build16-supplemental-02/proof/artifacts/0221-PL001-empty-local-last-supported-a.rc
 create mode 100644 docs/qa-logs/2026-10-07-pixelelated-replacement-16/p4-build16-supplemental-02/proof/artifacts/0222-PL001-empty-local-last-supported-a.log
 create mode 100644 docs/qa-logs/2026-10-07-pixelelated-replacement-16/p4-build16-supplemental-02/proof/artifacts/0222-PL001-empty-local-last-supported-a.rc
 create mode 100644 docs/qa-logs/2026-10-07-pixelelated-replacement-16/p4-build16-supplemental-02/proof/artifacts/0223-PL001-empty-local-last-supported-a.log
 create mode 100644 docs/qa-logs/2026-10-07-pixelelated-replacement-16/p4-build16-supplemental-02/proof/artifacts/0223-PL001-empty-local-last-supported-a.rc
 create mode 100644 docs/qa-logs/2026-10-07-pixelelated-replacement-16/p4-build16-supplemental-02/proof/artifacts/0224-PL001-empty-local-last-supported-a.log
 create mode 100644 docs/qa-logs/2026-10-07-pixelelated-replacement-16/p4-build16-supplemental-02/proof/artifacts/0224-PL001-empty-local-last-supported-a.rc
 create mode 100644 docs/qa-logs/2026-10-07-pixelelated-replacement-16/p4-build16-supplemental-02/proof/artifacts/0225-PL001-empty-local-last-supported-a.log
 create mode 100644 docs/qa-logs/2026-10-07-pixelelated-replacement-16/p4-build16-supplemental-02/proof/artifacts/0225-PL001-empty-local-last-supported-a.rc
 create mode 100644 docs/qa-logs/2026-10-07-pixelelated-replacement-16/p4-build16-supplemental-02/proof/artifacts/0226-PL001-empty-local-last-supported-a.log
 create mode 100644 docs/qa-logs/2026-10-07-pixelelated-replacement-16/p4-build16-supplemental-02/proof/artifacts/0226-PL001-empty-local-last-supported-a.rc
 create mode 100644 docs/qa-logs/2026-10-07-pixelelated-replacement-16/p4-build16-supplemental-02/proof/artifacts/0227-PL001-empty-local-last-supported-a.log
 create mode 100644 docs/qa-logs/2026-10-07-pixelelated-replacement-16/p4-build16-supplemental-02/proof/artifacts/0227-PL001-empty-local-last-supported-a.rc
 create mode 100644 docs/qa-logs/2026-10-07-pixelelated-replacement-16/p4-build16-supplemental-02/proof/artifacts/0228-PL001-empty-local-last-supported-a.log
 create mode 100644 docs/qa-logs/2026-10-07-pixelelated-replacement-16/p4-build16-supplemental-02/proof/artifacts/0228-PL001-empty-local-last-supported-a.rc
 create mode 100644 docs/qa-logs/2026-10-07-pixelelated-replacement-16/p4-build16-supplemental-02/proof/artifacts/0229-PL001-empty-local-last-supported-a.log
 create mode 100644 docs/qa-logs/2026-10-07-pixelelated-replacement-16/p4-build16-supplemental-02/proof/artifacts/0229-PL001-empty-local-last-supported-a.rc
 create mode 100644 docs/qa-logs/2026-10-07-pixelelated-replacement-16/p4-build16-supplemental-02/proof/artifacts/0230-PL001-empty-local-last-supported-a.log
 create mode 100644 docs/qa-logs/2026-10-07-pixelelated-replacement-16/p4-build16-supplemental-02/proof/artifacts/0230-PL001-empty-local-last-supported-a.rc
 create mode 100644 docs/qa-logs/2026-10-07-pixelelated-replacement-16/p4-build16-supplemental-02/proof/artifacts/0231-PL001-empty-local-last-supported-a.log
 create mode 100644 docs/qa-logs/2026-10-07-pixelelated-replacement-16/p4-build16-supplemental-02/proof/artifacts/0231-PL001-empty-local-last-supported-a.rc
 create mode 100644 docs/qa-logs/2026-10-07-pixelelated-replacement-16/p4-build16-supplemental-02/proof/artifacts/0232-PL001-empty-local-bios-a.log
 create mode 100644 docs/qa-logs/2026-10-07-pixelelated-replacement-16/p4-build16-supplemental-02/proof/artifacts/0232-PL001-empty-local-bios-a.rc
 create mode 100644 docs/qa-logs/2026-10-07-pixelelated-replacement-16/p4-build16-supplemental-02/proof/artifacts/0233-PL001-empty-local-bios-a.log
 create mode 100644 docs/qa-logs/2026-10-07-pixelelated-replacement-16/p4-build16-supplemental-02/proof/artifacts/0233-PL001-empty-local-bios-a.rc
 create mode 100644 docs/qa-logs/2026-10-07-pixelelated-replacement-16/p4-build16-supplemental-02/proof/artifacts/0234-PL001-empty-local-bios-a.log
 create mode 100644 docs/qa-logs/2026-10-07-pixelelated-replacement-16/p4-build16-supplemental-02/proof/artifacts/0234-PL001-empty-local-bios-a.rc
 create mode 100644 docs/qa-logs/2026-10-07-pixelelated-replacement-16/p4-build16-supplemental-02/proof/artifacts/0235-PL001-empty-local-bios-b.log
 create mode 100644 docs/qa-logs/2026-10-07-pixelelated-replacement-16/p4-build16-supplemental-02/proof/artifacts/0235-PL001-empty-local-bios-b.rc
 create mode 100644 docs/qa-logs/2026-10-07-pixelelated-replacement-16/p4-build16-supplemental-02/proof/artifacts/0236-PL001-empty-local-bios-b.log
 create mode 100644 docs/qa-logs/2026-10-07-pixelelated-replacement-16/p4-build16-supplemental-02/proof/artifacts/0236-PL001-empty-local-bios-b.rc
 create mode 100644 docs/qa-logs/2026-10-07-pixelelated-replacement-16/p4-build16-supplemental-02/proof/artifacts/0237-PL001-empty-local-bios-b.log
 create mode 100644 docs/qa-logs/2026-10-07-pixelelated-replacement-16/p4-build16-supplemental-02/proof/artifacts/0237-PL001-empty-local-bios-b.rc
 create mode 100644 docs/qa-logs/2026-10-07-pixelelated-replacement-16/p4-build16-supplemental-02/proof/artifacts/0238-PL001-empty-local-bios-a.log
 create mode 100644 docs/qa-logs/2026-10-07-pixelelated-replacement-16/p4-build16-supplemental-02/proof/artifacts/0238-PL001-empty-local-bios-a.rc
 create mode 100644 docs/qa-logs/2026-10-07-pixelelated-replacement-16/p4-build16-supplemental-02/proof/artifacts/0239-PL001-empty-local-bios-a.log
 create mode 100644 docs/qa-logs/2026-10-07-pixelelated-replacement-16/p4-build16-supplemental-02/proof/artifacts/0239-PL001-empty-local-bios-a.rc
 create mode 100644 docs/qa-logs/2026-10-07-pixelelated-replacement-16/p4-build16-supplemental-02/proof/artifacts/0240-PL001-empty-local-bios-b.log
 create mode 100644 docs/qa-logs/2026-10-07-pixelelated-replacement-16/p4-build16-supplemental-02/proof/artifacts/0240-PL001-empty-local-bios-b.rc
 create mode 100644 docs/qa-logs/2026-10-07-pixelelated-replacement-16/p4-build16-supplemental-02/proof/artifacts/0241-PL001-empty-local-bios-b.log
 create mode 100644 docs/qa-logs/2026-10-07-pixelelated-replacement-16/p4-build16-supplemental-02/proof/artifacts/0241-PL001-empty-local-bios-b.rc
 create mode 100644 docs/qa-logs/2026-10-07-pixelelated-replacement-16/p4-build16-supplemental-02/proof/artifacts/0242-PL001-empty-local-bios-a.log
 create mode 100644 docs/qa-logs/2026-10-07-pixelelated-replacement-16/p4-build16-supplemental-02/proof/artifacts/0242-PL001-empty-local-bios-a.rc
 create mode 100644 docs/qa-logs/2026-10-07-pixelelated-replacement-16/p4-build16-supplemental-02/proof/artifacts/0243-PL001-empty-local-bios-b.log
 create mode 100644 docs/qa-logs/2026-10-07-pixelelated-replacement-16/p4-build16-supplemental-02/proof/artifacts/0243-PL001-empty-local-bios-b.rc
 create mode 100644 docs/qa-logs/2026-10-07-pixelelated-replacement-16/p4-build16-supplemental-02/proof/artifacts/0244-PL001-empty-local-bios-a.log
 create mode 100644 docs/qa-logs/2026-10-07-pixelelated-replacement-16/p4-build16-supplemental-02/proof/artifacts/0244-PL001-empty-local-bios-a.rc
 create mode 100644 docs/qa-logs/2026-10-07-pixelelated-replacement-16/p4-build16-supplemental-02/proof/artifacts/0245-PL001-empty-local-bios-a.log
 create mode 100644 docs/qa-logs/2026-10-07-pixelelated-replacement-16/p4-build16-supplemental-02/proof/artifacts/0245-PL001-empty-local-bios-a.rc
 create mode 100644 docs/qa-logs/2026-10-07-pixelelated-replacement-16/p4-build16-supplemental-02/proof/artifacts/0246-PL001-empty-local-bios-a.log
 create mode 100644 docs/qa-logs/2026-10-07-pixelelated-replacement-16/p4-build16-supplemental-02/proof/artifacts/0246-PL001-empty-local-bios-a.rc
 create mode 100644 docs/qa-logs/2026-10-07-pixelelated-replacement-16/p4-build16-supplemental-02/proof/artifacts/0247-PL001-empty-local-bios-a.log
 create mode 100644 docs/qa-logs/2026-10-07-pixelelated-replacement-16/p4-build16-supplemental-02/proof/artifacts/0247-PL001-empty-local-bios-a.rc
 create mode 100644 docs/qa-logs/2026-10-07-pixelelated-replacement-16/p4-build16-supplemental-02/proof/artifacts/0248-PL001-empty-local-bios-a.log
 create mode 100644 docs/qa-logs/2026-10-07-pixelelated-replacement-16/p4-build16-supplemental-02/proof/artifacts/0248-PL001-empty-local-bios-a.rc
 create mode 100644 docs/qa-logs/2026-10-07-pixelelated-replacement-16/p4-build16-supplemental-02/proof/artifacts/0249-PL001-empty-local-bios-a.log
 create mode 100644 docs/qa-logs/2026-10-07-pixelelated-replacement-16/p4-build16-supplemental-02/proof/artifacts/0249-PL001-empty-local-bios-a.rc
 create mode 100644 docs/qa-logs/2026-10-07-pixelelated-replacement-16/p4-build16-supplemental-02/proof/artifacts/0250-PL001-empty-local-bios-a.log
 create mode 100644 docs/qa-logs/2026-10-07-pixelelated-replacement-16/p4-build16-supplemental-02/proof/artifacts/0250-PL001-empty-local-bios-a.rc
 create mode 100644 docs/qa-logs/2026-10-07-pixelelated-replacement-16/p4-build16-supplemental-02/proof/artifacts/0251-PL001-empty-local-bios-a.log
 create mode 100644 docs/qa-logs/2026-10-07-pixelelated-replacement-16/p4-build16-supplemental-02/proof/artifacts/0251-PL001-empty-local-bios-a.rc
 create mode 100644 docs/qa-logs/2026-10-07-pixelelated-replacement-16/p4-build16-supplemental-02/proof/artifacts/0252-PL001-empty-local-bios-a.log
 create mode 100644 docs/qa-logs/2026-10-07-pixelelated-replacement-16/p4-build16-supplemental-02/proof/artifacts/0252-PL001-empty-local-bios-a.rc
 create mode 100644 docs/qa-logs/2026-10-07-pixelelated-replacement-16/p4-build16-supplemental-02/proof/artifacts/0253-PL001-empty-local-bios-a.log
 create mode 100644 docs/qa-logs/2026-10-07-pixelelated-replacement-16/p4-build16-supplemental-02/proof/artifacts/0253-PL001-empty-local-bios-a.rc
 create mode 100644 docs/qa-logs/2026-10-07-pixelelated-replacement-16/p4-build16-supplemental-02/proof/artifacts/0254-PL001-empty-local-bios-a.log
 create mode 100644 docs/qa-logs/2026-10-07-pixelelated-replacement-16/p4-build16-supplemental-02/proof/artifacts/0254-PL001-empty-local-bios-a.rc
 create mode 100644 docs/qa-logs/2026-10-07-pixelelated-replacement-16/p4-build16-supplemental-02/proof/artifacts/0255-PL001-empty-local-bios-a.log
 create mode 100644 docs/qa-logs/2026-10-07-pixelelated-replacement-16/p4-build16-supplemental-02/proof/artifacts/0255-PL001-empty-local-bios-a.rc
 create mode 100644 docs/qa-logs/2026-10-07-pixelelated-replacement-16/p4-build16-supplemental-02/proof/artifacts/0256-PL001-empty-local-bios-a.log
 create mode 100644 docs/qa-logs/2026-10-07-pixelelated-replacement-16/p4-build16-supplemental-02/proof/artifacts/0256-PL001-empty-local-bios-a.rc
 create mode 100644 docs/qa-logs/2026-10-07-pixelelated-replacement-16/p4-build16-supplemental-02/proof/artifacts/0257-PL001-empty-local-empty-directory-a.log
 create mode 100644 docs/qa-logs/2026-10-07-pixelelated-replacement-16/p4-build16-supplemental-02/proof/artifacts/0257-PL001-empty-local-empty-directory-a.rc
 create mode 100644 docs/qa-logs/2026-10-07-pixelelated-replacement-16/p4-build16-supplemental-02/proof/artifacts/0258-PL001-empty-local-empty-directory-a.log
 create mode 100644 docs/qa-logs/2026-10-07-pixelelated-replacement-16/p4-build16-supplemental-02/proof/artifacts/0258-PL001-empty-local-empty-directory-a.rc
 create mode 100644 docs/qa-logs/2026-10-07-pixelelated-replacement-16/p4-build16-supplemental-02/proof/artifacts/0259-PL001-empty-local-empty-directory-a.log
 create mode 100644 docs/qa-logs/2026-10-07-pixelelated-replacement-16/p4-build16-supplemental-02/proof/artifacts/0259-PL001-empty-local-empty-directory-a.rc
 create mode 100644 docs/qa-logs/2026-10-07-pixelelated-replacement-16/p4-build16-supplemental-02/proof/artifacts/0260-PL001-empty-local-empty-directory-b.log
 create mode 100644 docs/qa-logs/2026-10-07-pixelelated-replacement-16/p4-build16-supplemental-02/proof/artifacts/0260-PL001-empty-local-empty-directory-b.rc
 create mode 100644 docs/qa-logs/2026-10-07-pixelelated-replacement-16/p4-build16-supplemental-02/proof/artifacts/0261-PL001-empty-local-empty-directory-b.log
 create mode 100644 docs/qa-logs/2026-10-07-pixelelated-replacement-16/p4-build16-supplemental-02/proof/artifacts/0261-PL001-empty-local-empty-directory-b.rc
 create mode 100644 docs/qa-logs/2026-10-07-pixelelated-replacement-16/p4-build16-supplemental-02/proof/artifacts/0262-PL001-empty-local-empty-directory-b.log
 create mode 100644 docs/qa-logs/2026-10-07-pixelelated-replacement-16/p4-build16-supplemental-02/proof/artifacts/0262-PL001-empty-local-empty-directory-b.rc
 create mode 100644 docs/qa-logs/2026-10-07-pixelelated-replacement-16/p4-build16-supplemental-02/proof/artifacts/0263-PL001-empty-local-empty-directory-a.log
 create mode 100644 docs/qa-logs/2026-10-07-pixelelated-replacement-16/p4-build16-supplemental-02/proof/artifacts/0263-PL001-empty-local-empty-directory-a.rc
 create mode 100644 docs/qa-logs/2026-10-07-pixelelated-replacement-16/p4-build16-supplemental-02/proof/artifacts/0264-PL001-empty-local-empty-directory-a.log
 create mode 100644 docs/qa-logs/2026-10-07-pixelelated-replacement-16/p4-build16-supplemental-02/proof/artifacts/0264-PL001-empty-local-empty-directory-a.rc
 create mode 100644 docs/qa-logs/2026-10-07-pixelelated-replacement-16/p4-build16-supplemental-02/proof/artifacts/0265-PL001-empty-local-empty-directory-b.log
 create mode 100644 docs/qa-logs/2026-10-07-pixelelated-replacement-16/p4-build16-supplemental-02/proof/artifacts/0265-PL001-empty-local-empty-directory-b.rc
 create mode 100644 docs/qa-logs/2026-10-07-pixelelated-replacement-16/p4-build16-supplemental-02/proof/artifacts/0266-PL001-empty-local-empty-directory-b.log
 create mode 100644 docs/qa-logs/2026-10-07-pixelelated-replacement-16/p4-build16-supplemental-02/proof/artifacts/0266-PL001-empty-local-empty-directory-b.rc
 create mode 100644 docs/qa-logs/2026-10-07-pixelelated-replacement-16/p4-build16-supplemental-02/proof/artifacts/0267-PL001-empty-local-empty-directory-a.log
 create mode 100644 docs/qa-logs/2026-10-07-pixelelated-replacement-16/p4-build16-supplemental-02/proof/artifacts/0267-PL001-empty-local-empty-directory-a.rc
 create mode 100644 docs/qa-logs/2026-10-07-pixelelated-replacement-16/p4-build16-supplemental-02/proof/artifacts/0268-PL001-empty-local-empty-directory-b.log
 create mode 100644 docs/qa-logs/2026-10-07-pixelelated-replacement-16/p4-build16-supplemental-02/proof/artifacts/0268-PL001-empty-local-empty-directory-b.rc
 create mode 100644 docs/qa-logs/2026-10-07-pixelelated-replacement-16/p4-build16-supplemental-02/proof/artifacts/0269-PL001-empty-local-empty-directory-a.log
 create mode 100644 docs/qa-logs/2026-10-07-pixelelated-replacement-16/p4-build16-supplemental-02/proof/artifacts/0269-PL001-empty-local-empty-directory-a.rc
 create mode 100644 docs/qa-logs/2026-10-07-pixelelated-replacement-16/p4-build16-supplemental-02/proof/artifacts/0270-PL001-empty-local-empty-directory-a.log
 create mode 100644 docs/qa-logs/2026-10-07-pixelelated-replacement-16/p4-build16-supplemental-02/proof/artifacts/0270-PL001-empty-local-empty-directory-a.rc
 create mode 100644 docs/qa-logs/2026-10-07-pixelelated-replacement-16/p4-build16-supplemental-02/proof/artifacts/0271-PL001-empty-local-empty-directory-a.log
 create mode 100644 docs/qa-logs/2026-10-07-pixelelated-replacement-16/p4-build16-supplemental-02/proof/artifacts/0271-PL001-empty-local-empty-directory-a.rc
 create mode 100644 docs/qa-logs/2026-10-07-pixelelated-replacement-16/p4-build16-supplemental-02/proof/artifacts/0272-PL001-empty-local-empty-directory-a.log
 create mode 100644 docs/qa-logs/2026-10-07-pixelelated-replacement-16/p4-build16-supplemental-02/proof/artifacts/0272-PL001-empty-local-empty-directory-a.rc
 create mode 100644 docs/qa-logs/2026-10-07-pixelelated-replacement-16/p4-build16-supplemental-02/proof/artifacts/0273-PL001-empty-local-empty-directory-a.log
 create mode 100644 docs/qa-logs/2026-10-07-pixelelated-replacement-16/p4-build16-supplemental-02/proof/artifacts/0273-PL001-empty-local-empty-directory-a.rc
 create mode 100644 docs/qa-logs/2026-10-07-pixelelated-replacement-16/p4-build16-supplemental-02/proof/artifacts/0274-PL001-empty-local-empty-directory-a.log
 create mode 100644 docs/qa-logs/2026-10-07-pixelelated-replacement-16/p4-build16-supplemental-02/proof/artifacts/0274-PL001-empty-local-empty-directory-a.rc
 create mode 100644 docs/qa-logs/2026-10-07-pixelelated-replacement-16/p4-build16-supplemental-02/proof/artifacts/0275-PL001-empty-local-empty-directory-a.log
 create mode 100644 docs/qa-logs/2026-10-07-pixelelated-replacement-16/p4-build16-supplemental-02/proof/artifacts/0275-PL001-empty-local-empty-directory-a.rc
 create mode 100644 docs/qa-logs/2026-10-07-pixelelated-replacement-16/p4-build16-supplemental-02/proof/artifacts/0276-PL001-empty-local-empty-directory-a.log
 create mode 100644 docs/qa-logs/2026-10-07-pixelelated-replacement-16/p4-build16-supplemental-02/proof/artifacts/0276-PL001-empty-local-empty-directory-a.rc
 create mode 100644 docs/qa-logs/2026-10-07-pixelelated-replacement-16/p4-build16-supplemental-02/proof/artifacts/0277-PL001-empty-local-empty-directory-a.log
 create mode 100644 docs/qa-logs/2026-10-07-pixelelated-replacement-16/p4-build16-supplemental-02/proof/artifacts/0277-PL001-empty-local-empty-directory-a.rc
 create mode 100644 docs/qa-logs/2026-10-07-pixelelated-replacement-16/p4-build16-supplemental-02/proof/artifacts/0278-PL001-empty-local-empty-directory-a.log
 create mode 100644 docs/qa-logs/2026-10-07-pixelelated-replacement-16/p4-build16-supplemental-02/proof/artifacts/0278-PL001-empty-local-empty-directory-a.rc
 create mode 100644 docs/qa-logs/2026-10-07-pixelelated-replacement-16/p4-build16-supplemental-02/proof/artifacts/0279-PL001-empty-local-empty-directory-a.log
 create mode 100644 docs/qa-logs/2026-10-07-pixelelated-replacement-16/p4-build16-supplemental-02/proof/artifacts/0279-PL001-empty-local-empty-directory-a.rc
 create mode 100644 docs/qa-logs/2026-10-07-pixelelated-replacement-16/p4-build16-supplemental-02/proof/artifacts/0280-PL001-empty-local-empty-directory-a.log
 create mode 100644 docs/qa-logs/2026-10-07-pixelelated-replacement-16/p4-build16-supplemental-02/proof/artifacts/0280-PL001-empty-local-empty-directory-a.rc
 create mode 100644 docs/qa-logs/2026-10-07-pixelelated-replacement-16/p4-build16-supplemental-02/proof/artifacts/0281-PL001-empty-local-empty-directory-a.log
 create mode 100644 docs/qa-logs/2026-10-07-pixelelated-replacement-16/p4-build16-supplemental-02/proof/artifacts/0281-PL001-empty-local-empty-directory-a.rc
 create mode 100644 docs/qa-logs/2026-10-07-pixelelated-replacement-16/p4-build16-supplemental-02/proof/artifacts/0282-final-custody-a.log
 create mode 100644 docs/qa-logs/2026-10-07-pixelelated-replacement-16/p4-build16-supplemental-02/proof/artifacts/0282-final-custody-a.rc
 create mode 100644 docs/qa-logs/2026-10-07-pixelelated-replacement-16/p4-build16-supplemental-02/proof/artifacts/0283-final-custody-a.log
 create mode 100644 docs/qa-logs/2026-10-07-pixelelated-replacement-16/p4-build16-supplemental-02/proof/artifacts/0283-final-custody-a.rc
 create mode 100644 docs/qa-logs/2026-10-07-pixelelated-replacement-16/p4-build16-supplemental-02/proof/artifacts/0284-final-custody-a.log
 create mode 100644 docs/qa-logs/2026-10-07-pixelelated-replacement-16/p4-build16-supplemental-02/proof/artifacts/0284-final-custody-a.rc
 create mode 100644 docs/qa-logs/2026-10-07-pixelelated-replacement-16/p4-build16-supplemental-02/proof/artifacts/0285-final-custody-a.log
 create mode 100644 docs/qa-logs/2026-10-07-pixelelated-replacement-16/p4-build16-supplemental-02/proof/artifacts/0285-final-custody-a.rc
 create mode 100644 docs/qa-logs/2026-10-07-pixelelated-replacement-16/p4-build16-supplemental-02/proof/artifacts/0286-final-custody-b.log
 create mode 100644 docs/qa-logs/2026-10-07-pixelelated-replacement-16/p4-build16-supplemental-02/proof/artifacts/0286-final-custody-b.rc
 create mode 100644 docs/qa-logs/2026-10-07-pixelelated-replacement-16/p4-build16-supplemental-02/proof/artifacts/0287-final-custody-b.log
 create mode 100644 docs/qa-logs/2026-10-07-pixelelated-replacement-16/p4-build16-supplemental-02/proof/artifacts/0287-final-custody-b.rc
 create mode 100644 docs/qa-logs/2026-10-07-pixelelated-replacement-16/p4-build16-supplemental-02/proof/artifacts/0288-final-custody-b.log
 create mode 100644 docs/qa-logs/2026-10-07-pixelelated-replacement-16/p4-build16-supplemental-02/proof/artifacts/0288-final-custody-b.rc
 create mode 100644 docs/qa-logs/2026-10-07-pixelelated-replacement-16/p4-build16-supplemental-02/proof/artifacts/0289-final-custody-b.log
 create mode 100644 docs/qa-logs/2026-10-07-pixelelated-replacement-16/p4-build16-supplemental-02/proof/artifacts/0289-final-custody-b.rc
 create mode 100644 docs/qa-logs/2026-10-07-pixelelated-replacement-16/p4-build16-supplemental-02/proof/artifacts/PL001-empty-local-bios-membership.json
 create mode 100644 docs/qa-logs/2026-10-07-pixelelated-replacement-16/p4-build16-supplemental-02/proof/artifacts/PL001-empty-local-bios-reset.json
 create mode 100644 docs/qa-logs/2026-10-07-pixelelated-replacement-16/p4-build16-supplemental-02/proof/artifacts/PL001-empty-local-empty-directory-membership.json
 create mode 100644 docs/qa-logs/2026-10-07-pixelelated-replacement-16/p4-build16-supplemental-02/proof/artifacts/PL001-empty-local-empty-directory-reset.json
 create mode 100644 docs/qa-logs/2026-10-07-pixelelated-replacement-16/p4-build16-supplemental-02/proof/artifacts/PL001-empty-local-last-supported-membership.json
 create mode 100644 docs/qa-logs/2026-10-07-pixelelated-replacement-16/p4-build16-supplemental-02/proof/artifacts/PL001-empty-local-last-supported-reset.json
 create mode 100644 docs/qa-logs/2026-10-07-pixelelated-replacement-16/p4-build16-supplemental-02/proof/artifacts/PL002-already-written-follow-old-writer.json
 create mode 100644 docs/qa-logs/2026-10-07-pixelelated-replacement-16/p4-build16-supplemental-02/proof/artifacts/PL002-already-written-follow-reset.json
 create mode 100644 docs/qa-logs/2026-10-07-pixelelated-replacement-16/p4-build16-supplemental-02/proof/artifacts/PL002-already-written-join-old-writer.json
 create mode 100644 docs/qa-logs/2026-10-07-pixelelated-replacement-16/p4-build16-supplemental-02/proof/artifacts/PL002-already-written-join-reset.json
 create mode 100644 docs/qa-logs/2026-10-07-pixelelated-replacement-16/p4-build16-supplemental-02/proof/artifacts/PL002-already-written-settle-old-writer.json
 create mode 100644 docs/qa-logs/2026-10-07-pixelelated-replacement-16/p4-build16-supplemental-02/proof/artifacts/PL002-already-written-settle-reset.json
 create mode 100644 docs/qa-logs/2026-10-07-pixelelated-replacement-16/p4-build16-supplemental-02/proof/artifacts/PL003-unreadable-active-sibling-reset.json
 create mode 100644 docs/qa-logs/2026-10-07-pixelelated-replacement-16/p4-build16-supplemental-02/proof/artifacts/PL005-marker-write-retry-reset.json
 create mode 100644 docs/qa-logs/2026-10-07-pixelelated-replacement-16/p4-build16-supplemental-02/proof/artifacts/PL005-real-closed-endpoint-reset.json
 create mode 100644 docs/qa-logs/2026-10-07-pixelelated-replacement-16/p4-build16-supplemental-02/proof/artifacts/PL005-record-write-retry-reset.json
 create mode 100644 docs/qa-logs/2026-10-07-pixelelated-replacement-16/p4-build16-supplemental-02/proof/artifacts/identities.json
 create mode 100644 docs/qa-logs/2026-10-07-pixelelated-replacement-16/p4-build16-supplemental-02/proof/artifacts/results.json
 create mode 100644 docs/qa-logs/2026-10-07-pixelelated-replacement-16/p4-build16-supplemental-02/proof/cleanup.json
 create mode 100644 docs/qa-logs/2026-10-07-pixelelated-replacement-16/p4-build16-supplemental-02/provenance.json
 create mode 100644 docs/qa-logs/2026-10-07-pixelelated-replacement-16/p4-build16-supplemental-02/qa.start
 create mode 100644 docs/qa-logs/2026-10-07-pixelelated-replacement-16/p4-build16-supplemental-02/retention.json
 create mode 100644 docs/qa-logs/2026-10-07-pixelelated-replacement-16/p4-build16-supplemental-02/run.path
 create mode 100644 docs/qa-logs/2026-10-07-pixelelated-replacement-16/p4-build16-supplemental-02/run.py
 create mode 100644 docs/qa-logs/2026-10-07-pixelelated-replacement-16/p4-build16-supplemental-02/seal.json
 create mode 100644 docs/qa-logs/2026-10-07-pixelelated-replacement-16/p4-build16-supplemental-02/sha256.json
 create mode 100644 docs/qa-logs/2026-10-07-pixelelated-replacement-16/p4-build16-supplemental-02/tool-wrapper.rc
 create mode 100644 docs/qa-logs/2026-10-07-pixelelated-replacement-16/p4-build16-supplemental-02/verify-inputs.py
 create mode 100755 docs/qa-logs/2026-10-07-pixelelated-replacement-16/p4-build16-supplemental-02/watch-build-submit.py
 create mode 100644 docs/qa-logs/2026-10-07-pixelelated-replacement-16/p4-build16-supplemental-02/watcher/build.log
 create mode 100644 docs/qa-logs/2026-10-07-pixelelated-replacement-16/p4-build16-supplemental-02/watcher/build.pid
 create mode 100644 docs/qa-logs/2026-10-07-pixelelated-replacement-16/p4-build16-supplemental-02/watcher/build.rc
 create mode 100644 docs/qa-logs/2026-10-07-pixelelated-replacement-16/p4-build16-supplemental-02/watcher/build.status
 create mode 100644 docs/qa-logs/2026-10-07-pixelelated-replacement-16/p4-build16-supplemental-02/watcher/command.pid
 create mode 100644 docs/qa-logs/2026-10-07-pixelelated-replacement-16/p4-build16-supplemental-02/watcher/watcher.pid
 create mode 100644 docs/qa-logs/2026-10-07-pixelelated-replacement-16/preparation/accept-supplemental16.py
 create mode 100644 docs/qa-logs/2026-10-07-pixelelated-replacement-16/preparation/prepare-build16-supplemental01.py
 create mode 100644 docs/qa-logs/2026-10-07-pixelelated-replacement-16/preparation/prepare-build16-supplemental02.py
 create mode 100644 docs/qa-logs/2026-10-07-pixelelated-replacement-16/preparation/retain-supplemental-prelaunch-failure.py
 create mode 100644 docs/qa-logs/2026-10-07-pixelelated-replacement-16/root-reasons-1280x800-acceptance/acceptance.json
 create mode 100644 docs/qa-logs/2026-10-07-pixelelated-replacement-16/root-reasons-1280x800-acceptance/frames.json
 create mode 100644 docs/qa-logs/2026-10-07-pixelelated-replacement-16/root-reasons-640x480-acceptance/acceptance.json
 create mode 100644 docs/qa-logs/2026-10-07-pixelelated-replacement-16/root-reasons-640x480-acceptance/frames.json
 create mode 100644 docs/qa-logs/2026-10-07-pixelelated-replacement-16/supplemental02-acceptance/acceptance.json
 create mode 100644 docs/qa-logs/2026-10-07-pixelelated-replacement-16/tracker-installed-progress-05/383-after.json
 create mode 100644 docs/qa-logs/2026-10-07-pixelelated-replacement-16/tracker-installed-progress-05/383-before.json
 create mode 100644 docs/qa-logs/2026-10-07-pixelelated-replacement-16/tracker-installed-progress-05/383-body.md
 create mode 100644 docs/qa-logs/2026-10-07-pixelelated-replacement-16/tracker-installed-progress-05/461-after.json
 create mode 100644 docs/qa-logs/2026-10-07-pixelelated-replacement-16/tracker-installed-progress-05/461-before.json
 create mode 100644 docs/qa-logs/2026-10-07-pixelelated-replacement-16/tracker-installed-progress-05/461-body.md
 create mode 100644 docs/qa-logs/2026-10-07-pixelelated-replacement-16/tracker-installed-progress-05/471-after.json
 create mode 100644 docs/qa-logs/2026-10-07-pixelelated-replacement-16/tracker-installed-progress-05/471-before.json
 create mode 100644 docs/qa-logs/2026-10-07-pixelelated-replacement-16/tracker-installed-progress-05/471-body.md
 create mode 100644 docs/qa-logs/2026-10-07-pixelelated-replacement-16/tracker-installed-progress-05/478-after.json
 create mode 100644 docs/qa-logs/2026-10-07-pixelelated-replacement-16/tracker-installed-progress-05/478-before.json
 create mode 100644 docs/qa-logs/2026-10-07-pixelelated-replacement-16/tracker-installed-progress-05/478-body.md
 create mode 100644 docs/qa-logs/2026-10-07-pixelelated-replacement-16/tracker-installed-progress-05/479-after.json
 create mode 100644 docs/qa-logs/2026-10-07-pixelelated-replacement-16/tracker-installed-progress-05/479-before.json
 create mode 100644 docs/qa-logs/2026-10-07-pixelelated-replacement-16/tracker-installed-progress-05/479-body.md
 create mode 100644 docs/qa-logs/2026-10-07-pixelelated-replacement-16/tracker-installed-progress-05/M7-after.json
 create mode 100644 docs/qa-logs/2026-10-07-pixelelated-replacement-16/tracker-installed-progress-05/M7-before.json
 create mode 100644 docs/qa-logs/2026-10-07-pixelelated-replacement-16/tracker-installed-progress-05/M7-patch.json
 create mode 100644 docs/qa-logs/2026-10-07-pixelelated-replacement-16/tracker-installed-progress-05/verification.json
 create mode 100644 docs/qa-logs/2026-10-07-pixelelated-replacement-16/tracker-installed-progress-06/383-after.json
 create mode 100644 docs/qa-logs/2026-10-07-pixelelated-replacement-16/tracker-installed-progress-06/383-before.json
 create mode 100644 docs/qa-logs/2026-10-07-pixelelated-replacement-16/tracker-installed-progress-06/383-body.md
 create mode 100644 docs/qa-logs/2026-10-07-pixelelated-replacement-16/tracker-installed-progress-06/461-after.json
 create mode 100644 docs/qa-logs/2026-10-07-pixelelated-replacement-16/tracker-installed-progress-06/461-before.json
 create mode 100644 docs/qa-logs/2026-10-07-pixelelated-replacement-16/tracker-installed-progress-06/461-body.md
 create mode 100644 docs/qa-logs/2026-10-07-pixelelated-replacement-16/tracker-installed-progress-06/471-after.json
 create mode 100644 docs/qa-logs/2026-10-07-pixelelated-replacement-16/tracker-installed-progress-06/471-before.json
 create mode 100644 docs/qa-logs/2026-10-07-pixelelated-replacement-16/tracker-installed-progress-06/471-body.md
 create mode 100644 docs/qa-logs/2026-10-07-pixelelated-replacement-16/tracker-installed-progress-06/478-after.json
 create mode 100644 docs/qa-logs/2026-10-07-pixelelated-replacement-16/tracker-installed-progress-06/478-before.json
 create mode 100644 docs/qa-logs/2026-10-07-pixelelated-replacement-16/tracker-installed-progress-06/478-body.md
 create mode 100644 docs/qa-logs/2026-10-07-pixelelated-replacement-16/tracker-installed-progress-06/479-after.json
 create mode 100644 docs/qa-logs/2026-10-07-pixelelated-replacement-16/tracker-installed-progress-06/479-before.json
 create mode 100644 docs/qa-logs/2026-10-07-pixelelated-replacement-16/tracker-installed-progress-06/479-body.md
 create mode 100644 docs/qa-logs/2026-10-07-pixelelated-replacement-16/tracker-installed-progress-06/M7-after.json
 create mode 100644 docs/qa-logs/2026-10-07-pixelelated-replacement-16/tracker-installed-progress-06/M7-before.json
 create mode 100644 docs/qa-logs/2026-10-07-pixelelated-replacement-16/tracker-installed-progress-06/M7-patch.json
 create mode 100644 docs/qa-logs/2026-10-07-pixelelated-replacement-16/tracker-installed-progress-06/verification.json
 create mode 100644 docs/qa-logs/2026-10-07-pixelelated-replacement-16/tracker-installed-progress-07/383-after.json
 create mode 100644 docs/qa-logs/2026-10-07-pixelelated-replacement-16/tracker-installed-progress-07/383-before.json
 create mode 100644 docs/qa-logs/2026-10-07-pixelelated-replacement-16/tracker-installed-progress-07/383-body.md
 create mode 100644 docs/qa-logs/2026-10-07-pixelelated-replacement-16/tracker-installed-progress-07/461-after.json
 create mode 100644 docs/qa-logs/2026-10-07-pixelelated-replacement-16/tracker-installed-progress-07/461-before.json
 create mode 100644 docs/qa-logs/2026-10-07-pixelelated-replacement-16/tracker-installed-progress-07/461-body.md
 create mode 100644 docs/qa-logs/2026-10-07-pixelelated-replacement-16/tracker-installed-progress-07/471-after.json
 create mode 100644 docs/qa-logs/2026-10-07-pixelelated-replacement-16/tracker-installed-progress-07/471-before.json
 create mode 100644 docs/qa-logs/2026-10-07-pixelelated-replacement-16/tracker-installed-progress-07/471-body.md
 create mode 100644 docs/qa-logs/2026-10-07-pixelelated-replacement-16/tracker-installed-progress-07/478-after.json
 create mode 100644 docs/qa-logs/2026-10-07-pixelelated-replacement-16/tracker-installed-progress-07/478-before.json
 create mode 100644 docs/qa-logs/2026-10-07-pixelelated-replacement-16/tracker-installed-progress-07/478-body.md
 create mode 100644 docs/qa-logs/2026-10-07-pixelelated-replacement-16/tracker-installed-progress-07/479-after.json
 create mode 100644 docs/qa-logs/2026-10-07-pixelelated-replacement-16/tracker-installed-progress-07/479-before.json
 create mode 100644 docs/qa-logs/2026-10-07-pixelelated-replacement-16/tracker-installed-progress-07/479-body.md
 create mode 100644 docs/qa-logs/2026-10-07-pixelelated-replacement-16/tracker-installed-progress-07/M7-after.json
 create mode 100644 docs/qa-logs/2026-10-07-pixelelated-replacement-16/tracker-installed-progress-07/M7-before.json
 create mode 100644 docs/qa-logs/2026-10-07-pixelelated-replacement-16/tracker-installed-progress-07/M7-patch.json
 create mode 100644 docs/qa-logs/2026-10-07-pixelelated-replacement-16/tracker-installed-progress-07/verification.json
 create mode 100644 docs/qa-logs/2026-10-07-pixelelated-replacement-16/tracker-installed-progress-08/383-after.json
 create mode 100644 docs/qa-logs/2026-10-07-pixelelated-replacement-16/tracker-installed-progress-08/383-before.json
 create mode 100644 docs/qa-logs/2026-10-07-pixelelated-replacement-16/tracker-installed-progress-08/383-body.md
 create mode 100644 docs/qa-logs/2026-10-07-pixelelated-replacement-16/tracker-installed-progress-08/461-after.json
 create mode 100644 docs/qa-logs/2026-10-07-pixelelated-replacement-16/tracker-installed-progress-08/461-before.json
 create mode 100644 docs/qa-logs/2026-10-07-pixelelated-replacement-16/tracker-installed-progress-08/461-body.md
 create mode 100644 docs/qa-logs/2026-10-07-pixelelated-replacement-16/tracker-installed-progress-08/471-after.json
 create mode 100644 docs/qa-logs/2026-10-07-pixelelated-replacement-16/tracker-installed-progress-08/471-before.json
 create mode 100644 docs/qa-logs/2026-10-07-pixelelated-replacement-16/tracker-installed-progress-08/471-body.md
 create mode 100644 docs/qa-logs/2026-10-07-pixelelated-replacement-16/tracker-installed-progress-08/478-after.json
 create mode 100644 docs/qa-logs/2026-10-07-pixelelated-replacement-16/tracker-installed-progress-08/478-before.json
 create mode 100644 docs/qa-logs/2026-10-07-pixelelated-replacement-16/tracker-installed-progress-08/478-body.md
 create mode 100644 docs/qa-logs/2026-10-07-pixelelated-replacement-16/tracker-installed-progress-08/479-after.json
 create mode 100644 docs/qa-logs/2026-10-07-pixelelated-replacement-16/tracker-installed-progress-08/479-before.json
 create mode 100644 docs/qa-logs/2026-10-07-pixelelated-replacement-16/tracker-installed-progress-08/479-body.md
 create mode 100644 docs/qa-logs/2026-10-07-pixelelated-replacement-16/tracker-installed-progress-08/M7-after.json
 create mode 100644 docs/qa-logs/2026-10-07-pixelelated-replacement-16/tracker-installed-progress-08/M7-before.json
 create mode 100644 docs/qa-logs/2026-10-07-pixelelated-replacement-16/tracker-installed-progress-08/M7-patch.json
 create mode 100644 docs/qa-logs/2026-10-07-pixelelated-replacement-16/tracker-installed-progress-08/verification.json
 create mode 100644 docs/qa-logs/2026-10-07-pixelelated-replacement-16/tracker-installed-progress-09/383-after.json
 create mode 100644 docs/qa-logs/2026-10-07-pixelelated-replacement-16/tracker-installed-progress-09/383-before.json
 create mode 100644 docs/qa-logs/2026-10-07-pixelelated-replacement-16/tracker-installed-progress-09/383-body.md
 create mode 100644 docs/qa-logs/2026-10-07-pixelelated-replacement-16/tracker-installed-progress-09/461-after.json
 create mode 100644 docs/qa-logs/2026-10-07-pixelelated-replacement-16/tracker-installed-progress-09/461-before.json
 create mode 100644 docs/qa-logs/2026-10-07-pixelelated-replacement-16/tracker-installed-progress-09/461-body.md
 create mode 100644 docs/qa-logs/2026-10-07-pixelelated-replacement-16/tracker-installed-progress-09/471-after.json
 create mode 100644 docs/qa-logs/2026-10-07-pixelelated-replacement-16/tracker-installed-progress-09/471-before.json
 create mode 100644 docs/qa-logs/2026-10-07-pixelelated-replacement-16/tracker-installed-progress-09/471-body.md
 create mode 100644 docs/qa-logs/2026-10-07-pixelelated-replacement-16/tracker-installed-progress-09/478-after.json
 create mode 100644 docs/qa-logs/2026-10-07-pixelelated-replacement-16/tracker-installed-progress-09/478-before.json
 create mode 100644 docs/qa-logs/2026-10-07-pixelelated-replacement-16/tracker-installed-progress-09/478-body.md
 create mode 100644 docs/qa-logs/2026-10-07-pixelelated-replacement-16/tracker-installed-progress-09/479-after.json
 create mode 100644 docs/qa-logs/2026-10-07-pixelelated-replacement-16/tracker-installed-progress-09/479-before.json
 create mode 100644 docs/qa-logs/2026-10-07-pixelelated-replacement-16/tracker-installed-progress-09/479-body.md
 create mode 100644 docs/qa-logs/2026-10-07-pixelelated-replacement-16/tracker-installed-progress-09/M7-after.json
 create mode 100644 docs/qa-logs/2026-10-07-pixelelated-replacement-16/tracker-installed-progress-09/M7-before.json
 create mode 100644 docs/qa-logs/2026-10-07-pixelelated-replacement-16/tracker-installed-progress-09/M7-patch.json
 create mode 100644 docs/qa-logs/2026-10-07-pixelelated-replacement-16/tracker-installed-progress-09/verification.json
