[1;36mUNPACK[0m      libcom-err
    [1;33mFIXCONFIG[0m      /workspace/repos/rocknix.worktrees/m7-duckstation-deps01/build.pixelelated-GENERIC_X64.x86_64/build/libcom-err-1.47.4/config/
[1;33mBUILD[0m      libcom-err [1;37m(target)[0m
    [1;35mTOOLCHAIN[0m      configure (auto-detect)
Executing (target): /workspace/repos/rocknix.worktrees/m7-duckstation-deps01/build.pixelelated-GENERIC_X64.x86_64/build/libcom-err-1.47.4/configure --host=x86_64-rocknix-linux-gnu --build=x86_64-linux-gnu --prefix=/usr --bindir=/usr/bin --sbindir=/usr/sbin --sysconfdir=/etc --libdir=/usr/lib --libexecdir=/usr/lib --localstatedir=/var --disable-static --enable-shared BUILD_CC=/workspace/repos/rocknix.worktrees/m7-duckstation-deps01/build.pixelelated-GENERIC_X64.x86_64/toolchain/bin/host-gcc --with-udev-rules-dir=no --with-crond-dir=no --with-systemd-unit-dir=no --enable-verbose-makecmds --disable-subset --enable-elf-shlibs --disable-bsd-shlibs --disable-profile --disable-jbd-debug --disable-blkid-debug --disable-testio-debug --enable-libuuid --enable-libblkid --disable-debugfs --disable-imager --disable-resizer --disable-fsck --disable-e2initrd-helper --disable-tls --disable-uuidd --disable-nls --disable-rpath --disable-fuse2fs --with-gnu-ld
configure: WARNING: unrecognized options: --disable-static, --enable-shared
checking for x86_64-rocknix-linux-gnu-gcc... /workspace/repos/rocknix.worktrees/m7-duckstation-deps01/build.pixelelated-GENERIC_X64.x86_64/toolchain/bin/x86_64-rocknix-linux-gnu-gcc
checking whether the C compiler works... yes
checking for C compiler default output file name... a.out
checking for suffix of executables... 
checking whether we are cross compiling... yes
checking for suffix of object files... o
checking whether the compiler supports GNU C... yes
checking whether /workspace/repos/rocknix.worktrees/m7-duckstation-deps01/build.pixelelated-GENERIC_X64.x86_64/toolchain/bin/x86_64-rocknix-linux-gnu-gcc accepts -g... yes
checking for /workspace/repos/rocknix.worktrees/m7-duckstation-deps01/build.pixelelated-GENERIC_X64.x86_64/toolchain/bin/x86_64-rocknix-linux-gnu-gcc option to enable C11 features... none needed
checking for stdio.h... yes
checking for stdlib.h... yes
checking for string.h... yes
checking for inttypes.h... yes
checking for stdint.h... yes
checking for strings.h... yes
checking for sys/stat.h... yes
checking for sys/types.h... yes
checking for unistd.h... yes
checking for wchar.h... yes
checking for minix/config.h... no
checking whether it is safe to define __EXTENSIONS__... yes
checking whether _XOPEN_SOURCE should be defined... no
Generating configuration file for e2fsprogs version 1.47.4
Package version 1.47.4 release 
Release date is March, 2025
checking build system type... x86_64-pc-linux-gnu
checking host system type... x86_64-rocknix-linux-gnu
checking for dlopen in -ldl... yes
checking for x86_64-rocknix-linux-gnu-gcc... (cached) /workspace/repos/rocknix.worktrees/m7-duckstation-deps01/build.pixelelated-GENERIC_X64.x86_64/toolchain/bin/x86_64-rocknix-linux-gnu-gcc
checking whether the compiler supports GNU C... (cached) yes
checking whether /workspace/repos/rocknix.worktrees/m7-duckstation-deps01/build.pixelelated-GENERIC_X64.x86_64/toolchain/bin/x86_64-rocknix-linux-gnu-gcc accepts -g... (cached) yes
checking for /workspace/repos/rocknix.worktrees/m7-duckstation-deps01/build.pixelelated-GENERIC_X64.x86_64/toolchain/bin/x86_64-rocknix-linux-gnu-gcc option to enable C11 features... (cached) none needed
checking how to run the C preprocessor... /workspace/repos/rocknix.worktrees/m7-duckstation-deps01/build.pixelelated-GENERIC_X64.x86_64/toolchain/bin/x86_64-rocknix-linux-gnu-cpp
checking for additional special compiler flags... (none)
Disabling maintainer mode by default
Disabling symlinks for install by default
Disabling relative symlinks for install by default
Disabling symlinks for build by default
Enabling verbose make commands
Enabling ELF shared libraries
Disabling BSD shared libraries
Disabling profiling libraries
Disabling journal debugging
Disabling blkid debugging
Disabling testio debugging
Disabling ext4 developer features by default
checking pkg-config is at least version 0.9.0... yes
Enabling private uuid library
checking pkg-config is at least version 0.9.0... yes
Enabling private blkid library
Disabling subset-only build
Enabling use of backtrace by default
Disabling debugfs support
Disabling e2image support
Disabling e2resize support
Enabling e4defrag support by default
Not building fsck wrapper
Not building e2initrd helper
Disabling thread local support
Try testing for pthread support by default
checking for a sed that does not truncate output... /workspace/repos/rocknix.worktrees/m7-duckstation-deps01/build.pixelelated-GENERIC_X64.x86_64/toolchain/bin/sed
checking for egrep -e... /usr/bin/grep -E
checking whether /workspace/repos/rocknix.worktrees/m7-duckstation-deps01/build.pixelelated-GENERIC_X64.x86_64/toolchain/bin/x86_64-rocknix-linux-gnu-gcc is Clang... no
checking whether pthreads work with "-pthread" and "-lpthread"... yes
checking for joinable pthread attribute... PTHREAD_CREATE_JOINABLE
checking whether more special flags are required for pthreads... no
checking for PTHREAD_PRIO_INHERIT... yes
Not building uuidd
Enabling mmp support by default
Enabling tdb support by default
Enabling bitmap statistics support by default
Disabling additional bitmap statistics by default
checking whether make sets $(MAKE)... yes
checking for a BSD-compatible install... /usr/bin/install -c
checking for a race-free mkdir -p... /usr/bin/mkdir -p
checking whether NLS is requested... no
checking for msgfmt... /workspace/repos/rocknix.worktrees/m7-duckstation-deps01/build.pixelelated-GENERIC_X64.x86_64/toolchain/bin/msgfmt
checking for gmsgfmt... /workspace/repos/rocknix.worktrees/m7-duckstation-deps01/build.pixelelated-GENERIC_X64.x86_64/toolchain/bin/msgfmt
checking for xgettext... /workspace/repos/rocknix.worktrees/m7-duckstation-deps01/build.pixelelated-GENERIC_X64.x86_64/toolchain/bin/xgettext
checking for msgmerge... /workspace/repos/rocknix.worktrees/m7-duckstation-deps01/build.pixelelated-GENERIC_X64.x86_64/toolchain/bin/msgmerge
checking for ld... /workspace/repos/rocknix.worktrees/m7-duckstation-deps01/build.pixelelated-GENERIC_X64.x86_64/toolchain/bin/x86_64-rocknix-linux-gnu-ld
checking if the linker (/workspace/repos/rocknix.worktrees/m7-duckstation-deps01/build.pixelelated-GENERIC_X64.x86_64/toolchain/bin/x86_64-rocknix-linux-gnu-ld) is GNU ld... yes
checking for shared library run path origin... done
checking 32-bit host C ABI... no
checking for ELF binary format... yes
checking for the common suffixes of directories in the library search path... lib,lib,lib64
checking for CFPreferencesCopyAppValue... no
checking for CFLocaleCopyPreferredLanguages... no
checking whether to use NLS... no
checking whether make sets $(MAKE)... (cached) yes
checking for gawk... gawk
checking for GNU make... make
checking for ln... /usr/bin/ln
checking whether ln -s works... yes
checking for mv... /usr/bin/mv
checking for cp... /usr/bin/cp
checking for rm... /usr/bin/rm
checking for chmod... /usr/bin/chmod
checking for gawk... (cached) gawk
checking for grep that handles long lines and -e... /usr/bin/grep
checking for egrep... /usr/bin/grep -E
checking for sed... (cached) /workspace/repos/rocknix.worktrees/m7-duckstation-deps01/build.pixelelated-GENERIC_X64.x86_64/toolchain/bin/sed
checking for perl... /usr/bin/perl
checking for ldconfig... /usr/sbin/ldconfig
checking for x86_64-rocknix-linux-gnu-ar... /workspace/repos/rocknix.worktrees/m7-duckstation-deps01/build.pixelelated-GENERIC_X64.x86_64/toolchain/bin/x86_64-rocknix-linux-gnu-ar
checking for x86_64-rocknix-linux-gnu-ranlib... /workspace/repos/rocknix.worktrees/m7-duckstation-deps01/build.pixelelated-GENERIC_X64.x86_64/toolchain/bin/x86_64-rocknix-linux-gnu-ranlib
checking for x86_64-rocknix-linux-gnu-strip... /workspace/repos/rocknix.worktrees/m7-duckstation-deps01/build.pixelelated-GENERIC_X64.x86_64/toolchain/bin/x86_64-rocknix-linux-gnu-strip
checking for makeinfo... no
checking for gcc... /workspace/repos/rocknix.worktrees/m7-duckstation-deps01/build.pixelelated-GENERIC_X64.x86_64/toolchain/bin/host-gcc
checking for dirent.h... yes
checking for errno.h... yes
checking for execinfo.h... yes
checking for getopt.h... yes
checking for malloc.h... yes
checking for mntent.h... yes
checking for paths.h... yes
checking for pthread.h... yes
checking for semaphore.h... yes
checking for setjmp.h... yes
checking for signal.h... yes
checking for stdarg.h... yes
checking for stdint.h... (cached) yes
checking for stdlib.h... (cached) yes
checking for termios.h... yes
checking for termio.h... yes
checking for unistd.h... (cached) yes
checking for utime.h... yes
checking for attr/xattr.h... no
checking for linux/falloc.h... yes
checking for linux/fd.h... yes
checking for linux/fsmap.h... yes
checking for linux/fsverity.h... yes
checking for linux/major.h... yes
checking for linux/loop.h... yes
checking for linux/types.h... yes
checking for net/if_dl.h... no
checking for netinet/in.h... yes
checking for sys/acl.h... no
checking for sys/disklabel.h... no
checking for sys/disk.h... no
checking for sys/file.h... yes
checking for sys/ioctl.h... yes
checking for sys/key.h... no
checking for sys/mkdev.h... no
checking for sys/mman.h... yes
checking for sys/mount.h... yes
checking for sys/prctl.h... yes
checking for sys/random.h... yes
checking for sys/resource.h... yes
checking for sys/select.h... yes
checking for sys/socket.h... yes
checking for sys/sockio.h... no
checking for sys/stat.h... (cached) yes
checking for sys/syscall.h... yes
checking for sys/sysmacros.h... yes
checking for sys/time.h... yes
checking for sys/types.h... (cached) yes
checking for sys/un.h... yes
checking for sys/wait.h... yes
checking for sys/xattr.h... yes
checking for a dd(1) program that supports iflag=fullblock... dd
checking for net/if.h... yes
checking for vprintf... yes
checking for struct dirent.d_reclen... yes
checking for struct stat.st_atim... yes
checking for ssize_t... yes
checking for /workspace/repos/rocknix.worktrees/m7-duckstation-deps01/build.pixelelated-GENERIC_X64.x86_64/toolchain/bin/x86_64-rocknix-linux-gnu-gcc options needed to detect all undeclared functions... none needed
checking whether llseek is declared... no
checking whether lseek64 is declared... yes
checking whether fsmap_sizeof is declared... yes
checking for  option for large files... none needed
checking size of short... 2
checking size of int... 4
checking size of long... 8
checking size of long long... 8
checking size of off_t... 8
checking size of time_t... 8
checking size of void *... 8
checking whether byte ordering is bigendian... no
checking for __uNN types... using <asm/types.h>
checking for inttypes.h... (cached) yes
checking for intptr_t... yes
checking whether struct stat has a st_flags field... no
checking for struct sockaddr.sa_len... no
checking for __secure_getenv... no
checking for add_key... no
checking for backtrace... yes
checking for chflags... no
checking for dlopen... (cached) yes
checking for fadvise64... no
checking for fallocate... yes
checking for fallocate64... yes
checking for fchown... yes
checking for fcntl... yes
checking for fdatasync... yes
checking for fstat64... yes
checking for fsync... yes
checking for ftruncate64... yes
checking for futimes... yes
checking for getcwd... yes
checking for getdtablesize... yes
checking for getentropy... yes
checking for gethostname... yes
checking for getmntinfo... no
checking for getpwuid_r... yes
checking for getrandom... yes
checking for getrlimit... yes
checking for getrusage... yes
checking for jrand48... yes
checking for keyctl... no
checking for llistxattr... yes
checking for llseek... no
checking for lseek64... yes
checking for mallinfo... yes
checking for mallinfo2... yes
checking for mbstowcs... yes
checking for memalign... yes
checking for mempcpy... yes
checking for mmap... yes
checking for msync... yes
checking for nanosleep... yes
checking for open64... yes
checking for pathconf... yes
checking for posix_fadvise... yes
checking for posix_fadvise64... yes
checking for posix_memalign... yes
checking for prctl... yes
checking for pread... yes
checking for pwrite... yes
checking for pread64... yes
checking for pwrite64... yes
checking for qsort_r... yes
checking for secure_getenv... yes
checking for setmntent... yes
checking for setresgid... yes
checking for setresuid... yes
checking for snprintf... yes
checking for srandom... yes
checking for stpcpy... yes
checking for strcasecmp... yes
checking for strdup... yes
checking for strnlen... yes
checking for strptime... yes
checking for strtoull... yes
checking for sync_file_range... yes
checking for sysconf... yes
checking for usleep... yes
checking for utime... yes
checking for utimes... yes
checking for valloc... yes
checking for socket in -lsocket... no
checking for magic_file in -lmagic... no
Try testing for libarchive support (with dlopen) by default
checking for libarchive... yes
pkg-config found libarchive
checking for archive.h... yes
checking for clock_gettime in -lrt... yes
Disabling fuse2fs
checking for optreset... no
GL_THREADS_API:
checking for sem_init... yes
checking whether qsort_r is GNU version... yes
checking whether qsort_r is BSD version... no
checking for unified diff option... -u
checking for mount 'nosuid' option... yes
checking for mount 'nodev' option... yes
Setting root_bindir to /usr/bin
Setting root_sbindir to /usr/sbin
Setting root_libdir to /usr/lib
Setting root_sysconfdir to /etc
checking whether we can link with -static... yes
checking for FS_IOC_READ_VERITY_METADATA ioctl... yes
configure: creating ./config.status
config.status: creating MCONFIG
config.status: creating Makefile
config.status: creating util/Makefile
config.status: creating util/subst.conf
config.status: creating util/gen-tarball
config.status: creating util/install-symlink
config.status: creating lib/et/Makefile
config.status: creating lib/ss/Makefile
config.status: creating lib/e2p/Makefile
config.status: creating lib/ext2fs/Makefile
config.status: creating lib/ext2fs/ext2_types.h
config.status: creating lib/uuid/Makefile
config.status: creating lib/uuid/uuid.pc
config.status: creating lib/uuid/uuid_types.h
config.status: creating lib/blkid/Makefile
config.status: creating lib/blkid/blkid.pc
config.status: creating lib/blkid/blkid_types.h
config.status: creating lib/support/Makefile
config.status: creating lib/ss/ss.pc
config.status: creating lib/et/com_err.pc
config.status: creating lib/e2p/e2p.pc
config.status: creating lib/ext2fs/ext2fs.pc
config.status: creating misc/Makefile
config.status: creating ext2ed/Makefile
config.status: creating e2fsck/Makefile
config.status: creating debugfs/Makefile
config.status: creating tests/Makefile
config.status: creating tests/progs/Makefile
config.status: creating tests/fuzz/Makefile
config.status: creating resize/Makefile
config.status: creating doc/Makefile
config.status: creating po/Makefile.in
config.status: creating scrub/Makefile
config.status: creating lib/config.h
config.status: executing po-directories commands
config.status: creating po/POTFILES
config.status: creating po/Makefile
configure: WARNING: unrecognized options: --disable-static, --enable-shared
Executing (target): make 
cd ./util ; make subst
make[1]: Entering directory '/workspace/repos/rocknix.worktrees/m7-duckstation-deps01/build.pixelelated-GENERIC_X64.x86_64/build/libcom-err-1.47.4/.x86_64-rocknix-linux-gnu/util'
echo "/* fake dirpaths.h for config.h */" > dirpaths.h
/workspace/repos/rocknix.worktrees/m7-duckstation-deps01/build.pixelelated-GENERIC_X64.x86_64/toolchain/bin/host-gcc -c   /workspace/repos/rocknix.worktrees/m7-duckstation-deps01/build.pixelelated-GENERIC_X64.x86_64/build/libcom-err-1.47.4/util/subst.c -o subst.o
/workspace/repos/rocknix.worktrees/m7-duckstation-deps01/build.pixelelated-GENERIC_X64.x86_64/toolchain/bin/host-gcc   -o subst subst.o
make[1]: Leaving directory '/workspace/repos/rocknix.worktrees/m7-duckstation-deps01/build.pixelelated-GENERIC_X64.x86_64/build/libcom-err-1.47.4/.x86_64-rocknix-linux-gnu/util'
cd ./util ; make symlinks
make[1]: Entering directory '/workspace/repos/rocknix.worktrees/m7-duckstation-deps01/build.pixelelated-GENERIC_X64.x86_64/build/libcom-err-1.47.4/.x86_64-rocknix-linux-gnu/util'
/workspace/repos/rocknix.worktrees/m7-duckstation-deps01/build.pixelelated-GENERIC_X64.x86_64/toolchain/bin/host-gcc -c   /workspace/repos/rocknix.worktrees/m7-duckstation-deps01/build.pixelelated-GENERIC_X64.x86_64/build/libcom-err-1.47.4/util/symlinks.c -o symlinks.o
/workspace/repos/rocknix.worktrees/m7-duckstation-deps01/build.pixelelated-GENERIC_X64.x86_64/toolchain/bin/host-gcc   -o symlinks symlinks.o
make[1]: Leaving directory '/workspace/repos/rocknix.worktrees/m7-duckstation-deps01/build.pixelelated-GENERIC_X64.x86_64/build/libcom-err-1.47.4/.x86_64-rocknix-linux-gnu/util'
make[1]: Entering directory '/workspace/repos/rocknix.worktrees/m7-duckstation-deps01/build.pixelelated-GENERIC_X64.x86_64/build/libcom-err-1.47.4/.x86_64-rocknix-linux-gnu'
make[1]: 'util/subst.conf' is up to date.
make[1]: Leaving directory '/workspace/repos/rocknix.worktrees/m7-duckstation-deps01/build.pixelelated-GENERIC_X64.x86_64/build/libcom-err-1.47.4/.x86_64-rocknix-linux-gnu'
make[1]: Entering directory '/workspace/repos/rocknix.worktrees/m7-duckstation-deps01/build.pixelelated-GENERIC_X64.x86_64/build/libcom-err-1.47.4/.x86_64-rocknix-linux-gnu'
make[1]: 'lib/config.h' is up to date.
make[1]: Leaving directory '/workspace/repos/rocknix.worktrees/m7-duckstation-deps01/build.pixelelated-GENERIC_X64.x86_64/build/libcom-err-1.47.4/.x86_64-rocknix-linux-gnu'
make[1]: Entering directory '/workspace/repos/rocknix.worktrees/m7-duckstation-deps01/build.pixelelated-GENERIC_X64.x86_64/build/libcom-err-1.47.4/.x86_64-rocknix-linux-gnu'
./util/subst -f ./util/subst.conf /workspace/repos/rocknix.worktrees/m7-duckstation-deps01/build.pixelelated-GENERIC_X64.x86_64/build/libcom-err-1.47.4/lib/dirpaths.h.in lib/dirpaths.h
make[1]: Leaving directory '/workspace/repos/rocknix.worktrees/m7-duckstation-deps01/build.pixelelated-GENERIC_X64.x86_64/build/libcom-err-1.47.4/.x86_64-rocknix-linux-gnu'
make[1]: Entering directory '/workspace/repos/rocknix.worktrees/m7-duckstation-deps01/build.pixelelated-GENERIC_X64.x86_64/build/libcom-err-1.47.4/.x86_64-rocknix-linux-gnu'
cd .; CONFIG_FILES=./lib/ext2fs/ext2_types.h ./config.status
config.status: creating ./lib/ext2fs/ext2_types.h
config.status: creating lib/config.h
config.status: lib/config.h is unchanged
config.status: executing po-directories commands
make[1]: Leaving directory '/workspace/repos/rocknix.worktrees/m7-duckstation-deps01/build.pixelelated-GENERIC_X64.x86_64/build/libcom-err-1.47.4/.x86_64-rocknix-linux-gnu'
make[1]: Entering directory '/workspace/repos/rocknix.worktrees/m7-duckstation-deps01/build.pixelelated-GENERIC_X64.x86_64/build/libcom-err-1.47.4/.x86_64-rocknix-linux-gnu'
cd .; CONFIG_FILES=./lib/blkid/blkid_types.h ./config.status
config.status: creating ./lib/blkid/blkid_types.h
config.status: creating lib/config.h
config.status: lib/config.h is unchanged
config.status: executing po-directories commands
make[1]: Leaving directory '/workspace/repos/rocknix.worktrees/m7-duckstation-deps01/build.pixelelated-GENERIC_X64.x86_64/build/libcom-err-1.47.4/.x86_64-rocknix-linux-gnu'
make[1]: Entering directory '/workspace/repos/rocknix.worktrees/m7-duckstation-deps01/build.pixelelated-GENERIC_X64.x86_64/build/libcom-err-1.47.4/.x86_64-rocknix-linux-gnu'
cd .; CONFIG_FILES=./lib/uuid/uuid_types.h ./config.status
config.status: creating ./lib/uuid/uuid_types.h
config.status: creating lib/config.h
config.status: lib/config.h is unchanged
config.status: executing po-directories commands
make[1]: Leaving directory '/workspace/repos/rocknix.worktrees/m7-duckstation-deps01/build.pixelelated-GENERIC_X64.x86_64/build/libcom-err-1.47.4/.x86_64-rocknix-linux-gnu'
make[1]: Entering directory '/workspace/repos/rocknix.worktrees/m7-duckstation-deps01/build.pixelelated-GENERIC_X64.x86_64/build/libcom-err-1.47.4/.x86_64-rocknix-linux-gnu/lib/et'
../../util/subst -f ../../util/subst.conf /workspace/repos/rocknix.worktrees/m7-duckstation-deps01/build.pixelelated-GENERIC_X64.x86_64/build/libcom-err-1.47.4/lib/et/compile_et.sh.in compile_et
/usr/bin/chmod +x compile_et
make[1]: Leaving directory '/workspace/repos/rocknix.worktrees/m7-duckstation-deps01/build.pixelelated-GENERIC_X64.x86_64/build/libcom-err-1.47.4/.x86_64-rocknix-linux-gnu/lib/et'
make[1]: Entering directory '/workspace/repos/rocknix.worktrees/m7-duckstation-deps01/build.pixelelated-GENERIC_X64.x86_64/build/libcom-err-1.47.4/.x86_64-rocknix-linux-gnu/lib/ext2fs'
../../util/subst -f ../../util/subst.conf /workspace/repos/rocknix.worktrees/m7-duckstation-deps01/build.pixelelated-GENERIC_X64.x86_64/build/libcom-err-1.47.4/lib/ext2fs/ext2_err.et.in ext2_err.et
_ET_DIR_OVERRIDE=/workspace/repos/rocknix.worktrees/m7-duckstation-deps01/build.pixelelated-GENERIC_X64.x86_64/build/libcom-err-1.47.4/lib/ext2fs/../et ../et/compile_et ext2_err.et
make[1]: Leaving directory '/workspace/repos/rocknix.worktrees/m7-duckstation-deps01/build.pixelelated-GENERIC_X64.x86_64/build/libcom-err-1.47.4/.x86_64-rocknix-linux-gnu/lib/ext2fs'
make[1]: Entering directory '/workspace/repos/rocknix.worktrees/m7-duckstation-deps01/build.pixelelated-GENERIC_X64.x86_64/build/libcom-err-1.47.4/.x86_64-rocknix-linux-gnu/lib/support'
_ET_DIR_OVERRIDE=/workspace/repos/rocknix.worktrees/m7-duckstation-deps01/build.pixelelated-GENERIC_X64.x86_64/build/libcom-err-1.47.4/lib/support/../et ../et/compile_et /workspace/repos/rocknix.worktrees/m7-duckstation-deps01/build.pixelelated-GENERIC_X64.x86_64/build/libcom-err-1.47.4/lib/support/prof_err.et
make[1]: Leaving directory '/workspace/repos/rocknix.worktrees/m7-duckstation-deps01/build.pixelelated-GENERIC_X64.x86_64/build/libcom-err-1.47.4/.x86_64-rocknix-linux-gnu/lib/support'
make libs
make[1]: Entering directory '/workspace/repos/rocknix.worktrees/m7-duckstation-deps01/build.pixelelated-GENERIC_X64.x86_64/build/libcom-err-1.47.4/.x86_64-rocknix-linux-gnu'
make[2]: Entering directory '/workspace/repos/rocknix.worktrees/m7-duckstation-deps01/build.pixelelated-GENERIC_X64.x86_64/build/libcom-err-1.47.4/.x86_64-rocknix-linux-gnu'
make[2]: 'util/subst.conf' is up to date.
make[2]: Leaving directory '/workspace/repos/rocknix.worktrees/m7-duckstation-deps01/build.pixelelated-GENERIC_X64.x86_64/build/libcom-err-1.47.4/.x86_64-rocknix-linux-gnu'
make[2]: Entering directory '/workspace/repos/rocknix.worktrees/m7-duckstation-deps01/build.pixelelated-GENERIC_X64.x86_64/build/libcom-err-1.47.4/.x86_64-rocknix-linux-gnu'
make[2]: 'lib/config.h' is up to date.
make[2]: Leaving directory '/workspace/repos/rocknix.worktrees/m7-duckstation-deps01/build.pixelelated-GENERIC_X64.x86_64/build/libcom-err-1.47.4/.x86_64-rocknix-linux-gnu'
make[2]: Entering directory '/workspace/repos/rocknix.worktrees/m7-duckstation-deps01/build.pixelelated-GENERIC_X64.x86_64/build/libcom-err-1.47.4/.x86_64-rocknix-linux-gnu'
make[2]: 'lib/dirpaths.h' is up to date.
make[2]: Leaving directory '/workspace/repos/rocknix.worktrees/m7-duckstation-deps01/build.pixelelated-GENERIC_X64.x86_64/build/libcom-err-1.47.4/.x86_64-rocknix-linux-gnu'
make[2]: Entering directory '/workspace/repos/rocknix.worktrees/m7-duckstation-deps01/build.pixelelated-GENERIC_X64.x86_64/build/libcom-err-1.47.4/.x86_64-rocknix-linux-gnu'
make[2]: 'lib/ext2fs/ext2_types.h' is up to date.
make[2]: Leaving directory '/workspace/repos/rocknix.worktrees/m7-duckstation-deps01/build.pixelelated-GENERIC_X64.x86_64/build/libcom-err-1.47.4/.x86_64-rocknix-linux-gnu'
make[2]: Entering directory '/workspace/repos/rocknix.worktrees/m7-duckstation-deps01/build.pixelelated-GENERIC_X64.x86_64/build/libcom-err-1.47.4/.x86_64-rocknix-linux-gnu'
make[2]: 'lib/blkid/blkid_types.h' is up to date.
make[2]: Leaving directory '/workspace/repos/rocknix.worktrees/m7-duckstation-deps01/build.pixelelated-GENERIC_X64.x86_64/build/libcom-err-1.47.4/.x86_64-rocknix-linux-gnu'
make[2]: Entering directory '/workspace/repos/rocknix.worktrees/m7-duckstation-deps01/build.pixelelated-GENERIC_X64.x86_64/build/libcom-err-1.47.4/.x86_64-rocknix-linux-gnu'
make[2]: 'lib/uuid/uuid_types.h' is up to date.
make[2]: Leaving directory '/workspace/repos/rocknix.worktrees/m7-duckstation-deps01/build.pixelelated-GENERIC_X64.x86_64/build/libcom-err-1.47.4/.x86_64-rocknix-linux-gnu'
make[2]: Entering directory '/workspace/repos/rocknix.worktrees/m7-duckstation-deps01/build.pixelelated-GENERIC_X64.x86_64/build/libcom-err-1.47.4/.x86_64-rocknix-linux-gnu/lib/et'
make[2]: 'compile_et' is up to date.
make[2]: Leaving directory '/workspace/repos/rocknix.worktrees/m7-duckstation-deps01/build.pixelelated-GENERIC_X64.x86_64/build/libcom-err-1.47.4/.x86_64-rocknix-linux-gnu/lib/et'
make[2]: Entering directory '/workspace/repos/rocknix.worktrees/m7-duckstation-deps01/build.pixelelated-GENERIC_X64.x86_64/build/libcom-err-1.47.4/.x86_64-rocknix-linux-gnu/lib/ext2fs'
make[2]: 'ext2_err.h' is up to date.
make[2]: Leaving directory '/workspace/repos/rocknix.worktrees/m7-duckstation-deps01/build.pixelelated-GENERIC_X64.x86_64/build/libcom-err-1.47.4/.x86_64-rocknix-linux-gnu/lib/ext2fs'
make[2]: Entering directory '/workspace/repos/rocknix.worktrees/m7-duckstation-deps01/build.pixelelated-GENERIC_X64.x86_64/build/libcom-err-1.47.4/.x86_64-rocknix-linux-gnu/lib/support'
make[2]: 'prof_err.h' is up to date.
make[2]: Leaving directory '/workspace/repos/rocknix.worktrees/m7-duckstation-deps01/build.pixelelated-GENERIC_X64.x86_64/build/libcom-err-1.47.4/.x86_64-rocknix-linux-gnu/lib/support'
making all in lib/et
make[2]: Entering directory '/workspace/repos/rocknix.worktrees/m7-duckstation-deps01/build.pixelelated-GENERIC_X64.x86_64/build/libcom-err-1.47.4/.x86_64-rocknix-linux-gnu/lib/et'
make -s real-subdirs
touch subdirs
/workspace/repos/rocknix.worktrees/m7-duckstation-deps01/build.pixelelated-GENERIC_X64.x86_64/toolchain/bin/x86_64-rocknix-linux-gnu-gcc -I. -I../../lib -I/workspace/repos/rocknix.worktrees/m7-duckstation-deps01/build.pixelelated-GENERIC_X64.x86_64/build/libcom-err-1.47.4/lib  -march=x86-64-v3 -mtune=generic -Wall -pipe  -O2 -fomit-frame-pointer -DNDEBUG -pthread  -DHAVE_CONFIG_H  -c /workspace/repos/rocknix.worktrees/m7-duckstation-deps01/build.pixelelated-GENERIC_X64.x86_64/build/libcom-err-1.47.4/lib/et/error_message.c -o error_message.o
/workspace/repos/rocknix.worktrees/m7-duckstation-deps01/build.pixelelated-GENERIC_X64.x86_64/toolchain/bin/x86_64-rocknix-linux-gnu-gcc -I. -I../../lib -I/workspace/repos/rocknix.worktrees/m7-duckstation-deps01/build.pixelelated-GENERIC_X64.x86_64/build/libcom-err-1.47.4/lib  -march=x86-64-v3 -mtune=generic -Wall -pipe  -O2 -fomit-frame-pointer -DNDEBUG -pthread  -DHAVE_CONFIG_H  -fPIC -shared -o elfshared/error_message.o -c /workspace/repos/rocknix.worktrees/m7-duckstation-deps01/build.pixelelated-GENERIC_X64.x86_64/build/libcom-err-1.47.4/lib/et/error_message.c
/workspace/repos/rocknix.worktrees/m7-duckstation-deps01/build.pixelelated-GENERIC_X64.x86_64/toolchain/bin/x86_64-rocknix-linux-gnu-gcc -I. -I../../lib -I/workspace/repos/rocknix.worktrees/m7-duckstation-deps01/build.pixelelated-GENERIC_X64.x86_64/build/libcom-err-1.47.4/lib  -march=x86-64-v3 -mtune=generic -Wall -pipe  -O2 -fomit-frame-pointer -DNDEBUG -pthread  -DHAVE_CONFIG_H  -c /workspace/repos/rocknix.worktrees/m7-duckstation-deps01/build.pixelelated-GENERIC_X64.x86_64/build/libcom-err-1.47.4/lib/et/et_name.c -o et_name.o
/workspace/repos/rocknix.worktrees/m7-duckstation-deps01/build.pixelelated-GENERIC_X64.x86_64/toolchain/bin/x86_64-rocknix-linux-gnu-gcc -I. -I../../lib -I/workspace/repos/rocknix.worktrees/m7-duckstation-deps01/build.pixelelated-GENERIC_X64.x86_64/build/libcom-err-1.47.4/lib  -march=x86-64-v3 -mtune=generic -Wall -pipe  -O2 -fomit-frame-pointer -DNDEBUG -pthread  -DHAVE_CONFIG_H  -fPIC -shared -o elfshared/et_name.o -c /workspace/repos/rocknix.worktrees/m7-duckstation-deps01/build.pixelelated-GENERIC_X64.x86_64/build/libcom-err-1.47.4/lib/et/et_name.c
/workspace/repos/rocknix.worktrees/m7-duckstation-deps01/build.pixelelated-GENERIC_X64.x86_64/toolchain/bin/x86_64-rocknix-linux-gnu-gcc -I. -I../../lib -I/workspace/repos/rocknix.worktrees/m7-duckstation-deps01/build.pixelelated-GENERIC_X64.x86_64/build/libcom-err-1.47.4/lib  -march=x86-64-v3 -mtune=generic -Wall -pipe  -O2 -fomit-frame-pointer -DNDEBUG -pthread  -DHAVE_CONFIG_H  -c /workspace/repos/rocknix.worktrees/m7-duckstation-deps01/build.pixelelated-GENERIC_X64.x86_64/build/libcom-err-1.47.4/lib/et/init_et.c -o init_et.o
/workspace/repos/rocknix.worktrees/m7-duckstation-deps01/build.pixelelated-GENERIC_X64.x86_64/toolchain/bin/x86_64-rocknix-linux-gnu-gcc -I. -I../../lib -I/workspace/repos/rocknix.worktrees/m7-duckstation-deps01/build.pixelelated-GENERIC_X64.x86_64/build/libcom-err-1.47.4/lib  -march=x86-64-v3 -mtune=generic -Wall -pipe  -O2 -fomit-frame-pointer -DNDEBUG -pthread  -DHAVE_CONFIG_H  -fPIC -shared -o elfshared/init_et.o -c /workspace/repos/rocknix.worktrees/m7-duckstation-deps01/build.pixelelated-GENERIC_X64.x86_64/build/libcom-err-1.47.4/lib/et/init_et.c
/workspace/repos/rocknix.worktrees/m7-duckstation-deps01/build.pixelelated-GENERIC_X64.x86_64/toolchain/bin/x86_64-rocknix-linux-gnu-gcc -I. -I../../lib -I/workspace/repos/rocknix.worktrees/m7-duckstation-deps01/build.pixelelated-GENERIC_X64.x86_64/build/libcom-err-1.47.4/lib  -march=x86-64-v3 -mtune=generic -Wall -pipe  -O2 -fomit-frame-pointer -DNDEBUG -pthread  -DHAVE_CONFIG_H  -c /workspace/repos/rocknix.worktrees/m7-duckstation-deps01/build.pixelelated-GENERIC_X64.x86_64/build/libcom-err-1.47.4/lib/et/com_err.c -o com_err.o
/workspace/repos/rocknix.worktrees/m7-duckstation-deps01/build.pixelelated-GENERIC_X64.x86_64/toolchain/bin/x86_64-rocknix-linux-gnu-gcc -I. -I../../lib -I/workspace/repos/rocknix.worktrees/m7-duckstation-deps01/build.pixelelated-GENERIC_X64.x86_64/build/libcom-err-1.47.4/lib  -march=x86-64-v3 -mtune=generic -Wall -pipe  -O2 -fomit-frame-pointer -DNDEBUG -pthread  -DHAVE_CONFIG_H  -fPIC -shared -o elfshared/com_err.o -c /workspace/repos/rocknix.worktrees/m7-duckstation-deps01/build.pixelelated-GENERIC_X64.x86_64/build/libcom-err-1.47.4/lib/et/com_err.c
/workspace/repos/rocknix.worktrees/m7-duckstation-deps01/build.pixelelated-GENERIC_X64.x86_64/toolchain/bin/x86_64-rocknix-linux-gnu-gcc -I. -I../../lib -I/workspace/repos/rocknix.worktrees/m7-duckstation-deps01/build.pixelelated-GENERIC_X64.x86_64/build/libcom-err-1.47.4/lib  -march=x86-64-v3 -mtune=generic -Wall -pipe  -O2 -fomit-frame-pointer -DNDEBUG -pthread  -DHAVE_CONFIG_H  -c /workspace/repos/rocknix.worktrees/m7-duckstation-deps01/build.pixelelated-GENERIC_X64.x86_64/build/libcom-err-1.47.4/lib/et/com_right.c -o com_right.o
/workspace/repos/rocknix.worktrees/m7-duckstation-deps01/build.pixelelated-GENERIC_X64.x86_64/toolchain/bin/x86_64-rocknix-linux-gnu-gcc -I. -I../../lib -I/workspace/repos/rocknix.worktrees/m7-duckstation-deps01/build.pixelelated-GENERIC_X64.x86_64/build/libcom-err-1.47.4/lib  -march=x86-64-v3 -mtune=generic -Wall -pipe  -O2 -fomit-frame-pointer -DNDEBUG -pthread  -DHAVE_CONFIG_H  -fPIC -shared -o elfshared/com_right.o -c /workspace/repos/rocknix.worktrees/m7-duckstation-deps01/build.pixelelated-GENERIC_X64.x86_64/build/libcom-err-1.47.4/lib/et/com_right.c
(if test -r libcom_err.a; then /usr/bin/rm -f libcom_err.a.bak && /usr/bin/mv libcom_err.a libcom_err.a.bak; fi)
/workspace/repos/rocknix.worktrees/m7-duckstation-deps01/build.pixelelated-GENERIC_X64.x86_64/toolchain/bin/x86_64-rocknix-linux-gnu-ar rc libcom_err.a error_message.o et_name.o init_et.o com_err.o com_right.o
/usr/bin/rm -f ../libcom_err.a
(cd ..; /usr/bin/ln  \
	`echo lib/et | sed -e 's;lib/;;'`/libcom_err.a libcom_err.a)
(cd elfshared; /workspace/repos/rocknix.worktrees/m7-duckstation-deps01/build.pixelelated-GENERIC_X64.x86_64/toolchain/bin/x86_64-rocknix-linux-gnu-gcc -o libcom_err.so.2.1 \
	-L../../../lib  -pthread -march=x86-64-v3 -mtune=generic -Wl,--as-needed -fuse-ld=bfd -fPIC -shared \
	-Wl,-soname,libcom_err.so.2 error_message.o et_name.o init_et.o com_err.o com_right.o )
/usr/bin/mv elfshared/libcom_err.so.2.1 .
/usr/bin/rm -f ../libcom_err.so.2.1 ../libcom_err.so ../libcom_err.so.2
(cd ..; /usr/bin/ln  \
	`echo lib/et | sed -e 's;lib/;;'`/libcom_err.so.2.1 libcom_err.so.2.1)
(cd ..; /usr/bin/ln  libcom_err.so.2.1 libcom_err.so)
(cd ..; /usr/bin/ln  libcom_err.so.2.1 libcom_err.so.2)
make[2]: Leaving directory '/workspace/repos/rocknix.worktrees/m7-duckstation-deps01/build.pixelelated-GENERIC_X64.x86_64/build/libcom-err-1.47.4/.x86_64-rocknix-linux-gnu/lib/et'
making all in lib/ss
make[2]: Entering directory '/workspace/repos/rocknix.worktrees/m7-duckstation-deps01/build.pixelelated-GENERIC_X64.x86_64/build/libcom-err-1.47.4/.x86_64-rocknix-linux-gnu/lib/ss'
../../util/subst -f ../../util/subst.conf /workspace/repos/rocknix.worktrees/m7-duckstation-deps01/build.pixelelated-GENERIC_X64.x86_64/build/libcom-err-1.47.4/lib/ss/mk_cmds.sh.in mk_cmds
/usr/bin/chmod +x mk_cmds
make -s real-subdirs
touch subdirs
_ET_DIR_OVERRIDE=/workspace/repos/rocknix.worktrees/m7-duckstation-deps01/build.pixelelated-GENERIC_X64.x86_64/build/libcom-err-1.47.4/lib/ss/../et ../et/compile_et /workspace/repos/rocknix.worktrees/m7-duckstation-deps01/build.pixelelated-GENERIC_X64.x86_64/build/libcom-err-1.47.4/lib/ss/ss_err.et
/workspace/repos/rocknix.worktrees/m7-duckstation-deps01/build.pixelelated-GENERIC_X64.x86_64/toolchain/bin/x86_64-rocknix-linux-gnu-gcc -I. -I../../lib -I/workspace/repos/rocknix.worktrees/m7-duckstation-deps01/build.pixelelated-GENERIC_X64.x86_64/build/libcom-err-1.47.4/lib  -march=x86-64-v3 -mtune=generic -Wall -pipe  -O2 -fomit-frame-pointer -DNDEBUG -pthread  -DHAVE_CONFIG_H  -c ss_err.c
/workspace/repos/rocknix.worktrees/m7-duckstation-deps01/build.pixelelated-GENERIC_X64.x86_64/toolchain/bin/x86_64-rocknix-linux-gnu-gcc -I. -I../../lib -I/workspace/repos/rocknix.worktrees/m7-duckstation-deps01/build.pixelelated-GENERIC_X64.x86_64/build/libcom-err-1.47.4/lib  -march=x86-64-v3 -mtune=generic -Wall -pipe  -O2 -fomit-frame-pointer -DNDEBUG -pthread  -DHAVE_CONFIG_H  -DSHARED_ELF_LIB -fPIC -shared -o elfshared/ss_err.o -c ss_err.c
DIR=/workspace/repos/rocknix.worktrees/m7-duckstation-deps01/build.pixelelated-GENERIC_X64.x86_64/build/libcom-err-1.47.4/lib/ss _SS_DIR_OVERRIDE=/workspace/repos/rocknix.worktrees/m7-duckstation-deps01/build.pixelelated-GENERIC_X64.x86_64/build/libcom-err-1.47.4/lib/ss ./mk_cmds /workspace/repos/rocknix.worktrees/m7-duckstation-deps01/build.pixelelated-GENERIC_X64.x86_64/build/libcom-err-1.47.4/lib/ss/std_rqs.ct
/workspace/repos/rocknix.worktrees/m7-duckstation-deps01/build.pixelelated-GENERIC_X64.x86_64/toolchain/bin/x86_64-rocknix-linux-gnu-gcc -I. -I../../lib -I/workspace/repos/rocknix.worktrees/m7-duckstation-deps01/build.pixelelated-GENERIC_X64.x86_64/build/libcom-err-1.47.4/lib  -march=x86-64-v3 -mtune=generic -Wall -pipe  -O2 -fomit-frame-pointer -DNDEBUG -pthread  -DHAVE_CONFIG_H  -c std_rqs.c
/workspace/repos/rocknix.worktrees/m7-duckstation-deps01/build.pixelelated-GENERIC_X64.x86_64/toolchain/bin/x86_64-rocknix-linux-gnu-gcc -I. -I../../lib -I/workspace/repos/rocknix.worktrees/m7-duckstation-deps01/build.pixelelated-GENERIC_X64.x86_64/build/libcom-err-1.47.4/lib  -march=x86-64-v3 -mtune=generic -Wall -pipe  -O2 -fomit-frame-pointer -DNDEBUG -pthread  -DHAVE_CONFIG_H  -DSHARED_ELF_LIB -fPIC -shared -o elfshared/std_rqs.o -c std_rqs.c
/workspace/repos/rocknix.worktrees/m7-duckstation-deps01/build.pixelelated-GENERIC_X64.x86_64/toolchain/bin/x86_64-rocknix-linux-gnu-gcc -I. -I../../lib -I/workspace/repos/rocknix.worktrees/m7-duckstation-deps01/build.pixelelated-GENERIC_X64.x86_64/build/libcom-err-1.47.4/lib  -march=x86-64-v3 -mtune=generic -Wall -pipe  -O2 -fomit-frame-pointer -DNDEBUG -pthread  -DHAVE_CONFIG_H  -c /workspace/repos/rocknix.worktrees/m7-duckstation-deps01/build.pixelelated-GENERIC_X64.x86_64/build/libcom-err-1.47.4/lib/ss/invocation.c
/workspace/repos/rocknix.worktrees/m7-duckstation-deps01/build.pixelelated-GENERIC_X64.x86_64/toolchain/bin/x86_64-rocknix-linux-gnu-gcc -I. -I../../lib -I/workspace/repos/rocknix.worktrees/m7-duckstation-deps01/build.pixelelated-GENERIC_X64.x86_64/build/libcom-err-1.47.4/lib  -march=x86-64-v3 -mtune=generic -Wall -pipe  -O2 -fomit-frame-pointer -DNDEBUG -pthread  -DHAVE_CONFIG_H  -DSHARED_ELF_LIB -fPIC -shared -o elfshared/invocation.o -c /workspace/repos/rocknix.worktrees/m7-duckstation-deps01/build.pixelelated-GENERIC_X64.x86_64/build/libcom-err-1.47.4/lib/ss/invocation.c
/workspace/repos/rocknix.worktrees/m7-duckstation-deps01/build.pixelelated-GENERIC_X64.x86_64/toolchain/bin/x86_64-rocknix-linux-gnu-gcc -I. -I../../lib -I/workspace/repos/rocknix.worktrees/m7-duckstation-deps01/build.pixelelated-GENERIC_X64.x86_64/build/libcom-err-1.47.4/lib  -march=x86-64-v3 -mtune=generic -Wall -pipe  -O2 -fomit-frame-pointer -DNDEBUG -pthread  -DHAVE_CONFIG_H  -c /workspace/repos/rocknix.worktrees/m7-duckstation-deps01/build.pixelelated-GENERIC_X64.x86_64/build/libcom-err-1.47.4/lib/ss/help.c
/workspace/repos/rocknix.worktrees/m7-duckstation-deps01/build.pixelelated-GENERIC_X64.x86_64/toolchain/bin/x86_64-rocknix-linux-gnu-gcc -I. -I../../lib -I/workspace/repos/rocknix.worktrees/m7-duckstation-deps01/build.pixelelated-GENERIC_X64.x86_64/build/libcom-err-1.47.4/lib  -march=x86-64-v3 -mtune=generic -Wall -pipe  -O2 -fomit-frame-pointer -DNDEBUG -pthread  -DHAVE_CONFIG_H  -DSHARED_ELF_LIB -fPIC -shared -o elfshared/help.o -c /workspace/repos/rocknix.worktrees/m7-duckstation-deps01/build.pixelelated-GENERIC_X64.x86_64/build/libcom-err-1.47.4/lib/ss/help.c
/workspace/repos/rocknix.worktrees/m7-duckstation-deps01/build.pixelelated-GENERIC_X64.x86_64/toolchain/bin/x86_64-rocknix-linux-gnu-gcc -I. -I../../lib -I/workspace/repos/rocknix.worktrees/m7-duckstation-deps01/build.pixelelated-GENERIC_X64.x86_64/build/libcom-err-1.47.4/lib  -march=x86-64-v3 -mtune=generic -Wall -pipe  -O2 -fomit-frame-pointer -DNDEBUG -pthread  -DHAVE_CONFIG_H  -c /workspace/repos/rocknix.worktrees/m7-duckstation-deps01/build.pixelelated-GENERIC_X64.x86_64/build/libcom-err-1.47.4/lib/ss/execute_cmd.c
/workspace/repos/rocknix.worktrees/m7-duckstation-deps01/build.pixelelated-GENERIC_X64.x86_64/toolchain/bin/x86_64-rocknix-linux-gnu-gcc -I. -I../../lib -I/workspace/repos/rocknix.worktrees/m7-duckstation-deps01/build.pixelelated-GENERIC_X64.x86_64/build/libcom-err-1.47.4/lib  -march=x86-64-v3 -mtune=generic -Wall -pipe  -O2 -fomit-frame-pointer -DNDEBUG -pthread  -DHAVE_CONFIG_H  -DSHARED_ELF_LIB -fPIC -shared -o elfshared/execute_cmd.o -c /workspace/repos/rocknix.worktrees/m7-duckstation-deps01/build.pixelelated-GENERIC_X64.x86_64/build/libcom-err-1.47.4/lib/ss/execute_cmd.c
/workspace/repos/rocknix.worktrees/m7-duckstation-deps01/build.pixelelated-GENERIC_X64.x86_64/toolchain/bin/x86_64-rocknix-linux-gnu-gcc -I. -I../../lib -I/workspace/repos/rocknix.worktrees/m7-duckstation-deps01/build.pixelelated-GENERIC_X64.x86_64/build/libcom-err-1.47.4/lib  -march=x86-64-v3 -mtune=generic -Wall -pipe  -O2 -fomit-frame-pointer -DNDEBUG -pthread  -DHAVE_CONFIG_H  -c /workspace/repos/rocknix.worktrees/m7-duckstation-deps01/build.pixelelated-GENERIC_X64.x86_64/build/libcom-err-1.47.4/lib/ss/listen.c
/workspace/repos/rocknix.worktrees/m7-duckstation-deps01/build.pixelelated-GENERIC_X64.x86_64/toolchain/bin/x86_64-rocknix-linux-gnu-gcc -I. -I../../lib -I/workspace/repos/rocknix.worktrees/m7-duckstation-deps01/build.pixelelated-GENERIC_X64.x86_64/build/libcom-err-1.47.4/lib  -march=x86-64-v3 -mtune=generic -Wall -pipe  -O2 -fomit-frame-pointer -DNDEBUG -pthread  -DHAVE_CONFIG_H  -DSHARED_ELF_LIB -fPIC -shared -o elfshared/listen.o -c /workspace/repos/rocknix.worktrees/m7-duckstation-deps01/build.pixelelated-GENERIC_X64.x86_64/build/libcom-err-1.47.4/lib/ss/listen.c
/workspace/repos/rocknix.worktrees/m7-duckstation-deps01/build.pixelelated-GENERIC_X64.x86_64/toolchain/bin/x86_64-rocknix-linux-gnu-gcc -I. -I../../lib -I/workspace/repos/rocknix.worktrees/m7-duckstation-deps01/build.pixelelated-GENERIC_X64.x86_64/build/libcom-err-1.47.4/lib  -march=x86-64-v3 -mtune=generic -Wall -pipe  -O2 -fomit-frame-pointer -DNDEBUG -pthread  -DHAVE_CONFIG_H  -c /workspace/repos/rocknix.worktrees/m7-duckstation-deps01/build.pixelelated-GENERIC_X64.x86_64/build/libcom-err-1.47.4/lib/ss/parse.c
/workspace/repos/rocknix.worktrees/m7-duckstation-deps01/build.pixelelated-GENERIC_X64.x86_64/toolchain/bin/x86_64-rocknix-linux-gnu-gcc -I. -I../../lib -I/workspace/repos/rocknix.worktrees/m7-duckstation-deps01/build.pixelelated-GENERIC_X64.x86_64/build/libcom-err-1.47.4/lib  -march=x86-64-v3 -mtune=generic -Wall -pipe  -O2 -fomit-frame-pointer -DNDEBUG -pthread  -DHAVE_CONFIG_H  -DSHARED_ELF_LIB -fPIC -shared -o elfshared/parse.o -c /workspace/repos/rocknix.worktrees/m7-duckstation-deps01/build.pixelelated-GENERIC_X64.x86_64/build/libcom-err-1.47.4/lib/ss/parse.c
/workspace/repos/rocknix.worktrees/m7-duckstation-deps01/build.pixelelated-GENERIC_X64.x86_64/toolchain/bin/x86_64-rocknix-linux-gnu-gcc -I. -I../../lib -I/workspace/repos/rocknix.worktrees/m7-duckstation-deps01/build.pixelelated-GENERIC_X64.x86_64/build/libcom-err-1.47.4/lib  -march=x86-64-v3 -mtune=generic -Wall -pipe  -O2 -fomit-frame-pointer -DNDEBUG -pthread  -DHAVE_CONFIG_H  -c /workspace/repos/rocknix.worktrees/m7-duckstation-deps01/build.pixelelated-GENERIC_X64.x86_64/build/libcom-err-1.47.4/lib/ss/error.c
/workspace/repos/rocknix.worktrees/m7-duckstation-deps01/build.pixelelated-GENERIC_X64.x86_64/toolchain/bin/x86_64-rocknix-linux-gnu-gcc -I. -I../../lib -I/workspace/repos/rocknix.worktrees/m7-duckstation-deps01/build.pixelelated-GENERIC_X64.x86_64/build/libcom-err-1.47.4/lib  -march=x86-64-v3 -mtune=generic -Wall -pipe  -O2 -fomit-frame-pointer -DNDEBUG -pthread  -DHAVE_CONFIG_H  -DSHARED_ELF_LIB -fPIC -shared -o elfshared/error.o -c /workspace/repos/rocknix.worktrees/m7-duckstation-deps01/build.pixelelated-GENERIC_X64.x86_64/build/libcom-err-1.47.4/lib/ss/error.c
/workspace/repos/rocknix.worktrees/m7-duckstation-deps01/build.pixelelated-GENERIC_X64.x86_64/toolchain/bin/x86_64-rocknix-linux-gnu-gcc -I. -I../../lib -I/workspace/repos/rocknix.worktrees/m7-duckstation-deps01/build.pixelelated-GENERIC_X64.x86_64/build/libcom-err-1.47.4/lib  -march=x86-64-v3 -mtune=generic -Wall -pipe  -O2 -fomit-frame-pointer -DNDEBUG -pthread  -DHAVE_CONFIG_H  -c /workspace/repos/rocknix.worktrees/m7-duckstation-deps01/build.pixelelated-GENERIC_X64.x86_64/build/libcom-err-1.47.4/lib/ss/prompt.c
/workspace/repos/rocknix.worktrees/m7-duckstation-deps01/build.pixelelated-GENERIC_X64.x86_64/toolchain/bin/x86_64-rocknix-linux-gnu-gcc -I. -I../../lib -I/workspace/repos/rocknix.worktrees/m7-duckstation-deps01/build.pixelelated-GENERIC_X64.x86_64/build/libcom-err-1.47.4/lib  -march=x86-64-v3 -mtune=generic -Wall -pipe  -O2 -fomit-frame-pointer -DNDEBUG -pthread  -DHAVE_CONFIG_H  -DSHARED_ELF_LIB -fPIC -shared -o elfshared/prompt.o -c /workspace/repos/rocknix.worktrees/m7-duckstation-deps01/build.pixelelated-GENERIC_X64.x86_64/build/libcom-err-1.47.4/lib/ss/prompt.c
/workspace/repos/rocknix.worktrees/m7-duckstation-deps01/build.pixelelated-GENERIC_X64.x86_64/toolchain/bin/x86_64-rocknix-linux-gnu-gcc -I. -I../../lib -I/workspace/repos/rocknix.worktrees/m7-duckstation-deps01/build.pixelelated-GENERIC_X64.x86_64/build/libcom-err-1.47.4/lib  -march=x86-64-v3 -mtune=generic -Wall -pipe  -O2 -fomit-frame-pointer -DNDEBUG -pthread  -DHAVE_CONFIG_H  -c /workspace/repos/rocknix.worktrees/m7-duckstation-deps01/build.pixelelated-GENERIC_X64.x86_64/build/libcom-err-1.47.4/lib/ss/request_tbl.c
/workspace/repos/rocknix.worktrees/m7-duckstation-deps01/build.pixelelated-GENERIC_X64.x86_64/toolchain/bin/x86_64-rocknix-linux-gnu-gcc -I. -I../../lib -I/workspace/repos/rocknix.worktrees/m7-duckstation-deps01/build.pixelelated-GENERIC_X64.x86_64/build/libcom-err-1.47.4/lib  -march=x86-64-v3 -mtune=generic -Wall -pipe  -O2 -fomit-frame-pointer -DNDEBUG -pthread  -DHAVE_CONFIG_H  -DSHARED_ELF_LIB -fPIC -shared -o elfshared/request_tbl.o -c /workspace/repos/rocknix.worktrees/m7-duckstation-deps01/build.pixelelated-GENERIC_X64.x86_64/build/libcom-err-1.47.4/lib/ss/request_tbl.c
/workspace/repos/rocknix.worktrees/m7-duckstation-deps01/build.pixelelated-GENERIC_X64.x86_64/toolchain/bin/x86_64-rocknix-linux-gnu-gcc -I. -I../../lib -I/workspace/repos/rocknix.worktrees/m7-duckstation-deps01/build.pixelelated-GENERIC_X64.x86_64/build/libcom-err-1.47.4/lib  -march=x86-64-v3 -mtune=generic -Wall -pipe  -O2 -fomit-frame-pointer -DNDEBUG -pthread  -DHAVE_CONFIG_H  -c /workspace/repos/rocknix.worktrees/m7-duckstation-deps01/build.pixelelated-GENERIC_X64.x86_64/build/libcom-err-1.47.4/lib/ss/list_rqs.c
/workspace/repos/rocknix.worktrees/m7-duckstation-deps01/build.pixelelated-GENERIC_X64.x86_64/toolchain/bin/x86_64-rocknix-linux-gnu-gcc -I. -I../../lib -I/workspace/repos/rocknix.worktrees/m7-duckstation-deps01/build.pixelelated-GENERIC_X64.x86_64/build/libcom-err-1.47.4/lib  -march=x86-64-v3 -mtune=generic -Wall -pipe  -O2 -fomit-frame-pointer -DNDEBUG -pthread  -DHAVE_CONFIG_H  -DSHARED_ELF_LIB -fPIC -shared -o elfshared/list_rqs.o -c /workspace/repos/rocknix.worktrees/m7-duckstation-deps01/build.pixelelated-GENERIC_X64.x86_64/build/libcom-err-1.47.4/lib/ss/list_rqs.c
/workspace/repos/rocknix.worktrees/m7-duckstation-deps01/build.pixelelated-GENERIC_X64.x86_64/toolchain/bin/x86_64-rocknix-linux-gnu-gcc -I. -I../../lib -I/workspace/repos/rocknix.worktrees/m7-duckstation-deps01/build.pixelelated-GENERIC_X64.x86_64/build/libcom-err-1.47.4/lib  -march=x86-64-v3 -mtune=generic -Wall -pipe  -O2 -fomit-frame-pointer -DNDEBUG -pthread  -DHAVE_CONFIG_H  -c /workspace/repos/rocknix.worktrees/m7-duckstation-deps01/build.pixelelated-GENERIC_X64.x86_64/build/libcom-err-1.47.4/lib/ss/pager.c
/workspace/repos/rocknix.worktrees/m7-duckstation-deps01/build.pixelelated-GENERIC_X64.x86_64/toolchain/bin/x86_64-rocknix-linux-gnu-gcc -I. -I../../lib -I/workspace/repos/rocknix.worktrees/m7-duckstation-deps01/build.pixelelated-GENERIC_X64.x86_64/build/libcom-err-1.47.4/lib  -march=x86-64-v3 -mtune=generic -Wall -pipe  -O2 -fomit-frame-pointer -DNDEBUG -pthread  -DHAVE_CONFIG_H  -DSHARED_ELF_LIB -fPIC -shared -o elfshared/pager.o -c /workspace/repos/rocknix.worktrees/m7-duckstation-deps01/build.pixelelated-GENERIC_X64.x86_64/build/libcom-err-1.47.4/lib/ss/pager.c
/workspace/repos/rocknix.worktrees/m7-duckstation-deps01/build.pixelelated-GENERIC_X64.x86_64/toolchain/bin/x86_64-rocknix-linux-gnu-gcc -I. -I../../lib -I/workspace/repos/rocknix.worktrees/m7-duckstation-deps01/build.pixelelated-GENERIC_X64.x86_64/build/libcom-err-1.47.4/lib  -march=x86-64-v3 -mtune=generic -Wall -pipe  -O2 -fomit-frame-pointer -DNDEBUG -pthread  -DHAVE_CONFIG_H  -c /workspace/repos/rocknix.worktrees/m7-duckstation-deps01/build.pixelelated-GENERIC_X64.x86_64/build/libcom-err-1.47.4/lib/ss/requests.c
/workspace/repos/rocknix.worktrees/m7-duckstation-deps01/build.pixelelated-GENERIC_X64.x86_64/toolchain/bin/x86_64-rocknix-linux-gnu-gcc -I. -I../../lib -I/workspace/repos/rocknix.worktrees/m7-duckstation-deps01/build.pixelelated-GENERIC_X64.x86_64/build/libcom-err-1.47.4/lib  -march=x86-64-v3 -mtune=generic -Wall -pipe  -O2 -fomit-frame-pointer -DNDEBUG -pthread  -DHAVE_CONFIG_H  -DSHARED_ELF_LIB -fPIC -shared -o elfshared/requests.o -c /workspace/repos/rocknix.worktrees/m7-duckstation-deps01/build.pixelelated-GENERIC_X64.x86_64/build/libcom-err-1.47.4/lib/ss/requests.c
/workspace/repos/rocknix.worktrees/m7-duckstation-deps01/build.pixelelated-GENERIC_X64.x86_64/toolchain/bin/x86_64-rocknix-linux-gnu-gcc -I. -I../../lib -I/workspace/repos/rocknix.worktrees/m7-duckstation-deps01/build.pixelelated-GENERIC_X64.x86_64/build/libcom-err-1.47.4/lib  -march=x86-64-v3 -mtune=generic -Wall -pipe  -O2 -fomit-frame-pointer -DNDEBUG -pthread  -DHAVE_CONFIG_H  -c /workspace/repos/rocknix.worktrees/m7-duckstation-deps01/build.pixelelated-GENERIC_X64.x86_64/build/libcom-err-1.47.4/lib/ss/data.c
/workspace/repos/rocknix.worktrees/m7-duckstation-deps01/build.pixelelated-GENERIC_X64.x86_64/toolchain/bin/x86_64-rocknix-linux-gnu-gcc -I. -I../../lib -I/workspace/repos/rocknix.worktrees/m7-duckstation-deps01/build.pixelelated-GENERIC_X64.x86_64/build/libcom-err-1.47.4/lib  -march=x86-64-v3 -mtune=generic -Wall -pipe  -O2 -fomit-frame-pointer -DNDEBUG -pthread  -DHAVE_CONFIG_H  -DSHARED_ELF_LIB -fPIC -shared -o elfshared/data.o -c /workspace/repos/rocknix.worktrees/m7-duckstation-deps01/build.pixelelated-GENERIC_X64.x86_64/build/libcom-err-1.47.4/lib/ss/data.c
/workspace/repos/rocknix.worktrees/m7-duckstation-deps01/build.pixelelated-GENERIC_X64.x86_64/toolchain/bin/x86_64-rocknix-linux-gnu-gcc -I. -I../../lib -I/workspace/repos/rocknix.worktrees/m7-duckstation-deps01/build.pixelelated-GENERIC_X64.x86_64/build/libcom-err-1.47.4/lib  -march=x86-64-v3 -mtune=generic -Wall -pipe  -O2 -fomit-frame-pointer -DNDEBUG -pthread  -DHAVE_CONFIG_H  -c /workspace/repos/rocknix.worktrees/m7-duckstation-deps01/build.pixelelated-GENERIC_X64.x86_64/build/libcom-err-1.47.4/lib/ss/get_readline.c
/workspace/repos/rocknix.worktrees/m7-duckstation-deps01/build.pixelelated-GENERIC_X64.x86_64/toolchain/bin/x86_64-rocknix-linux-gnu-gcc -I. -I../../lib -I/workspace/repos/rocknix.worktrees/m7-duckstation-deps01/build.pixelelated-GENERIC_X64.x86_64/build/libcom-err-1.47.4/lib  -march=x86-64-v3 -mtune=generic -Wall -pipe  -O2 -fomit-frame-pointer -DNDEBUG -pthread  -DHAVE_CONFIG_H  -DSHARED_ELF_LIB -fPIC -shared -o elfshared/get_readline.o -c /workspace/repos/rocknix.worktrees/m7-duckstation-deps01/build.pixelelated-GENERIC_X64.x86_64/build/libcom-err-1.47.4/lib/ss/get_readline.c
(if test -r libss.a; then /usr/bin/rm -f libss.a.bak && /usr/bin/mv libss.a libss.a.bak; fi)
/workspace/repos/rocknix.worktrees/m7-duckstation-deps01/build.pixelelated-GENERIC_X64.x86_64/toolchain/bin/x86_64-rocknix-linux-gnu-ar rc libss.a ss_err.o std_rqs.o invocation.o help.o execute_cmd.o listen.o parse.o error.o prompt.o request_tbl.o list_rqs.o pager.o requests.o data.o get_readline.o
/usr/bin/rm -f ../libss.a
(cd ..; /usr/bin/ln  \
	`echo lib/ss | sed -e 's;lib/;;'`/libss.a libss.a)
(cd elfshared; /workspace/repos/rocknix.worktrees/m7-duckstation-deps01/build.pixelelated-GENERIC_X64.x86_64/toolchain/bin/x86_64-rocknix-linux-gnu-gcc -o libss.so.2.0 \
	-L../../../lib  -pthread -march=x86-64-v3 -mtune=generic -Wl,--as-needed -fuse-ld=bfd -fPIC -shared \
	-Wl,-soname,libss.so.2 ss_err.o std_rqs.o invocation.o help.o execute_cmd.o listen.o parse.o error.o prompt.o request_tbl.o list_rqs.o pager.o requests.o data.o get_readline.o -lcom_err -ldl)
/usr/bin/mv elfshared/libss.so.2.0 .
/usr/bin/rm -f ../libss.so.2.0 ../libss.so ../libss.so.2
(cd ..; /usr/bin/ln  \
	`echo lib/ss | sed -e 's;lib/;;'`/libss.so.2.0 libss.so.2.0)
(cd ..; /usr/bin/ln  libss.so.2.0 libss.so)
(cd ..; /usr/bin/ln  libss.so.2.0 libss.so.2)
make[2]: Leaving directory '/workspace/repos/rocknix.worktrees/m7-duckstation-deps01/build.pixelelated-GENERIC_X64.x86_64/build/libcom-err-1.47.4/.x86_64-rocknix-linux-gnu/lib/ss'
making all in lib/e2p
make[2]: Entering directory '/workspace/repos/rocknix.worktrees/m7-duckstation-deps01/build.pixelelated-GENERIC_X64.x86_64/build/libcom-err-1.47.4/.x86_64-rocknix-linux-gnu/lib/e2p'
make -s real-subdirs
touch subdirs
/workspace/repos/rocknix.worktrees/m7-duckstation-deps01/build.pixelelated-GENERIC_X64.x86_64/toolchain/bin/x86_64-rocknix-linux-gnu-gcc -I. -I../../lib -I/workspace/repos/rocknix.worktrees/m7-duckstation-deps01/build.pixelelated-GENERIC_X64.x86_64/build/libcom-err-1.47.4/lib  -march=x86-64-v3 -mtune=generic -Wall -pipe  -O2 -fomit-frame-pointer -DNDEBUG -pthread  -DHAVE_CONFIG_H  -c /workspace/repos/rocknix.worktrees/m7-duckstation-deps01/build.pixelelated-GENERIC_X64.x86_64/build/libcom-err-1.47.4/lib/e2p/feature.c -o feature.o
/workspace/repos/rocknix.worktrees/m7-duckstation-deps01/build.pixelelated-GENERIC_X64.x86_64/toolchain/bin/x86_64-rocknix-linux-gnu-gcc -I. -I../../lib -I/workspace/repos/rocknix.worktrees/m7-duckstation-deps01/build.pixelelated-GENERIC_X64.x86_64/build/libcom-err-1.47.4/lib  -march=x86-64-v3 -mtune=generic -Wall -pipe  -O2 -fomit-frame-pointer -DNDEBUG -pthread  -DHAVE_CONFIG_H  -fPIC -shared -o elfshared/feature.o -c /workspace/repos/rocknix.worktrees/m7-duckstation-deps01/build.pixelelated-GENERIC_X64.x86_64/build/libcom-err-1.47.4/lib/e2p/feature.c
/workspace/repos/rocknix.worktrees/m7-duckstation-deps01/build.pixelelated-GENERIC_X64.x86_64/toolchain/bin/x86_64-rocknix-linux-gnu-gcc -I. -I../../lib -I/workspace/repos/rocknix.worktrees/m7-duckstation-deps01/build.pixelelated-GENERIC_X64.x86_64/build/libcom-err-1.47.4/lib  -march=x86-64-v3 -mtune=generic -Wall -pipe  -O2 -fomit-frame-pointer -DNDEBUG -pthread  -DHAVE_CONFIG_H  -c /workspace/repos/rocknix.worktrees/m7-duckstation-deps01/build.pixelelated-GENERIC_X64.x86_64/build/libcom-err-1.47.4/lib/e2p/fgetflags.c -o fgetflags.o
/workspace/repos/rocknix.worktrees/m7-duckstation-deps01/build.pixelelated-GENERIC_X64.x86_64/toolchain/bin/x86_64-rocknix-linux-gnu-gcc -I. -I../../lib -I/workspace/repos/rocknix.worktrees/m7-duckstation-deps01/build.pixelelated-GENERIC_X64.x86_64/build/libcom-err-1.47.4/lib  -march=x86-64-v3 -mtune=generic -Wall -pipe  -O2 -fomit-frame-pointer -DNDEBUG -pthread  -DHAVE_CONFIG_H  -fPIC -shared -o elfshared/fgetflags.o -c /workspace/repos/rocknix.worktrees/m7-duckstation-deps01/build.pixelelated-GENERIC_X64.x86_64/build/libcom-err-1.47.4/lib/e2p/fgetflags.c
/workspace/repos/rocknix.worktrees/m7-duckstation-deps01/build.pixelelated-GENERIC_X64.x86_64/toolchain/bin/x86_64-rocknix-linux-gnu-gcc -I. -I../../lib -I/workspace/repos/rocknix.worktrees/m7-duckstation-deps01/build.pixelelated-GENERIC_X64.x86_64/build/libcom-err-1.47.4/lib  -march=x86-64-v3 -mtune=generic -Wall -pipe  -O2 -fomit-frame-pointer -DNDEBUG -pthread  -DHAVE_CONFIG_H  -c /workspace/repos/rocknix.worktrees/m7-duckstation-deps01/build.pixelelated-GENERIC_X64.x86_64/build/libcom-err-1.47.4/lib/e2p/fsetflags.c -o fsetflags.o
/workspace/repos/rocknix.worktrees/m7-duckstation-deps01/build.pixelelated-GENERIC_X64.x86_64/toolchain/bin/x86_64-rocknix-linux-gnu-gcc -I. -I../../lib -I/workspace/repos/rocknix.worktrees/m7-duckstation-deps01/build.pixelelated-GENERIC_X64.x86_64/build/libcom-err-1.47.4/lib  -march=x86-64-v3 -mtune=generic -Wall -pipe  -O2 -fomit-frame-pointer -DNDEBUG -pthread  -DHAVE_CONFIG_H  -fPIC -shared -o elfshared/fsetflags.o -c /workspace/repos/rocknix.worktrees/m7-duckstation-deps01/build.pixelelated-GENERIC_X64.x86_64/build/libcom-err-1.47.4/lib/e2p/fsetflags.c
/workspace/repos/rocknix.worktrees/m7-duckstation-deps01/build.pixelelated-GENERIC_X64.x86_64/toolchain/bin/x86_64-rocknix-linux-gnu-gcc -I. -I../../lib -I/workspace/repos/rocknix.worktrees/m7-duckstation-deps01/build.pixelelated-GENERIC_X64.x86_64/build/libcom-err-1.47.4/lib  -march=x86-64-v3 -mtune=generic -Wall -pipe  -O2 -fomit-frame-pointer -DNDEBUG -pthread  -DHAVE_CONFIG_H  -c /workspace/repos/rocknix.worktrees/m7-duckstation-deps01/build.pixelelated-GENERIC_X64.x86_64/build/libcom-err-1.47.4/lib/e2p/fgetversion.c -o fgetversion.o
/workspace/repos/rocknix.worktrees/m7-duckstation-deps01/build.pixelelated-GENERIC_X64.x86_64/toolchain/bin/x86_64-rocknix-linux-gnu-gcc -I. -I../../lib -I/workspace/repos/rocknix.worktrees/m7-duckstation-deps01/build.pixelelated-GENERIC_X64.x86_64/build/libcom-err-1.47.4/lib  -march=x86-64-v3 -mtune=generic -Wall -pipe  -O2 -fomit-frame-pointer -DNDEBUG -pthread  -DHAVE_CONFIG_H  -fPIC -shared -o elfshared/fgetversion.o -c /workspace/repos/rocknix.worktrees/m7-duckstation-deps01/build.pixelelated-GENERIC_X64.x86_64/build/libcom-err-1.47.4/lib/e2p/fgetversion.c
/workspace/repos/rocknix.worktrees/m7-duckstation-deps01/build.pixelelated-GENERIC_X64.x86_64/toolchain/bin/x86_64-rocknix-linux-gnu-gcc -I. -I../../lib -I/workspace/repos/rocknix.worktrees/m7-duckstation-deps01/build.pixelelated-GENERIC_X64.x86_64/build/libcom-err-1.47.4/lib  -march=x86-64-v3 -mtune=generic -Wall -pipe  -O2 -fomit-frame-pointer -DNDEBUG -pthread  -DHAVE_CONFIG_H  -c /workspace/repos/rocknix.worktrees/m7-duckstation-deps01/build.pixelelated-GENERIC_X64.x86_64/build/libcom-err-1.47.4/lib/e2p/fsetversion.c -o fsetversion.o
/workspace/repos/rocknix.worktrees/m7-duckstation-deps01/build.pixelelated-GENERIC_X64.x86_64/toolchain/bin/x86_64-rocknix-linux-gnu-gcc -I. -I../../lib -I/workspace/repos/rocknix.worktrees/m7-duckstation-deps01/build.pixelelated-GENERIC_X64.x86_64/build/libcom-err-1.47.4/lib  -march=x86-64-v3 -mtune=generic -Wall -pipe  -O2 -fomit-frame-pointer -DNDEBUG -pthread  -DHAVE_CONFIG_H  -fPIC -shared -o elfshared/fsetversion.o -c /workspace/repos/rocknix.worktrees/m7-duckstation-deps01/build.pixelelated-GENERIC_X64.x86_64/build/libcom-err-1.47.4/lib/e2p/fsetversion.c
/workspace/repos/rocknix.worktrees/m7-duckstation-deps01/build.pixelelated-GENERIC_X64.x86_64/toolchain/bin/x86_64-rocknix-linux-gnu-gcc -I. -I../../lib -I/workspace/repos/rocknix.worktrees/m7-duckstation-deps01/build.pixelelated-GENERIC_X64.x86_64/build/libcom-err-1.47.4/lib  -march=x86-64-v3 -mtune=generic -Wall -pipe  -O2 -fomit-frame-pointer -DNDEBUG -pthread  -DHAVE_CONFIG_H  -c /workspace/repos/rocknix.worktrees/m7-duckstation-deps01/build.pixelelated-GENERIC_X64.x86_64/build/libcom-err-1.47.4/lib/e2p/getflags.c -o getflags.o
/workspace/repos/rocknix.worktrees/m7-duckstation-deps01/build.pixelelated-GENERIC_X64.x86_64/toolchain/bin/x86_64-rocknix-linux-gnu-gcc -I. -I../../lib -I/workspace/repos/rocknix.worktrees/m7-duckstation-deps01/build.pixelelated-GENERIC_X64.x86_64/build/libcom-err-1.47.4/lib  -march=x86-64-v3 -mtune=generic -Wall -pipe  -O2 -fomit-frame-pointer -DNDEBUG -pthread  -DHAVE_CONFIG_H  -fPIC -shared -o elfshared/getflags.o -c /workspace/repos/rocknix.worktrees/m7-duckstation-deps01/build.pixelelated-GENERIC_X64.x86_64/build/libcom-err-1.47.4/lib/e2p/getflags.c
/workspace/repos/rocknix.worktrees/m7-duckstation-deps01/build.pixelelated-GENERIC_X64.x86_64/toolchain/bin/x86_64-rocknix-linux-gnu-gcc -I. -I../../lib -I/workspace/repos/rocknix.worktrees/m7-duckstation-deps01/build.pixelelated-GENERIC_X64.x86_64/build/libcom-err-1.47.4/lib  -march=x86-64-v3 -mtune=generic -Wall -pipe  -O2 -fomit-frame-pointer -DNDEBUG -pthread  -DHAVE_CONFIG_H  -c /workspace/repos/rocknix.worktrees/m7-duckstation-deps01/build.pixelelated-GENERIC_X64.x86_64/build/libcom-err-1.47.4/lib/e2p/getversion.c -o getversion.o
/workspace/repos/rocknix.worktrees/m7-duckstation-deps01/build.pixelelated-GENERIC_X64.x86_64/toolchain/bin/x86_64-rocknix-linux-gnu-gcc -I. -I../../lib -I/workspace/repos/rocknix.worktrees/m7-duckstation-deps01/build.pixelelated-GENERIC_X64.x86_64/build/libcom-err-1.47.4/lib  -march=x86-64-v3 -mtune=generic -Wall -pipe  -O2 -fomit-frame-pointer -DNDEBUG -pthread  -DHAVE_CONFIG_H  -fPIC -shared -o elfshared/getversion.o -c /workspace/repos/rocknix.worktrees/m7-duckstation-deps01/build.pixelelated-GENERIC_X64.x86_64/build/libcom-err-1.47.4/lib/e2p/getversion.c
/workspace/repos/rocknix.worktrees/m7-duckstation-deps01/build.pixelelated-GENERIC_X64.x86_64/toolchain/bin/x86_64-rocknix-linux-gnu-gcc -I. -I../../lib -I/workspace/repos/rocknix.worktrees/m7-duckstation-deps01/build.pixelelated-GENERIC_X64.x86_64/build/libcom-err-1.47.4/lib  -march=x86-64-v3 -mtune=generic -Wall -pipe  -O2 -fomit-frame-pointer -DNDEBUG -pthread  -DHAVE_CONFIG_H  -c /workspace/repos/rocknix.worktrees/m7-duckstation-deps01/build.pixelelated-GENERIC_X64.x86_64/build/libcom-err-1.47.4/lib/e2p/hashstr.c -o hashstr.o
/workspace/repos/rocknix.worktrees/m7-duckstation-deps01/build.pixelelated-GENERIC_X64.x86_64/toolchain/bin/x86_64-rocknix-linux-gnu-gcc -I. -I../../lib -I/workspace/repos/rocknix.worktrees/m7-duckstation-deps01/build.pixelelated-GENERIC_X64.x86_64/build/libcom-err-1.47.4/lib  -march=x86-64-v3 -mtune=generic -Wall -pipe  -O2 -fomit-frame-pointer -DNDEBUG -pthread  -DHAVE_CONFIG_H  -fPIC -shared -o elfshared/hashstr.o -c /workspace/repos/rocknix.worktrees/m7-duckstation-deps01/build.pixelelated-GENERIC_X64.x86_64/build/libcom-err-1.47.4/lib/e2p/hashstr.c
/workspace/repos/rocknix.worktrees/m7-duckstation-deps01/build.pixelelated-GENERIC_X64.x86_64/toolchain/bin/x86_64-rocknix-linux-gnu-gcc -I. -I../../lib -I/workspace/repos/rocknix.worktrees/m7-duckstation-deps01/build.pixelelated-GENERIC_X64.x86_64/build/libcom-err-1.47.4/lib  -march=x86-64-v3 -mtune=generic -Wall -pipe  -O2 -fomit-frame-pointer -DNDEBUG -pthread  -DHAVE_CONFIG_H  -c /workspace/repos/rocknix.worktrees/m7-duckstation-deps01/build.pixelelated-GENERIC_X64.x86_64/build/libcom-err-1.47.4/lib/e2p/iod.c -o iod.o
/workspace/repos/rocknix.worktrees/m7-duckstation-deps01/build.pixelelated-GENERIC_X64.x86_64/toolchain/bin/x86_64-rocknix-linux-gnu-gcc -I. -I../../lib -I/workspace/repos/rocknix.worktrees/m7-duckstation-deps01/build.pixelelated-GENERIC_X64.x86_64/build/libcom-err-1.47.4/lib  -march=x86-64-v3 -mtune=generic -Wall -pipe  -O2 -fomit-frame-pointer -DNDEBUG -pthread  -DHAVE_CONFIG_H  -fPIC -shared -o elfshared/iod.o -c /workspace/repos/rocknix.worktrees/m7-duckstation-deps01/build.pixelelated-GENERIC_X64.x86_64/build/libcom-err-1.47.4/lib/e2p/iod.c
/workspace/repos/rocknix.worktrees/m7-duckstation-deps01/build.pixelelated-GENERIC_X64.x86_64/toolchain/bin/x86_64-rocknix-linux-gnu-gcc -I. -I../../lib -I/workspace/repos/rocknix.worktrees/m7-duckstation-deps01/build.pixelelated-GENERIC_X64.x86_64/build/libcom-err-1.47.4/lib  -march=x86-64-v3 -mtune=generic -Wall -pipe  -O2 -fomit-frame-pointer -DNDEBUG -pthread  -DHAVE_CONFIG_H  -c /workspace/repos/rocknix.worktrees/m7-duckstation-deps01/build.pixelelated-GENERIC_X64.x86_64/build/libcom-err-1.47.4/lib/e2p/ls.c -o ls.o
/workspace/repos/rocknix.worktrees/m7-duckstation-deps01/build.pixelelated-GENERIC_X64.x86_64/toolchain/bin/x86_64-rocknix-linux-gnu-gcc -I. -I../../lib -I/workspace/repos/rocknix.worktrees/m7-duckstation-deps01/build.pixelelated-GENERIC_X64.x86_64/build/libcom-err-1.47.4/lib  -march=x86-64-v3 -mtune=generic -Wall -pipe  -O2 -fomit-frame-pointer -DNDEBUG -pthread  -DHAVE_CONFIG_H  -fPIC -shared -o elfshared/ls.o -c /workspace/repos/rocknix.worktrees/m7-duckstation-deps01/build.pixelelated-GENERIC_X64.x86_64/build/libcom-err-1.47.4/lib/e2p/ls.c
/workspace/repos/rocknix.worktrees/m7-duckstation-deps01/build.pixelelated-GENERIC_X64.x86_64/toolchain/bin/x86_64-rocknix-linux-gnu-gcc -I. -I../../lib -I/workspace/repos/rocknix.worktrees/m7-duckstation-deps01/build.pixelelated-GENERIC_X64.x86_64/build/libcom-err-1.47.4/lib  -march=x86-64-v3 -mtune=generic -Wall -pipe  -O2 -fomit-frame-pointer -DNDEBUG -pthread  -DHAVE_CONFIG_H  -c /workspace/repos/rocknix.worktrees/m7-duckstation-deps01/build.pixelelated-GENERIC_X64.x86_64/build/libcom-err-1.47.4/lib/e2p/ljs.c -o ljs.o
/workspace/repos/rocknix.worktrees/m7-duckstation-deps01/build.pixelelated-GENERIC_X64.x86_64/toolchain/bin/x86_64-rocknix-linux-gnu-gcc -I. -I../../lib -I/workspace/repos/rocknix.worktrees/m7-duckstation-deps01/build.pixelelated-GENERIC_X64.x86_64/build/libcom-err-1.47.4/lib  -march=x86-64-v3 -mtune=generic -Wall -pipe  -O2 -fomit-frame-pointer -DNDEBUG -pthread  -DHAVE_CONFIG_H  -fPIC -shared -o elfshared/ljs.o -c /workspace/repos/rocknix.worktrees/m7-duckstation-deps01/build.pixelelated-GENERIC_X64.x86_64/build/libcom-err-1.47.4/lib/e2p/ljs.c
/workspace/repos/rocknix.worktrees/m7-duckstation-deps01/build.pixelelated-GENERIC_X64.x86_64/toolchain/bin/x86_64-rocknix-linux-gnu-gcc -I. -I../../lib -I/workspace/repos/rocknix.worktrees/m7-duckstation-deps01/build.pixelelated-GENERIC_X64.x86_64/build/libcom-err-1.47.4/lib  -march=x86-64-v3 -mtune=generic -Wall -pipe  -O2 -fomit-frame-pointer -DNDEBUG -pthread  -DHAVE_CONFIG_H  -c /workspace/repos/rocknix.worktrees/m7-duckstation-deps01/build.pixelelated-GENERIC_X64.x86_64/build/libcom-err-1.47.4/lib/e2p/mntopts.c -o mntopts.o
/workspace/repos/rocknix.worktrees/m7-duckstation-deps01/build.pixelelated-GENERIC_X64.x86_64/toolchain/bin/x86_64-rocknix-linux-gnu-gcc -I. -I../../lib -I/workspace/repos/rocknix.worktrees/m7-duckstation-deps01/build.pixelelated-GENERIC_X64.x86_64/build/libcom-err-1.47.4/lib  -march=x86-64-v3 -mtune=generic -Wall -pipe  -O2 -fomit-frame-pointer -DNDEBUG -pthread  -DHAVE_CONFIG_H  -fPIC -shared -o elfshared/mntopts.o -c /workspace/repos/rocknix.worktrees/m7-duckstation-deps01/build.pixelelated-GENERIC_X64.x86_64/build/libcom-err-1.47.4/lib/e2p/mntopts.c
/workspace/repos/rocknix.worktrees/m7-duckstation-deps01/build.pixelelated-GENERIC_X64.x86_64/toolchain/bin/x86_64-rocknix-linux-gnu-gcc -I. -I../../lib -I/workspace/repos/rocknix.worktrees/m7-duckstation-deps01/build.pixelelated-GENERIC_X64.x86_64/build/libcom-err-1.47.4/lib  -march=x86-64-v3 -mtune=generic -Wall -pipe  -O2 -fomit-frame-pointer -DNDEBUG -pthread  -DHAVE_CONFIG_H  -c /workspace/repos/rocknix.worktrees/m7-duckstation-deps01/build.pixelelated-GENERIC_X64.x86_64/build/libcom-err-1.47.4/lib/e2p/parse_num.c -o parse_num.o
/workspace/repos/rocknix.worktrees/m7-duckstation-deps01/build.pixelelated-GENERIC_X64.x86_64/toolchain/bin/x86_64-rocknix-linux-gnu-gcc -I. -I../../lib -I/workspace/repos/rocknix.worktrees/m7-duckstation-deps01/build.pixelelated-GENERIC_X64.x86_64/build/libcom-err-1.47.4/lib  -march=x86-64-v3 -mtune=generic -Wall -pipe  -O2 -fomit-frame-pointer -DNDEBUG -pthread  -DHAVE_CONFIG_H  -fPIC -shared -o elfshared/parse_num.o -c /workspace/repos/rocknix.worktrees/m7-duckstation-deps01/build.pixelelated-GENERIC_X64.x86_64/build/libcom-err-1.47.4/lib/e2p/parse_num.c
/workspace/repos/rocknix.worktrees/m7-duckstation-deps01/build.pixelelated-GENERIC_X64.x86_64/toolchain/bin/x86_64-rocknix-linux-gnu-gcc -I. -I../../lib -I/workspace/repos/rocknix.worktrees/m7-duckstation-deps01/build.pixelelated-GENERIC_X64.x86_64/build/libcom-err-1.47.4/lib  -march=x86-64-v3 -mtune=generic -Wall -pipe  -O2 -fomit-frame-pointer -DNDEBUG -pthread  -DHAVE_CONFIG_H  -c /workspace/repos/rocknix.worktrees/m7-duckstation-deps01/build.pixelelated-GENERIC_X64.x86_64/build/libcom-err-1.47.4/lib/e2p/pe.c -o pe.o
/workspace/repos/rocknix.worktrees/m7-duckstation-deps01/build.pixelelated-GENERIC_X64.x86_64/toolchain/bin/x86_64-rocknix-linux-gnu-gcc -I. -I../../lib -I/workspace/repos/rocknix.worktrees/m7-duckstation-deps01/build.pixelelated-GENERIC_X64.x86_64/build/libcom-err-1.47.4/lib  -march=x86-64-v3 -mtune=generic -Wall -pipe  -O2 -fomit-frame-pointer -DNDEBUG -pthread  -DHAVE_CONFIG_H  -fPIC -shared -o elfshared/pe.o -c /workspace/repos/rocknix.worktrees/m7-duckstation-deps01/build.pixelelated-GENERIC_X64.x86_64/build/libcom-err-1.47.4/lib/e2p/pe.c
/workspace/repos/rocknix.worktrees/m7-duckstation-deps01/build.pixelelated-GENERIC_X64.x86_64/toolchain/bin/x86_64-rocknix-linux-gnu-gcc -I. -I../../lib -I/workspace/repos/rocknix.worktrees/m7-duckstation-deps01/build.pixelelated-GENERIC_X64.x86_64/build/libcom-err-1.47.4/lib  -march=x86-64-v3 -mtune=generic -Wall -pipe  -O2 -fomit-frame-pointer -DNDEBUG -pthread  -DHAVE_CONFIG_H  -c /workspace/repos/rocknix.worktrees/m7-duckstation-deps01/build.pixelelated-GENERIC_X64.x86_64/build/libcom-err-1.47.4/lib/e2p/pf.c -o pf.o
/workspace/repos/rocknix.worktrees/m7-duckstation-deps01/build.pixelelated-GENERIC_X64.x86_64/toolchain/bin/x86_64-rocknix-linux-gnu-gcc -I. -I../../lib -I/workspace/repos/rocknix.worktrees/m7-duckstation-deps01/build.pixelelated-GENERIC_X64.x86_64/build/libcom-err-1.47.4/lib  -march=x86-64-v3 -mtune=generic -Wall -pipe  -O2 -fomit-frame-pointer -DNDEBUG -pthread  -DHAVE_CONFIG_H  -fPIC -shared -o elfshared/pf.o -c /workspace/repos/rocknix.worktrees/m7-duckstation-deps01/build.pixelelated-GENERIC_X64.x86_64/build/libcom-err-1.47.4/lib/e2p/pf.c
/workspace/repos/rocknix.worktrees/m7-duckstation-deps01/build.pixelelated-GENERIC_X64.x86_64/toolchain/bin/x86_64-rocknix-linux-gnu-gcc -I. -I../../lib -I/workspace/repos/rocknix.worktrees/m7-duckstation-deps01/build.pixelelated-GENERIC_X64.x86_64/build/libcom-err-1.47.4/lib  -march=x86-64-v3 -mtune=generic -Wall -pipe  -O2 -fomit-frame-pointer -DNDEBUG -pthread  -DHAVE_CONFIG_H  -c /workspace/repos/rocknix.worktrees/m7-duckstation-deps01/build.pixelelated-GENERIC_X64.x86_64/build/libcom-err-1.47.4/lib/e2p/ps.c -o ps.o
/workspace/repos/rocknix.worktrees/m7-duckstation-deps01/build.pixelelated-GENERIC_X64.x86_64/toolchain/bin/x86_64-rocknix-linux-gnu-gcc -I. -I../../lib -I/workspace/repos/rocknix.worktrees/m7-duckstation-deps01/build.pixelelated-GENERIC_X64.x86_64/build/libcom-err-1.47.4/lib  -march=x86-64-v3 -mtune=generic -Wall -pipe  -O2 -fomit-frame-pointer -DNDEBUG -pthread  -DHAVE_CONFIG_H  -fPIC -shared -o elfshared/ps.o -c /workspace/repos/rocknix.worktrees/m7-duckstation-deps01/build.pixelelated-GENERIC_X64.x86_64/build/libcom-err-1.47.4/lib/e2p/ps.c
/workspace/repos/rocknix.worktrees/m7-duckstation-deps01/build.pixelelated-GENERIC_X64.x86_64/toolchain/bin/x86_64-rocknix-linux-gnu-gcc -I. -I../../lib -I/workspace/repos/rocknix.worktrees/m7-duckstation-deps01/build.pixelelated-GENERIC_X64.x86_64/build/libcom-err-1.47.4/lib  -march=x86-64-v3 -mtune=generic -Wall -pipe  -O2 -fomit-frame-pointer -DNDEBUG -pthread  -DHAVE_CONFIG_H  -c /workspace/repos/rocknix.worktrees/m7-duckstation-deps01/build.pixelelated-GENERIC_X64.x86_64/build/libcom-err-1.47.4/lib/e2p/setflags.c -o setflags.o
/workspace/repos/rocknix.worktrees/m7-duckstation-deps01/build.pixelelated-GENERIC_X64.x86_64/toolchain/bin/x86_64-rocknix-linux-gnu-gcc -I. -I../../lib -I/workspace/repos/rocknix.worktrees/m7-duckstation-deps01/build.pixelelated-GENERIC_X64.x86_64/build/libcom-err-1.47.4/lib  -march=x86-64-v3 -mtune=generic -Wall -pipe  -O2 -fomit-frame-pointer -DNDEBUG -pthread  -DHAVE_CONFIG_H  -fPIC -shared -o elfshared/setflags.o -c /workspace/repos/rocknix.worktrees/m7-duckstation-deps01/build.pixelelated-GENERIC_X64.x86_64/build/libcom-err-1.47.4/lib/e2p/setflags.c
/workspace/repos/rocknix.worktrees/m7-duckstation-deps01/build.pixelelated-GENERIC_X64.x86_64/toolchain/bin/x86_64-rocknix-linux-gnu-gcc -I. -I../../lib -I/workspace/repos/rocknix.worktrees/m7-duckstation-deps01/build.pixelelated-GENERIC_X64.x86_64/build/libcom-err-1.47.4/lib  -march=x86-64-v3 -mtune=generic -Wall -pipe  -O2 -fomit-frame-pointer -DNDEBUG -pthread  -DHAVE_CONFIG_H  -c /workspace/repos/rocknix.worktrees/m7-duckstation-deps01/build.pixelelated-GENERIC_X64.x86_64/build/libcom-err-1.47.4/lib/e2p/setversion.c -o setversion.o
/workspace/repos/rocknix.worktrees/m7-duckstation-deps01/build.pixelelated-GENERIC_X64.x86_64/toolchain/bin/x86_64-rocknix-linux-gnu-gcc -I. -I../../lib -I/workspace/repos/rocknix.worktrees/m7-duckstation-deps01/build.pixelelated-GENERIC_X64.x86_64/build/libcom-err-1.47.4/lib  -march=x86-64-v3 -mtune=generic -Wall -pipe  -O2 -fomit-frame-pointer -DNDEBUG -pthread  -DHAVE_CONFIG_H  -fPIC -shared -o elfshared/setversion.o -c /workspace/repos/rocknix.worktrees/m7-duckstation-deps01/build.pixelelated-GENERIC_X64.x86_64/build/libcom-err-1.47.4/lib/e2p/setversion.c
/workspace/repos/rocknix.worktrees/m7-duckstation-deps01/build.pixelelated-GENERIC_X64.x86_64/toolchain/bin/x86_64-rocknix-linux-gnu-gcc -I. -I../../lib -I/workspace/repos/rocknix.worktrees/m7-duckstation-deps01/build.pixelelated-GENERIC_X64.x86_64/build/libcom-err-1.47.4/lib  -march=x86-64-v3 -mtune=generic -Wall -pipe  -O2 -fomit-frame-pointer -DNDEBUG -pthread  -DHAVE_CONFIG_H  -c /workspace/repos/rocknix.worktrees/m7-duckstation-deps01/build.pixelelated-GENERIC_X64.x86_64/build/libcom-err-1.47.4/lib/e2p/uuid.c -o uuid.o
/workspace/repos/rocknix.worktrees/m7-duckstation-deps01/build.pixelelated-GENERIC_X64.x86_64/toolchain/bin/x86_64-rocknix-linux-gnu-gcc -I. -I../../lib -I/workspace/repos/rocknix.worktrees/m7-duckstation-deps01/build.pixelelated-GENERIC_X64.x86_64/build/libcom-err-1.47.4/lib  -march=x86-64-v3 -mtune=generic -Wall -pipe  -O2 -fomit-frame-pointer -DNDEBUG -pthread  -DHAVE_CONFIG_H  -fPIC -shared -o elfshared/uuid.o -c /workspace/repos/rocknix.worktrees/m7-duckstation-deps01/build.pixelelated-GENERIC_X64.x86_64/build/libcom-err-1.47.4/lib/e2p/uuid.c
/workspace/repos/rocknix.worktrees/m7-duckstation-deps01/build.pixelelated-GENERIC_X64.x86_64/toolchain/bin/x86_64-rocknix-linux-gnu-gcc -I. -I../../lib -I/workspace/repos/rocknix.worktrees/m7-duckstation-deps01/build.pixelelated-GENERIC_X64.x86_64/build/libcom-err-1.47.4/lib  -march=x86-64-v3 -mtune=generic -Wall -pipe  -O2 -fomit-frame-pointer -DNDEBUG -pthread  -DHAVE_CONFIG_H  -c /workspace/repos/rocknix.worktrees/m7-duckstation-deps01/build.pixelelated-GENERIC_X64.x86_64/build/libcom-err-1.47.4/lib/e2p/ostype.c -o ostype.o
/workspace/repos/rocknix.worktrees/m7-duckstation-deps01/build.pixelelated-GENERIC_X64.x86_64/toolchain/bin/x86_64-rocknix-linux-gnu-gcc -I. -I../../lib -I/workspace/repos/rocknix.worktrees/m7-duckstation-deps01/build.pixelelated-GENERIC_X64.x86_64/build/libcom-err-1.47.4/lib  -march=x86-64-v3 -mtune=generic -Wall -pipe  -O2 -fomit-frame-pointer -DNDEBUG -pthread  -DHAVE_CONFIG_H  -fPIC -shared -o elfshared/ostype.o -c /workspace/repos/rocknix.worktrees/m7-duckstation-deps01/build.pixelelated-GENERIC_X64.x86_64/build/libcom-err-1.47.4/lib/e2p/ostype.c
/workspace/repos/rocknix.worktrees/m7-duckstation-deps01/build.pixelelated-GENERIC_X64.x86_64/toolchain/bin/x86_64-rocknix-linux-gnu-gcc -I. -I../../lib -I/workspace/repos/rocknix.worktrees/m7-duckstation-deps01/build.pixelelated-GENERIC_X64.x86_64/build/libcom-err-1.47.4/lib  -march=x86-64-v3 -mtune=generic -Wall -pipe  -O2 -fomit-frame-pointer -DNDEBUG -pthread  -DHAVE_CONFIG_H  -c /workspace/repos/rocknix.worktrees/m7-duckstation-deps01/build.pixelelated-GENERIC_X64.x86_64/build/libcom-err-1.47.4/lib/e2p/percent.c -o percent.o
/workspace/repos/rocknix.worktrees/m7-duckstation-deps01/build.pixelelated-GENERIC_X64.x86_64/toolchain/bin/x86_64-rocknix-linux-gnu-gcc -I. -I../../lib -I/workspace/repos/rocknix.worktrees/m7-duckstation-deps01/build.pixelelated-GENERIC_X64.x86_64/build/libcom-err-1.47.4/lib  -march=x86-64-v3 -mtune=generic -Wall -pipe  -O2 -fomit-frame-pointer -DNDEBUG -pthread  -DHAVE_CONFIG_H  -fPIC -shared -o elfshared/percent.o -c /workspace/repos/rocknix.worktrees/m7-duckstation-deps01/build.pixelelated-GENERIC_X64.x86_64/build/libcom-err-1.47.4/lib/e2p/percent.c
/workspace/repos/rocknix.worktrees/m7-duckstation-deps01/build.pixelelated-GENERIC_X64.x86_64/toolchain/bin/x86_64-rocknix-linux-gnu-gcc -I. -I../../lib -I/workspace/repos/rocknix.worktrees/m7-duckstation-deps01/build.pixelelated-GENERIC_X64.x86_64/build/libcom-err-1.47.4/lib  -march=x86-64-v3 -mtune=generic -Wall -pipe  -O2 -fomit-frame-pointer -DNDEBUG -pthread  -DHAVE_CONFIG_H  -c /workspace/repos/rocknix.worktrees/m7-duckstation-deps01/build.pixelelated-GENERIC_X64.x86_64/build/libcom-err-1.47.4/lib/e2p/crypto_mode.c -o crypto_mode.o
/workspace/repos/rocknix.worktrees/m7-duckstation-deps01/build.pixelelated-GENERIC_X64.x86_64/toolchain/bin/x86_64-rocknix-linux-gnu-gcc -I. -I../../lib -I/workspace/repos/rocknix.worktrees/m7-duckstation-deps01/build.pixelelated-GENERIC_X64.x86_64/build/libcom-err-1.47.4/lib  -march=x86-64-v3 -mtune=generic -Wall -pipe  -O2 -fomit-frame-pointer -DNDEBUG -pthread  -DHAVE_CONFIG_H  -fPIC -shared -o elfshared/crypto_mode.o -c /workspace/repos/rocknix.worktrees/m7-duckstation-deps01/build.pixelelated-GENERIC_X64.x86_64/build/libcom-err-1.47.4/lib/e2p/crypto_mode.c
/workspace/repos/rocknix.worktrees/m7-duckstation-deps01/build.pixelelated-GENERIC_X64.x86_64/toolchain/bin/x86_64-rocknix-linux-gnu-gcc -I. -I../../lib -I/workspace/repos/rocknix.worktrees/m7-duckstation-deps01/build.pixelelated-GENERIC_X64.x86_64/build/libcom-err-1.47.4/lib  -march=x86-64-v3 -mtune=generic -Wall -pipe  -O2 -fomit-frame-pointer -DNDEBUG -pthread  -DHAVE_CONFIG_H  -c /workspace/repos/rocknix.worktrees/m7-duckstation-deps01/build.pixelelated-GENERIC_X64.x86_64/build/libcom-err-1.47.4/lib/e2p/fgetproject.c -o fgetproject.o
/workspace/repos/rocknix.worktrees/m7-duckstation-deps01/build.pixelelated-GENERIC_X64.x86_64/toolchain/bin/x86_64-rocknix-linux-gnu-gcc -I. -I../../lib -I/workspace/repos/rocknix.worktrees/m7-duckstation-deps01/build.pixelelated-GENERIC_X64.x86_64/build/libcom-err-1.47.4/lib  -march=x86-64-v3 -mtune=generic -Wall -pipe  -O2 -fomit-frame-pointer -DNDEBUG -pthread  -DHAVE_CONFIG_H  -fPIC -shared -o elfshared/fgetproject.o -c /workspace/repos/rocknix.worktrees/m7-duckstation-deps01/build.pixelelated-GENERIC_X64.x86_64/build/libcom-err-1.47.4/lib/e2p/fgetproject.c
/workspace/repos/rocknix.worktrees/m7-duckstation-deps01/build.pixelelated-GENERIC_X64.x86_64/toolchain/bin/x86_64-rocknix-linux-gnu-gcc -I. -I../../lib -I/workspace/repos/rocknix.worktrees/m7-duckstation-deps01/build.pixelelated-GENERIC_X64.x86_64/build/libcom-err-1.47.4/lib  -march=x86-64-v3 -mtune=generic -Wall -pipe  -O2 -fomit-frame-pointer -DNDEBUG -pthread  -DHAVE_CONFIG_H  -c /workspace/repos/rocknix.worktrees/m7-duckstation-deps01/build.pixelelated-GENERIC_X64.x86_64/build/libcom-err-1.47.4/lib/e2p/fsetproject.c -o fsetproject.o
/workspace/repos/rocknix.worktrees/m7-duckstation-deps01/build.pixelelated-GENERIC_X64.x86_64/toolchain/bin/x86_64-rocknix-linux-gnu-gcc -I. -I../../lib -I/workspace/repos/rocknix.worktrees/m7-duckstation-deps01/build.pixelelated-GENERIC_X64.x86_64/build/libcom-err-1.47.4/lib  -march=x86-64-v3 -mtune=generic -Wall -pipe  -O2 -fomit-frame-pointer -DNDEBUG -pthread  -DHAVE_CONFIG_H  -fPIC -shared -o elfshared/fsetproject.o -c /workspace/repos/rocknix.worktrees/m7-duckstation-deps01/build.pixelelated-GENERIC_X64.x86_64/build/libcom-err-1.47.4/lib/e2p/fsetproject.c
/workspace/repos/rocknix.worktrees/m7-duckstation-deps01/build.pixelelated-GENERIC_X64.x86_64/toolchain/bin/x86_64-rocknix-linux-gnu-gcc -I. -I../../lib -I/workspace/repos/rocknix.worktrees/m7-duckstation-deps01/build.pixelelated-GENERIC_X64.x86_64/build/libcom-err-1.47.4/lib  -march=x86-64-v3 -mtune=generic -Wall -pipe  -O2 -fomit-frame-pointer -DNDEBUG -pthread  -DHAVE_CONFIG_H  -c /workspace/repos/rocknix.worktrees/m7-duckstation-deps01/build.pixelelated-GENERIC_X64.x86_64/build/libcom-err-1.47.4/lib/e2p/encoding.c -o encoding.o
/workspace/repos/rocknix.worktrees/m7-duckstation-deps01/build.pixelelated-GENERIC_X64.x86_64/toolchain/bin/x86_64-rocknix-linux-gnu-gcc -I. -I../../lib -I/workspace/repos/rocknix.worktrees/m7-duckstation-deps01/build.pixelelated-GENERIC_X64.x86_64/build/libcom-err-1.47.4/lib  -march=x86-64-v3 -mtune=generic -Wall -pipe  -O2 -fomit-frame-pointer -DNDEBUG -pthread  -DHAVE_CONFIG_H  -fPIC -shared -o elfshared/encoding.o -c /workspace/repos/rocknix.worktrees/m7-duckstation-deps01/build.pixelelated-GENERIC_X64.x86_64/build/libcom-err-1.47.4/lib/e2p/encoding.c
/workspace/repos/rocknix.worktrees/m7-duckstation-deps01/build.pixelelated-GENERIC_X64.x86_64/toolchain/bin/x86_64-rocknix-linux-gnu-gcc -I. -I../../lib -I/workspace/repos/rocknix.worktrees/m7-duckstation-deps01/build.pixelelated-GENERIC_X64.x86_64/build/libcom-err-1.47.4/lib  -march=x86-64-v3 -mtune=generic -Wall -pipe  -O2 -fomit-frame-pointer -DNDEBUG -pthread  -DHAVE_CONFIG_H  -c /workspace/repos/rocknix.worktrees/m7-duckstation-deps01/build.pixelelated-GENERIC_X64.x86_64/build/libcom-err-1.47.4/lib/e2p/errcode.c -o errcode.o
/workspace/repos/rocknix.worktrees/m7-duckstation-deps01/build.pixelelated-GENERIC_X64.x86_64/toolchain/bin/x86_64-rocknix-linux-gnu-gcc -I. -I../../lib -I/workspace/repos/rocknix.worktrees/m7-duckstation-deps01/build.pixelelated-GENERIC_X64.x86_64/build/libcom-err-1.47.4/lib  -march=x86-64-v3 -mtune=generic -Wall -pipe  -O2 -fomit-frame-pointer -DNDEBUG -pthread  -DHAVE_CONFIG_H  -fPIC -shared -o elfshared/errcode.o -c /workspace/repos/rocknix.worktrees/m7-duckstation-deps01/build.pixelelated-GENERIC_X64.x86_64/build/libcom-err-1.47.4/lib/e2p/errcode.c
(if test -r libe2p.a; then /usr/bin/rm -f libe2p.a.bak && /usr/bin/mv libe2p.a libe2p.a.bak; fi)
/workspace/repos/rocknix.worktrees/m7-duckstation-deps01/build.pixelelated-GENERIC_X64.x86_64/toolchain/bin/x86_64-rocknix-linux-gnu-ar rc libe2p.a feature.o fgetflags.o fsetflags.o fgetversion.o fsetversion.o getflags.o getversion.o hashstr.o iod.o ls.o ljs.o mntopts.o parse_num.o pe.o pf.o ps.o setflags.o setversion.o uuid.o ostype.o percent.o crypto_mode.o fgetproject.o fsetproject.o encoding.o errcode.o
/usr/bin/rm -f ../libe2p.a
(cd ..; /usr/bin/ln  \
	`echo lib/e2p | sed -e 's;lib/;;'`/libe2p.a libe2p.a)
(cd elfshared; /workspace/repos/rocknix.worktrees/m7-duckstation-deps01/build.pixelelated-GENERIC_X64.x86_64/toolchain/bin/x86_64-rocknix-linux-gnu-gcc -o libe2p.so.2.3 \
	-L../../../lib  -pthread -march=x86-64-v3 -mtune=generic -Wl,--as-needed -fuse-ld=bfd -fPIC -shared \
	-Wl,-soname,libe2p.so.2 feature.o fgetflags.o fsetflags.o fgetversion.o fsetversion.o getflags.o getversion.o hashstr.o iod.o ls.o ljs.o mntopts.o parse_num.o pe.o pf.o ps.o setflags.o setversion.o uuid.o ostype.o percent.o crypto_mode.o fgetproject.o fsetproject.o encoding.o errcode.o )
/usr/bin/mv elfshared/libe2p.so.2.3 .
/usr/bin/rm -f ../libe2p.so.2.3 ../libe2p.so ../libe2p.so.2
(cd ..; /usr/bin/ln  \
	`echo lib/e2p | sed -e 's;lib/;;'`/libe2p.so.2.3 libe2p.so.2.3)
(cd ..; /usr/bin/ln  libe2p.so.2.3 libe2p.so)
(cd ..; /usr/bin/ln  libe2p.so.2.3 libe2p.so.2)
make[2]: Leaving directory '/workspace/repos/rocknix.worktrees/m7-duckstation-deps01/build.pixelelated-GENERIC_X64.x86_64/build/libcom-err-1.47.4/.x86_64-rocknix-linux-gnu/lib/e2p'
making all in lib/uuid
make[2]: Entering directory '/workspace/repos/rocknix.worktrees/m7-duckstation-deps01/build.pixelelated-GENERIC_X64.x86_64/build/libcom-err-1.47.4/.x86_64-rocknix-linux-gnu/lib/uuid'
make -s real-subdirs
touch subdirs
cp /workspace/repos/rocknix.worktrees/m7-duckstation-deps01/build.pixelelated-GENERIC_X64.x86_64/build/libcom-err-1.47.4/lib/uuid/uuid.h.in uuid.h
/workspace/repos/rocknix.worktrees/m7-duckstation-deps01/build.pixelelated-GENERIC_X64.x86_64/toolchain/bin/x86_64-rocknix-linux-gnu-gcc -I. -I../../lib -I/workspace/repos/rocknix.worktrees/m7-duckstation-deps01/build.pixelelated-GENERIC_X64.x86_64/build/libcom-err-1.47.4/lib  -march=x86-64-v3 -mtune=generic -Wall -pipe  -O2 -fomit-frame-pointer -DNDEBUG -pthread  -DHAVE_CONFIG_H  -c /workspace/repos/rocknix.worktrees/m7-duckstation-deps01/build.pixelelated-GENERIC_X64.x86_64/build/libcom-err-1.47.4/lib/uuid/clear.c -o clear.o
/workspace/repos/rocknix.worktrees/m7-duckstation-deps01/build.pixelelated-GENERIC_X64.x86_64/toolchain/bin/x86_64-rocknix-linux-gnu-gcc -I. -I../../lib -I/workspace/repos/rocknix.worktrees/m7-duckstation-deps01/build.pixelelated-GENERIC_X64.x86_64/build/libcom-err-1.47.4/lib  -march=x86-64-v3 -mtune=generic -Wall -pipe  -O2 -fomit-frame-pointer -DNDEBUG -pthread  -DHAVE_CONFIG_H  -fPIC -shared -o elfshared/clear.o -c /workspace/repos/rocknix.worktrees/m7-duckstation-deps01/build.pixelelated-GENERIC_X64.x86_64/build/libcom-err-1.47.4/lib/uuid/clear.c
/workspace/repos/rocknix.worktrees/m7-duckstation-deps01/build.pixelelated-GENERIC_X64.x86_64/toolchain/bin/x86_64-rocknix-linux-gnu-gcc -I. -I../../lib -I/workspace/repos/rocknix.worktrees/m7-duckstation-deps01/build.pixelelated-GENERIC_X64.x86_64/build/libcom-err-1.47.4/lib  -march=x86-64-v3 -mtune=generic -Wall -pipe  -O2 -fomit-frame-pointer -DNDEBUG -pthread  -DHAVE_CONFIG_H  -c /workspace/repos/rocknix.worktrees/m7-duckstation-deps01/build.pixelelated-GENERIC_X64.x86_64/build/libcom-err-1.47.4/lib/uuid/compare.c -o compare.o
/workspace/repos/rocknix.worktrees/m7-duckstation-deps01/build.pixelelated-GENERIC_X64.x86_64/toolchain/bin/x86_64-rocknix-linux-gnu-gcc -I. -I../../lib -I/workspace/repos/rocknix.worktrees/m7-duckstation-deps01/build.pixelelated-GENERIC_X64.x86_64/build/libcom-err-1.47.4/lib  -march=x86-64-v3 -mtune=generic -Wall -pipe  -O2 -fomit-frame-pointer -DNDEBUG -pthread  -DHAVE_CONFIG_H  -fPIC -shared -o elfshared/compare.o -c /workspace/repos/rocknix.worktrees/m7-duckstation-deps01/build.pixelelated-GENERIC_X64.x86_64/build/libcom-err-1.47.4/lib/uuid/compare.c
/workspace/repos/rocknix.worktrees/m7-duckstation-deps01/build.pixelelated-GENERIC_X64.x86_64/toolchain/bin/x86_64-rocknix-linux-gnu-gcc -I. -I../../lib -I/workspace/repos/rocknix.worktrees/m7-duckstation-deps01/build.pixelelated-GENERIC_X64.x86_64/build/libcom-err-1.47.4/lib  -march=x86-64-v3 -mtune=generic -Wall -pipe  -O2 -fomit-frame-pointer -DNDEBUG -pthread  -DHAVE_CONFIG_H  -c /workspace/repos/rocknix.worktrees/m7-duckstation-deps01/build.pixelelated-GENERIC_X64.x86_64/build/libcom-err-1.47.4/lib/uuid/copy.c -o copy.o
/workspace/repos/rocknix.worktrees/m7-duckstation-deps01/build.pixelelated-GENERIC_X64.x86_64/toolchain/bin/x86_64-rocknix-linux-gnu-gcc -I. -I../../lib -I/workspace/repos/rocknix.worktrees/m7-duckstation-deps01/build.pixelelated-GENERIC_X64.x86_64/build/libcom-err-1.47.4/lib  -march=x86-64-v3 -mtune=generic -Wall -pipe  -O2 -fomit-frame-pointer -DNDEBUG -pthread  -DHAVE_CONFIG_H  -fPIC -shared -o elfshared/copy.o -c /workspace/repos/rocknix.worktrees/m7-duckstation-deps01/build.pixelelated-GENERIC_X64.x86_64/build/libcom-err-1.47.4/lib/uuid/copy.c
/workspace/repos/rocknix.worktrees/m7-duckstation-deps01/build.pixelelated-GENERIC_X64.x86_64/toolchain/bin/x86_64-rocknix-linux-gnu-gcc -I. -I../../lib -I/workspace/repos/rocknix.worktrees/m7-duckstation-deps01/build.pixelelated-GENERIC_X64.x86_64/build/libcom-err-1.47.4/lib  -march=x86-64-v3 -mtune=generic -Wall -pipe  -O2 -fomit-frame-pointer -DNDEBUG -pthread  -DHAVE_CONFIG_H  -c /workspace/repos/rocknix.worktrees/m7-duckstation-deps01/build.pixelelated-GENERIC_X64.x86_64/build/libcom-err-1.47.4/lib/uuid/gen_uuid.c -o gen_uuid.o
/workspace/repos/rocknix.worktrees/m7-duckstation-deps01/build.pixelelated-GENERIC_X64.x86_64/toolchain/bin/x86_64-rocknix-linux-gnu-gcc -I. -I../../lib -I/workspace/repos/rocknix.worktrees/m7-duckstation-deps01/build.pixelelated-GENERIC_X64.x86_64/build/libcom-err-1.47.4/lib  -march=x86-64-v3 -mtune=generic -Wall -pipe  -O2 -fomit-frame-pointer -DNDEBUG -pthread  -DHAVE_CONFIG_H  -fPIC -shared -o elfshared/gen_uuid.o -c /workspace/repos/rocknix.worktrees/m7-duckstation-deps01/build.pixelelated-GENERIC_X64.x86_64/build/libcom-err-1.47.4/lib/uuid/gen_uuid.c
/workspace/repos/rocknix.worktrees/m7-duckstation-deps01/build.pixelelated-GENERIC_X64.x86_64/toolchain/bin/x86_64-rocknix-linux-gnu-gcc -I. -I../../lib -I/workspace/repos/rocknix.worktrees/m7-duckstation-deps01/build.pixelelated-GENERIC_X64.x86_64/build/libcom-err-1.47.4/lib  -march=x86-64-v3 -mtune=generic -Wall -pipe  -O2 -fomit-frame-pointer -DNDEBUG -pthread  -DHAVE_CONFIG_H  -c /workspace/repos/rocknix.worktrees/m7-duckstation-deps01/build.pixelelated-GENERIC_X64.x86_64/build/libcom-err-1.47.4/lib/uuid/isnull.c -o isnull.o
/workspace/repos/rocknix.worktrees/m7-duckstation-deps01/build.pixelelated-GENERIC_X64.x86_64/toolchain/bin/x86_64-rocknix-linux-gnu-gcc -I. -I../../lib -I/workspace/repos/rocknix.worktrees/m7-duckstation-deps01/build.pixelelated-GENERIC_X64.x86_64/build/libcom-err-1.47.4/lib  -march=x86-64-v3 -mtune=generic -Wall -pipe  -O2 -fomit-frame-pointer -DNDEBUG -pthread  -DHAVE_CONFIG_H  -fPIC -shared -o elfshared/isnull.o -c /workspace/repos/rocknix.worktrees/m7-duckstation-deps01/build.pixelelated-GENERIC_X64.x86_64/build/libcom-err-1.47.4/lib/uuid/isnull.c
/workspace/repos/rocknix.worktrees/m7-duckstation-deps01/build.pixelelated-GENERIC_X64.x86_64/toolchain/bin/x86_64-rocknix-linux-gnu-gcc -I. -I../../lib -I/workspace/repos/rocknix.worktrees/m7-duckstation-deps01/build.pixelelated-GENERIC_X64.x86_64/build/libcom-err-1.47.4/lib  -march=x86-64-v3 -mtune=generic -Wall -pipe  -O2 -fomit-frame-pointer -DNDEBUG -pthread  -DHAVE_CONFIG_H  -c /workspace/repos/rocknix.worktrees/m7-duckstation-deps01/build.pixelelated-GENERIC_X64.x86_64/build/libcom-err-1.47.4/lib/uuid/pack.c -o pack.o
/workspace/repos/rocknix.worktrees/m7-duckstation-deps01/build.pixelelated-GENERIC_X64.x86_64/toolchain/bin/x86_64-rocknix-linux-gnu-gcc -I. -I../../lib -I/workspace/repos/rocknix.worktrees/m7-duckstation-deps01/build.pixelelated-GENERIC_X64.x86_64/build/libcom-err-1.47.4/lib  -march=x86-64-v3 -mtune=generic -Wall -pipe  -O2 -fomit-frame-pointer -DNDEBUG -pthread  -DHAVE_CONFIG_H  -fPIC -shared -o elfshared/pack.o -c /workspace/repos/rocknix.worktrees/m7-duckstation-deps01/build.pixelelated-GENERIC_X64.x86_64/build/libcom-err-1.47.4/lib/uuid/pack.c
/workspace/repos/rocknix.worktrees/m7-duckstation-deps01/build.pixelelated-GENERIC_X64.x86_64/toolchain/bin/x86_64-rocknix-linux-gnu-gcc -I. -I../../lib -I/workspace/repos/rocknix.worktrees/m7-duckstation-deps01/build.pixelelated-GENERIC_X64.x86_64/build/libcom-err-1.47.4/lib  -march=x86-64-v3 -mtune=generic -Wall -pipe  -O2 -fomit-frame-pointer -DNDEBUG -pthread  -DHAVE_CONFIG_H  -c /workspace/repos/rocknix.worktrees/m7-duckstation-deps01/build.pixelelated-GENERIC_X64.x86_64/build/libcom-err-1.47.4/lib/uuid/parse.c -o parse.o
/workspace/repos/rocknix.worktrees/m7-duckstation-deps01/build.pixelelated-GENERIC_X64.x86_64/toolchain/bin/x86_64-rocknix-linux-gnu-gcc -I. -I../../lib -I/workspace/repos/rocknix.worktrees/m7-duckstation-deps01/build.pixelelated-GENERIC_X64.x86_64/build/libcom-err-1.47.4/lib  -march=x86-64-v3 -mtune=generic -Wall -pipe  -O2 -fomit-frame-pointer -DNDEBUG -pthread  -DHAVE_CONFIG_H  -fPIC -shared -o elfshared/parse.o -c /workspace/repos/rocknix.worktrees/m7-duckstation-deps01/build.pixelelated-GENERIC_X64.x86_64/build/libcom-err-1.47.4/lib/uuid/parse.c
/workspace/repos/rocknix.worktrees/m7-duckstation-deps01/build.pixelelated-GENERIC_X64.x86_64/toolchain/bin/x86_64-rocknix-linux-gnu-gcc -I. -I../../lib -I/workspace/repos/rocknix.worktrees/m7-duckstation-deps01/build.pixelelated-GENERIC_X64.x86_64/build/libcom-err-1.47.4/lib  -march=x86-64-v3 -mtune=generic -Wall -pipe  -O2 -fomit-frame-pointer -DNDEBUG -pthread  -DHAVE_CONFIG_H  -c /workspace/repos/rocknix.worktrees/m7-duckstation-deps01/build.pixelelated-GENERIC_X64.x86_64/build/libcom-err-1.47.4/lib/uuid/unpack.c -o unpack.o
/workspace/repos/rocknix.worktrees/m7-duckstation-deps01/build.pixelelated-GENERIC_X64.x86_64/toolchain/bin/x86_64-rocknix-linux-gnu-gcc -I. -I../../lib -I/workspace/repos/rocknix.worktrees/m7-duckstation-deps01/build.pixelelated-GENERIC_X64.x86_64/build/libcom-err-1.47.4/lib  -march=x86-64-v3 -mtune=generic -Wall -pipe  -O2 -fomit-frame-pointer -DNDEBUG -pthread  -DHAVE_CONFIG_H  -fPIC -shared -o elfshared/unpack.o -c /workspace/repos/rocknix.worktrees/m7-duckstation-deps01/build.pixelelated-GENERIC_X64.x86_64/build/libcom-err-1.47.4/lib/uuid/unpack.c
/workspace/repos/rocknix.worktrees/m7-duckstation-deps01/build.pixelelated-GENERIC_X64.x86_64/toolchain/bin/x86_64-rocknix-linux-gnu-gcc -I. -I../../lib -I/workspace/repos/rocknix.worktrees/m7-duckstation-deps01/build.pixelelated-GENERIC_X64.x86_64/build/libcom-err-1.47.4/lib  -march=x86-64-v3 -mtune=generic -Wall -pipe  -O2 -fomit-frame-pointer -DNDEBUG -pthread  -DHAVE_CONFIG_H  -c /workspace/repos/rocknix.worktrees/m7-duckstation-deps01/build.pixelelated-GENERIC_X64.x86_64/build/libcom-err-1.47.4/lib/uuid/unparse.c -o unparse.o
/workspace/repos/rocknix.worktrees/m7-duckstation-deps01/build.pixelelated-GENERIC_X64.x86_64/toolchain/bin/x86_64-rocknix-linux-gnu-gcc -I. -I../../lib -I/workspace/repos/rocknix.worktrees/m7-duckstation-deps01/build.pixelelated-GENERIC_X64.x86_64/build/libcom-err-1.47.4/lib  -march=x86-64-v3 -mtune=generic -Wall -pipe  -O2 -fomit-frame-pointer -DNDEBUG -pthread  -DHAVE_CONFIG_H  -fPIC -shared -o elfshared/unparse.o -c /workspace/repos/rocknix.worktrees/m7-duckstation-deps01/build.pixelelated-GENERIC_X64.x86_64/build/libcom-err-1.47.4/lib/uuid/unparse.c
/workspace/repos/rocknix.worktrees/m7-duckstation-deps01/build.pixelelated-GENERIC_X64.x86_64/toolchain/bin/x86_64-rocknix-linux-gnu-gcc -I. -I../../lib -I/workspace/repos/rocknix.worktrees/m7-duckstation-deps01/build.pixelelated-GENERIC_X64.x86_64/build/libcom-err-1.47.4/lib  -march=x86-64-v3 -mtune=generic -Wall -pipe  -O2 -fomit-frame-pointer -DNDEBUG -pthread  -DHAVE_CONFIG_H  -c /workspace/repos/rocknix.worktrees/m7-duckstation-deps01/build.pixelelated-GENERIC_X64.x86_64/build/libcom-err-1.47.4/lib/uuid/uuid_time.c -o uuid_time.o
/workspace/repos/rocknix.worktrees/m7-duckstation-deps01/build.pixelelated-GENERIC_X64.x86_64/toolchain/bin/x86_64-rocknix-linux-gnu-gcc -I. -I../../lib -I/workspace/repos/rocknix.worktrees/m7-duckstation-deps01/build.pixelelated-GENERIC_X64.x86_64/build/libcom-err-1.47.4/lib  -march=x86-64-v3 -mtune=generic -Wall -pipe  -O2 -fomit-frame-pointer -DNDEBUG -pthread  -DHAVE_CONFIG_H  -fPIC -shared -o elfshared/uuid_time.o -c /workspace/repos/rocknix.worktrees/m7-duckstation-deps01/build.pixelelated-GENERIC_X64.x86_64/build/libcom-err-1.47.4/lib/uuid/uuid_time.c
(if test -r libuuid.a; then /usr/bin/rm -f libuuid.a.bak && /usr/bin/mv libuuid.a libuuid.a.bak; fi)
/workspace/repos/rocknix.worktrees/m7-duckstation-deps01/build.pixelelated-GENERIC_X64.x86_64/toolchain/bin/x86_64-rocknix-linux-gnu-ar rc libuuid.a clear.o compare.o copy.o gen_uuid.o isnull.o pack.o parse.o unpack.o unparse.o uuid_time.o
/usr/bin/rm -f ../libuuid.a
(cd ..; /usr/bin/ln  \
	`echo lib/uuid | sed -e 's;lib/;;'`/libuuid.a libuuid.a)
(cd elfshared; /workspace/repos/rocknix.worktrees/m7-duckstation-deps01/build.pixelelated-GENERIC_X64.x86_64/toolchain/bin/x86_64-rocknix-linux-gnu-gcc -o libuuid.so.1.2 \
	-L../../../lib  -pthread -march=x86-64-v3 -mtune=generic -Wl,--as-needed -fuse-ld=bfd -fPIC -shared \
	-Wl,-soname,libuuid.so.1 clear.o compare.o copy.o gen_uuid.o isnull.o pack.o parse.o unpack.o unparse.o uuid_time.o )
/usr/bin/mv elfshared/libuuid.so.1.2 .
/usr/bin/rm -f ../libuuid.so.1.2 ../libuuid.so ../libuuid.so.1
(cd ..; /usr/bin/ln  \
	`echo lib/uuid | sed -e 's;lib/;;'`/libuuid.so.1.2 libuuid.so.1.2)
(cd ..; /usr/bin/ln  libuuid.so.1.2 libuuid.so)
(cd ..; /usr/bin/ln  libuuid.so.1.2 libuuid.so.1)
/workspace/repos/rocknix.worktrees/m7-duckstation-deps01/build.pixelelated-GENERIC_X64.x86_64/toolchain/bin/x86_64-rocknix-linux-gnu-gcc -I. -I../../lib -I/workspace/repos/rocknix.worktrees/m7-duckstation-deps01/build.pixelelated-GENERIC_X64.x86_64/build/libcom-err-1.47.4/lib  -I/workspace/repos/rocknix.worktrees/m7-duckstation-deps01/build.pixelelated-GENERIC_X64.x86_64/toolchain/x86_64-rocknix-linux-gnu/sysroot/usr/include -march=x86-64-v3 -mtune=generic -Wall -pipe  -O2 -fomit-frame-pointer -DNDEBUG -pthread  -DHAVE_CONFIG_H  -c /workspace/repos/rocknix.worktrees/m7-duckstation-deps01/build.pixelelated-GENERIC_X64.x86_64/build/libcom-err-1.47.4/lib/uuid/tst_uuid.c -o tst_uuid.o
/workspace/repos/rocknix.worktrees/m7-duckstation-deps01/build.pixelelated-GENERIC_X64.x86_64/toolchain/bin/x86_64-rocknix-linux-gnu-gcc  -pthread -march=x86-64-v3 -mtune=generic -Wl,--as-needed -fuse-ld=bfd -Wl,-rpath-link,../../lib  -o tst_uuid tst_uuid.o ../../lib/libuuid.a 
/workspace/repos/rocknix.worktrees/m7-duckstation-deps01/build.pixelelated-GENERIC_X64.x86_64/toolchain/bin/x86_64-rocknix-linux-gnu-gcc -I. -I../../lib -I/workspace/repos/rocknix.worktrees/m7-duckstation-deps01/build.pixelelated-GENERIC_X64.x86_64/build/libcom-err-1.47.4/lib  -I/workspace/repos/rocknix.worktrees/m7-duckstation-deps01/build.pixelelated-GENERIC_X64.x86_64/toolchain/x86_64-rocknix-linux-gnu/sysroot/usr/include -march=x86-64-v3 -mtune=generic -Wall -pipe  -O2 -fomit-frame-pointer -DNDEBUG -pthread  -DHAVE_CONFIG_H   -pthread -march=x86-64-v3 -mtune=generic -Wl,--as-needed -fuse-ld=bfd -DDEBUG -o uuid_time \
	/workspace/repos/rocknix.worktrees/m7-duckstation-deps01/build.pixelelated-GENERIC_X64.x86_64/build/libcom-err-1.47.4/lib/uuid/uuid_time.c ../../lib/libuuid.so 
../../util/subst -t -f ../../util/subst.conf /workspace/repos/rocknix.worktrees/m7-duckstation-deps01/build.pixelelated-GENERIC_X64.x86_64/build/libcom-err-1.47.4/lib/uuid/uuid.3.in uuid.3
../../util/subst -t -f ../../util/subst.conf /workspace/repos/rocknix.worktrees/m7-duckstation-deps01/build.pixelelated-GENERIC_X64.x86_64/build/libcom-err-1.47.4/lib/uuid/uuid_clear.3.in uuid_clear.3
../../util/subst -t -f ../../util/subst.conf /workspace/repos/rocknix.worktrees/m7-duckstation-deps01/build.pixelelated-GENERIC_X64.x86_64/build/libcom-err-1.47.4/lib/uuid/uuid_compare.3.in uuid_compare.3
../../util/subst -t -f ../../util/subst.conf /workspace/repos/rocknix.worktrees/m7-duckstation-deps01/build.pixelelated-GENERIC_X64.x86_64/build/libcom-err-1.47.4/lib/uuid/uuid_copy.3.in uuid_copy.3
../../util/subst -t -f ../../util/subst.conf /workspace/repos/rocknix.worktrees/m7-duckstation-deps01/build.pixelelated-GENERIC_X64.x86_64/build/libcom-err-1.47.4/lib/uuid/uuid_generate.3.in uuid_generate.3
../../util/subst -t -f ../../util/subst.conf /workspace/repos/rocknix.worktrees/m7-duckstation-deps01/build.pixelelated-GENERIC_X64.x86_64/build/libcom-err-1.47.4/lib/uuid/uuid_is_null.3.in uuid_is_null.3
../../util/subst -t -f ../../util/subst.conf /workspace/repos/rocknix.worktrees/m7-duckstation-deps01/build.pixelelated-GENERIC_X64.x86_64/build/libcom-err-1.47.4/lib/uuid/uuid_parse.3.in uuid_parse.3
../../util/subst -t -f ../../util/subst.conf /workspace/repos/rocknix.worktrees/m7-duckstation-deps01/build.pixelelated-GENERIC_X64.x86_64/build/libcom-err-1.47.4/lib/uuid/uuid_time.3.in uuid_time.3
../../util/subst -t -f ../../util/subst.conf /workspace/repos/rocknix.worktrees/m7-duckstation-deps01/build.pixelelated-GENERIC_X64.x86_64/build/libcom-err-1.47.4/lib/uuid/uuid_unparse.3.in uuid_unparse.3
make[2]: Leaving directory '/workspace/repos/rocknix.worktrees/m7-duckstation-deps01/build.pixelelated-GENERIC_X64.x86_64/build/libcom-err-1.47.4/.x86_64-rocknix-linux-gnu/lib/uuid'
making all in lib/blkid
make[2]: Entering directory '/workspace/repos/rocknix.worktrees/m7-duckstation-deps01/build.pixelelated-GENERIC_X64.x86_64/build/libcom-err-1.47.4/.x86_64-rocknix-linux-gnu/lib/blkid'
make -s real-subdirs
touch subdirs
cp /workspace/repos/rocknix.worktrees/m7-duckstation-deps01/build.pixelelated-GENERIC_X64.x86_64/build/libcom-err-1.47.4/lib/blkid/blkid.h.in blkid.h
/workspace/repos/rocknix.worktrees/m7-duckstation-deps01/build.pixelelated-GENERIC_X64.x86_64/toolchain/bin/x86_64-rocknix-linux-gnu-gcc -I. -I../../lib -I/workspace/repos/rocknix.worktrees/m7-duckstation-deps01/build.pixelelated-GENERIC_X64.x86_64/build/libcom-err-1.47.4/lib  -march=x86-64-v3 -mtune=generic -Wall -pipe  -O2 -fomit-frame-pointer -DNDEBUG -pthread  -DHAVE_CONFIG_H  -c /workspace/repos/rocknix.worktrees/m7-duckstation-deps01/build.pixelelated-GENERIC_X64.x86_64/build/libcom-err-1.47.4/lib/blkid/cache.c -o cache.o
/workspace/repos/rocknix.worktrees/m7-duckstation-deps01/build.pixelelated-GENERIC_X64.x86_64/toolchain/bin/x86_64-rocknix-linux-gnu-gcc -I. -I../../lib -I/workspace/repos/rocknix.worktrees/m7-duckstation-deps01/build.pixelelated-GENERIC_X64.x86_64/build/libcom-err-1.47.4/lib  -march=x86-64-v3 -mtune=generic -Wall -pipe  -O2 -fomit-frame-pointer -DNDEBUG -pthread  -DHAVE_CONFIG_H  -fPIC -shared -o elfshared/cache.o -c /workspace/repos/rocknix.worktrees/m7-duckstation-deps01/build.pixelelated-GENERIC_X64.x86_64/build/libcom-err-1.47.4/lib/blkid/cache.c
/workspace/repos/rocknix.worktrees/m7-duckstation-deps01/build.pixelelated-GENERIC_X64.x86_64/toolchain/bin/x86_64-rocknix-linux-gnu-gcc -I. -I../../lib -I/workspace/repos/rocknix.worktrees/m7-duckstation-deps01/build.pixelelated-GENERIC_X64.x86_64/build/libcom-err-1.47.4/lib  -march=x86-64-v3 -mtune=generic -Wall -pipe  -O2 -fomit-frame-pointer -DNDEBUG -pthread  -DHAVE_CONFIG_H  -c /workspace/repos/rocknix.worktrees/m7-duckstation-deps01/build.pixelelated-GENERIC_X64.x86_64/build/libcom-err-1.47.4/lib/blkid/dev.c -o dev.o
/workspace/repos/rocknix.worktrees/m7-duckstation-deps01/build.pixelelated-GENERIC_X64.x86_64/toolchain/bin/x86_64-rocknix-linux-gnu-gcc -I. -I../../lib -I/workspace/repos/rocknix.worktrees/m7-duckstation-deps01/build.pixelelated-GENERIC_X64.x86_64/build/libcom-err-1.47.4/lib  -march=x86-64-v3 -mtune=generic -Wall -pipe  -O2 -fomit-frame-pointer -DNDEBUG -pthread  -DHAVE_CONFIG_H  -fPIC -shared -o elfshared/dev.o -c /workspace/repos/rocknix.worktrees/m7-duckstation-deps01/build.pixelelated-GENERIC_X64.x86_64/build/libcom-err-1.47.4/lib/blkid/dev.c
/workspace/repos/rocknix.worktrees/m7-duckstation-deps01/build.pixelelated-GENERIC_X64.x86_64/toolchain/bin/x86_64-rocknix-linux-gnu-gcc -I. -I../../lib -I/workspace/repos/rocknix.worktrees/m7-duckstation-deps01/build.pixelelated-GENERIC_X64.x86_64/build/libcom-err-1.47.4/lib  -march=x86-64-v3 -mtune=generic -Wall -pipe  -O2 -fomit-frame-pointer -DNDEBUG -pthread  -DHAVE_CONFIG_H  -c /workspace/repos/rocknix.worktrees/m7-duckstation-deps01/build.pixelelated-GENERIC_X64.x86_64/build/libcom-err-1.47.4/lib/blkid/devname.c -o devname.o
/workspace/repos/rocknix.worktrees/m7-duckstation-deps01/build.pixelelated-GENERIC_X64.x86_64/toolchain/bin/x86_64-rocknix-linux-gnu-gcc -I. -I../../lib -I/workspace/repos/rocknix.worktrees/m7-duckstation-deps01/build.pixelelated-GENERIC_X64.x86_64/build/libcom-err-1.47.4/lib  -march=x86-64-v3 -mtune=generic -Wall -pipe  -O2 -fomit-frame-pointer -DNDEBUG -pthread  -DHAVE_CONFIG_H  -fPIC -shared -o elfshared/devname.o -c /workspace/repos/rocknix.worktrees/m7-duckstation-deps01/build.pixelelated-GENERIC_X64.x86_64/build/libcom-err-1.47.4/lib/blkid/devname.c
/workspace/repos/rocknix.worktrees/m7-duckstation-deps01/build.pixelelated-GENERIC_X64.x86_64/toolchain/bin/x86_64-rocknix-linux-gnu-gcc -I. -I../../lib -I/workspace/repos/rocknix.worktrees/m7-duckstation-deps01/build.pixelelated-GENERIC_X64.x86_64/build/libcom-err-1.47.4/lib  -march=x86-64-v3 -mtune=generic -Wall -pipe  -O2 -fomit-frame-pointer -DNDEBUG -pthread  -DHAVE_CONFIG_H  -c /workspace/repos/rocknix.worktrees/m7-duckstation-deps01/build.pixelelated-GENERIC_X64.x86_64/build/libcom-err-1.47.4/lib/blkid/devno.c -o devno.o
/workspace/repos/rocknix.worktrees/m7-duckstation-deps01/build.pixelelated-GENERIC_X64.x86_64/toolchain/bin/x86_64-rocknix-linux-gnu-gcc -I. -I../../lib -I/workspace/repos/rocknix.worktrees/m7-duckstation-deps01/build.pixelelated-GENERIC_X64.x86_64/build/libcom-err-1.47.4/lib  -march=x86-64-v3 -mtune=generic -Wall -pipe  -O2 -fomit-frame-pointer -DNDEBUG -pthread  -DHAVE_CONFIG_H  -fPIC -shared -o elfshared/devno.o -c /workspace/repos/rocknix.worktrees/m7-duckstation-deps01/build.pixelelated-GENERIC_X64.x86_64/build/libcom-err-1.47.4/lib/blkid/devno.c
/workspace/repos/rocknix.worktrees/m7-duckstation-deps01/build.pixelelated-GENERIC_X64.x86_64/toolchain/bin/x86_64-rocknix-linux-gnu-gcc -I. -I../../lib -I/workspace/repos/rocknix.worktrees/m7-duckstation-deps01/build.pixelelated-GENERIC_X64.x86_64/build/libcom-err-1.47.4/lib  -march=x86-64-v3 -mtune=generic -Wall -pipe  -O2 -fomit-frame-pointer -DNDEBUG -pthread  -DHAVE_CONFIG_H  -c /workspace/repos/rocknix.worktrees/m7-duckstation-deps01/build.pixelelated-GENERIC_X64.x86_64/build/libcom-err-1.47.4/lib/blkid/getsize.c -o getsize.o
/workspace/repos/rocknix.worktrees/m7-duckstation-deps01/build.pixelelated-GENERIC_X64.x86_64/toolchain/bin/x86_64-rocknix-linux-gnu-gcc -I. -I../../lib -I/workspace/repos/rocknix.worktrees/m7-duckstation-deps01/build.pixelelated-GENERIC_X64.x86_64/build/libcom-err-1.47.4/lib  -march=x86-64-v3 -mtune=generic -Wall -pipe  -O2 -fomit-frame-pointer -DNDEBUG -pthread  -DHAVE_CONFIG_H  -fPIC -shared -o elfshared/getsize.o -c /workspace/repos/rocknix.worktrees/m7-duckstation-deps01/build.pixelelated-GENERIC_X64.x86_64/build/libcom-err-1.47.4/lib/blkid/getsize.c
/workspace/repos/rocknix.worktrees/m7-duckstation-deps01/build.pixelelated-GENERIC_X64.x86_64/toolchain/bin/x86_64-rocknix-linux-gnu-gcc -I. -I../../lib -I/workspace/repos/rocknix.worktrees/m7-duckstation-deps01/build.pixelelated-GENERIC_X64.x86_64/build/libcom-err-1.47.4/lib  -march=x86-64-v3 -mtune=generic -Wall -pipe  -O2 -fomit-frame-pointer -DNDEBUG -pthread  -DHAVE_CONFIG_H  -c /workspace/repos/rocknix.worktrees/m7-duckstation-deps01/build.pixelelated-GENERIC_X64.x86_64/build/libcom-err-1.47.4/lib/blkid/llseek.c -o llseek.o
/workspace/repos/rocknix.worktrees/m7-duckstation-deps01/build.pixelelated-GENERIC_X64.x86_64/toolchain/bin/x86_64-rocknix-linux-gnu-gcc -I. -I../../lib -I/workspace/repos/rocknix.worktrees/m7-duckstation-deps01/build.pixelelated-GENERIC_X64.x86_64/build/libcom-err-1.47.4/lib  -march=x86-64-v3 -mtune=generic -Wall -pipe  -O2 -fomit-frame-pointer -DNDEBUG -pthread  -DHAVE_CONFIG_H  -fPIC -shared -o elfshared/llseek.o -c /workspace/repos/rocknix.worktrees/m7-duckstation-deps01/build.pixelelated-GENERIC_X64.x86_64/build/libcom-err-1.47.4/lib/blkid/llseek.c
/workspace/repos/rocknix.worktrees/m7-duckstation-deps01/build.pixelelated-GENERIC_X64.x86_64/toolchain/bin/x86_64-rocknix-linux-gnu-gcc -I. -I../../lib -I/workspace/repos/rocknix.worktrees/m7-duckstation-deps01/build.pixelelated-GENERIC_X64.x86_64/build/libcom-err-1.47.4/lib  -march=x86-64-v3 -mtune=generic -Wall -pipe  -O2 -fomit-frame-pointer -DNDEBUG -pthread  -DHAVE_CONFIG_H  -c /workspace/repos/rocknix.worktrees/m7-duckstation-deps01/build.pixelelated-GENERIC_X64.x86_64/build/libcom-err-1.47.4/lib/blkid/probe.c -o probe.o
/workspace/repos/rocknix.worktrees/m7-duckstation-deps01/build.pixelelated-GENERIC_X64.x86_64/toolchain/bin/x86_64-rocknix-linux-gnu-gcc -I. -I../../lib -I/workspace/repos/rocknix.worktrees/m7-duckstation-deps01/build.pixelelated-GENERIC_X64.x86_64/build/libcom-err-1.47.4/lib  -march=x86-64-v3 -mtune=generic -Wall -pipe  -O2 -fomit-frame-pointer -DNDEBUG -pthread  -DHAVE_CONFIG_H  -fPIC -shared -o elfshared/probe.o -c /workspace/repos/rocknix.worktrees/m7-duckstation-deps01/build.pixelelated-GENERIC_X64.x86_64/build/libcom-err-1.47.4/lib/blkid/probe.c
/workspace/repos/rocknix.worktrees/m7-duckstation-deps01/build.pixelelated-GENERIC_X64.x86_64/toolchain/bin/x86_64-rocknix-linux-gnu-gcc -I. -I../../lib -I/workspace/repos/rocknix.worktrees/m7-duckstation-deps01/build.pixelelated-GENERIC_X64.x86_64/build/libcom-err-1.47.4/lib  -march=x86-64-v3 -mtune=generic -Wall -pipe  -O2 -fomit-frame-pointer -DNDEBUG -pthread  -DHAVE_CONFIG_H  -c /workspace/repos/rocknix.worktrees/m7-duckstation-deps01/build.pixelelated-GENERIC_X64.x86_64/build/libcom-err-1.47.4/lib/blkid/read.c -o read.o
/workspace/repos/rocknix.worktrees/m7-duckstation-deps01/build.pixelelated-GENERIC_X64.x86_64/toolchain/bin/x86_64-rocknix-linux-gnu-gcc -I. -I../../lib -I/workspace/repos/rocknix.worktrees/m7-duckstation-deps01/build.pixelelated-GENERIC_X64.x86_64/build/libcom-err-1.47.4/lib  -march=x86-64-v3 -mtune=generic -Wall -pipe  -O2 -fomit-frame-pointer -DNDEBUG -pthread  -DHAVE_CONFIG_H  -fPIC -shared -o elfshared/read.o -c /workspace/repos/rocknix.worktrees/m7-duckstation-deps01/build.pixelelated-GENERIC_X64.x86_64/build/libcom-err-1.47.4/lib/blkid/read.c
/workspace/repos/rocknix.worktrees/m7-duckstation-deps01/build.pixelelated-GENERIC_X64.x86_64/toolchain/bin/x86_64-rocknix-linux-gnu-gcc -I. -I../../lib -I/workspace/repos/rocknix.worktrees/m7-duckstation-deps01/build.pixelelated-GENERIC_X64.x86_64/build/libcom-err-1.47.4/lib  -march=x86-64-v3 -mtune=generic -Wall -pipe  -O2 -fomit-frame-pointer -DNDEBUG -pthread  -DHAVE_CONFIG_H  -c /workspace/repos/rocknix.worktrees/m7-duckstation-deps01/build.pixelelated-GENERIC_X64.x86_64/build/libcom-err-1.47.4/lib/blkid/resolve.c -o resolve.o
/workspace/repos/rocknix.worktrees/m7-duckstation-deps01/build.pixelelated-GENERIC_X64.x86_64/toolchain/bin/x86_64-rocknix-linux-gnu-gcc -I. -I../../lib -I/workspace/repos/rocknix.worktrees/m7-duckstation-deps01/build.pixelelated-GENERIC_X64.x86_64/build/libcom-err-1.47.4/lib  -march=x86-64-v3 -mtune=generic -Wall -pipe  -O2 -fomit-frame-pointer -DNDEBUG -pthread  -DHAVE_CONFIG_H  -fPIC -shared -o elfshared/resolve.o -c /workspace/repos/rocknix.worktrees/m7-duckstation-deps01/build.pixelelated-GENERIC_X64.x86_64/build/libcom-err-1.47.4/lib/blkid/resolve.c
/workspace/repos/rocknix.worktrees/m7-duckstation-deps01/build.pixelelated-GENERIC_X64.x86_64/toolchain/bin/x86_64-rocknix-linux-gnu-gcc -I. -I../../lib -I/workspace/repos/rocknix.worktrees/m7-duckstation-deps01/build.pixelelated-GENERIC_X64.x86_64/build/libcom-err-1.47.4/lib  -march=x86-64-v3 -mtune=generic -Wall -pipe  -O2 -fomit-frame-pointer -DNDEBUG -pthread  -DHAVE_CONFIG_H  -c /workspace/repos/rocknix.worktrees/m7-duckstation-deps01/build.pixelelated-GENERIC_X64.x86_64/build/libcom-err-1.47.4/lib/blkid/save.c -o save.o
/workspace/repos/rocknix.worktrees/m7-duckstation-deps01/build.pixelelated-GENERIC_X64.x86_64/toolchain/bin/x86_64-rocknix-linux-gnu-gcc -I. -I../../lib -I/workspace/repos/rocknix.worktrees/m7-duckstation-deps01/build.pixelelated-GENERIC_X64.x86_64/build/libcom-err-1.47.4/lib  -march=x86-64-v3 -mtune=generic -Wall -pipe  -O2 -fomit-frame-pointer -DNDEBUG -pthread  -DHAVE_CONFIG_H  -fPIC -shared -o elfshared/save.o -c /workspace/repos/rocknix.worktrees/m7-duckstation-deps01/build.pixelelated-GENERIC_X64.x86_64/build/libcom-err-1.47.4/lib/blkid/save.c
/workspace/repos/rocknix.worktrees/m7-duckstation-deps01/build.pixelelated-GENERIC_X64.x86_64/toolchain/bin/x86_64-rocknix-linux-gnu-gcc -I. -I../../lib -I/workspace/repos/rocknix.worktrees/m7-duckstation-deps01/build.pixelelated-GENERIC_X64.x86_64/build/libcom-err-1.47.4/lib  -march=x86-64-v3 -mtune=generic -Wall -pipe  -O2 -fomit-frame-pointer -DNDEBUG -pthread  -DHAVE_CONFIG_H  -c /workspace/repos/rocknix.worktrees/m7-duckstation-deps01/build.pixelelated-GENERIC_X64.x86_64/build/libcom-err-1.47.4/lib/blkid/tag.c -o tag.o
/workspace/repos/rocknix.worktrees/m7-duckstation-deps01/build.pixelelated-GENERIC_X64.x86_64/toolchain/bin/x86_64-rocknix-linux-gnu-gcc -I. -I../../lib -I/workspace/repos/rocknix.worktrees/m7-duckstation-deps01/build.pixelelated-GENERIC_X64.x86_64/build/libcom-err-1.47.4/lib  -march=x86-64-v3 -mtune=generic -Wall -pipe  -O2 -fomit-frame-pointer -DNDEBUG -pthread  -DHAVE_CONFIG_H  -fPIC -shared -o elfshared/tag.o -c /workspace/repos/rocknix.worktrees/m7-duckstation-deps01/build.pixelelated-GENERIC_X64.x86_64/build/libcom-err-1.47.4/lib/blkid/tag.c
/workspace/repos/rocknix.worktrees/m7-duckstation-deps01/build.pixelelated-GENERIC_X64.x86_64/toolchain/bin/x86_64-rocknix-linux-gnu-gcc -I. -I../../lib -I/workspace/repos/rocknix.worktrees/m7-duckstation-deps01/build.pixelelated-GENERIC_X64.x86_64/build/libcom-err-1.47.4/lib  -march=x86-64-v3 -mtune=generic -Wall -pipe  -O2 -fomit-frame-pointer -DNDEBUG -pthread  -DHAVE_CONFIG_H  -c /workspace/repos/rocknix.worktrees/m7-duckstation-deps01/build.pixelelated-GENERIC_X64.x86_64/build/libcom-err-1.47.4/lib/blkid/version.c -o version.o
/workspace/repos/rocknix.worktrees/m7-duckstation-deps01/build.pixelelated-GENERIC_X64.x86_64/toolchain/bin/x86_64-rocknix-linux-gnu-gcc -I. -I../../lib -I/workspace/repos/rocknix.worktrees/m7-duckstation-deps01/build.pixelelated-GENERIC_X64.x86_64/build/libcom-err-1.47.4/lib  -march=x86-64-v3 -mtune=generic -Wall -pipe  -O2 -fomit-frame-pointer -DNDEBUG -pthread  -DHAVE_CONFIG_H  -fPIC -shared -o elfshared/version.o -c /workspace/repos/rocknix.worktrees/m7-duckstation-deps01/build.pixelelated-GENERIC_X64.x86_64/build/libcom-err-1.47.4/lib/blkid/version.c
(if test -r libblkid.a; then /usr/bin/rm -f libblkid.a.bak && /usr/bin/mv libblkid.a libblkid.a.bak; fi)
/workspace/repos/rocknix.worktrees/m7-duckstation-deps01/build.pixelelated-GENERIC_X64.x86_64/toolchain/bin/x86_64-rocknix-linux-gnu-ar rc libblkid.a cache.o dev.o devname.o devno.o getsize.o llseek.o probe.o read.o resolve.o save.o tag.o version.o 
/usr/bin/rm -f ../libblkid.a
(cd ..; /usr/bin/ln  \
	`echo lib/blkid | sed -e 's;lib/;;'`/libblkid.a libblkid.a)
(cd elfshared; /workspace/repos/rocknix.worktrees/m7-duckstation-deps01/build.pixelelated-GENERIC_X64.x86_64/toolchain/bin/x86_64-rocknix-linux-gnu-gcc -o libblkid.so.1.0 \
	-L../../../lib  -pthread -march=x86-64-v3 -mtune=generic -Wl,--as-needed -fuse-ld=bfd -fPIC -shared \
	-Wl,-soname,libblkid.so.1 cache.o dev.o devname.o devno.o getsize.o llseek.o probe.o read.o resolve.o save.o tag.o version.o  -luuid)
/usr/bin/mv elfshared/libblkid.so.1.0 .
/usr/bin/rm -f ../libblkid.so.1.0 ../libblkid.so ../libblkid.so.1
(cd ..; /usr/bin/ln  \
	`echo lib/blkid | sed -e 's;lib/;;'`/libblkid.so.1.0 libblkid.so.1.0)
(cd ..; /usr/bin/ln  libblkid.so.1.0 libblkid.so)
(cd ..; /usr/bin/ln  libblkid.so.1.0 libblkid.so.1)
../../util/subst -t -f ../../util/subst.conf /workspace/repos/rocknix.worktrees/m7-duckstation-deps01/build.pixelelated-GENERIC_X64.x86_64/build/libcom-err-1.47.4/lib/blkid/libblkid.3.in libblkid.3
make[2]: Leaving directory '/workspace/repos/rocknix.worktrees/m7-duckstation-deps01/build.pixelelated-GENERIC_X64.x86_64/build/libcom-err-1.47.4/.x86_64-rocknix-linux-gnu/lib/blkid'
making all in lib/support
make[2]: Entering directory '/workspace/repos/rocknix.worktrees/m7-duckstation-deps01/build.pixelelated-GENERIC_X64.x86_64/build/libcom-err-1.47.4/.x86_64-rocknix-linux-gnu/lib/support'
make -s real-subdirs
touch subdirs
/workspace/repos/rocknix.worktrees/m7-duckstation-deps01/build.pixelelated-GENERIC_X64.x86_64/toolchain/bin/x86_64-rocknix-linux-gnu-gcc -I. -I../../lib -I/workspace/repos/rocknix.worktrees/m7-duckstation-deps01/build.pixelelated-GENERIC_X64.x86_64/build/libcom-err-1.47.4/lib  -I/workspace/repos/rocknix.worktrees/m7-duckstation-deps01/build.pixelelated-GENERIC_X64.x86_64/toolchain/x86_64-rocknix-linux-gnu/sysroot/usr/include -march=x86-64-v3 -mtune=generic -Wall -pipe  -O2 -fomit-frame-pointer -DNDEBUG -pthread  -DHAVE_CONFIG_H  -c /workspace/repos/rocknix.worktrees/m7-duckstation-deps01/build.pixelelated-GENERIC_X64.x86_64/build/libcom-err-1.47.4/lib/support/cstring.c -o cstring.o
/workspace/repos/rocknix.worktrees/m7-duckstation-deps01/build.pixelelated-GENERIC_X64.x86_64/toolchain/bin/x86_64-rocknix-linux-gnu-gcc -I. -I../../lib -I/workspace/repos/rocknix.worktrees/m7-duckstation-deps01/build.pixelelated-GENERIC_X64.x86_64/build/libcom-err-1.47.4/lib  -I/workspace/repos/rocknix.worktrees/m7-duckstation-deps01/build.pixelelated-GENERIC_X64.x86_64/toolchain/x86_64-rocknix-linux-gnu/sysroot/usr/include -march=x86-64-v3 -mtune=generic -Wall -pipe  -O2 -fomit-frame-pointer -DNDEBUG -pthread  -DHAVE_CONFIG_H  -c /workspace/repos/rocknix.worktrees/m7-duckstation-deps01/build.pixelelated-GENERIC_X64.x86_64/build/libcom-err-1.47.4/lib/support/mkquota.c -o mkquota.o
/workspace/repos/rocknix.worktrees/m7-duckstation-deps01/build.pixelelated-GENERIC_X64.x86_64/toolchain/bin/x86_64-rocknix-linux-gnu-gcc -I. -I../../lib -I/workspace/repos/rocknix.worktrees/m7-duckstation-deps01/build.pixelelated-GENERIC_X64.x86_64/build/libcom-err-1.47.4/lib  -I/workspace/repos/rocknix.worktrees/m7-duckstation-deps01/build.pixelelated-GENERIC_X64.x86_64/toolchain/x86_64-rocknix-linux-gnu/sysroot/usr/include -march=x86-64-v3 -mtune=generic -Wall -pipe  -O2 -fomit-frame-pointer -DNDEBUG -pthread  -DHAVE_CONFIG_H  -c /workspace/repos/rocknix.worktrees/m7-duckstation-deps01/build.pixelelated-GENERIC_X64.x86_64/build/libcom-err-1.47.4/lib/support/plausible.c -o plausible.o
/workspace/repos/rocknix.worktrees/m7-duckstation-deps01/build.pixelelated-GENERIC_X64.x86_64/toolchain/bin/x86_64-rocknix-linux-gnu-gcc -I. -I../../lib -I/workspace/repos/rocknix.worktrees/m7-duckstation-deps01/build.pixelelated-GENERIC_X64.x86_64/build/libcom-err-1.47.4/lib  -I/workspace/repos/rocknix.worktrees/m7-duckstation-deps01/build.pixelelated-GENERIC_X64.x86_64/toolchain/x86_64-rocknix-linux-gnu/sysroot/usr/include -march=x86-64-v3 -mtune=generic -Wall -pipe  -O2 -fomit-frame-pointer -DNDEBUG -pthread  -DHAVE_CONFIG_H  -c /workspace/repos/rocknix.worktrees/m7-duckstation-deps01/build.pixelelated-GENERIC_X64.x86_64/build/libcom-err-1.47.4/lib/support/profile.c -o profile.o
/workspace/repos/rocknix.worktrees/m7-duckstation-deps01/build.pixelelated-GENERIC_X64.x86_64/toolchain/bin/x86_64-rocknix-linux-gnu-gcc -I. -I../../lib -I/workspace/repos/rocknix.worktrees/m7-duckstation-deps01/build.pixelelated-GENERIC_X64.x86_64/build/libcom-err-1.47.4/lib  -I/workspace/repos/rocknix.worktrees/m7-duckstation-deps01/build.pixelelated-GENERIC_X64.x86_64/toolchain/x86_64-rocknix-linux-gnu/sysroot/usr/include -march=x86-64-v3 -mtune=generic -Wall -pipe  -O2 -fomit-frame-pointer -DNDEBUG -pthread  -DHAVE_CONFIG_H  -c /workspace/repos/rocknix.worktrees/m7-duckstation-deps01/build.pixelelated-GENERIC_X64.x86_64/build/libcom-err-1.47.4/lib/support/parse_qtype.c -o parse_qtype.o
/workspace/repos/rocknix.worktrees/m7-duckstation-deps01/build.pixelelated-GENERIC_X64.x86_64/toolchain/bin/x86_64-rocknix-linux-gnu-gcc -I. -I../../lib -I/workspace/repos/rocknix.worktrees/m7-duckstation-deps01/build.pixelelated-GENERIC_X64.x86_64/build/libcom-err-1.47.4/lib  -I/workspace/repos/rocknix.worktrees/m7-duckstation-deps01/build.pixelelated-GENERIC_X64.x86_64/toolchain/x86_64-rocknix-linux-gnu/sysroot/usr/include -march=x86-64-v3 -mtune=generic -Wall -pipe  -O2 -fomit-frame-pointer -DNDEBUG -pthread  -DHAVE_CONFIG_H  -c /workspace/repos/rocknix.worktrees/m7-duckstation-deps01/build.pixelelated-GENERIC_X64.x86_64/build/libcom-err-1.47.4/lib/support/print_fs_flags.c -o print_fs_flags.o
/workspace/repos/rocknix.worktrees/m7-duckstation-deps01/build.pixelelated-GENERIC_X64.x86_64/toolchain/bin/x86_64-rocknix-linux-gnu-gcc -I. -I../../lib -I/workspace/repos/rocknix.worktrees/m7-duckstation-deps01/build.pixelelated-GENERIC_X64.x86_64/build/libcom-err-1.47.4/lib  -I/workspace/repos/rocknix.worktrees/m7-duckstation-deps01/build.pixelelated-GENERIC_X64.x86_64/toolchain/x86_64-rocknix-linux-gnu/sysroot/usr/include -march=x86-64-v3 -mtune=generic -Wall -pipe  -O2 -fomit-frame-pointer -DNDEBUG -pthread  -DHAVE_CONFIG_H  -c /workspace/repos/rocknix.worktrees/m7-duckstation-deps01/build.pixelelated-GENERIC_X64.x86_64/build/libcom-err-1.47.4/lib/support/profile_helpers.c -o profile_helpers.o
/workspace/repos/rocknix.worktrees/m7-duckstation-deps01/build.pixelelated-GENERIC_X64.x86_64/toolchain/bin/x86_64-rocknix-linux-gnu-gcc -I. -I../../lib -I/workspace/repos/rocknix.worktrees/m7-duckstation-deps01/build.pixelelated-GENERIC_X64.x86_64/build/libcom-err-1.47.4/lib  -I/workspace/repos/rocknix.worktrees/m7-duckstation-deps01/build.pixelelated-GENERIC_X64.x86_64/toolchain/x86_64-rocknix-linux-gnu/sysroot/usr/include -march=x86-64-v3 -mtune=generic -Wall -pipe  -O2 -fomit-frame-pointer -DNDEBUG -pthread  -DHAVE_CONFIG_H  -c prof_err.c -o prof_err.o
/workspace/repos/rocknix.worktrees/m7-duckstation-deps01/build.pixelelated-GENERIC_X64.x86_64/toolchain/bin/x86_64-rocknix-linux-gnu-gcc -I. -I../../lib -I/workspace/repos/rocknix.worktrees/m7-duckstation-deps01/build.pixelelated-GENERIC_X64.x86_64/build/libcom-err-1.47.4/lib  -I/workspace/repos/rocknix.worktrees/m7-duckstation-deps01/build.pixelelated-GENERIC_X64.x86_64/toolchain/x86_64-rocknix-linux-gnu/sysroot/usr/include -march=x86-64-v3 -mtune=generic -Wall -pipe  -O2 -fomit-frame-pointer -DNDEBUG -pthread  -DHAVE_CONFIG_H  -c /workspace/repos/rocknix.worktrees/m7-duckstation-deps01/build.pixelelated-GENERIC_X64.x86_64/build/libcom-err-1.47.4/lib/support/quotaio.c -o quotaio.o
/workspace/repos/rocknix.worktrees/m7-duckstation-deps01/build.pixelelated-GENERIC_X64.x86_64/toolchain/bin/x86_64-rocknix-linux-gnu-gcc -I. -I../../lib -I/workspace/repos/rocknix.worktrees/m7-duckstation-deps01/build.pixelelated-GENERIC_X64.x86_64/build/libcom-err-1.47.4/lib  -I/workspace/repos/rocknix.worktrees/m7-duckstation-deps01/build.pixelelated-GENERIC_X64.x86_64/toolchain/x86_64-rocknix-linux-gnu/sysroot/usr/include -march=x86-64-v3 -mtune=generic -Wall -pipe  -O2 -fomit-frame-pointer -DNDEBUG -pthread  -DHAVE_CONFIG_H  -c /workspace/repos/rocknix.worktrees/m7-duckstation-deps01/build.pixelelated-GENERIC_X64.x86_64/build/libcom-err-1.47.4/lib/support/quotaio_v2.c -o quotaio_v2.o
/workspace/repos/rocknix.worktrees/m7-duckstation-deps01/build.pixelelated-GENERIC_X64.x86_64/toolchain/bin/x86_64-rocknix-linux-gnu-gcc -I. -I../../lib -I/workspace/repos/rocknix.worktrees/m7-duckstation-deps01/build.pixelelated-GENERIC_X64.x86_64/build/libcom-err-1.47.4/lib  -I/workspace/repos/rocknix.worktrees/m7-duckstation-deps01/build.pixelelated-GENERIC_X64.x86_64/toolchain/x86_64-rocknix-linux-gnu/sysroot/usr/include -march=x86-64-v3 -mtune=generic -Wall -pipe  -O2 -fomit-frame-pointer -DNDEBUG -pthread  -DHAVE_CONFIG_H  -c /workspace/repos/rocknix.worktrees/m7-duckstation-deps01/build.pixelelated-GENERIC_X64.x86_64/build/libcom-err-1.47.4/lib/support/quotaio_tree.c -o quotaio_tree.o
/workspace/repos/rocknix.worktrees/m7-duckstation-deps01/build.pixelelated-GENERIC_X64.x86_64/toolchain/bin/x86_64-rocknix-linux-gnu-gcc -I. -I../../lib -I/workspace/repos/rocknix.worktrees/m7-duckstation-deps01/build.pixelelated-GENERIC_X64.x86_64/build/libcom-err-1.47.4/lib  -I/workspace/repos/rocknix.worktrees/m7-duckstation-deps01/build.pixelelated-GENERIC_X64.x86_64/toolchain/x86_64-rocknix-linux-gnu/sysroot/usr/include -march=x86-64-v3 -mtune=generic -Wall -pipe  -O2 -fomit-frame-pointer -DNDEBUG -pthread  -DHAVE_CONFIG_H  -c /workspace/repos/rocknix.worktrees/m7-duckstation-deps01/build.pixelelated-GENERIC_X64.x86_64/build/libcom-err-1.47.4/lib/support/dict.c -o dict.o
/workspace/repos/rocknix.worktrees/m7-duckstation-deps01/build.pixelelated-GENERIC_X64.x86_64/toolchain/bin/x86_64-rocknix-linux-gnu-gcc -I. -I../../lib -I/workspace/repos/rocknix.worktrees/m7-duckstation-deps01/build.pixelelated-GENERIC_X64.x86_64/build/libcom-err-1.47.4/lib  -I/workspace/repos/rocknix.worktrees/m7-duckstation-deps01/build.pixelelated-GENERIC_X64.x86_64/toolchain/x86_64-rocknix-linux-gnu/sysroot/usr/include -march=x86-64-v3 -mtune=generic -Wall -pipe  -O2 -fomit-frame-pointer -DNDEBUG -pthread  -DHAVE_CONFIG_H  -c /workspace/repos/rocknix.worktrees/m7-duckstation-deps01/build.pixelelated-GENERIC_X64.x86_64/build/libcom-err-1.47.4/lib/support/devname.c -o devname.o
(if test -r libsupport.a; then /usr/bin/rm -f libsupport.a.bak && /usr/bin/mv libsupport.a libsupport.a.bak; fi)
/workspace/repos/rocknix.worktrees/m7-duckstation-deps01/build.pixelelated-GENERIC_X64.x86_64/toolchain/bin/x86_64-rocknix-linux-gnu-ar rc libsupport.a cstring.o mkquota.o plausible.o profile.o parse_qtype.o print_fs_flags.o profile_helpers.o prof_err.o quotaio.o quotaio_v2.o quotaio_tree.o dict.o devname.o
/usr/bin/rm -f ../libsupport.a
(cd ..; /usr/bin/ln  \
	`echo lib/support | sed -e 's;lib/;;'`/libsupport.a libsupport.a)
make[2]: Leaving directory '/workspace/repos/rocknix.worktrees/m7-duckstation-deps01/build.pixelelated-GENERIC_X64.x86_64/build/libcom-err-1.47.4/.x86_64-rocknix-linux-gnu/lib/support'
making all in lib/ext2fs
make[2]: Entering directory '/workspace/repos/rocknix.worktrees/m7-duckstation-deps01/build.pixelelated-GENERIC_X64.x86_64/build/libcom-err-1.47.4/.x86_64-rocknix-linux-gnu/lib/ext2fs'
make -s real-subdirs
touch subdirs
/workspace/repos/rocknix.worktrees/m7-duckstation-deps01/build.pixelelated-GENERIC_X64.x86_64/toolchain/bin/x86_64-rocknix-linux-gnu-gcc -I. -I../../lib -I/workspace/repos/rocknix.worktrees/m7-duckstation-deps01/build.pixelelated-GENERIC_X64.x86_64/build/libcom-err-1.47.4/lib  -march=x86-64-v3 -mtune=generic -Wall -pipe  -O2 -fomit-frame-pointer -DNDEBUG -pthread  -DHAVE_CONFIG_H  -c ext2_err.c -o ext2_err.o
/workspace/repos/rocknix.worktrees/m7-duckstation-deps01/build.pixelelated-GENERIC_X64.x86_64/toolchain/bin/x86_64-rocknix-linux-gnu-gcc -I. -I../../lib -I/workspace/repos/rocknix.worktrees/m7-duckstation-deps01/build.pixelelated-GENERIC_X64.x86_64/build/libcom-err-1.47.4/lib  -march=x86-64-v3 -mtune=generic -Wall -pipe  -O2 -fomit-frame-pointer -DNDEBUG -pthread  -DHAVE_CONFIG_H  -fPIC -shared -o elfshared/ext2_err.o -c ext2_err.c
/workspace/repos/rocknix.worktrees/m7-duckstation-deps01/build.pixelelated-GENERIC_X64.x86_64/toolchain/bin/x86_64-rocknix-linux-gnu-gcc -I. -I../../lib -I/workspace/repos/rocknix.worktrees/m7-duckstation-deps01/build.pixelelated-GENERIC_X64.x86_64/build/libcom-err-1.47.4/lib  -march=x86-64-v3 -mtune=generic -Wall -pipe  -O2 -fomit-frame-pointer -DNDEBUG -pthread  -DHAVE_CONFIG_H  -c /workspace/repos/rocknix.worktrees/m7-duckstation-deps01/build.pixelelated-GENERIC_X64.x86_64/build/libcom-err-1.47.4/lib/ext2fs/alloc.c -o alloc.o
/workspace/repos/rocknix.worktrees/m7-duckstation-deps01/build.pixelelated-GENERIC_X64.x86_64/toolchain/bin/x86_64-rocknix-linux-gnu-gcc -I. -I../../lib -I/workspace/repos/rocknix.worktrees/m7-duckstation-deps01/build.pixelelated-GENERIC_X64.x86_64/build/libcom-err-1.47.4/lib  -march=x86-64-v3 -mtune=generic -Wall -pipe  -O2 -fomit-frame-pointer -DNDEBUG -pthread  -DHAVE_CONFIG_H  -fPIC -shared -o elfshared/alloc.o -c /workspace/repos/rocknix.worktrees/m7-duckstation-deps01/build.pixelelated-GENERIC_X64.x86_64/build/libcom-err-1.47.4/lib/ext2fs/alloc.c
/workspace/repos/rocknix.worktrees/m7-duckstation-deps01/build.pixelelated-GENERIC_X64.x86_64/toolchain/bin/x86_64-rocknix-linux-gnu-gcc -I. -I../../lib -I/workspace/repos/rocknix.worktrees/m7-duckstation-deps01/build.pixelelated-GENERIC_X64.x86_64/build/libcom-err-1.47.4/lib  -march=x86-64-v3 -mtune=generic -Wall -pipe  -O2 -fomit-frame-pointer -DNDEBUG -pthread  -DHAVE_CONFIG_H  -c /workspace/repos/rocknix.worktrees/m7-duckstation-deps01/build.pixelelated-GENERIC_X64.x86_64/build/libcom-err-1.47.4/lib/ext2fs/alloc_sb.c -o alloc_sb.o
/workspace/repos/rocknix.worktrees/m7-duckstation-deps01/build.pixelelated-GENERIC_X64.x86_64/toolchain/bin/x86_64-rocknix-linux-gnu-gcc -I. -I../../lib -I/workspace/repos/rocknix.worktrees/m7-duckstation-deps01/build.pixelelated-GENERIC_X64.x86_64/build/libcom-err-1.47.4/lib  -march=x86-64-v3 -mtune=generic -Wall -pipe  -O2 -fomit-frame-pointer -DNDEBUG -pthread  -DHAVE_CONFIG_H  -fPIC -shared -o elfshared/alloc_sb.o -c /workspace/repos/rocknix.worktrees/m7-duckstation-deps01/build.pixelelated-GENERIC_X64.x86_64/build/libcom-err-1.47.4/lib/ext2fs/alloc_sb.c
/workspace/repos/rocknix.worktrees/m7-duckstation-deps01/build.pixelelated-GENERIC_X64.x86_64/toolchain/bin/x86_64-rocknix-linux-gnu-gcc -I. -I../../lib -I/workspace/repos/rocknix.worktrees/m7-duckstation-deps01/build.pixelelated-GENERIC_X64.x86_64/build/libcom-err-1.47.4/lib  -march=x86-64-v3 -mtune=generic -Wall -pipe  -O2 -fomit-frame-pointer -DNDEBUG -pthread  -DHAVE_CONFIG_H  -c /workspace/repos/rocknix.worktrees/m7-duckstation-deps01/build.pixelelated-GENERIC_X64.x86_64/build/libcom-err-1.47.4/lib/ext2fs/alloc_stats.c -o alloc_stats.o
/workspace/repos/rocknix.worktrees/m7-duckstation-deps01/build.pixelelated-GENERIC_X64.x86_64/toolchain/bin/x86_64-rocknix-linux-gnu-gcc -I. -I../../lib -I/workspace/repos/rocknix.worktrees/m7-duckstation-deps01/build.pixelelated-GENERIC_X64.x86_64/build/libcom-err-1.47.4/lib  -march=x86-64-v3 -mtune=generic -Wall -pipe  -O2 -fomit-frame-pointer -DNDEBUG -pthread  -DHAVE_CONFIG_H  -fPIC -shared -o elfshared/alloc_stats.o -c /workspace/repos/rocknix.worktrees/m7-duckstation-deps01/build.pixelelated-GENERIC_X64.x86_64/build/libcom-err-1.47.4/lib/ext2fs/alloc_stats.c
/workspace/repos/rocknix.worktrees/m7-duckstation-deps01/build.pixelelated-GENERIC_X64.x86_64/toolchain/bin/x86_64-rocknix-linux-gnu-gcc -I. -I../../lib -I/workspace/repos/rocknix.worktrees/m7-duckstation-deps01/build.pixelelated-GENERIC_X64.x86_64/build/libcom-err-1.47.4/lib  -march=x86-64-v3 -mtune=generic -Wall -pipe  -O2 -fomit-frame-pointer -DNDEBUG -pthread  -DHAVE_CONFIG_H  -c /workspace/repos/rocknix.worktrees/m7-duckstation-deps01/build.pixelelated-GENERIC_X64.x86_64/build/libcom-err-1.47.4/lib/ext2fs/alloc_tables.c -o alloc_tables.o
/workspace/repos/rocknix.worktrees/m7-duckstation-deps01/build.pixelelated-GENERIC_X64.x86_64/toolchain/bin/x86_64-rocknix-linux-gnu-gcc -I. -I../../lib -I/workspace/repos/rocknix.worktrees/m7-duckstation-deps01/build.pixelelated-GENERIC_X64.x86_64/build/libcom-err-1.47.4/lib  -march=x86-64-v3 -mtune=generic -Wall -pipe  -O2 -fomit-frame-pointer -DNDEBUG -pthread  -DHAVE_CONFIG_H  -fPIC -shared -o elfshared/alloc_tables.o -c /workspace/repos/rocknix.worktrees/m7-duckstation-deps01/build.pixelelated-GENERIC_X64.x86_64/build/libcom-err-1.47.4/lib/ext2fs/alloc_tables.c
/workspace/repos/rocknix.worktrees/m7-duckstation-deps01/build.pixelelated-GENERIC_X64.x86_64/toolchain/bin/x86_64-rocknix-linux-gnu-gcc -I. -I../../lib -I/workspace/repos/rocknix.worktrees/m7-duckstation-deps01/build.pixelelated-GENERIC_X64.x86_64/build/libcom-err-1.47.4/lib  -march=x86-64-v3 -mtune=generic -Wall -pipe  -O2 -fomit-frame-pointer -DNDEBUG -pthread  -DHAVE_CONFIG_H  -c /workspace/repos/rocknix.worktrees/m7-duckstation-deps01/build.pixelelated-GENERIC_X64.x86_64/build/libcom-err-1.47.4/lib/ext2fs/atexit.c -o atexit.o
/workspace/repos/rocknix.worktrees/m7-duckstation-deps01/build.pixelelated-GENERIC_X64.x86_64/toolchain/bin/x86_64-rocknix-linux-gnu-gcc -I. -I../../lib -I/workspace/repos/rocknix.worktrees/m7-duckstation-deps01/build.pixelelated-GENERIC_X64.x86_64/build/libcom-err-1.47.4/lib  -march=x86-64-v3 -mtune=generic -Wall -pipe  -O2 -fomit-frame-pointer -DNDEBUG -pthread  -DHAVE_CONFIG_H  -fPIC -shared -o elfshared/atexit.o -c /workspace/repos/rocknix.worktrees/m7-duckstation-deps01/build.pixelelated-GENERIC_X64.x86_64/build/libcom-err-1.47.4/lib/ext2fs/atexit.c
/workspace/repos/rocknix.worktrees/m7-duckstation-deps01/build.pixelelated-GENERIC_X64.x86_64/toolchain/bin/x86_64-rocknix-linux-gnu-gcc -I. -I../../lib -I/workspace/repos/rocknix.worktrees/m7-duckstation-deps01/build.pixelelated-GENERIC_X64.x86_64/build/libcom-err-1.47.4/lib  -march=x86-64-v3 -mtune=generic -Wall -pipe  -O2 -fomit-frame-pointer -DNDEBUG -pthread  -DHAVE_CONFIG_H  -c /workspace/repos/rocknix.worktrees/m7-duckstation-deps01/build.pixelelated-GENERIC_X64.x86_64/build/libcom-err-1.47.4/lib/ext2fs/badblocks.c -o badblocks.o
/workspace/repos/rocknix.worktrees/m7-duckstation-deps01/build.pixelelated-GENERIC_X64.x86_64/toolchain/bin/x86_64-rocknix-linux-gnu-gcc -I. -I../../lib -I/workspace/repos/rocknix.worktrees/m7-duckstation-deps01/build.pixelelated-GENERIC_X64.x86_64/build/libcom-err-1.47.4/lib  -march=x86-64-v3 -mtune=generic -Wall -pipe  -O2 -fomit-frame-pointer -DNDEBUG -pthread  -DHAVE_CONFIG_H  -fPIC -shared -o elfshared/badblocks.o -c /workspace/repos/rocknix.worktrees/m7-duckstation-deps01/build.pixelelated-GENERIC_X64.x86_64/build/libcom-err-1.47.4/lib/ext2fs/badblocks.c
/workspace/repos/rocknix.worktrees/m7-duckstation-deps01/build.pixelelated-GENERIC_X64.x86_64/toolchain/bin/x86_64-rocknix-linux-gnu-gcc -I. -I../../lib -I/workspace/repos/rocknix.worktrees/m7-duckstation-deps01/build.pixelelated-GENERIC_X64.x86_64/build/libcom-err-1.47.4/lib  -march=x86-64-v3 -mtune=generic -Wall -pipe  -O2 -fomit-frame-pointer -DNDEBUG -pthread  -DHAVE_CONFIG_H  -c /workspace/repos/rocknix.worktrees/m7-duckstation-deps01/build.pixelelated-GENERIC_X64.x86_64/build/libcom-err-1.47.4/lib/ext2fs/bb_inode.c -o bb_inode.o
/workspace/repos/rocknix.worktrees/m7-duckstation-deps01/build.pixelelated-GENERIC_X64.x86_64/toolchain/bin/x86_64-rocknix-linux-gnu-gcc -I. -I../../lib -I/workspace/repos/rocknix.worktrees/m7-duckstation-deps01/build.pixelelated-GENERIC_X64.x86_64/build/libcom-err-1.47.4/lib  -march=x86-64-v3 -mtune=generic -Wall -pipe  -O2 -fomit-frame-pointer -DNDEBUG -pthread  -DHAVE_CONFIG_H  -fPIC -shared -o elfshared/bb_inode.o -c /workspace/repos/rocknix.worktrees/m7-duckstation-deps01/build.pixelelated-GENERIC_X64.x86_64/build/libcom-err-1.47.4/lib/ext2fs/bb_inode.c
/workspace/repos/rocknix.worktrees/m7-duckstation-deps01/build.pixelelated-GENERIC_X64.x86_64/toolchain/bin/x86_64-rocknix-linux-gnu-gcc -I. -I../../lib -I/workspace/repos/rocknix.worktrees/m7-duckstation-deps01/build.pixelelated-GENERIC_X64.x86_64/build/libcom-err-1.47.4/lib  -march=x86-64-v3 -mtune=generic -Wall -pipe  -O2 -fomit-frame-pointer -DNDEBUG -pthread  -DHAVE_CONFIG_H  -c /workspace/repos/rocknix.worktrees/m7-duckstation-deps01/build.pixelelated-GENERIC_X64.x86_64/build/libcom-err-1.47.4/lib/ext2fs/bitmaps.c -o bitmaps.o
/workspace/repos/rocknix.worktrees/m7-duckstation-deps01/build.pixelelated-GENERIC_X64.x86_64/toolchain/bin/x86_64-rocknix-linux-gnu-gcc -I. -I../../lib -I/workspace/repos/rocknix.worktrees/m7-duckstation-deps01/build.pixelelated-GENERIC_X64.x86_64/build/libcom-err-1.47.4/lib  -march=x86-64-v3 -mtune=generic -Wall -pipe  -O2 -fomit-frame-pointer -DNDEBUG -pthread  -DHAVE_CONFIG_H  -fPIC -shared -o elfshared/bitmaps.o -c /workspace/repos/rocknix.worktrees/m7-duckstation-deps01/build.pixelelated-GENERIC_X64.x86_64/build/libcom-err-1.47.4/lib/ext2fs/bitmaps.c
/workspace/repos/rocknix.worktrees/m7-duckstation-deps01/build.pixelelated-GENERIC_X64.x86_64/toolchain/bin/x86_64-rocknix-linux-gnu-gcc -I. -I../../lib -I/workspace/repos/rocknix.worktrees/m7-duckstation-deps01/build.pixelelated-GENERIC_X64.x86_64/build/libcom-err-1.47.4/lib  -march=x86-64-v3 -mtune=generic -Wall -pipe  -O2 -fomit-frame-pointer -DNDEBUG -pthread  -DHAVE_CONFIG_H  -c /workspace/repos/rocknix.worktrees/m7-duckstation-deps01/build.pixelelated-GENERIC_X64.x86_64/build/libcom-err-1.47.4/lib/ext2fs/bitops.c -o bitops.o
/workspace/repos/rocknix.worktrees/m7-duckstation-deps01/build.pixelelated-GENERIC_X64.x86_64/toolchain/bin/x86_64-rocknix-linux-gnu-gcc -I. -I../../lib -I/workspace/repos/rocknix.worktrees/m7-duckstation-deps01/build.pixelelated-GENERIC_X64.x86_64/build/libcom-err-1.47.4/lib  -march=x86-64-v3 -mtune=generic -Wall -pipe  -O2 -fomit-frame-pointer -DNDEBUG -pthread  -DHAVE_CONFIG_H  -fPIC -shared -o elfshared/bitops.o -c /workspace/repos/rocknix.worktrees/m7-duckstation-deps01/build.pixelelated-GENERIC_X64.x86_64/build/libcom-err-1.47.4/lib/ext2fs/bitops.c
/workspace/repos/rocknix.worktrees/m7-duckstation-deps01/build.pixelelated-GENERIC_X64.x86_64/toolchain/bin/x86_64-rocknix-linux-gnu-gcc -I. -I../../lib -I/workspace/repos/rocknix.worktrees/m7-duckstation-deps01/build.pixelelated-GENERIC_X64.x86_64/build/libcom-err-1.47.4/lib  -march=x86-64-v3 -mtune=generic -Wall -pipe  -O2 -fomit-frame-pointer -DNDEBUG -pthread  -DHAVE_CONFIG_H  -c /workspace/repos/rocknix.worktrees/m7-duckstation-deps01/build.pixelelated-GENERIC_X64.x86_64/build/libcom-err-1.47.4/lib/ext2fs/blkmap64_ba.c -o blkmap64_ba.o
/workspace/repos/rocknix.worktrees/m7-duckstation-deps01/build.pixelelated-GENERIC_X64.x86_64/toolchain/bin/x86_64-rocknix-linux-gnu-gcc -I. -I../../lib -I/workspace/repos/rocknix.worktrees/m7-duckstation-deps01/build.pixelelated-GENERIC_X64.x86_64/build/libcom-err-1.47.4/lib  -march=x86-64-v3 -mtune=generic -Wall -pipe  -O2 -fomit-frame-pointer -DNDEBUG -pthread  -DHAVE_CONFIG_H  -fPIC -shared -o elfshared/blkmap64_ba.o -c /workspace/repos/rocknix.worktrees/m7-duckstation-deps01/build.pixelelated-GENERIC_X64.x86_64/build/libcom-err-1.47.4/lib/ext2fs/blkmap64_ba.c
/workspace/repos/rocknix.worktrees/m7-duckstation-deps01/build.pixelelated-GENERIC_X64.x86_64/toolchain/bin/x86_64-rocknix-linux-gnu-gcc -I. -I../../lib -I/workspace/repos/rocknix.worktrees/m7-duckstation-deps01/build.pixelelated-GENERIC_X64.x86_64/build/libcom-err-1.47.4/lib  -march=x86-64-v3 -mtune=generic -Wall -pipe  -O2 -fomit-frame-pointer -DNDEBUG -pthread  -DHAVE_CONFIG_H  -c /workspace/repos/rocknix.worktrees/m7-duckstation-deps01/build.pixelelated-GENERIC_X64.x86_64/build/libcom-err-1.47.4/lib/ext2fs/blkmap64_rb.c -o blkmap64_rb.o
/workspace/repos/rocknix.worktrees/m7-duckstation-deps01/build.pixelelated-GENERIC_X64.x86_64/toolchain/bin/x86_64-rocknix-linux-gnu-gcc -I. -I../../lib -I/workspace/repos/rocknix.worktrees/m7-duckstation-deps01/build.pixelelated-GENERIC_X64.x86_64/build/libcom-err-1.47.4/lib  -march=x86-64-v3 -mtune=generic -Wall -pipe  -O2 -fomit-frame-pointer -DNDEBUG -pthread  -DHAVE_CONFIG_H  -fPIC -shared -o elfshared/blkmap64_rb.o -c /workspace/repos/rocknix.worktrees/m7-duckstation-deps01/build.pixelelated-GENERIC_X64.x86_64/build/libcom-err-1.47.4/lib/ext2fs/blkmap64_rb.c
/workspace/repos/rocknix.worktrees/m7-duckstation-deps01/build.pixelelated-GENERIC_X64.x86_64/toolchain/bin/x86_64-rocknix-linux-gnu-gcc -I. -I../../lib -I/workspace/repos/rocknix.worktrees/m7-duckstation-deps01/build.pixelelated-GENERIC_X64.x86_64/build/libcom-err-1.47.4/lib  -march=x86-64-v3 -mtune=generic -Wall -pipe  -O2 -fomit-frame-pointer -DNDEBUG -pthread  -DHAVE_CONFIG_H  -c /workspace/repos/rocknix.worktrees/m7-duckstation-deps01/build.pixelelated-GENERIC_X64.x86_64/build/libcom-err-1.47.4/lib/ext2fs/blknum.c -o blknum.o
/workspace/repos/rocknix.worktrees/m7-duckstation-deps01/build.pixelelated-GENERIC_X64.x86_64/toolchain/bin/x86_64-rocknix-linux-gnu-gcc -I. -I../../lib -I/workspace/repos/rocknix.worktrees/m7-duckstation-deps01/build.pixelelated-GENERIC_X64.x86_64/build/libcom-err-1.47.4/lib  -march=x86-64-v3 -mtune=generic -Wall -pipe  -O2 -fomit-frame-pointer -DNDEBUG -pthread  -DHAVE_CONFIG_H  -fPIC -shared -o elfshared/blknum.o -c /workspace/repos/rocknix.worktrees/m7-duckstation-deps01/build.pixelelated-GENERIC_X64.x86_64/build/libcom-err-1.47.4/lib/ext2fs/blknum.c
/workspace/repos/rocknix.worktrees/m7-duckstation-deps01/build.pixelelated-GENERIC_X64.x86_64/toolchain/bin/x86_64-rocknix-linux-gnu-gcc -I. -I../../lib -I/workspace/repos/rocknix.worktrees/m7-duckstation-deps01/build.pixelelated-GENERIC_X64.x86_64/build/libcom-err-1.47.4/lib  -march=x86-64-v3 -mtune=generic -Wall -pipe  -O2 -fomit-frame-pointer -DNDEBUG -pthread  -DHAVE_CONFIG_H  -c /workspace/repos/rocknix.worktrees/m7-duckstation-deps01/build.pixelelated-GENERIC_X64.x86_64/build/libcom-err-1.47.4/lib/ext2fs/block.c -o block.o
/workspace/repos/rocknix.worktrees/m7-duckstation-deps01/build.pixelelated-GENERIC_X64.x86_64/toolchain/bin/x86_64-rocknix-linux-gnu-gcc -I. -I../../lib -I/workspace/repos/rocknix.worktrees/m7-duckstation-deps01/build.pixelelated-GENERIC_X64.x86_64/build/libcom-err-1.47.4/lib  -march=x86-64-v3 -mtune=generic -Wall -pipe  -O2 -fomit-frame-pointer -DNDEBUG -pthread  -DHAVE_CONFIG_H  -fPIC -shared -o elfshared/block.o -c /workspace/repos/rocknix.worktrees/m7-duckstation-deps01/build.pixelelated-GENERIC_X64.x86_64/build/libcom-err-1.47.4/lib/ext2fs/block.c
/workspace/repos/rocknix.worktrees/m7-duckstation-deps01/build.pixelelated-GENERIC_X64.x86_64/toolchain/bin/x86_64-rocknix-linux-gnu-gcc -I. -I../../lib -I/workspace/repos/rocknix.worktrees/m7-duckstation-deps01/build.pixelelated-GENERIC_X64.x86_64/build/libcom-err-1.47.4/lib  -march=x86-64-v3 -mtune=generic -Wall -pipe  -O2 -fomit-frame-pointer -DNDEBUG -pthread  -DHAVE_CONFIG_H  -c /workspace/repos/rocknix.worktrees/m7-duckstation-deps01/build.pixelelated-GENERIC_X64.x86_64/build/libcom-err-1.47.4/lib/ext2fs/bmap.c -o bmap.o
/workspace/repos/rocknix.worktrees/m7-duckstation-deps01/build.pixelelated-GENERIC_X64.x86_64/toolchain/bin/x86_64-rocknix-linux-gnu-gcc -I. -I../../lib -I/workspace/repos/rocknix.worktrees/m7-duckstation-deps01/build.pixelelated-GENERIC_X64.x86_64/build/libcom-err-1.47.4/lib  -march=x86-64-v3 -mtune=generic -Wall -pipe  -O2 -fomit-frame-pointer -DNDEBUG -pthread  -DHAVE_CONFIG_H  -fPIC -shared -o elfshared/bmap.o -c /workspace/repos/rocknix.worktrees/m7-duckstation-deps01/build.pixelelated-GENERIC_X64.x86_64/build/libcom-err-1.47.4/lib/ext2fs/bmap.c
/workspace/repos/rocknix.worktrees/m7-duckstation-deps01/build.pixelelated-GENERIC_X64.x86_64/toolchain/bin/x86_64-rocknix-linux-gnu-gcc -I. -I../../lib -I/workspace/repos/rocknix.worktrees/m7-duckstation-deps01/build.pixelelated-GENERIC_X64.x86_64/build/libcom-err-1.47.4/lib  -march=x86-64-v3 -mtune=generic -Wall -pipe  -O2 -fomit-frame-pointer -DNDEBUG -pthread  -DHAVE_CONFIG_H  -c /workspace/repos/rocknix.worktrees/m7-duckstation-deps01/build.pixelelated-GENERIC_X64.x86_64/build/libcom-err-1.47.4/lib/ext2fs/check_desc.c -o check_desc.o
/workspace/repos/rocknix.worktrees/m7-duckstation-deps01/build.pixelelated-GENERIC_X64.x86_64/toolchain/bin/x86_64-rocknix-linux-gnu-gcc -I. -I../../lib -I/workspace/repos/rocknix.worktrees/m7-duckstation-deps01/build.pixelelated-GENERIC_X64.x86_64/build/libcom-err-1.47.4/lib  -march=x86-64-v3 -mtune=generic -Wall -pipe  -O2 -fomit-frame-pointer -DNDEBUG -pthread  -DHAVE_CONFIG_H  -fPIC -shared -o elfshared/check_desc.o -c /workspace/repos/rocknix.worktrees/m7-duckstation-deps01/build.pixelelated-GENERIC_X64.x86_64/build/libcom-err-1.47.4/lib/ext2fs/check_desc.c
/workspace/repos/rocknix.worktrees/m7-duckstation-deps01/build.pixelelated-GENERIC_X64.x86_64/toolchain/bin/x86_64-rocknix-linux-gnu-gcc -I. -I../../lib -I/workspace/repos/rocknix.worktrees/m7-duckstation-deps01/build.pixelelated-GENERIC_X64.x86_64/build/libcom-err-1.47.4/lib  -march=x86-64-v3 -mtune=generic -Wall -pipe  -O2 -fomit-frame-pointer -DNDEBUG -pthread  -DHAVE_CONFIG_H  -c /workspace/repos/rocknix.worktrees/m7-duckstation-deps01/build.pixelelated-GENERIC_X64.x86_64/build/libcom-err-1.47.4/lib/ext2fs/closefs.c -o closefs.o
/workspace/repos/rocknix.worktrees/m7-duckstation-deps01/build.pixelelated-GENERIC_X64.x86_64/toolchain/bin/x86_64-rocknix-linux-gnu-gcc -I. -I../../lib -I/workspace/repos/rocknix.worktrees/m7-duckstation-deps01/build.pixelelated-GENERIC_X64.x86_64/build/libcom-err-1.47.4/lib  -march=x86-64-v3 -mtune=generic -Wall -pipe  -O2 -fomit-frame-pointer -DNDEBUG -pthread  -DHAVE_CONFIG_H  -fPIC -shared -o elfshared/closefs.o -c /workspace/repos/rocknix.worktrees/m7-duckstation-deps01/build.pixelelated-GENERIC_X64.x86_64/build/libcom-err-1.47.4/lib/ext2fs/closefs.c
/workspace/repos/rocknix.worktrees/m7-duckstation-deps01/build.pixelelated-GENERIC_X64.x86_64/toolchain/bin/x86_64-rocknix-linux-gnu-gcc -I. -I../../lib -I/workspace/repos/rocknix.worktrees/m7-duckstation-deps01/build.pixelelated-GENERIC_X64.x86_64/build/libcom-err-1.47.4/lib  -march=x86-64-v3 -mtune=generic -Wall -pipe  -O2 -fomit-frame-pointer -DNDEBUG -pthread  -DHAVE_CONFIG_H  -c /workspace/repos/rocknix.worktrees/m7-duckstation-deps01/build.pixelelated-GENERIC_X64.x86_64/build/libcom-err-1.47.4/lib/ext2fs/crc16.c -o crc16.o
/workspace/repos/rocknix.worktrees/m7-duckstation-deps01/build.pixelelated-GENERIC_X64.x86_64/toolchain/bin/x86_64-rocknix-linux-gnu-gcc -I. -I../../lib -I/workspace/repos/rocknix.worktrees/m7-duckstation-deps01/build.pixelelated-GENERIC_X64.x86_64/build/libcom-err-1.47.4/lib  -march=x86-64-v3 -mtune=generic -Wall -pipe  -O2 -fomit-frame-pointer -DNDEBUG -pthread  -DHAVE_CONFIG_H  -fPIC -shared -o elfshared/crc16.o -c /workspace/repos/rocknix.worktrees/m7-duckstation-deps01/build.pixelelated-GENERIC_X64.x86_64/build/libcom-err-1.47.4/lib/ext2fs/crc16.c
/workspace/repos/rocknix.worktrees/m7-duckstation-deps01/build.pixelelated-GENERIC_X64.x86_64/toolchain/bin/host-gcc     -o gen_crc32ctable \
	/workspace/repos/rocknix.worktrees/m7-duckstation-deps01/build.pixelelated-GENERIC_X64.x86_64/build/libcom-err-1.47.4/lib/ext2fs/gen_crc32ctable.c
./gen_crc32ctable > crc32c_table.h
/workspace/repos/rocknix.worktrees/m7-duckstation-deps01/build.pixelelated-GENERIC_X64.x86_64/toolchain/bin/x86_64-rocknix-linux-gnu-gcc -I. -I../../lib -I/workspace/repos/rocknix.worktrees/m7-duckstation-deps01/build.pixelelated-GENERIC_X64.x86_64/build/libcom-err-1.47.4/lib  -march=x86-64-v3 -mtune=generic -Wall -pipe  -O2 -fomit-frame-pointer -DNDEBUG -pthread  -DHAVE_CONFIG_H  -c /workspace/repos/rocknix.worktrees/m7-duckstation-deps01/build.pixelelated-GENERIC_X64.x86_64/build/libcom-err-1.47.4/lib/ext2fs/crc32c.c -o crc32c.o
/workspace/repos/rocknix.worktrees/m7-duckstation-deps01/build.pixelelated-GENERIC_X64.x86_64/toolchain/bin/x86_64-rocknix-linux-gnu-gcc -I. -I../../lib -I/workspace/repos/rocknix.worktrees/m7-duckstation-deps01/build.pixelelated-GENERIC_X64.x86_64/build/libcom-err-1.47.4/lib  -march=x86-64-v3 -mtune=generic -Wall -pipe  -O2 -fomit-frame-pointer -DNDEBUG -pthread  -DHAVE_CONFIG_H  -fPIC -shared -o elfshared/crc32c.o -c /workspace/repos/rocknix.worktrees/m7-duckstation-deps01/build.pixelelated-GENERIC_X64.x86_64/build/libcom-err-1.47.4/lib/ext2fs/crc32c.c
/workspace/repos/rocknix.worktrees/m7-duckstation-deps01/build.pixelelated-GENERIC_X64.x86_64/toolchain/bin/x86_64-rocknix-linux-gnu-gcc -I. -I../../lib -I/workspace/repos/rocknix.worktrees/m7-duckstation-deps01/build.pixelelated-GENERIC_X64.x86_64/build/libcom-err-1.47.4/lib  -march=x86-64-v3 -mtune=generic -Wall -pipe  -O2 -fomit-frame-pointer -DNDEBUG -pthread  -DHAVE_CONFIG_H  -c /workspace/repos/rocknix.worktrees/m7-duckstation-deps01/build.pixelelated-GENERIC_X64.x86_64/build/libcom-err-1.47.4/lib/ext2fs/csum.c -o csum.o
/workspace/repos/rocknix.worktrees/m7-duckstation-deps01/build.pixelelated-GENERIC_X64.x86_64/toolchain/bin/x86_64-rocknix-linux-gnu-gcc -I. -I../../lib -I/workspace/repos/rocknix.worktrees/m7-duckstation-deps01/build.pixelelated-GENERIC_X64.x86_64/build/libcom-err-1.47.4/lib  -march=x86-64-v3 -mtune=generic -Wall -pipe  -O2 -fomit-frame-pointer -DNDEBUG -pthread  -DHAVE_CONFIG_H  -fPIC -shared -o elfshared/csum.o -c /workspace/repos/rocknix.worktrees/m7-duckstation-deps01/build.pixelelated-GENERIC_X64.x86_64/build/libcom-err-1.47.4/lib/ext2fs/csum.c
/workspace/repos/rocknix.worktrees/m7-duckstation-deps01/build.pixelelated-GENERIC_X64.x86_64/toolchain/bin/x86_64-rocknix-linux-gnu-gcc -I. -I../../lib -I/workspace/repos/rocknix.worktrees/m7-duckstation-deps01/build.pixelelated-GENERIC_X64.x86_64/build/libcom-err-1.47.4/lib  -march=x86-64-v3 -mtune=generic -Wall -pipe  -O2 -fomit-frame-pointer -DNDEBUG -pthread  -DHAVE_CONFIG_H  -c /workspace/repos/rocknix.worktrees/m7-duckstation-deps01/build.pixelelated-GENERIC_X64.x86_64/build/libcom-err-1.47.4/lib/ext2fs/dblist.c -o dblist.o
/workspace/repos/rocknix.worktrees/m7-duckstation-deps01/build.pixelelated-GENERIC_X64.x86_64/toolchain/bin/x86_64-rocknix-linux-gnu-gcc -I. -I../../lib -I/workspace/repos/rocknix.worktrees/m7-duckstation-deps01/build.pixelelated-GENERIC_X64.x86_64/build/libcom-err-1.47.4/lib  -march=x86-64-v3 -mtune=generic -Wall -pipe  -O2 -fomit-frame-pointer -DNDEBUG -pthread  -DHAVE_CONFIG_H  -fPIC -shared -o elfshared/dblist.o -c /workspace/repos/rocknix.worktrees/m7-duckstation-deps01/build.pixelelated-GENERIC_X64.x86_64/build/libcom-err-1.47.4/lib/ext2fs/dblist.c
/workspace/repos/rocknix.worktrees/m7-duckstation-deps01/build.pixelelated-GENERIC_X64.x86_64/toolchain/bin/x86_64-rocknix-linux-gnu-gcc -I. -I../../lib -I/workspace/repos/rocknix.worktrees/m7-duckstation-deps01/build.pixelelated-GENERIC_X64.x86_64/build/libcom-err-1.47.4/lib  -march=x86-64-v3 -mtune=generic -Wall -pipe  -O2 -fomit-frame-pointer -DNDEBUG -pthread  -DHAVE_CONFIG_H  -c /workspace/repos/rocknix.worktrees/m7-duckstation-deps01/build.pixelelated-GENERIC_X64.x86_64/build/libcom-err-1.47.4/lib/ext2fs/dblist_dir.c -o dblist_dir.o
/workspace/repos/rocknix.worktrees/m7-duckstation-deps01/build.pixelelated-GENERIC_X64.x86_64/toolchain/bin/x86_64-rocknix-linux-gnu-gcc -I. -I../../lib -I/workspace/repos/rocknix.worktrees/m7-duckstation-deps01/build.pixelelated-GENERIC_X64.x86_64/build/libcom-err-1.47.4/lib  -march=x86-64-v3 -mtune=generic -Wall -pipe  -O2 -fomit-frame-pointer -DNDEBUG -pthread  -DHAVE_CONFIG_H  -fPIC -shared -o elfshared/dblist_dir.o -c /workspace/repos/rocknix.worktrees/m7-duckstation-deps01/build.pixelelated-GENERIC_X64.x86_64/build/libcom-err-1.47.4/lib/ext2fs/dblist_dir.c
/workspace/repos/rocknix.worktrees/m7-duckstation-deps01/build.pixelelated-GENERIC_X64.x86_64/toolchain/bin/x86_64-rocknix-linux-gnu-gcc -I. -I../../lib -I/workspace/repos/rocknix.worktrees/m7-duckstation-deps01/build.pixelelated-GENERIC_X64.x86_64/build/libcom-err-1.47.4/lib  -march=x86-64-v3 -mtune=generic -Wall -pipe  -O2 -fomit-frame-pointer -DNDEBUG -pthread  -DHAVE_CONFIG_H  -c /workspace/repos/rocknix.worktrees/m7-duckstation-deps01/build.pixelelated-GENERIC_X64.x86_64/build/libcom-err-1.47.4/lib/ext2fs/dirblock.c -o dirblock.o
/workspace/repos/rocknix.worktrees/m7-duckstation-deps01/build.pixelelated-GENERIC_X64.x86_64/toolchain/bin/x86_64-rocknix-linux-gnu-gcc -I. -I../../lib -I/workspace/repos/rocknix.worktrees/m7-duckstation-deps01/build.pixelelated-GENERIC_X64.x86_64/build/libcom-err-1.47.4/lib  -march=x86-64-v3 -mtune=generic -Wall -pipe  -O2 -fomit-frame-pointer -DNDEBUG -pthread  -DHAVE_CONFIG_H  -fPIC -shared -o elfshared/dirblock.o -c /workspace/repos/rocknix.worktrees/m7-duckstation-deps01/build.pixelelated-GENERIC_X64.x86_64/build/libcom-err-1.47.4/lib/ext2fs/dirblock.c
/workspace/repos/rocknix.worktrees/m7-duckstation-deps01/build.pixelelated-GENERIC_X64.x86_64/toolchain/bin/x86_64-rocknix-linux-gnu-gcc -I. -I../../lib -I/workspace/repos/rocknix.worktrees/m7-duckstation-deps01/build.pixelelated-GENERIC_X64.x86_64/build/libcom-err-1.47.4/lib  -march=x86-64-v3 -mtune=generic -Wall -pipe  -O2 -fomit-frame-pointer -DNDEBUG -pthread  -DHAVE_CONFIG_H  -c /workspace/repos/rocknix.worktrees/m7-duckstation-deps01/build.pixelelated-GENERIC_X64.x86_64/build/libcom-err-1.47.4/lib/ext2fs/dirhash.c -o dirhash.o
/workspace/repos/rocknix.worktrees/m7-duckstation-deps01/build.pixelelated-GENERIC_X64.x86_64/toolchain/bin/x86_64-rocknix-linux-gnu-gcc -I. -I../../lib -I/workspace/repos/rocknix.worktrees/m7-duckstation-deps01/build.pixelelated-GENERIC_X64.x86_64/build/libcom-err-1.47.4/lib  -march=x86-64-v3 -mtune=generic -Wall -pipe  -O2 -fomit-frame-pointer -DNDEBUG -pthread  -DHAVE_CONFIG_H  -fPIC -shared -o elfshared/dirhash.o -c /workspace/repos/rocknix.worktrees/m7-duckstation-deps01/build.pixelelated-GENERIC_X64.x86_64/build/libcom-err-1.47.4/lib/ext2fs/dirhash.c
/workspace/repos/rocknix.worktrees/m7-duckstation-deps01/build.pixelelated-GENERIC_X64.x86_64/toolchain/bin/x86_64-rocknix-linux-gnu-gcc -I. -I../../lib -I/workspace/repos/rocknix.worktrees/m7-duckstation-deps01/build.pixelelated-GENERIC_X64.x86_64/build/libcom-err-1.47.4/lib  -march=x86-64-v3 -mtune=generic -Wall -pipe  -O2 -fomit-frame-pointer -DNDEBUG -pthread  -DHAVE_CONFIG_H  -c /workspace/repos/rocknix.worktrees/m7-duckstation-deps01/build.pixelelated-GENERIC_X64.x86_64/build/libcom-err-1.47.4/lib/ext2fs/dir_iterate.c -o dir_iterate.o
/workspace/repos/rocknix.worktrees/m7-duckstation-deps01/build.pixelelated-GENERIC_X64.x86_64/toolchain/bin/x86_64-rocknix-linux-gnu-gcc -I. -I../../lib -I/workspace/repos/rocknix.worktrees/m7-duckstation-deps01/build.pixelelated-GENERIC_X64.x86_64/build/libcom-err-1.47.4/lib  -march=x86-64-v3 -mtune=generic -Wall -pipe  -O2 -fomit-frame-pointer -DNDEBUG -pthread  -DHAVE_CONFIG_H  -fPIC -shared -o elfshared/dir_iterate.o -c /workspace/repos/rocknix.worktrees/m7-duckstation-deps01/build.pixelelated-GENERIC_X64.x86_64/build/libcom-err-1.47.4/lib/ext2fs/dir_iterate.c
/workspace/repos/rocknix.worktrees/m7-duckstation-deps01/build.pixelelated-GENERIC_X64.x86_64/toolchain/bin/x86_64-rocknix-linux-gnu-gcc -I. -I../../lib -I/workspace/repos/rocknix.worktrees/m7-duckstation-deps01/build.pixelelated-GENERIC_X64.x86_64/build/libcom-err-1.47.4/lib  -march=x86-64-v3 -mtune=generic -Wall -pipe  -O2 -fomit-frame-pointer -DNDEBUG -pthread  -DHAVE_CONFIG_H  -c /workspace/repos/rocknix.worktrees/m7-duckstation-deps01/build.pixelelated-GENERIC_X64.x86_64/build/libcom-err-1.47.4/lib/ext2fs/expanddir.c -o expanddir.o
/workspace/repos/rocknix.worktrees/m7-duckstation-deps01/build.pixelelated-GENERIC_X64.x86_64/toolchain/bin/x86_64-rocknix-linux-gnu-gcc -I. -I../../lib -I/workspace/repos/rocknix.worktrees/m7-duckstation-deps01/build.pixelelated-GENERIC_X64.x86_64/build/libcom-err-1.47.4/lib  -march=x86-64-v3 -mtune=generic -Wall -pipe  -O2 -fomit-frame-pointer -DNDEBUG -pthread  -DHAVE_CONFIG_H  -fPIC -shared -o elfshared/expanddir.o -c /workspace/repos/rocknix.worktrees/m7-duckstation-deps01/build.pixelelated-GENERIC_X64.x86_64/build/libcom-err-1.47.4/lib/ext2fs/expanddir.c
/workspace/repos/rocknix.worktrees/m7-duckstation-deps01/build.pixelelated-GENERIC_X64.x86_64/toolchain/bin/x86_64-rocknix-linux-gnu-gcc -I. -I../../lib -I/workspace/repos/rocknix.worktrees/m7-duckstation-deps01/build.pixelelated-GENERIC_X64.x86_64/build/libcom-err-1.47.4/lib  -march=x86-64-v3 -mtune=generic -Wall -pipe  -O2 -fomit-frame-pointer -DNDEBUG -pthread  -DHAVE_CONFIG_H  -c /workspace/repos/rocknix.worktrees/m7-duckstation-deps01/build.pixelelated-GENERIC_X64.x86_64/build/libcom-err-1.47.4/lib/ext2fs/ext_attr.c -o ext_attr.o
/workspace/repos/rocknix.worktrees/m7-duckstation-deps01/build.pixelelated-GENERIC_X64.x86_64/toolchain/bin/x86_64-rocknix-linux-gnu-gcc -I. -I../../lib -I/workspace/repos/rocknix.worktrees/m7-duckstation-deps01/build.pixelelated-GENERIC_X64.x86_64/build/libcom-err-1.47.4/lib  -march=x86-64-v3 -mtune=generic -Wall -pipe  -O2 -fomit-frame-pointer -DNDEBUG -pthread  -DHAVE_CONFIG_H  -fPIC -shared -o elfshared/ext_attr.o -c /workspace/repos/rocknix.worktrees/m7-duckstation-deps01/build.pixelelated-GENERIC_X64.x86_64/build/libcom-err-1.47.4/lib/ext2fs/ext_attr.c
/workspace/repos/rocknix.worktrees/m7-duckstation-deps01/build.pixelelated-GENERIC_X64.x86_64/toolchain/bin/x86_64-rocknix-linux-gnu-gcc -I. -I../../lib -I/workspace/repos/rocknix.worktrees/m7-duckstation-deps01/build.pixelelated-GENERIC_X64.x86_64/build/libcom-err-1.47.4/lib  -march=x86-64-v3 -mtune=generic -Wall -pipe  -O2 -fomit-frame-pointer -DNDEBUG -pthread  -DHAVE_CONFIG_H  -c /workspace/repos/rocknix.worktrees/m7-duckstation-deps01/build.pixelelated-GENERIC_X64.x86_64/build/libcom-err-1.47.4/lib/ext2fs/extent.c -o extent.o
/workspace/repos/rocknix.worktrees/m7-duckstation-deps01/build.pixelelated-GENERIC_X64.x86_64/toolchain/bin/x86_64-rocknix-linux-gnu-gcc -I. -I../../lib -I/workspace/repos/rocknix.worktrees/m7-duckstation-deps01/build.pixelelated-GENERIC_X64.x86_64/build/libcom-err-1.47.4/lib  -march=x86-64-v3 -mtune=generic -Wall -pipe  -O2 -fomit-frame-pointer -DNDEBUG -pthread  -DHAVE_CONFIG_H  -fPIC -shared -o elfshared/extent.o -c /workspace/repos/rocknix.worktrees/m7-duckstation-deps01/build.pixelelated-GENERIC_X64.x86_64/build/libcom-err-1.47.4/lib/ext2fs/extent.c
/workspace/repos/rocknix.worktrees/m7-duckstation-deps01/build.pixelelated-GENERIC_X64.x86_64/toolchain/bin/x86_64-rocknix-linux-gnu-gcc -I. -I../../lib -I/workspace/repos/rocknix.worktrees/m7-duckstation-deps01/build.pixelelated-GENERIC_X64.x86_64/build/libcom-err-1.47.4/lib  -march=x86-64-v3 -mtune=generic -Wall -pipe  -O2 -fomit-frame-pointer -DNDEBUG -pthread  -DHAVE_CONFIG_H  -c /workspace/repos/rocknix.worktrees/m7-duckstation-deps01/build.pixelelated-GENERIC_X64.x86_64/build/libcom-err-1.47.4/lib/ext2fs/fallocate.c -o fallocate.o
/workspace/repos/rocknix.worktrees/m7-duckstation-deps01/build.pixelelated-GENERIC_X64.x86_64/toolchain/bin/x86_64-rocknix-linux-gnu-gcc -I. -I../../lib -I/workspace/repos/rocknix.worktrees/m7-duckstation-deps01/build.pixelelated-GENERIC_X64.x86_64/build/libcom-err-1.47.4/lib  -march=x86-64-v3 -mtune=generic -Wall -pipe  -O2 -fomit-frame-pointer -DNDEBUG -pthread  -DHAVE_CONFIG_H  -fPIC -shared -o elfshared/fallocate.o -c /workspace/repos/rocknix.worktrees/m7-duckstation-deps01/build.pixelelated-GENERIC_X64.x86_64/build/libcom-err-1.47.4/lib/ext2fs/fallocate.c
/workspace/repos/rocknix.worktrees/m7-duckstation-deps01/build.pixelelated-GENERIC_X64.x86_64/toolchain/bin/x86_64-rocknix-linux-gnu-gcc -I. -I../../lib -I/workspace/repos/rocknix.worktrees/m7-duckstation-deps01/build.pixelelated-GENERIC_X64.x86_64/build/libcom-err-1.47.4/lib  -march=x86-64-v3 -mtune=generic -Wall -pipe  -O2 -fomit-frame-pointer -DNDEBUG -pthread  -DHAVE_CONFIG_H  -c /workspace/repos/rocknix.worktrees/m7-duckstation-deps01/build.pixelelated-GENERIC_X64.x86_64/build/libcom-err-1.47.4/lib/ext2fs/fileio.c -o fileio.o
/workspace/repos/rocknix.worktrees/m7-duckstation-deps01/build.pixelelated-GENERIC_X64.x86_64/toolchain/bin/x86_64-rocknix-linux-gnu-gcc -I. -I../../lib -I/workspace/repos/rocknix.worktrees/m7-duckstation-deps01/build.pixelelated-GENERIC_X64.x86_64/build/libcom-err-1.47.4/lib  -march=x86-64-v3 -mtune=generic -Wall -pipe  -O2 -fomit-frame-pointer -DNDEBUG -pthread  -DHAVE_CONFIG_H  -fPIC -shared -o elfshared/fileio.o -c /workspace/repos/rocknix.worktrees/m7-duckstation-deps01/build.pixelelated-GENERIC_X64.x86_64/build/libcom-err-1.47.4/lib/ext2fs/fileio.c
/workspace/repos/rocknix.worktrees/m7-duckstation-deps01/build.pixelelated-GENERIC_X64.x86_64/toolchain/bin/x86_64-rocknix-linux-gnu-gcc -I. -I../../lib -I/workspace/repos/rocknix.worktrees/m7-duckstation-deps01/build.pixelelated-GENERIC_X64.x86_64/build/libcom-err-1.47.4/lib  -march=x86-64-v3 -mtune=generic -Wall -pipe  -O2 -fomit-frame-pointer -DNDEBUG -pthread  -DHAVE_CONFIG_H  -c /workspace/repos/rocknix.worktrees/m7-duckstation-deps01/build.pixelelated-GENERIC_X64.x86_64/build/libcom-err-1.47.4/lib/ext2fs/finddev.c -o finddev.o
/workspace/repos/rocknix.worktrees/m7-duckstation-deps01/build.pixelelated-GENERIC_X64.x86_64/toolchain/bin/x86_64-rocknix-linux-gnu-gcc -I. -I../../lib -I/workspace/repos/rocknix.worktrees/m7-duckstation-deps01/build.pixelelated-GENERIC_X64.x86_64/build/libcom-err-1.47.4/lib  -march=x86-64-v3 -mtune=generic -Wall -pipe  -O2 -fomit-frame-pointer -DNDEBUG -pthread  -DHAVE_CONFIG_H  -fPIC -shared -o elfshared/finddev.o -c /workspace/repos/rocknix.worktrees/m7-duckstation-deps01/build.pixelelated-GENERIC_X64.x86_64/build/libcom-err-1.47.4/lib/ext2fs/finddev.c
/workspace/repos/rocknix.worktrees/m7-duckstation-deps01/build.pixelelated-GENERIC_X64.x86_64/toolchain/bin/x86_64-rocknix-linux-gnu-gcc -I. -I../../lib -I/workspace/repos/rocknix.worktrees/m7-duckstation-deps01/build.pixelelated-GENERIC_X64.x86_64/build/libcom-err-1.47.4/lib  -march=x86-64-v3 -mtune=generic -Wall -pipe  -O2 -fomit-frame-pointer -DNDEBUG -pthread  -DHAVE_CONFIG_H  -c /workspace/repos/rocknix.worktrees/m7-duckstation-deps01/build.pixelelated-GENERIC_X64.x86_64/build/libcom-err-1.47.4/lib/ext2fs/flushb.c -o flushb.o
/workspace/repos/rocknix.worktrees/m7-duckstation-deps01/build.pixelelated-GENERIC_X64.x86_64/toolchain/bin/x86_64-rocknix-linux-gnu-gcc -I. -I../../lib -I/workspace/repos/rocknix.worktrees/m7-duckstation-deps01/build.pixelelated-GENERIC_X64.x86_64/build/libcom-err-1.47.4/lib  -march=x86-64-v3 -mtune=generic -Wall -pipe  -O2 -fomit-frame-pointer -DNDEBUG -pthread  -DHAVE_CONFIG_H  -fPIC -shared -o elfshared/flushb.o -c /workspace/repos/rocknix.worktrees/m7-duckstation-deps01/build.pixelelated-GENERIC_X64.x86_64/build/libcom-err-1.47.4/lib/ext2fs/flushb.c
/workspace/repos/rocknix.worktrees/m7-duckstation-deps01/build.pixelelated-GENERIC_X64.x86_64/toolchain/bin/x86_64-rocknix-linux-gnu-gcc -I. -I../../lib -I/workspace/repos/rocknix.worktrees/m7-duckstation-deps01/build.pixelelated-GENERIC_X64.x86_64/build/libcom-err-1.47.4/lib  -march=x86-64-v3 -mtune=generic -Wall -pipe  -O2 -fomit-frame-pointer -DNDEBUG -pthread  -DHAVE_CONFIG_H  -c /workspace/repos/rocknix.worktrees/m7-duckstation-deps01/build.pixelelated-GENERIC_X64.x86_64/build/libcom-err-1.47.4/lib/ext2fs/freefs.c -o freefs.o
/workspace/repos/rocknix.worktrees/m7-duckstation-deps01/build.pixelelated-GENERIC_X64.x86_64/toolchain/bin/x86_64-rocknix-linux-gnu-gcc -I. -I../../lib -I/workspace/repos/rocknix.worktrees/m7-duckstation-deps01/build.pixelelated-GENERIC_X64.x86_64/build/libcom-err-1.47.4/lib  -march=x86-64-v3 -mtune=generic -Wall -pipe  -O2 -fomit-frame-pointer -DNDEBUG -pthread  -DHAVE_CONFIG_H  -fPIC -shared -o elfshared/freefs.o -c /workspace/repos/rocknix.worktrees/m7-duckstation-deps01/build.pixelelated-GENERIC_X64.x86_64/build/libcom-err-1.47.4/lib/ext2fs/freefs.c
/workspace/repos/rocknix.worktrees/m7-duckstation-deps01/build.pixelelated-GENERIC_X64.x86_64/toolchain/bin/x86_64-rocknix-linux-gnu-gcc -I. -I../../lib -I/workspace/repos/rocknix.worktrees/m7-duckstation-deps01/build.pixelelated-GENERIC_X64.x86_64/build/libcom-err-1.47.4/lib  -march=x86-64-v3 -mtune=generic -Wall -pipe  -O2 -fomit-frame-pointer -DNDEBUG -pthread  -DHAVE_CONFIG_H  -c /workspace/repos/rocknix.worktrees/m7-duckstation-deps01/build.pixelelated-GENERIC_X64.x86_64/build/libcom-err-1.47.4/lib/ext2fs/gen_bitmap.c -o gen_bitmap.o
/workspace/repos/rocknix.worktrees/m7-duckstation-deps01/build.pixelelated-GENERIC_X64.x86_64/toolchain/bin/x86_64-rocknix-linux-gnu-gcc -I. -I../../lib -I/workspace/repos/rocknix.worktrees/m7-duckstation-deps01/build.pixelelated-GENERIC_X64.x86_64/build/libcom-err-1.47.4/lib  -march=x86-64-v3 -mtune=generic -Wall -pipe  -O2 -fomit-frame-pointer -DNDEBUG -pthread  -DHAVE_CONFIG_H  -fPIC -shared -o elfshared/gen_bitmap.o -c /workspace/repos/rocknix.worktrees/m7-duckstation-deps01/build.pixelelated-GENERIC_X64.x86_64/build/libcom-err-1.47.4/lib/ext2fs/gen_bitmap.c
/workspace/repos/rocknix.worktrees/m7-duckstation-deps01/build.pixelelated-GENERIC_X64.x86_64/toolchain/bin/x86_64-rocknix-linux-gnu-gcc -I. -I../../lib -I/workspace/repos/rocknix.worktrees/m7-duckstation-deps01/build.pixelelated-GENERIC_X64.x86_64/build/libcom-err-1.47.4/lib  -march=x86-64-v3 -mtune=generic -Wall -pipe  -O2 -fomit-frame-pointer -DNDEBUG -pthread  -DHAVE_CONFIG_H  -c /workspace/repos/rocknix.worktrees/m7-duckstation-deps01/build.pixelelated-GENERIC_X64.x86_64/build/libcom-err-1.47.4/lib/ext2fs/gen_bitmap64.c -o gen_bitmap64.o
/workspace/repos/rocknix.worktrees/m7-duckstation-deps01/build.pixelelated-GENERIC_X64.x86_64/toolchain/bin/x86_64-rocknix-linux-gnu-gcc -I. -I../../lib -I/workspace/repos/rocknix.worktrees/m7-duckstation-deps01/build.pixelelated-GENERIC_X64.x86_64/build/libcom-err-1.47.4/lib  -march=x86-64-v3 -mtune=generic -Wall -pipe  -O2 -fomit-frame-pointer -DNDEBUG -pthread  -DHAVE_CONFIG_H  -fPIC -shared -o elfshared/gen_bitmap64.o -c /workspace/repos/rocknix.worktrees/m7-duckstation-deps01/build.pixelelated-GENERIC_X64.x86_64/build/libcom-err-1.47.4/lib/ext2fs/gen_bitmap64.c
/workspace/repos/rocknix.worktrees/m7-duckstation-deps01/build.pixelelated-GENERIC_X64.x86_64/toolchain/bin/x86_64-rocknix-linux-gnu-gcc -I. -I../../lib -I/workspace/repos/rocknix.worktrees/m7-duckstation-deps01/build.pixelelated-GENERIC_X64.x86_64/build/libcom-err-1.47.4/lib  -march=x86-64-v3 -mtune=generic -Wall -pipe  -O2 -fomit-frame-pointer -DNDEBUG -pthread  -DHAVE_CONFIG_H  -c /workspace/repos/rocknix.worktrees/m7-duckstation-deps01/build.pixelelated-GENERIC_X64.x86_64/build/libcom-err-1.47.4/lib/ext2fs/get_num_dirs.c -o get_num_dirs.o
/workspace/repos/rocknix.worktrees/m7-duckstation-deps01/build.pixelelated-GENERIC_X64.x86_64/toolchain/bin/x86_64-rocknix-linux-gnu-gcc -I. -I../../lib -I/workspace/repos/rocknix.worktrees/m7-duckstation-deps01/build.pixelelated-GENERIC_X64.x86_64/build/libcom-err-1.47.4/lib  -march=x86-64-v3 -mtune=generic -Wall -pipe  -O2 -fomit-frame-pointer -DNDEBUG -pthread  -DHAVE_CONFIG_H  -fPIC -shared -o elfshared/get_num_dirs.o -c /workspace/repos/rocknix.worktrees/m7-duckstation-deps01/build.pixelelated-GENERIC_X64.x86_64/build/libcom-err-1.47.4/lib/ext2fs/get_num_dirs.c
/workspace/repos/rocknix.worktrees/m7-duckstation-deps01/build.pixelelated-GENERIC_X64.x86_64/toolchain/bin/x86_64-rocknix-linux-gnu-gcc -I. -I../../lib -I/workspace/repos/rocknix.worktrees/m7-duckstation-deps01/build.pixelelated-GENERIC_X64.x86_64/build/libcom-err-1.47.4/lib  -march=x86-64-v3 -mtune=generic -Wall -pipe  -O2 -fomit-frame-pointer -DNDEBUG -pthread  -DHAVE_CONFIG_H  -c /workspace/repos/rocknix.worktrees/m7-duckstation-deps01/build.pixelelated-GENERIC_X64.x86_64/build/libcom-err-1.47.4/lib/ext2fs/get_pathname.c -o get_pathname.o
/workspace/repos/rocknix.worktrees/m7-duckstation-deps01/build.pixelelated-GENERIC_X64.x86_64/toolchain/bin/x86_64-rocknix-linux-gnu-gcc -I. -I../../lib -I/workspace/repos/rocknix.worktrees/m7-duckstation-deps01/build.pixelelated-GENERIC_X64.x86_64/build/libcom-err-1.47.4/lib  -march=x86-64-v3 -mtune=generic -Wall -pipe  -O2 -fomit-frame-pointer -DNDEBUG -pthread  -DHAVE_CONFIG_H  -fPIC -shared -o elfshared/get_pathname.o -c /workspace/repos/rocknix.worktrees/m7-duckstation-deps01/build.pixelelated-GENERIC_X64.x86_64/build/libcom-err-1.47.4/lib/ext2fs/get_pathname.c
/workspace/repos/rocknix.worktrees/m7-duckstation-deps01/build.pixelelated-GENERIC_X64.x86_64/toolchain/bin/x86_64-rocknix-linux-gnu-gcc -I. -I../../lib -I/workspace/repos/rocknix.worktrees/m7-duckstation-deps01/build.pixelelated-GENERIC_X64.x86_64/build/libcom-err-1.47.4/lib  -march=x86-64-v3 -mtune=generic -Wall -pipe  -O2 -fomit-frame-pointer -DNDEBUG -pthread  -DHAVE_CONFIG_H  -c /workspace/repos/rocknix.worktrees/m7-duckstation-deps01/build.pixelelated-GENERIC_X64.x86_64/build/libcom-err-1.47.4/lib/ext2fs/getenv.c -o getenv.o
/workspace/repos/rocknix.worktrees/m7-duckstation-deps01/build.pixelelated-GENERIC_X64.x86_64/toolchain/bin/x86_64-rocknix-linux-gnu-gcc -I. -I../../lib -I/workspace/repos/rocknix.worktrees/m7-duckstation-deps01/build.pixelelated-GENERIC_X64.x86_64/build/libcom-err-1.47.4/lib  -march=x86-64-v3 -mtune=generic -Wall -pipe  -O2 -fomit-frame-pointer -DNDEBUG -pthread  -DHAVE_CONFIG_H  -fPIC -shared -o elfshared/getenv.o -c /workspace/repos/rocknix.worktrees/m7-duckstation-deps01/build.pixelelated-GENERIC_X64.x86_64/build/libcom-err-1.47.4/lib/ext2fs/getenv.c
/workspace/repos/rocknix.worktrees/m7-duckstation-deps01/build.pixelelated-GENERIC_X64.x86_64/toolchain/bin/x86_64-rocknix-linux-gnu-gcc -I. -I../../lib -I/workspace/repos/rocknix.worktrees/m7-duckstation-deps01/build.pixelelated-GENERIC_X64.x86_64/build/libcom-err-1.47.4/lib  -march=x86-64-v3 -mtune=generic -Wall -pipe  -O2 -fomit-frame-pointer -DNDEBUG -pthread  -DHAVE_CONFIG_H  -c /workspace/repos/rocknix.worktrees/m7-duckstation-deps01/build.pixelelated-GENERIC_X64.x86_64/build/libcom-err-1.47.4/lib/ext2fs/getsize.c -o getsize.o
/workspace/repos/rocknix.worktrees/m7-duckstation-deps01/build.pixelelated-GENERIC_X64.x86_64/toolchain/bin/x86_64-rocknix-linux-gnu-gcc -I. -I../../lib -I/workspace/repos/rocknix.worktrees/m7-duckstation-deps01/build.pixelelated-GENERIC_X64.x86_64/build/libcom-err-1.47.4/lib  -march=x86-64-v3 -mtune=generic -Wall -pipe  -O2 -fomit-frame-pointer -DNDEBUG -pthread  -DHAVE_CONFIG_H  -fPIC -shared -o elfshared/getsize.o -c /workspace/repos/rocknix.worktrees/m7-duckstation-deps01/build.pixelelated-GENERIC_X64.x86_64/build/libcom-err-1.47.4/lib/ext2fs/getsize.c
/workspace/repos/rocknix.worktrees/m7-duckstation-deps01/build.pixelelated-GENERIC_X64.x86_64/toolchain/bin/x86_64-rocknix-linux-gnu-gcc -I. -I../../lib -I/workspace/repos/rocknix.worktrees/m7-duckstation-deps01/build.pixelelated-GENERIC_X64.x86_64/build/libcom-err-1.47.4/lib  -march=x86-64-v3 -mtune=generic -Wall -pipe  -O2 -fomit-frame-pointer -DNDEBUG -pthread  -DHAVE_CONFIG_H  -c /workspace/repos/rocknix.worktrees/m7-duckstation-deps01/build.pixelelated-GENERIC_X64.x86_64/build/libcom-err-1.47.4/lib/ext2fs/getsectsize.c -o getsectsize.o
/workspace/repos/rocknix.worktrees/m7-duckstation-deps01/build.pixelelated-GENERIC_X64.x86_64/toolchain/bin/x86_64-rocknix-linux-gnu-gcc -I. -I../../lib -I/workspace/repos/rocknix.worktrees/m7-duckstation-deps01/build.pixelelated-GENERIC_X64.x86_64/build/libcom-err-1.47.4/lib  -march=x86-64-v3 -mtune=generic -Wall -pipe  -O2 -fomit-frame-pointer -DNDEBUG -pthread  -DHAVE_CONFIG_H  -fPIC -shared -o elfshared/getsectsize.o -c /workspace/repos/rocknix.worktrees/m7-duckstation-deps01/build.pixelelated-GENERIC_X64.x86_64/build/libcom-err-1.47.4/lib/ext2fs/getsectsize.c
/workspace/repos/rocknix.worktrees/m7-duckstation-deps01/build.pixelelated-GENERIC_X64.x86_64/toolchain/bin/x86_64-rocknix-linux-gnu-gcc -I. -I../../lib -I/workspace/repos/rocknix.worktrees/m7-duckstation-deps01/build.pixelelated-GENERIC_X64.x86_64/build/libcom-err-1.47.4/lib  -march=x86-64-v3 -mtune=generic -Wall -pipe  -O2 -fomit-frame-pointer -DNDEBUG -pthread  -DHAVE_CONFIG_H  -c /workspace/repos/rocknix.worktrees/m7-duckstation-deps01/build.pixelelated-GENERIC_X64.x86_64/build/libcom-err-1.47.4/lib/ext2fs/hashmap.c -o hashmap.o
/workspace/repos/rocknix.worktrees/m7-duckstation-deps01/build.pixelelated-GENERIC_X64.x86_64/toolchain/bin/x86_64-rocknix-linux-gnu-gcc -I. -I../../lib -I/workspace/repos/rocknix.worktrees/m7-duckstation-deps01/build.pixelelated-GENERIC_X64.x86_64/build/libcom-err-1.47.4/lib  -march=x86-64-v3 -mtune=generic -Wall -pipe  -O2 -fomit-frame-pointer -DNDEBUG -pthread  -DHAVE_CONFIG_H  -fPIC -shared -o elfshared/hashmap.o -c /workspace/repos/rocknix.worktrees/m7-duckstation-deps01/build.pixelelated-GENERIC_X64.x86_64/build/libcom-err-1.47.4/lib/ext2fs/hashmap.c
/workspace/repos/rocknix.worktrees/m7-duckstation-deps01/build.pixelelated-GENERIC_X64.x86_64/toolchain/bin/x86_64-rocknix-linux-gnu-gcc -I. -I../../lib -I/workspace/repos/rocknix.worktrees/m7-duckstation-deps01/build.pixelelated-GENERIC_X64.x86_64/build/libcom-err-1.47.4/lib  -march=x86-64-v3 -mtune=generic -Wall -pipe  -O2 -fomit-frame-pointer -DNDEBUG -pthread  -DHAVE_CONFIG_H  -c /workspace/repos/rocknix.worktrees/m7-duckstation-deps01/build.pixelelated-GENERIC_X64.x86_64/build/libcom-err-1.47.4/lib/ext2fs/i_block.c -o i_block.o
/workspace/repos/rocknix.worktrees/m7-duckstation-deps01/build.pixelelated-GENERIC_X64.x86_64/toolchain/bin/x86_64-rocknix-linux-gnu-gcc -I. -I../../lib -I/workspace/repos/rocknix.worktrees/m7-duckstation-deps01/build.pixelelated-GENERIC_X64.x86_64/build/libcom-err-1.47.4/lib  -march=x86-64-v3 -mtune=generic -Wall -pipe  -O2 -fomit-frame-pointer -DNDEBUG -pthread  -DHAVE_CONFIG_H  -fPIC -shared -o elfshared/i_block.o -c /workspace/repos/rocknix.worktrees/m7-duckstation-deps01/build.pixelelated-GENERIC_X64.x86_64/build/libcom-err-1.47.4/lib/ext2fs/i_block.c
/workspace/repos/rocknix.worktrees/m7-duckstation-deps01/build.pixelelated-GENERIC_X64.x86_64/toolchain/bin/x86_64-rocknix-linux-gnu-gcc -I. -I../../lib -I/workspace/repos/rocknix.worktrees/m7-duckstation-deps01/build.pixelelated-GENERIC_X64.x86_64/build/libcom-err-1.47.4/lib  -march=x86-64-v3 -mtune=generic -Wall -pipe  -O2 -fomit-frame-pointer -DNDEBUG -pthread  -DHAVE_CONFIG_H  -c /workspace/repos/rocknix.worktrees/m7-duckstation-deps01/build.pixelelated-GENERIC_X64.x86_64/build/libcom-err-1.47.4/lib/ext2fs/icount.c -o icount.o
/workspace/repos/rocknix.worktrees/m7-duckstation-deps01/build.pixelelated-GENERIC_X64.x86_64/toolchain/bin/x86_64-rocknix-linux-gnu-gcc -I. -I../../lib -I/workspace/repos/rocknix.worktrees/m7-duckstation-deps01/build.pixelelated-GENERIC_X64.x86_64/build/libcom-err-1.47.4/lib  -march=x86-64-v3 -mtune=generic -Wall -pipe  -O2 -fomit-frame-pointer -DNDEBUG -pthread  -DHAVE_CONFIG_H  -fPIC -shared -o elfshared/icount.o -c /workspace/repos/rocknix.worktrees/m7-duckstation-deps01/build.pixelelated-GENERIC_X64.x86_64/build/libcom-err-1.47.4/lib/ext2fs/icount.c
/workspace/repos/rocknix.worktrees/m7-duckstation-deps01/build.pixelelated-GENERIC_X64.x86_64/toolchain/bin/x86_64-rocknix-linux-gnu-gcc -I. -I../../lib -I/workspace/repos/rocknix.worktrees/m7-duckstation-deps01/build.pixelelated-GENERIC_X64.x86_64/build/libcom-err-1.47.4/lib  -march=x86-64-v3 -mtune=generic -Wall -pipe  -O2 -fomit-frame-pointer -DNDEBUG -pthread  -DHAVE_CONFIG_H  -c /workspace/repos/rocknix.worktrees/m7-duckstation-deps01/build.pixelelated-GENERIC_X64.x86_64/build/libcom-err-1.47.4/lib/ext2fs/ind_block.c -o ind_block.o
/workspace/repos/rocknix.worktrees/m7-duckstation-deps01/build.pixelelated-GENERIC_X64.x86_64/toolchain/bin/x86_64-rocknix-linux-gnu-gcc -I. -I../../lib -I/workspace/repos/rocknix.worktrees/m7-duckstation-deps01/build.pixelelated-GENERIC_X64.x86_64/build/libcom-err-1.47.4/lib  -march=x86-64-v3 -mtune=generic -Wall -pipe  -O2 -fomit-frame-pointer -DNDEBUG -pthread  -DHAVE_CONFIG_H  -fPIC -shared -o elfshared/ind_block.o -c /workspace/repos/rocknix.worktrees/m7-duckstation-deps01/build.pixelelated-GENERIC_X64.x86_64/build/libcom-err-1.47.4/lib/ext2fs/ind_block.c
/workspace/repos/rocknix.worktrees/m7-duckstation-deps01/build.pixelelated-GENERIC_X64.x86_64/toolchain/bin/x86_64-rocknix-linux-gnu-gcc -I. -I../../lib -I/workspace/repos/rocknix.worktrees/m7-duckstation-deps01/build.pixelelated-GENERIC_X64.x86_64/build/libcom-err-1.47.4/lib  -march=x86-64-v3 -mtune=generic -Wall -pipe  -O2 -fomit-frame-pointer -DNDEBUG -pthread  -DHAVE_CONFIG_H  -c /workspace/repos/rocknix.worktrees/m7-duckstation-deps01/build.pixelelated-GENERIC_X64.x86_64/build/libcom-err-1.47.4/lib/ext2fs/initialize.c -o initialize.o
/workspace/repos/rocknix.worktrees/m7-duckstation-deps01/build.pixelelated-GENERIC_X64.x86_64/toolchain/bin/x86_64-rocknix-linux-gnu-gcc -I. -I../../lib -I/workspace/repos/rocknix.worktrees/m7-duckstation-deps01/build.pixelelated-GENERIC_X64.x86_64/build/libcom-err-1.47.4/lib  -march=x86-64-v3 -mtune=generic -Wall -pipe  -O2 -fomit-frame-pointer -DNDEBUG -pthread  -DHAVE_CONFIG_H  -fPIC -shared -o elfshared/initialize.o -c /workspace/repos/rocknix.worktrees/m7-duckstation-deps01/build.pixelelated-GENERIC_X64.x86_64/build/libcom-err-1.47.4/lib/ext2fs/initialize.c
/workspace/repos/rocknix.worktrees/m7-duckstation-deps01/build.pixelelated-GENERIC_X64.x86_64/toolchain/bin/x86_64-rocknix-linux-gnu-gcc -I. -I../../lib -I/workspace/repos/rocknix.worktrees/m7-duckstation-deps01/build.pixelelated-GENERIC_X64.x86_64/build/libcom-err-1.47.4/lib  -march=x86-64-v3 -mtune=generic -Wall -pipe  -O2 -fomit-frame-pointer -DNDEBUG -pthread  -DHAVE_CONFIG_H  -c /workspace/repos/rocknix.worktrees/m7-duckstation-deps01/build.pixelelated-GENERIC_X64.x86_64/build/libcom-err-1.47.4/lib/ext2fs/inline.c -o inline.o
/workspace/repos/rocknix.worktrees/m7-duckstation-deps01/build.pixelelated-GENERIC_X64.x86_64/toolchain/bin/x86_64-rocknix-linux-gnu-gcc -I. -I../../lib -I/workspace/repos/rocknix.worktrees/m7-duckstation-deps01/build.pixelelated-GENERIC_X64.x86_64/build/libcom-err-1.47.4/lib  -march=x86-64-v3 -mtune=generic -Wall -pipe  -O2 -fomit-frame-pointer -DNDEBUG -pthread  -DHAVE_CONFIG_H  -fPIC -shared -o elfshared/inline.o -c /workspace/repos/rocknix.worktrees/m7-duckstation-deps01/build.pixelelated-GENERIC_X64.x86_64/build/libcom-err-1.47.4/lib/ext2fs/inline.c
/workspace/repos/rocknix.worktrees/m7-duckstation-deps01/build.pixelelated-GENERIC_X64.x86_64/toolchain/bin/x86_64-rocknix-linux-gnu-gcc -I. -I../../lib -I/workspace/repos/rocknix.worktrees/m7-duckstation-deps01/build.pixelelated-GENERIC_X64.x86_64/build/libcom-err-1.47.4/lib  -march=x86-64-v3 -mtune=generic -Wall -pipe  -O2 -fomit-frame-pointer -DNDEBUG -pthread  -DHAVE_CONFIG_H  -c /workspace/repos/rocknix.worktrees/m7-duckstation-deps01/build.pixelelated-GENERIC_X64.x86_64/build/libcom-err-1.47.4/lib/ext2fs/inline_data.c -o inline_data.o
/workspace/repos/rocknix.worktrees/m7-duckstation-deps01/build.pixelelated-GENERIC_X64.x86_64/toolchain/bin/x86_64-rocknix-linux-gnu-gcc -I. -I../../lib -I/workspace/repos/rocknix.worktrees/m7-duckstation-deps01/build.pixelelated-GENERIC_X64.x86_64/build/libcom-err-1.47.4/lib  -march=x86-64-v3 -mtune=generic -Wall -pipe  -O2 -fomit-frame-pointer -DNDEBUG -pthread  -DHAVE_CONFIG_H  -fPIC -shared -o elfshared/inline_data.o -c /workspace/repos/rocknix.worktrees/m7-duckstation-deps01/build.pixelelated-GENERIC_X64.x86_64/build/libcom-err-1.47.4/lib/ext2fs/inline_data.c
/workspace/repos/rocknix.worktrees/m7-duckstation-deps01/build.pixelelated-GENERIC_X64.x86_64/toolchain/bin/x86_64-rocknix-linux-gnu-gcc -I. -I../../lib -I/workspace/repos/rocknix.worktrees/m7-duckstation-deps01/build.pixelelated-GENERIC_X64.x86_64/build/libcom-err-1.47.4/lib  -march=x86-64-v3 -mtune=generic -Wall -pipe  -O2 -fomit-frame-pointer -DNDEBUG -pthread  -DHAVE_CONFIG_H  -c /workspace/repos/rocknix.worktrees/m7-duckstation-deps01/build.pixelelated-GENERIC_X64.x86_64/build/libcom-err-1.47.4/lib/ext2fs/inode.c -o inode.o
/workspace/repos/rocknix.worktrees/m7-duckstation-deps01/build.pixelelated-GENERIC_X64.x86_64/toolchain/bin/x86_64-rocknix-linux-gnu-gcc -I. -I../../lib -I/workspace/repos/rocknix.worktrees/m7-duckstation-deps01/build.pixelelated-GENERIC_X64.x86_64/build/libcom-err-1.47.4/lib  -march=x86-64-v3 -mtune=generic -Wall -pipe  -O2 -fomit-frame-pointer -DNDEBUG -pthread  -DHAVE_CONFIG_H  -fPIC -shared -o elfshared/inode.o -c /workspace/repos/rocknix.worktrees/m7-duckstation-deps01/build.pixelelated-GENERIC_X64.x86_64/build/libcom-err-1.47.4/lib/ext2fs/inode.c
/workspace/repos/rocknix.worktrees/m7-duckstation-deps01/build.pixelelated-GENERIC_X64.x86_64/toolchain/bin/x86_64-rocknix-linux-gnu-gcc -I. -I../../lib -I/workspace/repos/rocknix.worktrees/m7-duckstation-deps01/build.pixelelated-GENERIC_X64.x86_64/build/libcom-err-1.47.4/lib  -march=x86-64-v3 -mtune=generic -Wall -pipe  -O2 -fomit-frame-pointer -DNDEBUG -pthread  -DHAVE_CONFIG_H  -c /workspace/repos/rocknix.worktrees/m7-duckstation-deps01/build.pixelelated-GENERIC_X64.x86_64/build/libcom-err-1.47.4/lib/ext2fs/io_manager.c -o io_manager.o
/workspace/repos/rocknix.worktrees/m7-duckstation-deps01/build.pixelelated-GENERIC_X64.x86_64/toolchain/bin/x86_64-rocknix-linux-gnu-gcc -I. -I../../lib -I/workspace/repos/rocknix.worktrees/m7-duckstation-deps01/build.pixelelated-GENERIC_X64.x86_64/build/libcom-err-1.47.4/lib  -march=x86-64-v3 -mtune=generic -Wall -pipe  -O2 -fomit-frame-pointer -DNDEBUG -pthread  -DHAVE_CONFIG_H  -fPIC -shared -o elfshared/io_manager.o -c /workspace/repos/rocknix.worktrees/m7-duckstation-deps01/build.pixelelated-GENERIC_X64.x86_64/build/libcom-err-1.47.4/lib/ext2fs/io_manager.c
/workspace/repos/rocknix.worktrees/m7-duckstation-deps01/build.pixelelated-GENERIC_X64.x86_64/toolchain/bin/x86_64-rocknix-linux-gnu-gcc -I. -I../../lib -I/workspace/repos/rocknix.worktrees/m7-duckstation-deps01/build.pixelelated-GENERIC_X64.x86_64/build/libcom-err-1.47.4/lib  -march=x86-64-v3 -mtune=generic -Wall -pipe  -O2 -fomit-frame-pointer -DNDEBUG -pthread  -DHAVE_CONFIG_H  -c /workspace/repos/rocknix.worktrees/m7-duckstation-deps01/build.pixelelated-GENERIC_X64.x86_64/build/libcom-err-1.47.4/lib/ext2fs/ismounted.c -o ismounted.o
/workspace/repos/rocknix.worktrees/m7-duckstation-deps01/build.pixelelated-GENERIC_X64.x86_64/toolchain/bin/x86_64-rocknix-linux-gnu-gcc -I. -I../../lib -I/workspace/repos/rocknix.worktrees/m7-duckstation-deps01/build.pixelelated-GENERIC_X64.x86_64/build/libcom-err-1.47.4/lib  -march=x86-64-v3 -mtune=generic -Wall -pipe  -O2 -fomit-frame-pointer -DNDEBUG -pthread  -DHAVE_CONFIG_H  -fPIC -shared -o elfshared/ismounted.o -c /workspace/repos/rocknix.worktrees/m7-duckstation-deps01/build.pixelelated-GENERIC_X64.x86_64/build/libcom-err-1.47.4/lib/ext2fs/ismounted.c
/workspace/repos/rocknix.worktrees/m7-duckstation-deps01/build.pixelelated-GENERIC_X64.x86_64/toolchain/bin/x86_64-rocknix-linux-gnu-gcc -I. -I../../lib -I/workspace/repos/rocknix.worktrees/m7-duckstation-deps01/build.pixelelated-GENERIC_X64.x86_64/build/libcom-err-1.47.4/lib  -march=x86-64-v3 -mtune=generic -Wall -pipe  -O2 -fomit-frame-pointer -DNDEBUG -pthread  -DHAVE_CONFIG_H  -c /workspace/repos/rocknix.worktrees/m7-duckstation-deps01/build.pixelelated-GENERIC_X64.x86_64/build/libcom-err-1.47.4/lib/ext2fs/link.c -o link.o
/workspace/repos/rocknix.worktrees/m7-duckstation-deps01/build.pixelelated-GENERIC_X64.x86_64/toolchain/bin/x86_64-rocknix-linux-gnu-gcc -I. -I../../lib -I/workspace/repos/rocknix.worktrees/m7-duckstation-deps01/build.pixelelated-GENERIC_X64.x86_64/build/libcom-err-1.47.4/lib  -march=x86-64-v3 -mtune=generic -Wall -pipe  -O2 -fomit-frame-pointer -DNDEBUG -pthread  -DHAVE_CONFIG_H  -fPIC -shared -o elfshared/link.o -c /workspace/repos/rocknix.worktrees/m7-duckstation-deps01/build.pixelelated-GENERIC_X64.x86_64/build/libcom-err-1.47.4/lib/ext2fs/link.c
/workspace/repos/rocknix.worktrees/m7-duckstation-deps01/build.pixelelated-GENERIC_X64.x86_64/toolchain/bin/x86_64-rocknix-linux-gnu-gcc -I. -I../../lib -I/workspace/repos/rocknix.worktrees/m7-duckstation-deps01/build.pixelelated-GENERIC_X64.x86_64/build/libcom-err-1.47.4/lib  -march=x86-64-v3 -mtune=generic -Wall -pipe  -O2 -fomit-frame-pointer -DNDEBUG -pthread  -DHAVE_CONFIG_H  -c /workspace/repos/rocknix.worktrees/m7-duckstation-deps01/build.pixelelated-GENERIC_X64.x86_64/build/libcom-err-1.47.4/lib/ext2fs/llseek.c -o llseek.o
/workspace/repos/rocknix.worktrees/m7-duckstation-deps01/build.pixelelated-GENERIC_X64.x86_64/toolchain/bin/x86_64-rocknix-linux-gnu-gcc -I. -I../../lib -I/workspace/repos/rocknix.worktrees/m7-duckstation-deps01/build.pixelelated-GENERIC_X64.x86_64/build/libcom-err-1.47.4/lib  -march=x86-64-v3 -mtune=generic -Wall -pipe  -O2 -fomit-frame-pointer -DNDEBUG -pthread  -DHAVE_CONFIG_H  -fPIC -shared -o elfshared/llseek.o -c /workspace/repos/rocknix.worktrees/m7-duckstation-deps01/build.pixelelated-GENERIC_X64.x86_64/build/libcom-err-1.47.4/lib/ext2fs/llseek.c
/workspace/repos/rocknix.worktrees/m7-duckstation-deps01/build.pixelelated-GENERIC_X64.x86_64/toolchain/bin/x86_64-rocknix-linux-gnu-gcc -I. -I../../lib -I/workspace/repos/rocknix.worktrees/m7-duckstation-deps01/build.pixelelated-GENERIC_X64.x86_64/build/libcom-err-1.47.4/lib  -march=x86-64-v3 -mtune=generic -Wall -pipe  -O2 -fomit-frame-pointer -DNDEBUG -pthread  -DHAVE_CONFIG_H  -c /workspace/repos/rocknix.worktrees/m7-duckstation-deps01/build.pixelelated-GENERIC_X64.x86_64/build/libcom-err-1.47.4/lib/ext2fs/lookup.c -o lookup.o
/workspace/repos/rocknix.worktrees/m7-duckstation-deps01/build.pixelelated-GENERIC_X64.x86_64/toolchain/bin/x86_64-rocknix-linux-gnu-gcc -I. -I../../lib -I/workspace/repos/rocknix.worktrees/m7-duckstation-deps01/build.pixelelated-GENERIC_X64.x86_64/build/libcom-err-1.47.4/lib  -march=x86-64-v3 -mtune=generic -Wall -pipe  -O2 -fomit-frame-pointer -DNDEBUG -pthread  -DHAVE_CONFIG_H  -fPIC -shared -o elfshared/lookup.o -c /workspace/repos/rocknix.worktrees/m7-duckstation-deps01/build.pixelelated-GENERIC_X64.x86_64/build/libcom-err-1.47.4/lib/ext2fs/lookup.c
/workspace/repos/rocknix.worktrees/m7-duckstation-deps01/build.pixelelated-GENERIC_X64.x86_64/toolchain/bin/x86_64-rocknix-linux-gnu-gcc -I. -I../../lib -I/workspace/repos/rocknix.worktrees/m7-duckstation-deps01/build.pixelelated-GENERIC_X64.x86_64/build/libcom-err-1.47.4/lib  -march=x86-64-v3 -mtune=generic -Wall -pipe  -O2 -fomit-frame-pointer -DNDEBUG -pthread  -DHAVE_CONFIG_H  -c /workspace/repos/rocknix.worktrees/m7-duckstation-deps01/build.pixelelated-GENERIC_X64.x86_64/build/libcom-err-1.47.4/lib/ext2fs/mkdir.c -o mkdir.o
/workspace/repos/rocknix.worktrees/m7-duckstation-deps01/build.pixelelated-GENERIC_X64.x86_64/toolchain/bin/x86_64-rocknix-linux-gnu-gcc -I. -I../../lib -I/workspace/repos/rocknix.worktrees/m7-duckstation-deps01/build.pixelelated-GENERIC_X64.x86_64/build/libcom-err-1.47.4/lib  -march=x86-64-v3 -mtune=generic -Wall -pipe  -O2 -fomit-frame-pointer -DNDEBUG -pthread  -DHAVE_CONFIG_H  -fPIC -shared -o elfshared/mkdir.o -c /workspace/repos/rocknix.worktrees/m7-duckstation-deps01/build.pixelelated-GENERIC_X64.x86_64/build/libcom-err-1.47.4/lib/ext2fs/mkdir.c
/workspace/repos/rocknix.worktrees/m7-duckstation-deps01/build.pixelelated-GENERIC_X64.x86_64/toolchain/bin/x86_64-rocknix-linux-gnu-gcc -I. -I../../lib -I/workspace/repos/rocknix.worktrees/m7-duckstation-deps01/build.pixelelated-GENERIC_X64.x86_64/build/libcom-err-1.47.4/lib  -march=x86-64-v3 -mtune=generic -Wall -pipe  -O2 -fomit-frame-pointer -DNDEBUG -pthread  -DHAVE_CONFIG_H  -c /workspace/repos/rocknix.worktrees/m7-duckstation-deps01/build.pixelelated-GENERIC_X64.x86_64/build/libcom-err-1.47.4/lib/ext2fs/mkjournal.c -o mkjournal.o
/workspace/repos/rocknix.worktrees/m7-duckstation-deps01/build.pixelelated-GENERIC_X64.x86_64/toolchain/bin/x86_64-rocknix-linux-gnu-gcc -I. -I../../lib -I/workspace/repos/rocknix.worktrees/m7-duckstation-deps01/build.pixelelated-GENERIC_X64.x86_64/build/libcom-err-1.47.4/lib  -march=x86-64-v3 -mtune=generic -Wall -pipe  -O2 -fomit-frame-pointer -DNDEBUG -pthread  -DHAVE_CONFIG_H  -fPIC -shared -o elfshared/mkjournal.o -c /workspace/repos/rocknix.worktrees/m7-duckstation-deps01/build.pixelelated-GENERIC_X64.x86_64/build/libcom-err-1.47.4/lib/ext2fs/mkjournal.c
/workspace/repos/rocknix.worktrees/m7-duckstation-deps01/build.pixelelated-GENERIC_X64.x86_64/toolchain/bin/x86_64-rocknix-linux-gnu-gcc -I. -I../../lib -I/workspace/repos/rocknix.worktrees/m7-duckstation-deps01/build.pixelelated-GENERIC_X64.x86_64/build/libcom-err-1.47.4/lib  -march=x86-64-v3 -mtune=generic -Wall -pipe  -O2 -fomit-frame-pointer -DNDEBUG -pthread  -DHAVE_CONFIG_H  -c /workspace/repos/rocknix.worktrees/m7-duckstation-deps01/build.pixelelated-GENERIC_X64.x86_64/build/libcom-err-1.47.4/lib/ext2fs/mmp.c -o mmp.o
/workspace/repos/rocknix.worktrees/m7-duckstation-deps01/build.pixelelated-GENERIC_X64.x86_64/toolchain/bin/x86_64-rocknix-linux-gnu-gcc -I. -I../../lib -I/workspace/repos/rocknix.worktrees/m7-duckstation-deps01/build.pixelelated-GENERIC_X64.x86_64/build/libcom-err-1.47.4/lib  -march=x86-64-v3 -mtune=generic -Wall -pipe  -O2 -fomit-frame-pointer -DNDEBUG -pthread  -DHAVE_CONFIG_H  -fPIC -shared -o elfshared/mmp.o -c /workspace/repos/rocknix.worktrees/m7-duckstation-deps01/build.pixelelated-GENERIC_X64.x86_64/build/libcom-err-1.47.4/lib/ext2fs/mmp.c
/workspace/repos/rocknix.worktrees/m7-duckstation-deps01/build.pixelelated-GENERIC_X64.x86_64/toolchain/bin/x86_64-rocknix-linux-gnu-gcc -I. -I../../lib -I/workspace/repos/rocknix.worktrees/m7-duckstation-deps01/build.pixelelated-GENERIC_X64.x86_64/build/libcom-err-1.47.4/lib  -march=x86-64-v3 -mtune=generic -Wall -pipe  -O2 -fomit-frame-pointer -DNDEBUG -pthread  -DHAVE_CONFIG_H  -c /workspace/repos/rocknix.worktrees/m7-duckstation-deps01/build.pixelelated-GENERIC_X64.x86_64/build/libcom-err-1.47.4/lib/ext2fs/namei.c -o namei.o
/workspace/repos/rocknix.worktrees/m7-duckstation-deps01/build.pixelelated-GENERIC_X64.x86_64/toolchain/bin/x86_64-rocknix-linux-gnu-gcc -I. -I../../lib -I/workspace/repos/rocknix.worktrees/m7-duckstation-deps01/build.pixelelated-GENERIC_X64.x86_64/build/libcom-err-1.47.4/lib  -march=x86-64-v3 -mtune=generic -Wall -pipe  -O2 -fomit-frame-pointer -DNDEBUG -pthread  -DHAVE_CONFIG_H  -fPIC -shared -o elfshared/namei.o -c /workspace/repos/rocknix.worktrees/m7-duckstation-deps01/build.pixelelated-GENERIC_X64.x86_64/build/libcom-err-1.47.4/lib/ext2fs/namei.c
/workspace/repos/rocknix.worktrees/m7-duckstation-deps01/build.pixelelated-GENERIC_X64.x86_64/toolchain/bin/x86_64-rocknix-linux-gnu-gcc -I. -I../../lib -I/workspace/repos/rocknix.worktrees/m7-duckstation-deps01/build.pixelelated-GENERIC_X64.x86_64/build/libcom-err-1.47.4/lib  -march=x86-64-v3 -mtune=generic -Wall -pipe  -O2 -fomit-frame-pointer -DNDEBUG -pthread  -DHAVE_CONFIG_H  -c /workspace/repos/rocknix.worktrees/m7-duckstation-deps01/build.pixelelated-GENERIC_X64.x86_64/build/libcom-err-1.47.4/lib/ext2fs/native.c -o native.o
/workspace/repos/rocknix.worktrees/m7-duckstation-deps01/build.pixelelated-GENERIC_X64.x86_64/toolchain/bin/x86_64-rocknix-linux-gnu-gcc -I. -I../../lib -I/workspace/repos/rocknix.worktrees/m7-duckstation-deps01/build.pixelelated-GENERIC_X64.x86_64/build/libcom-err-1.47.4/lib  -march=x86-64-v3 -mtune=generic -Wall -pipe  -O2 -fomit-frame-pointer -DNDEBUG -pthread  -DHAVE_CONFIG_H  -fPIC -shared -o elfshared/native.o -c /workspace/repos/rocknix.worktrees/m7-duckstation-deps01/build.pixelelated-GENERIC_X64.x86_64/build/libcom-err-1.47.4/lib/ext2fs/native.c
/workspace/repos/rocknix.worktrees/m7-duckstation-deps01/build.pixelelated-GENERIC_X64.x86_64/toolchain/bin/x86_64-rocknix-linux-gnu-gcc -I. -I../../lib -I/workspace/repos/rocknix.worktrees/m7-duckstation-deps01/build.pixelelated-GENERIC_X64.x86_64/build/libcom-err-1.47.4/lib  -march=x86-64-v3 -mtune=generic -Wall -pipe  -O2 -fomit-frame-pointer -DNDEBUG -pthread  -DHAVE_CONFIG_H  -c /workspace/repos/rocknix.worktrees/m7-duckstation-deps01/build.pixelelated-GENERIC_X64.x86_64/build/libcom-err-1.47.4/lib/ext2fs/newdir.c -o newdir.o
/workspace/repos/rocknix.worktrees/m7-duckstation-deps01/build.pixelelated-GENERIC_X64.x86_64/toolchain/bin/x86_64-rocknix-linux-gnu-gcc -I. -I../../lib -I/workspace/repos/rocknix.worktrees/m7-duckstation-deps01/build.pixelelated-GENERIC_X64.x86_64/build/libcom-err-1.47.4/lib  -march=x86-64-v3 -mtune=generic -Wall -pipe  -O2 -fomit-frame-pointer -DNDEBUG -pthread  -DHAVE_CONFIG_H  -fPIC -shared -o elfshared/newdir.o -c /workspace/repos/rocknix.worktrees/m7-duckstation-deps01/build.pixelelated-GENERIC_X64.x86_64/build/libcom-err-1.47.4/lib/ext2fs/newdir.c
/workspace/repos/rocknix.worktrees/m7-duckstation-deps01/build.pixelelated-GENERIC_X64.x86_64/toolchain/bin/x86_64-rocknix-linux-gnu-gcc -I. -I../../lib -I/workspace/repos/rocknix.worktrees/m7-duckstation-deps01/build.pixelelated-GENERIC_X64.x86_64/build/libcom-err-1.47.4/lib  -march=x86-64-v3 -mtune=generic -Wall -pipe  -O2 -fomit-frame-pointer -DNDEBUG -pthread  -DHAVE_CONFIG_H  -c /workspace/repos/rocknix.worktrees/m7-duckstation-deps01/build.pixelelated-GENERIC_X64.x86_64/build/libcom-err-1.47.4/lib/ext2fs/nls_utf8.c -o nls_utf8.o
/workspace/repos/rocknix.worktrees/m7-duckstation-deps01/build.pixelelated-GENERIC_X64.x86_64/toolchain/bin/x86_64-rocknix-linux-gnu-gcc -I. -I../../lib -I/workspace/repos/rocknix.worktrees/m7-duckstation-deps01/build.pixelelated-GENERIC_X64.x86_64/build/libcom-err-1.47.4/lib  -march=x86-64-v3 -mtune=generic -Wall -pipe  -O2 -fomit-frame-pointer -DNDEBUG -pthread  -DHAVE_CONFIG_H  -fPIC -shared -o elfshared/nls_utf8.o -c /workspace/repos/rocknix.worktrees/m7-duckstation-deps01/build.pixelelated-GENERIC_X64.x86_64/build/libcom-err-1.47.4/lib/ext2fs/nls_utf8.c
/workspace/repos/rocknix.worktrees/m7-duckstation-deps01/build.pixelelated-GENERIC_X64.x86_64/toolchain/bin/x86_64-rocknix-linux-gnu-gcc -I. -I../../lib -I/workspace/repos/rocknix.worktrees/m7-duckstation-deps01/build.pixelelated-GENERIC_X64.x86_64/build/libcom-err-1.47.4/lib  -march=x86-64-v3 -mtune=generic -Wall -pipe  -O2 -fomit-frame-pointer -DNDEBUG -pthread  -DHAVE_CONFIG_H  -c /workspace/repos/rocknix.worktrees/m7-duckstation-deps01/build.pixelelated-GENERIC_X64.x86_64/build/libcom-err-1.47.4/lib/ext2fs/openfs.c -o openfs.o
/workspace/repos/rocknix.worktrees/m7-duckstation-deps01/build.pixelelated-GENERIC_X64.x86_64/toolchain/bin/x86_64-rocknix-linux-gnu-gcc -I. -I../../lib -I/workspace/repos/rocknix.worktrees/m7-duckstation-deps01/build.pixelelated-GENERIC_X64.x86_64/build/libcom-err-1.47.4/lib  -march=x86-64-v3 -mtune=generic -Wall -pipe  -O2 -fomit-frame-pointer -DNDEBUG -pthread  -DHAVE_CONFIG_H  -fPIC -shared -o elfshared/openfs.o -c /workspace/repos/rocknix.worktrees/m7-duckstation-deps01/build.pixelelated-GENERIC_X64.x86_64/build/libcom-err-1.47.4/lib/ext2fs/openfs.c
/workspace/repos/rocknix.worktrees/m7-duckstation-deps01/build.pixelelated-GENERIC_X64.x86_64/toolchain/bin/x86_64-rocknix-linux-gnu-gcc -I. -I../../lib -I/workspace/repos/rocknix.worktrees/m7-duckstation-deps01/build.pixelelated-GENERIC_X64.x86_64/build/libcom-err-1.47.4/lib  -march=x86-64-v3 -mtune=generic -Wall -pipe  -O2 -fomit-frame-pointer -DNDEBUG -pthread  -DHAVE_CONFIG_H  -c /workspace/repos/rocknix.worktrees/m7-duckstation-deps01/build.pixelelated-GENERIC_X64.x86_64/build/libcom-err-1.47.4/lib/ext2fs/orphan.c -o orphan.o
/workspace/repos/rocknix.worktrees/m7-duckstation-deps01/build.pixelelated-GENERIC_X64.x86_64/toolchain/bin/x86_64-rocknix-linux-gnu-gcc -I. -I../../lib -I/workspace/repos/rocknix.worktrees/m7-duckstation-deps01/build.pixelelated-GENERIC_X64.x86_64/build/libcom-err-1.47.4/lib  -march=x86-64-v3 -mtune=generic -Wall -pipe  -O2 -fomit-frame-pointer -DNDEBUG -pthread  -DHAVE_CONFIG_H  -fPIC -shared -o elfshared/orphan.o -c /workspace/repos/rocknix.worktrees/m7-duckstation-deps01/build.pixelelated-GENERIC_X64.x86_64/build/libcom-err-1.47.4/lib/ext2fs/orphan.c
/workspace/repos/rocknix.worktrees/m7-duckstation-deps01/build.pixelelated-GENERIC_X64.x86_64/toolchain/bin/x86_64-rocknix-linux-gnu-gcc -I. -I../../lib -I/workspace/repos/rocknix.worktrees/m7-duckstation-deps01/build.pixelelated-GENERIC_X64.x86_64/build/libcom-err-1.47.4/lib  -march=x86-64-v3 -mtune=generic -Wall -pipe  -O2 -fomit-frame-pointer -DNDEBUG -pthread  -DHAVE_CONFIG_H  -c /workspace/repos/rocknix.worktrees/m7-duckstation-deps01/build.pixelelated-GENERIC_X64.x86_64/build/libcom-err-1.47.4/lib/ext2fs/progress.c -o progress.o
/workspace/repos/rocknix.worktrees/m7-duckstation-deps01/build.pixelelated-GENERIC_X64.x86_64/toolchain/bin/x86_64-rocknix-linux-gnu-gcc -I. -I../../lib -I/workspace/repos/rocknix.worktrees/m7-duckstation-deps01/build.pixelelated-GENERIC_X64.x86_64/build/libcom-err-1.47.4/lib  -march=x86-64-v3 -mtune=generic -Wall -pipe  -O2 -fomit-frame-pointer -DNDEBUG -pthread  -DHAVE_CONFIG_H  -fPIC -shared -o elfshared/progress.o -c /workspace/repos/rocknix.worktrees/m7-duckstation-deps01/build.pixelelated-GENERIC_X64.x86_64/build/libcom-err-1.47.4/lib/ext2fs/progress.c
/workspace/repos/rocknix.worktrees/m7-duckstation-deps01/build.pixelelated-GENERIC_X64.x86_64/toolchain/bin/x86_64-rocknix-linux-gnu-gcc -I. -I../../lib -I/workspace/repos/rocknix.worktrees/m7-duckstation-deps01/build.pixelelated-GENERIC_X64.x86_64/build/libcom-err-1.47.4/lib  -march=x86-64-v3 -mtune=generic -Wall -pipe  -O2 -fomit-frame-pointer -DNDEBUG -pthread  -DHAVE_CONFIG_H  -c /workspace/repos/rocknix.worktrees/m7-duckstation-deps01/build.pixelelated-GENERIC_X64.x86_64/build/libcom-err-1.47.4/lib/ext2fs/punch.c -o punch.o
/workspace/repos/rocknix.worktrees/m7-duckstation-deps01/build.pixelelated-GENERIC_X64.x86_64/toolchain/bin/x86_64-rocknix-linux-gnu-gcc -I. -I../../lib -I/workspace/repos/rocknix.worktrees/m7-duckstation-deps01/build.pixelelated-GENERIC_X64.x86_64/build/libcom-err-1.47.4/lib  -march=x86-64-v3 -mtune=generic -Wall -pipe  -O2 -fomit-frame-pointer -DNDEBUG -pthread  -DHAVE_CONFIG_H  -fPIC -shared -o elfshared/punch.o -c /workspace/repos/rocknix.worktrees/m7-duckstation-deps01/build.pixelelated-GENERIC_X64.x86_64/build/libcom-err-1.47.4/lib/ext2fs/punch.c
/workspace/repos/rocknix.worktrees/m7-duckstation-deps01/build.pixelelated-GENERIC_X64.x86_64/toolchain/bin/x86_64-rocknix-linux-gnu-gcc -I. -I../../lib -I/workspace/repos/rocknix.worktrees/m7-duckstation-deps01/build.pixelelated-GENERIC_X64.x86_64/build/libcom-err-1.47.4/lib  -march=x86-64-v3 -mtune=generic -Wall -pipe  -O2 -fomit-frame-pointer -DNDEBUG -pthread  -DHAVE_CONFIG_H  -c /workspace/repos/rocknix.worktrees/m7-duckstation-deps01/build.pixelelated-GENERIC_X64.x86_64/build/libcom-err-1.47.4/lib/ext2fs/qcow2.c -o qcow2.o
/workspace/repos/rocknix.worktrees/m7-duckstation-deps01/build.pixelelated-GENERIC_X64.x86_64/toolchain/bin/x86_64-rocknix-linux-gnu-gcc -I. -I../../lib -I/workspace/repos/rocknix.worktrees/m7-duckstation-deps01/build.pixelelated-GENERIC_X64.x86_64/build/libcom-err-1.47.4/lib  -march=x86-64-v3 -mtune=generic -Wall -pipe  -O2 -fomit-frame-pointer -DNDEBUG -pthread  -DHAVE_CONFIG_H  -fPIC -shared -o elfshared/qcow2.o -c /workspace/repos/rocknix.worktrees/m7-duckstation-deps01/build.pixelelated-GENERIC_X64.x86_64/build/libcom-err-1.47.4/lib/ext2fs/qcow2.c
/workspace/repos/rocknix.worktrees/m7-duckstation-deps01/build.pixelelated-GENERIC_X64.x86_64/toolchain/bin/x86_64-rocknix-linux-gnu-gcc -I. -I../../lib -I/workspace/repos/rocknix.worktrees/m7-duckstation-deps01/build.pixelelated-GENERIC_X64.x86_64/build/libcom-err-1.47.4/lib  -march=x86-64-v3 -mtune=generic -Wall -pipe  -O2 -fomit-frame-pointer -DNDEBUG -pthread  -DHAVE_CONFIG_H  -c /workspace/repos/rocknix.worktrees/m7-duckstation-deps01/build.pixelelated-GENERIC_X64.x86_64/build/libcom-err-1.47.4/lib/ext2fs/read_bb.c -o read_bb.o
/workspace/repos/rocknix.worktrees/m7-duckstation-deps01/build.pixelelated-GENERIC_X64.x86_64/toolchain/bin/x86_64-rocknix-linux-gnu-gcc -I. -I../../lib -I/workspace/repos/rocknix.worktrees/m7-duckstation-deps01/build.pixelelated-GENERIC_X64.x86_64/build/libcom-err-1.47.4/lib  -march=x86-64-v3 -mtune=generic -Wall -pipe  -O2 -fomit-frame-pointer -DNDEBUG -pthread  -DHAVE_CONFIG_H  -fPIC -shared -o elfshared/read_bb.o -c /workspace/repos/rocknix.worktrees/m7-duckstation-deps01/build.pixelelated-GENERIC_X64.x86_64/build/libcom-err-1.47.4/lib/ext2fs/read_bb.c
/workspace/repos/rocknix.worktrees/m7-duckstation-deps01/build.pixelelated-GENERIC_X64.x86_64/toolchain/bin/x86_64-rocknix-linux-gnu-gcc -I. -I../../lib -I/workspace/repos/rocknix.worktrees/m7-duckstation-deps01/build.pixelelated-GENERIC_X64.x86_64/build/libcom-err-1.47.4/lib  -march=x86-64-v3 -mtune=generic -Wall -pipe  -O2 -fomit-frame-pointer -DNDEBUG -pthread  -DHAVE_CONFIG_H  -c /workspace/repos/rocknix.worktrees/m7-duckstation-deps01/build.pixelelated-GENERIC_X64.x86_64/build/libcom-err-1.47.4/lib/ext2fs/read_bb_file.c -o read_bb_file.o
/workspace/repos/rocknix.worktrees/m7-duckstation-deps01/build.pixelelated-GENERIC_X64.x86_64/toolchain/bin/x86_64-rocknix-linux-gnu-gcc -I. -I../../lib -I/workspace/repos/rocknix.worktrees/m7-duckstation-deps01/build.pixelelated-GENERIC_X64.x86_64/build/libcom-err-1.47.4/lib  -march=x86-64-v3 -mtune=generic -Wall -pipe  -O2 -fomit-frame-pointer -DNDEBUG -pthread  -DHAVE_CONFIG_H  -fPIC -shared -o elfshared/read_bb_file.o -c /workspace/repos/rocknix.worktrees/m7-duckstation-deps01/build.pixelelated-GENERIC_X64.x86_64/build/libcom-err-1.47.4/lib/ext2fs/read_bb_file.c
/workspace/repos/rocknix.worktrees/m7-duckstation-deps01/build.pixelelated-GENERIC_X64.x86_64/toolchain/bin/x86_64-rocknix-linux-gnu-gcc -I. -I../../lib -I/workspace/repos/rocknix.worktrees/m7-duckstation-deps01/build.pixelelated-GENERIC_X64.x86_64/build/libcom-err-1.47.4/lib  -march=x86-64-v3 -mtune=generic -Wall -pipe  -O2 -fomit-frame-pointer -DNDEBUG -pthread  -DHAVE_CONFIG_H  -c /workspace/repos/rocknix.worktrees/m7-duckstation-deps01/build.pixelelated-GENERIC_X64.x86_64/build/libcom-err-1.47.4/lib/ext2fs/res_gdt.c -o res_gdt.o
/workspace/repos/rocknix.worktrees/m7-duckstation-deps01/build.pixelelated-GENERIC_X64.x86_64/toolchain/bin/x86_64-rocknix-linux-gnu-gcc -I. -I../../lib -I/workspace/repos/rocknix.worktrees/m7-duckstation-deps01/build.pixelelated-GENERIC_X64.x86_64/build/libcom-err-1.47.4/lib  -march=x86-64-v3 -mtune=generic -Wall -pipe  -O2 -fomit-frame-pointer -DNDEBUG -pthread  -DHAVE_CONFIG_H  -fPIC -shared -o elfshared/res_gdt.o -c /workspace/repos/rocknix.worktrees/m7-duckstation-deps01/build.pixelelated-GENERIC_X64.x86_64/build/libcom-err-1.47.4/lib/ext2fs/res_gdt.c
/workspace/repos/rocknix.worktrees/m7-duckstation-deps01/build.pixelelated-GENERIC_X64.x86_64/toolchain/bin/x86_64-rocknix-linux-gnu-gcc -I. -I../../lib -I/workspace/repos/rocknix.worktrees/m7-duckstation-deps01/build.pixelelated-GENERIC_X64.x86_64/build/libcom-err-1.47.4/lib  -march=x86-64-v3 -mtune=generic -Wall -pipe  -O2 -fomit-frame-pointer -DNDEBUG -pthread  -DHAVE_CONFIG_H  -c /workspace/repos/rocknix.worktrees/m7-duckstation-deps01/build.pixelelated-GENERIC_X64.x86_64/build/libcom-err-1.47.4/lib/ext2fs/rw_bitmaps.c -o rw_bitmaps.o
/workspace/repos/rocknix.worktrees/m7-duckstation-deps01/build.pixelelated-GENERIC_X64.x86_64/toolchain/bin/x86_64-rocknix-linux-gnu-gcc -I. -I../../lib -I/workspace/repos/rocknix.worktrees/m7-duckstation-deps01/build.pixelelated-GENERIC_X64.x86_64/build/libcom-err-1.47.4/lib  -march=x86-64-v3 -mtune=generic -Wall -pipe  -O2 -fomit-frame-pointer -DNDEBUG -pthread  -DHAVE_CONFIG_H  -fPIC -shared -o elfshared/rw_bitmaps.o -c /workspace/repos/rocknix.worktrees/m7-duckstation-deps01/build.pixelelated-GENERIC_X64.x86_64/build/libcom-err-1.47.4/lib/ext2fs/rw_bitmaps.c
/workspace/repos/rocknix.worktrees/m7-duckstation-deps01/build.pixelelated-GENERIC_X64.x86_64/toolchain/bin/x86_64-rocknix-linux-gnu-gcc -I. -I../../lib -I/workspace/repos/rocknix.worktrees/m7-duckstation-deps01/build.pixelelated-GENERIC_X64.x86_64/build/libcom-err-1.47.4/lib  -march=x86-64-v3 -mtune=generic -Wall -pipe  -O2 -fomit-frame-pointer -DNDEBUG -pthread  -DHAVE_CONFIG_H  -c /workspace/repos/rocknix.worktrees/m7-duckstation-deps01/build.pixelelated-GENERIC_X64.x86_64/build/libcom-err-1.47.4/lib/ext2fs/sha512.c -o sha512.o
/workspace/repos/rocknix.worktrees/m7-duckstation-deps01/build.pixelelated-GENERIC_X64.x86_64/toolchain/bin/x86_64-rocknix-linux-gnu-gcc -I. -I../../lib -I/workspace/repos/rocknix.worktrees/m7-duckstation-deps01/build.pixelelated-GENERIC_X64.x86_64/build/libcom-err-1.47.4/lib  -march=x86-64-v3 -mtune=generic -Wall -pipe  -O2 -fomit-frame-pointer -DNDEBUG -pthread  -DHAVE_CONFIG_H  -fPIC -shared -o elfshared/sha512.o -c /workspace/repos/rocknix.worktrees/m7-duckstation-deps01/build.pixelelated-GENERIC_X64.x86_64/build/libcom-err-1.47.4/lib/ext2fs/sha512.c
/workspace/repos/rocknix.worktrees/m7-duckstation-deps01/build.pixelelated-GENERIC_X64.x86_64/toolchain/bin/x86_64-rocknix-linux-gnu-gcc -I. -I../../lib -I/workspace/repos/rocknix.worktrees/m7-duckstation-deps01/build.pixelelated-GENERIC_X64.x86_64/build/libcom-err-1.47.4/lib  -march=x86-64-v3 -mtune=generic -Wall -pipe  -O2 -fomit-frame-pointer -DNDEBUG -pthread  -DHAVE_CONFIG_H  -c /workspace/repos/rocknix.worktrees/m7-duckstation-deps01/build.pixelelated-GENERIC_X64.x86_64/build/libcom-err-1.47.4/lib/ext2fs/swapfs.c -o swapfs.o
/workspace/repos/rocknix.worktrees/m7-duckstation-deps01/build.pixelelated-GENERIC_X64.x86_64/toolchain/bin/x86_64-rocknix-linux-gnu-gcc -I. -I../../lib -I/workspace/repos/rocknix.worktrees/m7-duckstation-deps01/build.pixelelated-GENERIC_X64.x86_64/build/libcom-err-1.47.4/lib  -march=x86-64-v3 -mtune=generic -Wall -pipe  -O2 -fomit-frame-pointer -DNDEBUG -pthread  -DHAVE_CONFIG_H  -fPIC -shared -o elfshared/swapfs.o -c /workspace/repos/rocknix.worktrees/m7-duckstation-deps01/build.pixelelated-GENERIC_X64.x86_64/build/libcom-err-1.47.4/lib/ext2fs/swapfs.c
/workspace/repos/rocknix.worktrees/m7-duckstation-deps01/build.pixelelated-GENERIC_X64.x86_64/toolchain/bin/x86_64-rocknix-linux-gnu-gcc -I. -I../../lib -I/workspace/repos/rocknix.worktrees/m7-duckstation-deps01/build.pixelelated-GENERIC_X64.x86_64/build/libcom-err-1.47.4/lib  -march=x86-64-v3 -mtune=generic -Wall -pipe  -O2 -fomit-frame-pointer -DNDEBUG -pthread  -DHAVE_CONFIG_H  -c /workspace/repos/rocknix.worktrees/m7-duckstation-deps01/build.pixelelated-GENERIC_X64.x86_64/build/libcom-err-1.47.4/lib/ext2fs/symlink.c -o symlink.o
/workspace/repos/rocknix.worktrees/m7-duckstation-deps01/build.pixelelated-GENERIC_X64.x86_64/toolchain/bin/x86_64-rocknix-linux-gnu-gcc -I. -I../../lib -I/workspace/repos/rocknix.worktrees/m7-duckstation-deps01/build.pixelelated-GENERIC_X64.x86_64/build/libcom-err-1.47.4/lib  -march=x86-64-v3 -mtune=generic -Wall -pipe  -O2 -fomit-frame-pointer -DNDEBUG -pthread  -DHAVE_CONFIG_H  -fPIC -shared -o elfshared/symlink.o -c /workspace/repos/rocknix.worktrees/m7-duckstation-deps01/build.pixelelated-GENERIC_X64.x86_64/build/libcom-err-1.47.4/lib/ext2fs/symlink.c
/workspace/repos/rocknix.worktrees/m7-duckstation-deps01/build.pixelelated-GENERIC_X64.x86_64/toolchain/bin/x86_64-rocknix-linux-gnu-gcc -I. -I../../lib -I/workspace/repos/rocknix.worktrees/m7-duckstation-deps01/build.pixelelated-GENERIC_X64.x86_64/build/libcom-err-1.47.4/lib  -march=x86-64-v3 -mtune=generic -Wall -pipe  -O2 -fomit-frame-pointer -DNDEBUG -pthread  -DHAVE_CONFIG_H  -c /workspace/repos/rocknix.worktrees/m7-duckstation-deps01/build.pixelelated-GENERIC_X64.x86_64/build/libcom-err-1.47.4/lib/ext2fs/tdb.c -o tdb.o
/workspace/repos/rocknix.worktrees/m7-duckstation-deps01/build.pixelelated-GENERIC_X64.x86_64/toolchain/bin/x86_64-rocknix-linux-gnu-gcc -I. -I../../lib -I/workspace/repos/rocknix.worktrees/m7-duckstation-deps01/build.pixelelated-GENERIC_X64.x86_64/build/libcom-err-1.47.4/lib  -march=x86-64-v3 -mtune=generic -Wall -pipe  -O2 -fomit-frame-pointer -DNDEBUG -pthread  -DHAVE_CONFIG_H  -fPIC -shared -o elfshared/tdb.o -c /workspace/repos/rocknix.worktrees/m7-duckstation-deps01/build.pixelelated-GENERIC_X64.x86_64/build/libcom-err-1.47.4/lib/ext2fs/tdb.c
/workspace/repos/rocknix.worktrees/m7-duckstation-deps01/build.pixelelated-GENERIC_X64.x86_64/toolchain/bin/x86_64-rocknix-linux-gnu-gcc -I. -I../../lib -I/workspace/repos/rocknix.worktrees/m7-duckstation-deps01/build.pixelelated-GENERIC_X64.x86_64/build/libcom-err-1.47.4/lib  -march=x86-64-v3 -mtune=generic -Wall -pipe  -O2 -fomit-frame-pointer -DNDEBUG -pthread  -DHAVE_CONFIG_H  -c /workspace/repos/rocknix.worktrees/m7-duckstation-deps01/build.pixelelated-GENERIC_X64.x86_64/build/libcom-err-1.47.4/lib/ext2fs/undo_io.c -o undo_io.o
/workspace/repos/rocknix.worktrees/m7-duckstation-deps01/build.pixelelated-GENERIC_X64.x86_64/toolchain/bin/x86_64-rocknix-linux-gnu-gcc -I. -I../../lib -I/workspace/repos/rocknix.worktrees/m7-duckstation-deps01/build.pixelelated-GENERIC_X64.x86_64/build/libcom-err-1.47.4/lib  -march=x86-64-v3 -mtune=generic -Wall -pipe  -O2 -fomit-frame-pointer -DNDEBUG -pthread  -DHAVE_CONFIG_H  -fPIC -shared -o elfshared/undo_io.o -c /workspace/repos/rocknix.worktrees/m7-duckstation-deps01/build.pixelelated-GENERIC_X64.x86_64/build/libcom-err-1.47.4/lib/ext2fs/undo_io.c
/workspace/repos/rocknix.worktrees/m7-duckstation-deps01/build.pixelelated-GENERIC_X64.x86_64/toolchain/bin/x86_64-rocknix-linux-gnu-gcc -I. -I../../lib -I/workspace/repos/rocknix.worktrees/m7-duckstation-deps01/build.pixelelated-GENERIC_X64.x86_64/build/libcom-err-1.47.4/lib  -march=x86-64-v3 -mtune=generic -Wall -pipe  -O2 -fomit-frame-pointer -DNDEBUG -pthread  -DHAVE_CONFIG_H  -c /workspace/repos/rocknix.worktrees/m7-duckstation-deps01/build.pixelelated-GENERIC_X64.x86_64/build/libcom-err-1.47.4/lib/ext2fs/unix_io.c -o unix_io.o
/workspace/repos/rocknix.worktrees/m7-duckstation-deps01/build.pixelelated-GENERIC_X64.x86_64/toolchain/bin/x86_64-rocknix-linux-gnu-gcc -I. -I../../lib -I/workspace/repos/rocknix.worktrees/m7-duckstation-deps01/build.pixelelated-GENERIC_X64.x86_64/build/libcom-err-1.47.4/lib  -march=x86-64-v3 -mtune=generic -Wall -pipe  -O2 -fomit-frame-pointer -DNDEBUG -pthread  -DHAVE_CONFIG_H  -fPIC -shared -o elfshared/unix_io.o -c /workspace/repos/rocknix.worktrees/m7-duckstation-deps01/build.pixelelated-GENERIC_X64.x86_64/build/libcom-err-1.47.4/lib/ext2fs/unix_io.c
/workspace/repos/rocknix.worktrees/m7-duckstation-deps01/build.pixelelated-GENERIC_X64.x86_64/toolchain/bin/x86_64-rocknix-linux-gnu-gcc -I. -I../../lib -I/workspace/repos/rocknix.worktrees/m7-duckstation-deps01/build.pixelelated-GENERIC_X64.x86_64/build/libcom-err-1.47.4/lib  -march=x86-64-v3 -mtune=generic -Wall -pipe  -O2 -fomit-frame-pointer -DNDEBUG -pthread  -DHAVE_CONFIG_H  -c /workspace/repos/rocknix.worktrees/m7-duckstation-deps01/build.pixelelated-GENERIC_X64.x86_64/build/libcom-err-1.47.4/lib/ext2fs/sparse_io.c -o sparse_io.o
/workspace/repos/rocknix.worktrees/m7-duckstation-deps01/build.pixelelated-GENERIC_X64.x86_64/toolchain/bin/x86_64-rocknix-linux-gnu-gcc -I. -I../../lib -I/workspace/repos/rocknix.worktrees/m7-duckstation-deps01/build.pixelelated-GENERIC_X64.x86_64/build/libcom-err-1.47.4/lib  -march=x86-64-v3 -mtune=generic -Wall -pipe  -O2 -fomit-frame-pointer -DNDEBUG -pthread  -DHAVE_CONFIG_H  -fPIC -shared -o elfshared/sparse_io.o -c /workspace/repos/rocknix.worktrees/m7-duckstation-deps01/build.pixelelated-GENERIC_X64.x86_64/build/libcom-err-1.47.4/lib/ext2fs/sparse_io.c
/workspace/repos/rocknix.worktrees/m7-duckstation-deps01/build.pixelelated-GENERIC_X64.x86_64/toolchain/bin/x86_64-rocknix-linux-gnu-gcc -I. -I../../lib -I/workspace/repos/rocknix.worktrees/m7-duckstation-deps01/build.pixelelated-GENERIC_X64.x86_64/build/libcom-err-1.47.4/lib  -march=x86-64-v3 -mtune=generic -Wall -pipe  -O2 -fomit-frame-pointer -DNDEBUG -pthread  -DHAVE_CONFIG_H  -c /workspace/repos/rocknix.worktrees/m7-duckstation-deps01/build.pixelelated-GENERIC_X64.x86_64/build/libcom-err-1.47.4/lib/ext2fs/unlink.c -o unlink.o
/workspace/repos/rocknix.worktrees/m7-duckstation-deps01/build.pixelelated-GENERIC_X64.x86_64/toolchain/bin/x86_64-rocknix-linux-gnu-gcc -I. -I../../lib -I/workspace/repos/rocknix.worktrees/m7-duckstation-deps01/build.pixelelated-GENERIC_X64.x86_64/build/libcom-err-1.47.4/lib  -march=x86-64-v3 -mtune=generic -Wall -pipe  -O2 -fomit-frame-pointer -DNDEBUG -pthread  -DHAVE_CONFIG_H  -fPIC -shared -o elfshared/unlink.o -c /workspace/repos/rocknix.worktrees/m7-duckstation-deps01/build.pixelelated-GENERIC_X64.x86_64/build/libcom-err-1.47.4/lib/ext2fs/unlink.c
/workspace/repos/rocknix.worktrees/m7-duckstation-deps01/build.pixelelated-GENERIC_X64.x86_64/toolchain/bin/x86_64-rocknix-linux-gnu-gcc -I. -I../../lib -I/workspace/repos/rocknix.worktrees/m7-duckstation-deps01/build.pixelelated-GENERIC_X64.x86_64/build/libcom-err-1.47.4/lib  -march=x86-64-v3 -mtune=generic -Wall -pipe  -O2 -fomit-frame-pointer -DNDEBUG -pthread  -DHAVE_CONFIG_H  -c /workspace/repos/rocknix.worktrees/m7-duckstation-deps01/build.pixelelated-GENERIC_X64.x86_64/build/libcom-err-1.47.4/lib/ext2fs/valid_blk.c -o valid_blk.o
/workspace/repos/rocknix.worktrees/m7-duckstation-deps01/build.pixelelated-GENERIC_X64.x86_64/toolchain/bin/x86_64-rocknix-linux-gnu-gcc -I. -I../../lib -I/workspace/repos/rocknix.worktrees/m7-duckstation-deps01/build.pixelelated-GENERIC_X64.x86_64/build/libcom-err-1.47.4/lib  -march=x86-64-v3 -mtune=generic -Wall -pipe  -O2 -fomit-frame-pointer -DNDEBUG -pthread  -DHAVE_CONFIG_H  -fPIC -shared -o elfshared/valid_blk.o -c /workspace/repos/rocknix.worktrees/m7-duckstation-deps01/build.pixelelated-GENERIC_X64.x86_64/build/libcom-err-1.47.4/lib/ext2fs/valid_blk.c
/workspace/repos/rocknix.worktrees/m7-duckstation-deps01/build.pixelelated-GENERIC_X64.x86_64/toolchain/bin/x86_64-rocknix-linux-gnu-gcc -I. -I../../lib -I/workspace/repos/rocknix.worktrees/m7-duckstation-deps01/build.pixelelated-GENERIC_X64.x86_64/build/libcom-err-1.47.4/lib  -march=x86-64-v3 -mtune=generic -Wall -pipe  -O2 -fomit-frame-pointer -DNDEBUG -pthread  -DHAVE_CONFIG_H  -c /workspace/repos/rocknix.worktrees/m7-duckstation-deps01/build.pixelelated-GENERIC_X64.x86_64/build/libcom-err-1.47.4/lib/ext2fs/version.c -o version.o
/workspace/repos/rocknix.worktrees/m7-duckstation-deps01/build.pixelelated-GENERIC_X64.x86_64/toolchain/bin/x86_64-rocknix-linux-gnu-gcc -I. -I../../lib -I/workspace/repos/rocknix.worktrees/m7-duckstation-deps01/build.pixelelated-GENERIC_X64.x86_64/build/libcom-err-1.47.4/lib  -march=x86-64-v3 -mtune=generic -Wall -pipe  -O2 -fomit-frame-pointer -DNDEBUG -pthread  -DHAVE_CONFIG_H  -fPIC -shared -o elfshared/version.o -c /workspace/repos/rocknix.worktrees/m7-duckstation-deps01/build.pixelelated-GENERIC_X64.x86_64/build/libcom-err-1.47.4/lib/ext2fs/version.c
/workspace/repos/rocknix.worktrees/m7-duckstation-deps01/build.pixelelated-GENERIC_X64.x86_64/toolchain/bin/x86_64-rocknix-linux-gnu-gcc -I. -I../../lib -I/workspace/repos/rocknix.worktrees/m7-duckstation-deps01/build.pixelelated-GENERIC_X64.x86_64/build/libcom-err-1.47.4/lib  -march=x86-64-v3 -mtune=generic -Wall -pipe  -O2 -fomit-frame-pointer -DNDEBUG -pthread  -DHAVE_CONFIG_H  -c /workspace/repos/rocknix.worktrees/m7-duckstation-deps01/build.pixelelated-GENERIC_X64.x86_64/build/libcom-err-1.47.4/lib/ext2fs/rbtree.c -o rbtree.o
/workspace/repos/rocknix.worktrees/m7-duckstation-deps01/build.pixelelated-GENERIC_X64.x86_64/toolchain/bin/x86_64-rocknix-linux-gnu-gcc -I. -I../../lib -I/workspace/repos/rocknix.worktrees/m7-duckstation-deps01/build.pixelelated-GENERIC_X64.x86_64/build/libcom-err-1.47.4/lib  -march=x86-64-v3 -mtune=generic -Wall -pipe  -O2 -fomit-frame-pointer -DNDEBUG -pthread  -DHAVE_CONFIG_H  -fPIC -shared -o elfshared/rbtree.o -c /workspace/repos/rocknix.worktrees/m7-duckstation-deps01/build.pixelelated-GENERIC_X64.x86_64/build/libcom-err-1.47.4/lib/ext2fs/rbtree.c
(if test -r libext2fs.a; then /usr/bin/rm -f libext2fs.a.bak && /usr/bin/mv libext2fs.a libext2fs.a.bak; fi)
/workspace/repos/rocknix.worktrees/m7-duckstation-deps01/build.pixelelated-GENERIC_X64.x86_64/toolchain/bin/x86_64-rocknix-linux-gnu-ar rc libext2fs.a     ext2_err.o alloc.o alloc_sb.o alloc_stats.o alloc_tables.o atexit.o badblocks.o bb_inode.o bitmaps.o bitops.o blkmap64_ba.o blkmap64_rb.o blknum.o block.o bmap.o check_desc.o closefs.o crc16.o crc32c.o csum.o dblist.o dblist_dir.o dirblock.o dirhash.o dir_iterate.o expanddir.o ext_attr.o extent.o fallocate.o fileio.o finddev.o flushb.o freefs.o gen_bitmap.o gen_bitmap64.o get_num_dirs.o get_pathname.o getenv.o getsize.o getsectsize.o hashmap.o i_block.o icount.o ind_block.o initialize.o inline.o inline_data.o inode.o io_manager.o ismounted.o link.o llseek.o lookup.o mkdir.o mkjournal.o mmp.o namei.o native.o newdir.o nls_utf8.o openfs.o orphan.o progress.o punch.o qcow2.o read_bb.o read_bb_file.o res_gdt.o rw_bitmaps.o sha512.o swapfs.o symlink.o tdb.o undo_io.o unix_io.o sparse_io.o unlink.o valid_blk.o version.o rbtree.o
/usr/bin/rm -f ../libext2fs.a
(cd ..; /usr/bin/ln  \
	`echo lib/ext2fs | sed -e 's;lib/;;'`/libext2fs.a libext2fs.a)
(cd elfshared; /workspace/repos/rocknix.worktrees/m7-duckstation-deps01/build.pixelelated-GENERIC_X64.x86_64/toolchain/bin/x86_64-rocknix-linux-gnu-gcc -o libext2fs.so.2.4 \
	-L../../../lib  -pthread -march=x86-64-v3 -mtune=generic -Wl,--as-needed -fuse-ld=bfd -fPIC -shared \
	-Wl,-soname,libext2fs.so.2     ext2_err.o alloc.o alloc_sb.o alloc_stats.o alloc_tables.o atexit.o badblocks.o bb_inode.o bitmaps.o bitops.o blkmap64_ba.o blkmap64_rb.o blknum.o block.o bmap.o check_desc.o closefs.o crc16.o crc32c.o csum.o dblist.o dblist_dir.o dirblock.o dirhash.o dir_iterate.o expanddir.o ext_attr.o extent.o fallocate.o fileio.o finddev.o flushb.o freefs.o gen_bitmap.o gen_bitmap64.o get_num_dirs.o get_pathname.o getenv.o getsize.o getsectsize.o hashmap.o i_block.o icount.o ind_block.o initialize.o inline.o inline_data.o inode.o io_manager.o ismounted.o link.o llseek.o lookup.o mkdir.o mkjournal.o mmp.o namei.o native.o newdir.o nls_utf8.o openfs.o orphan.o progress.o punch.o qcow2.o read_bb.o read_bb_file.o res_gdt.o rw_bitmaps.o sha512.o swapfs.o symlink.o tdb.o undo_io.o unix_io.o sparse_io.o unlink.o valid_blk.o version.o rbtree.o -lcom_err)
/usr/bin/mv elfshared/libext2fs.so.2.4 .
/usr/bin/rm -f ../libext2fs.so.2.4 ../libext2fs.so ../libext2fs.so.2
(cd ..; /usr/bin/ln  \
	`echo lib/ext2fs | sed -e 's;lib/;;'`/libext2fs.so.2.4 libext2fs.so.2.4)
(cd ..; /usr/bin/ln  libext2fs.so.2.4 libext2fs.so)
(cd ..; /usr/bin/ln  libext2fs.so.2.4 libext2fs.so.2)
make[2]: Leaving directory '/workspace/repos/rocknix.worktrees/m7-duckstation-deps01/build.pixelelated-GENERIC_X64.x86_64/build/libcom-err-1.47.4/.x86_64-rocknix-linux-gnu/lib/ext2fs'
make[1]: Leaving directory '/workspace/repos/rocknix.worktrees/m7-duckstation-deps01/build.pixelelated-GENERIC_X64.x86_64/build/libcom-err-1.47.4/.x86_64-rocknix-linux-gnu'
make progs
make[1]: Entering directory '/workspace/repos/rocknix.worktrees/m7-duckstation-deps01/build.pixelelated-GENERIC_X64.x86_64/build/libcom-err-1.47.4/.x86_64-rocknix-linux-gnu'
make[2]: Entering directory '/workspace/repos/rocknix.worktrees/m7-duckstation-deps01/build.pixelelated-GENERIC_X64.x86_64/build/libcom-err-1.47.4/.x86_64-rocknix-linux-gnu'
make[2]: 'util/subst.conf' is up to date.
make[2]: Leaving directory '/workspace/repos/rocknix.worktrees/m7-duckstation-deps01/build.pixelelated-GENERIC_X64.x86_64/build/libcom-err-1.47.4/.x86_64-rocknix-linux-gnu'
make[2]: Entering directory '/workspace/repos/rocknix.worktrees/m7-duckstation-deps01/build.pixelelated-GENERIC_X64.x86_64/build/libcom-err-1.47.4/.x86_64-rocknix-linux-gnu'
make[2]: 'lib/config.h' is up to date.
make[2]: Leaving directory '/workspace/repos/rocknix.worktrees/m7-duckstation-deps01/build.pixelelated-GENERIC_X64.x86_64/build/libcom-err-1.47.4/.x86_64-rocknix-linux-gnu'
make[2]: Entering directory '/workspace/repos/rocknix.worktrees/m7-duckstation-deps01/build.pixelelated-GENERIC_X64.x86_64/build/libcom-err-1.47.4/.x86_64-rocknix-linux-gnu'
make[2]: 'lib/dirpaths.h' is up to date.
make[2]: Leaving directory '/workspace/repos/rocknix.worktrees/m7-duckstation-deps01/build.pixelelated-GENERIC_X64.x86_64/build/libcom-err-1.47.4/.x86_64-rocknix-linux-gnu'
make[2]: Entering directory '/workspace/repos/rocknix.worktrees/m7-duckstation-deps01/build.pixelelated-GENERIC_X64.x86_64/build/libcom-err-1.47.4/.x86_64-rocknix-linux-gnu'
make[2]: 'lib/ext2fs/ext2_types.h' is up to date.
make[2]: Leaving directory '/workspace/repos/rocknix.worktrees/m7-duckstation-deps01/build.pixelelated-GENERIC_X64.x86_64/build/libcom-err-1.47.4/.x86_64-rocknix-linux-gnu'
make[2]: Entering directory '/workspace/repos/rocknix.worktrees/m7-duckstation-deps01/build.pixelelated-GENERIC_X64.x86_64/build/libcom-err-1.47.4/.x86_64-rocknix-linux-gnu'
make[2]: 'lib/blkid/blkid_types.h' is up to date.
make[2]: Leaving directory '/workspace/repos/rocknix.worktrees/m7-duckstation-deps01/build.pixelelated-GENERIC_X64.x86_64/build/libcom-err-1.47.4/.x86_64-rocknix-linux-gnu'
make[2]: Entering directory '/workspace/repos/rocknix.worktrees/m7-duckstation-deps01/build.pixelelated-GENERIC_X64.x86_64/build/libcom-err-1.47.4/.x86_64-rocknix-linux-gnu'
make[2]: 'lib/uuid/uuid_types.h' is up to date.
make[2]: Leaving directory '/workspace/repos/rocknix.worktrees/m7-duckstation-deps01/build.pixelelated-GENERIC_X64.x86_64/build/libcom-err-1.47.4/.x86_64-rocknix-linux-gnu'
make[2]: Entering directory '/workspace/repos/rocknix.worktrees/m7-duckstation-deps01/build.pixelelated-GENERIC_X64.x86_64/build/libcom-err-1.47.4/.x86_64-rocknix-linux-gnu/lib/et'
make[2]: 'compile_et' is up to date.
make[2]: Leaving directory '/workspace/repos/rocknix.worktrees/m7-duckstation-deps01/build.pixelelated-GENERIC_X64.x86_64/build/libcom-err-1.47.4/.x86_64-rocknix-linux-gnu/lib/et'
make[2]: Entering directory '/workspace/repos/rocknix.worktrees/m7-duckstation-deps01/build.pixelelated-GENERIC_X64.x86_64/build/libcom-err-1.47.4/.x86_64-rocknix-linux-gnu/lib/ext2fs'
make[2]: 'ext2_err.h' is up to date.
make[2]: Leaving directory '/workspace/repos/rocknix.worktrees/m7-duckstation-deps01/build.pixelelated-GENERIC_X64.x86_64/build/libcom-err-1.47.4/.x86_64-rocknix-linux-gnu/lib/ext2fs'
make[2]: Entering directory '/workspace/repos/rocknix.worktrees/m7-duckstation-deps01/build.pixelelated-GENERIC_X64.x86_64/build/libcom-err-1.47.4/.x86_64-rocknix-linux-gnu/lib/support'
make[2]: 'prof_err.h' is up to date.
make[2]: Leaving directory '/workspace/repos/rocknix.worktrees/m7-duckstation-deps01/build.pixelelated-GENERIC_X64.x86_64/build/libcom-err-1.47.4/.x86_64-rocknix-linux-gnu/lib/support'
making all in lib/et
make[2]: Entering directory '/workspace/repos/rocknix.worktrees/m7-duckstation-deps01/build.pixelelated-GENERIC_X64.x86_64/build/libcom-err-1.47.4/.x86_64-rocknix-linux-gnu/lib/et'
make[2]: Nothing to be done for 'all'.
make[2]: Leaving directory '/workspace/repos/rocknix.worktrees/m7-duckstation-deps01/build.pixelelated-GENERIC_X64.x86_64/build/libcom-err-1.47.4/.x86_64-rocknix-linux-gnu/lib/et'
making all in lib/ss
make[2]: Entering directory '/workspace/repos/rocknix.worktrees/m7-duckstation-deps01/build.pixelelated-GENERIC_X64.x86_64/build/libcom-err-1.47.4/.x86_64-rocknix-linux-gnu/lib/ss'
make[2]: Nothing to be done for 'all'.
make[2]: Leaving directory '/workspace/repos/rocknix.worktrees/m7-duckstation-deps01/build.pixelelated-GENERIC_X64.x86_64/build/libcom-err-1.47.4/.x86_64-rocknix-linux-gnu/lib/ss'
making all in lib/e2p
make[2]: Entering directory '/workspace/repos/rocknix.worktrees/m7-duckstation-deps01/build.pixelelated-GENERIC_X64.x86_64/build/libcom-err-1.47.4/.x86_64-rocknix-linux-gnu/lib/e2p'
make[2]: Nothing to be done for 'all'.
make[2]: Leaving directory '/workspace/repos/rocknix.worktrees/m7-duckstation-deps01/build.pixelelated-GENERIC_X64.x86_64/build/libcom-err-1.47.4/.x86_64-rocknix-linux-gnu/lib/e2p'
making all in lib/uuid
make[2]: Entering directory '/workspace/repos/rocknix.worktrees/m7-duckstation-deps01/build.pixelelated-GENERIC_X64.x86_64/build/libcom-err-1.47.4/.x86_64-rocknix-linux-gnu/lib/uuid'
make[2]: Nothing to be done for 'all'.
make[2]: Leaving directory '/workspace/repos/rocknix.worktrees/m7-duckstation-deps01/build.pixelelated-GENERIC_X64.x86_64/build/libcom-err-1.47.4/.x86_64-rocknix-linux-gnu/lib/uuid'
making all in lib/blkid
make[2]: Entering directory '/workspace/repos/rocknix.worktrees/m7-duckstation-deps01/build.pixelelated-GENERIC_X64.x86_64/build/libcom-err-1.47.4/.x86_64-rocknix-linux-gnu/lib/blkid'
make[2]: Nothing to be done for 'all'.
make[2]: Leaving directory '/workspace/repos/rocknix.worktrees/m7-duckstation-deps01/build.pixelelated-GENERIC_X64.x86_64/build/libcom-err-1.47.4/.x86_64-rocknix-linux-gnu/lib/blkid'
making all in lib/support
make[2]: Entering directory '/workspace/repos/rocknix.worktrees/m7-duckstation-deps01/build.pixelelated-GENERIC_X64.x86_64/build/libcom-err-1.47.4/.x86_64-rocknix-linux-gnu/lib/support'
make[2]: Nothing to be done for 'all'.
make[2]: Leaving directory '/workspace/repos/rocknix.worktrees/m7-duckstation-deps01/build.pixelelated-GENERIC_X64.x86_64/build/libcom-err-1.47.4/.x86_64-rocknix-linux-gnu/lib/support'
making all in lib/ext2fs
make[2]: Entering directory '/workspace/repos/rocknix.worktrees/m7-duckstation-deps01/build.pixelelated-GENERIC_X64.x86_64/build/libcom-err-1.47.4/.x86_64-rocknix-linux-gnu/lib/ext2fs'
make[2]: Nothing to be done for 'all'.
make[2]: Leaving directory '/workspace/repos/rocknix.worktrees/m7-duckstation-deps01/build.pixelelated-GENERIC_X64.x86_64/build/libcom-err-1.47.4/.x86_64-rocknix-linux-gnu/lib/ext2fs'
making all in e2fsck
make[2]: Entering directory '/workspace/repos/rocknix.worktrees/m7-duckstation-deps01/build.pixelelated-GENERIC_X64.x86_64/build/libcom-err-1.47.4/.x86_64-rocknix-linux-gnu/e2fsck'
/workspace/repos/rocknix.worktrees/m7-duckstation-deps01/build.pixelelated-GENERIC_X64.x86_64/toolchain/bin/x86_64-rocknix-linux-gnu-gcc -c -I. -I../lib -I/workspace/repos/rocknix.worktrees/m7-duckstation-deps01/build.pixelelated-GENERIC_X64.x86_64/build/libcom-err-1.47.4/lib  -I/workspace/repos/rocknix.worktrees/m7-duckstation-deps01/build.pixelelated-GENERIC_X64.x86_64/toolchain/x86_64-rocknix-linux-gnu/sysroot/usr/include -march=x86-64-v3 -mtune=generic -Wall -pipe  -O2 -fomit-frame-pointer -DNDEBUG -pthread  -DHAVE_CONFIG_H  /workspace/repos/rocknix.worktrees/m7-duckstation-deps01/build.pixelelated-GENERIC_X64.x86_64/build/libcom-err-1.47.4/e2fsck/unix.c -o unix.o
/workspace/repos/rocknix.worktrees/m7-duckstation-deps01/build.pixelelated-GENERIC_X64.x86_64/toolchain/bin/x86_64-rocknix-linux-gnu-gcc -c -I. -I../lib -I/workspace/repos/rocknix.worktrees/m7-duckstation-deps01/build.pixelelated-GENERIC_X64.x86_64/build/libcom-err-1.47.4/lib  -I/workspace/repos/rocknix.worktrees/m7-duckstation-deps01/build.pixelelated-GENERIC_X64.x86_64/toolchain/x86_64-rocknix-linux-gnu/sysroot/usr/include -march=x86-64-v3 -mtune=generic -Wall -pipe  -O2 -fomit-frame-pointer -DNDEBUG -pthread  -DHAVE_CONFIG_H  /workspace/repos/rocknix.worktrees/m7-duckstation-deps01/build.pixelelated-GENERIC_X64.x86_64/build/libcom-err-1.47.4/e2fsck/e2fsck.c -o e2fsck.o
/workspace/repos/rocknix.worktrees/m7-duckstation-deps01/build.pixelelated-GENERIC_X64.x86_64/toolchain/bin/x86_64-rocknix-linux-gnu-gcc -c -I. -I../lib -I/workspace/repos/rocknix.worktrees/m7-duckstation-deps01/build.pixelelated-GENERIC_X64.x86_64/build/libcom-err-1.47.4/lib  -I/workspace/repos/rocknix.worktrees/m7-duckstation-deps01/build.pixelelated-GENERIC_X64.x86_64/toolchain/x86_64-rocknix-linux-gnu/sysroot/usr/include -march=x86-64-v3 -mtune=generic -Wall -pipe  -O2 -fomit-frame-pointer -DNDEBUG -pthread  -DHAVE_CONFIG_H  /workspace/repos/rocknix.worktrees/m7-duckstation-deps01/build.pixelelated-GENERIC_X64.x86_64/build/libcom-err-1.47.4/e2fsck/super.c -o super.o
/workspace/repos/rocknix.worktrees/m7-duckstation-deps01/build.pixelelated-GENERIC_X64.x86_64/toolchain/bin/x86_64-rocknix-linux-gnu-gcc -c -I. -I../lib -I/workspace/repos/rocknix.worktrees/m7-duckstation-deps01/build.pixelelated-GENERIC_X64.x86_64/build/libcom-err-1.47.4/lib  -I/workspace/repos/rocknix.worktrees/m7-duckstation-deps01/build.pixelelated-GENERIC_X64.x86_64/toolchain/x86_64-rocknix-linux-gnu/sysroot/usr/include -march=x86-64-v3 -mtune=generic -Wall -pipe  -O2 -fomit-frame-pointer -DNDEBUG -pthread  -DHAVE_CONFIG_H  /workspace/repos/rocknix.worktrees/m7-duckstation-deps01/build.pixelelated-GENERIC_X64.x86_64/build/libcom-err-1.47.4/e2fsck/pass1.c -o pass1.o
/workspace/repos/rocknix.worktrees/m7-duckstation-deps01/build.pixelelated-GENERIC_X64.x86_64/toolchain/bin/x86_64-rocknix-linux-gnu-gcc -c -I. -I../lib -I/workspace/repos/rocknix.worktrees/m7-duckstation-deps01/build.pixelelated-GENERIC_X64.x86_64/build/libcom-err-1.47.4/lib  -I/workspace/repos/rocknix.worktrees/m7-duckstation-deps01/build.pixelelated-GENERIC_X64.x86_64/toolchain/x86_64-rocknix-linux-gnu/sysroot/usr/include -march=x86-64-v3 -mtune=generic -Wall -pipe  -O2 -fomit-frame-pointer -DNDEBUG -pthread  -DHAVE_CONFIG_H  /workspace/repos/rocknix.worktrees/m7-duckstation-deps01/build.pixelelated-GENERIC_X64.x86_64/build/libcom-err-1.47.4/e2fsck/pass1b.c -o pass1b.o
/workspace/repos/rocknix.worktrees/m7-duckstation-deps01/build.pixelelated-GENERIC_X64.x86_64/toolchain/bin/x86_64-rocknix-linux-gnu-gcc -c -I. -I../lib -I/workspace/repos/rocknix.worktrees/m7-duckstation-deps01/build.pixelelated-GENERIC_X64.x86_64/build/libcom-err-1.47.4/lib  -I/workspace/repos/rocknix.worktrees/m7-duckstation-deps01/build.pixelelated-GENERIC_X64.x86_64/toolchain/x86_64-rocknix-linux-gnu/sysroot/usr/include -march=x86-64-v3 -mtune=generic -Wall -pipe  -O2 -fomit-frame-pointer -DNDEBUG -pthread  -DHAVE_CONFIG_H  /workspace/repos/rocknix.worktrees/m7-duckstation-deps01/build.pixelelated-GENERIC_X64.x86_64/build/libcom-err-1.47.4/e2fsck/pass2.c -o pass2.o
/workspace/repos/rocknix.worktrees/m7-duckstation-deps01/build.pixelelated-GENERIC_X64.x86_64/toolchain/bin/x86_64-rocknix-linux-gnu-gcc -c -I. -I../lib -I/workspace/repos/rocknix.worktrees/m7-duckstation-deps01/build.pixelelated-GENERIC_X64.x86_64/build/libcom-err-1.47.4/lib  -I/workspace/repos/rocknix.worktrees/m7-duckstation-deps01/build.pixelelated-GENERIC_X64.x86_64/toolchain/x86_64-rocknix-linux-gnu/sysroot/usr/include -march=x86-64-v3 -mtune=generic -Wall -pipe  -O2 -fomit-frame-pointer -DNDEBUG -pthread  -DHAVE_CONFIG_H  /workspace/repos/rocknix.worktrees/m7-duckstation-deps01/build.pixelelated-GENERIC_X64.x86_64/build/libcom-err-1.47.4/e2fsck/pass3.c -o pass3.o
/workspace/repos/rocknix.worktrees/m7-duckstation-deps01/build.pixelelated-GENERIC_X64.x86_64/toolchain/bin/x86_64-rocknix-linux-gnu-gcc -c -I. -I../lib -I/workspace/repos/rocknix.worktrees/m7-duckstation-deps01/build.pixelelated-GENERIC_X64.x86_64/build/libcom-err-1.47.4/lib  -I/workspace/repos/rocknix.worktrees/m7-duckstation-deps01/build.pixelelated-GENERIC_X64.x86_64/toolchain/x86_64-rocknix-linux-gnu/sysroot/usr/include -march=x86-64-v3 -mtune=generic -Wall -pipe  -O2 -fomit-frame-pointer -DNDEBUG -pthread  -DHAVE_CONFIG_H  /workspace/repos/rocknix.worktrees/m7-duckstation-deps01/build.pixelelated-GENERIC_X64.x86_64/build/libcom-err-1.47.4/e2fsck/pass4.c -o pass4.o
/workspace/repos/rocknix.worktrees/m7-duckstation-deps01/build.pixelelated-GENERIC_X64.x86_64/toolchain/bin/x86_64-rocknix-linux-gnu-gcc -c -I. -I../lib -I/workspace/repos/rocknix.worktrees/m7-duckstation-deps01/build.pixelelated-GENERIC_X64.x86_64/build/libcom-err-1.47.4/lib  -I/workspace/repos/rocknix.worktrees/m7-duckstation-deps01/build.pixelelated-GENERIC_X64.x86_64/toolchain/x86_64-rocknix-linux-gnu/sysroot/usr/include -march=x86-64-v3 -mtune=generic -Wall -pipe  -O2 -fomit-frame-pointer -DNDEBUG -pthread  -DHAVE_CONFIG_H  /workspace/repos/rocknix.worktrees/m7-duckstation-deps01/build.pixelelated-GENERIC_X64.x86_64/build/libcom-err-1.47.4/e2fsck/pass5.c -o pass5.o
/workspace/repos/rocknix.worktrees/m7-duckstation-deps01/build.pixelelated-GENERIC_X64.x86_64/toolchain/bin/x86_64-rocknix-linux-gnu-gcc -c -I. -I../lib -I/workspace/repos/rocknix.worktrees/m7-duckstation-deps01/build.pixelelated-GENERIC_X64.x86_64/build/libcom-err-1.47.4/lib  -I/workspace/repos/rocknix.worktrees/m7-duckstation-deps01/build.pixelelated-GENERIC_X64.x86_64/toolchain/x86_64-rocknix-linux-gnu/sysroot/usr/include -march=x86-64-v3 -mtune=generic -Wall -pipe  -O2 -fomit-frame-pointer -DNDEBUG -pthread  -DHAVE_CONFIG_H  /workspace/repos/rocknix.worktrees/m7-duckstation-deps01/build.pixelelated-GENERIC_X64.x86_64/build/libcom-err-1.47.4/e2fsck/journal.c -o journal.o
/workspace/repos/rocknix.worktrees/m7-duckstation-deps01/build.pixelelated-GENERIC_X64.x86_64/toolchain/bin/x86_64-rocknix-linux-gnu-gcc -c -I. -I../lib -I/workspace/repos/rocknix.worktrees/m7-duckstation-deps01/build.pixelelated-GENERIC_X64.x86_64/build/libcom-err-1.47.4/lib  -I/workspace/repos/rocknix.worktrees/m7-duckstation-deps01/build.pixelelated-GENERIC_X64.x86_64/toolchain/x86_64-rocknix-linux-gnu/sysroot/usr/include -march=x86-64-v3 -mtune=generic -Wall -pipe  -O2 -fomit-frame-pointer -DNDEBUG -pthread  -DHAVE_CONFIG_H  /workspace/repos/rocknix.worktrees/m7-duckstation-deps01/build.pixelelated-GENERIC_X64.x86_64/build/libcom-err-1.47.4/e2fsck/badblocks.c -o badblocks.o
/workspace/repos/rocknix.worktrees/m7-duckstation-deps01/build.pixelelated-GENERIC_X64.x86_64/toolchain/bin/x86_64-rocknix-linux-gnu-gcc -c -I. -I../lib -I/workspace/repos/rocknix.worktrees/m7-duckstation-deps01/build.pixelelated-GENERIC_X64.x86_64/build/libcom-err-1.47.4/lib  -I/workspace/repos/rocknix.worktrees/m7-duckstation-deps01/build.pixelelated-GENERIC_X64.x86_64/toolchain/x86_64-rocknix-linux-gnu/sysroot/usr/include -march=x86-64-v3 -mtune=generic -Wall -pipe  -O2 -fomit-frame-pointer -DNDEBUG -pthread  -DHAVE_CONFIG_H  /workspace/repos/rocknix.worktrees/m7-duckstation-deps01/build.pixelelated-GENERIC_X64.x86_64/build/libcom-err-1.47.4/e2fsck/util.c -o util.o
/workspace/repos/rocknix.worktrees/m7-duckstation-deps01/build.pixelelated-GENERIC_X64.x86_64/toolchain/bin/x86_64-rocknix-linux-gnu-gcc -c -I. -I../lib -I/workspace/repos/rocknix.worktrees/m7-duckstation-deps01/build.pixelelated-GENERIC_X64.x86_64/build/libcom-err-1.47.4/lib  -I/workspace/repos/rocknix.worktrees/m7-duckstation-deps01/build.pixelelated-GENERIC_X64.x86_64/toolchain/x86_64-rocknix-linux-gnu/sysroot/usr/include -march=x86-64-v3 -mtune=generic -Wall -pipe  -O2 -fomit-frame-pointer -DNDEBUG -pthread  -DHAVE_CONFIG_H  /workspace/repos/rocknix.worktrees/m7-duckstation-deps01/build.pixelelated-GENERIC_X64.x86_64/build/libcom-err-1.47.4/e2fsck/dirinfo.c -o dirinfo.o
/workspace/repos/rocknix.worktrees/m7-duckstation-deps01/build.pixelelated-GENERIC_X64.x86_64/toolchain/bin/x86_64-rocknix-linux-gnu-gcc -c -I. -I../lib -I/workspace/repos/rocknix.worktrees/m7-duckstation-deps01/build.pixelelated-GENERIC_X64.x86_64/build/libcom-err-1.47.4/lib  -I/workspace/repos/rocknix.worktrees/m7-duckstation-deps01/build.pixelelated-GENERIC_X64.x86_64/toolchain/x86_64-rocknix-linux-gnu/sysroot/usr/include -march=x86-64-v3 -mtune=generic -Wall -pipe  -O2 -fomit-frame-pointer -DNDEBUG -pthread  -DHAVE_CONFIG_H  /workspace/repos/rocknix.worktrees/m7-duckstation-deps01/build.pixelelated-GENERIC_X64.x86_64/build/libcom-err-1.47.4/e2fsck/dx_dirinfo.c -o dx_dirinfo.o
/workspace/repos/rocknix.worktrees/m7-duckstation-deps01/build.pixelelated-GENERIC_X64.x86_64/toolchain/bin/x86_64-rocknix-linux-gnu-gcc -c -I. -I../lib -I/workspace/repos/rocknix.worktrees/m7-duckstation-deps01/build.pixelelated-GENERIC_X64.x86_64/build/libcom-err-1.47.4/lib  -I/workspace/repos/rocknix.worktrees/m7-duckstation-deps01/build.pixelelated-GENERIC_X64.x86_64/toolchain/x86_64-rocknix-linux-gnu/sysroot/usr/include -march=x86-64-v3 -mtune=generic -Wall -pipe  -O2 -fomit-frame-pointer -DNDEBUG -pthread  -DHAVE_CONFIG_H  /workspace/repos/rocknix.worktrees/m7-duckstation-deps01/build.pixelelated-GENERIC_X64.x86_64/build/libcom-err-1.47.4/e2fsck/ehandler.c -o ehandler.o
/workspace/repos/rocknix.worktrees/m7-duckstation-deps01/build.pixelelated-GENERIC_X64.x86_64/toolchain/bin/x86_64-rocknix-linux-gnu-gcc -c -I. -I../lib -I/workspace/repos/rocknix.worktrees/m7-duckstation-deps01/build.pixelelated-GENERIC_X64.x86_64/build/libcom-err-1.47.4/lib  -I/workspace/repos/rocknix.worktrees/m7-duckstation-deps01/build.pixelelated-GENERIC_X64.x86_64/toolchain/x86_64-rocknix-linux-gnu/sysroot/usr/include -march=x86-64-v3 -mtune=generic -Wall -pipe  -O2 -fomit-frame-pointer -DNDEBUG -pthread  -DHAVE_CONFIG_H  /workspace/repos/rocknix.worktrees/m7-duckstation-deps01/build.pixelelated-GENERIC_X64.x86_64/build/libcom-err-1.47.4/e2fsck/problem.c -o problem.o
/workspace/repos/rocknix.worktrees/m7-duckstation-deps01/build.pixelelated-GENERIC_X64.x86_64/toolchain/bin/x86_64-rocknix-linux-gnu-gcc -c -I. -I../lib -I/workspace/repos/rocknix.worktrees/m7-duckstation-deps01/build.pixelelated-GENERIC_X64.x86_64/build/libcom-err-1.47.4/lib  -I/workspace/repos/rocknix.worktrees/m7-duckstation-deps01/build.pixelelated-GENERIC_X64.x86_64/toolchain/x86_64-rocknix-linux-gnu/sysroot/usr/include -march=x86-64-v3 -mtune=generic -Wall -pipe  -O2 -fomit-frame-pointer -DNDEBUG -pthread  -DHAVE_CONFIG_H  /workspace/repos/rocknix.worktrees/m7-duckstation-deps01/build.pixelelated-GENERIC_X64.x86_64/build/libcom-err-1.47.4/e2fsck/message.c -o message.o
/workspace/repos/rocknix.worktrees/m7-duckstation-deps01/build.pixelelated-GENERIC_X64.x86_64/toolchain/bin/x86_64-rocknix-linux-gnu-gcc -c -I. -I../lib -I/workspace/repos/rocknix.worktrees/m7-duckstation-deps01/build.pixelelated-GENERIC_X64.x86_64/build/libcom-err-1.47.4/lib  -I/workspace/repos/rocknix.worktrees/m7-duckstation-deps01/build.pixelelated-GENERIC_X64.x86_64/toolchain/x86_64-rocknix-linux-gnu/sysroot/usr/include -march=x86-64-v3 -mtune=generic -Wall -pipe  -O2 -fomit-frame-pointer -DNDEBUG -pthread  -DHAVE_CONFIG_H  /workspace/repos/rocknix.worktrees/m7-duckstation-deps01/build.pixelelated-GENERIC_X64.x86_64/build/libcom-err-1.47.4/e2fsck/quota.c -o quota.o
/workspace/repos/rocknix.worktrees/m7-duckstation-deps01/build.pixelelated-GENERIC_X64.x86_64/toolchain/bin/x86_64-rocknix-linux-gnu-gcc -c -I. -I../lib -I/workspace/repos/rocknix.worktrees/m7-duckstation-deps01/build.pixelelated-GENERIC_X64.x86_64/build/libcom-err-1.47.4/lib  -I/workspace/repos/rocknix.worktrees/m7-duckstation-deps01/build.pixelelated-GENERIC_X64.x86_64/toolchain/x86_64-rocknix-linux-gnu/sysroot/usr/include -march=x86-64-v3 -mtune=generic -Wall -pipe  -O2 -fomit-frame-pointer -DNDEBUG -pthread  -DHAVE_CONFIG_H  /workspace/repos/rocknix.worktrees/m7-duckstation-deps01/build.pixelelated-GENERIC_X64.x86_64/build/libcom-err-1.47.4/e2fsck/recovery.c -o recovery.o
/workspace/repos/rocknix.worktrees/m7-duckstation-deps01/build.pixelelated-GENERIC_X64.x86_64/toolchain/bin/x86_64-rocknix-linux-gnu-gcc -c -I. -I../lib -I/workspace/repos/rocknix.worktrees/m7-duckstation-deps01/build.pixelelated-GENERIC_X64.x86_64/build/libcom-err-1.47.4/lib  -I/workspace/repos/rocknix.worktrees/m7-duckstation-deps01/build.pixelelated-GENERIC_X64.x86_64/toolchain/x86_64-rocknix-linux-gnu/sysroot/usr/include -march=x86-64-v3 -mtune=generic -Wall -pipe  -O2 -fomit-frame-pointer -DNDEBUG -pthread  -DHAVE_CONFIG_H  /workspace/repos/rocknix.worktrees/m7-duckstation-deps01/build.pixelelated-GENERIC_X64.x86_64/build/libcom-err-1.47.4/e2fsck/region.c -o region.o
/workspace/repos/rocknix.worktrees/m7-duckstation-deps01/build.pixelelated-GENERIC_X64.x86_64/toolchain/bin/x86_64-rocknix-linux-gnu-gcc -c -I. -I../lib -I/workspace/repos/rocknix.worktrees/m7-duckstation-deps01/build.pixelelated-GENERIC_X64.x86_64/build/libcom-err-1.47.4/lib  -I/workspace/repos/rocknix.worktrees/m7-duckstation-deps01/build.pixelelated-GENERIC_X64.x86_64/toolchain/x86_64-rocknix-linux-gnu/sysroot/usr/include -march=x86-64-v3 -mtune=generic -Wall -pipe  -O2 -fomit-frame-pointer -DNDEBUG -pthread  -DHAVE_CONFIG_H  /workspace/repos/rocknix.worktrees/m7-duckstation-deps01/build.pixelelated-GENERIC_X64.x86_64/build/libcom-err-1.47.4/e2fsck/revoke.c -o revoke.o
/workspace/repos/rocknix.worktrees/m7-duckstation-deps01/build.pixelelated-GENERIC_X64.x86_64/toolchain/bin/x86_64-rocknix-linux-gnu-gcc -c -I. -I../lib -I/workspace/repos/rocknix.worktrees/m7-duckstation-deps01/build.pixelelated-GENERIC_X64.x86_64/build/libcom-err-1.47.4/lib  -I/workspace/repos/rocknix.worktrees/m7-duckstation-deps01/build.pixelelated-GENERIC_X64.x86_64/toolchain/x86_64-rocknix-linux-gnu/sysroot/usr/include -march=x86-64-v3 -mtune=generic -Wall -pipe  -O2 -fomit-frame-pointer -DNDEBUG -pthread  -DHAVE_CONFIG_H  /workspace/repos/rocknix.worktrees/m7-duckstation-deps01/build.pixelelated-GENERIC_X64.x86_64/build/libcom-err-1.47.4/e2fsck/ea_refcount.c -o ea_refcount.o
/workspace/repos/rocknix.worktrees/m7-duckstation-deps01/build.pixelelated-GENERIC_X64.x86_64/toolchain/bin/x86_64-rocknix-linux-gnu-gcc -c -I. -I../lib -I/workspace/repos/rocknix.worktrees/m7-duckstation-deps01/build.pixelelated-GENERIC_X64.x86_64/build/libcom-err-1.47.4/lib  -I/workspace/repos/rocknix.worktrees/m7-duckstation-deps01/build.pixelelated-GENERIC_X64.x86_64/toolchain/x86_64-rocknix-linux-gnu/sysroot/usr/include -march=x86-64-v3 -mtune=generic -Wall -pipe  -O2 -fomit-frame-pointer -DNDEBUG -pthread  -DHAVE_CONFIG_H  /workspace/repos/rocknix.worktrees/m7-duckstation-deps01/build.pixelelated-GENERIC_X64.x86_64/build/libcom-err-1.47.4/e2fsck/rehash.c -o rehash.o
/workspace/repos/rocknix.worktrees/m7-duckstation-deps01/build.pixelelated-GENERIC_X64.x86_64/toolchain/bin/x86_64-rocknix-linux-gnu-gcc -c -I. -I../lib -I/workspace/repos/rocknix.worktrees/m7-duckstation-deps01/build.pixelelated-GENERIC_X64.x86_64/build/libcom-err-1.47.4/lib  -I/workspace/repos/rocknix.worktrees/m7-duckstation-deps01/build.pixelelated-GENERIC_X64.x86_64/toolchain/x86_64-rocknix-linux-gnu/sysroot/usr/include -march=x86-64-v3 -mtune=generic -Wall -pipe  -O2 -fomit-frame-pointer -DNDEBUG -pthread  -DHAVE_CONFIG_H  /workspace/repos/rocknix.worktrees/m7-duckstation-deps01/build.pixelelated-GENERIC_X64.x86_64/build/libcom-err-1.47.4/e2fsck/logfile.c -o logfile.o
/workspace/repos/rocknix.worktrees/m7-duckstation-deps01/build.pixelelated-GENERIC_X64.x86_64/toolchain/bin/x86_64-rocknix-linux-gnu-gcc -c -I. -I../lib -I/workspace/repos/rocknix.worktrees/m7-duckstation-deps01/build.pixelelated-GENERIC_X64.x86_64/build/libcom-err-1.47.4/lib  -I/workspace/repos/rocknix.worktrees/m7-duckstation-deps01/build.pixelelated-GENERIC_X64.x86_64/toolchain/x86_64-rocknix-linux-gnu/sysroot/usr/include -march=x86-64-v3 -mtune=generic -Wall -pipe  -O2 -fomit-frame-pointer -DNDEBUG -pthread  -DHAVE_CONFIG_H  /workspace/repos/rocknix.worktrees/m7-duckstation-deps01/build.pixelelated-GENERIC_X64.x86_64/build/libcom-err-1.47.4/e2fsck/sigcatcher.c -o sigcatcher.o
/workspace/repos/rocknix.worktrees/m7-duckstation-deps01/build.pixelelated-GENERIC_X64.x86_64/toolchain/bin/x86_64-rocknix-linux-gnu-gcc -c -I. -I../lib -I/workspace/repos/rocknix.worktrees/m7-duckstation-deps01/build.pixelelated-GENERIC_X64.x86_64/build/libcom-err-1.47.4/lib  -I/workspace/repos/rocknix.worktrees/m7-duckstation-deps01/build.pixelelated-GENERIC_X64.x86_64/toolchain/x86_64-rocknix-linux-gnu/sysroot/usr/include -march=x86-64-v3 -mtune=generic -Wall -pipe  -O2 -fomit-frame-pointer -DNDEBUG -pthread  -DHAVE_CONFIG_H  /workspace/repos/rocknix.worktrees/m7-duckstation-deps01/build.pixelelated-GENERIC_X64.x86_64/build/libcom-err-1.47.4/e2fsck/readahead.c -o readahead.o
/workspace/repos/rocknix.worktrees/m7-duckstation-deps01/build.pixelelated-GENERIC_X64.x86_64/toolchain/bin/x86_64-rocknix-linux-gnu-gcc -c -I. -I../lib -I/workspace/repos/rocknix.worktrees/m7-duckstation-deps01/build.pixelelated-GENERIC_X64.x86_64/build/libcom-err-1.47.4/lib  -I/workspace/repos/rocknix.worktrees/m7-duckstation-deps01/build.pixelelated-GENERIC_X64.x86_64/toolchain/x86_64-rocknix-linux-gnu/sysroot/usr/include -march=x86-64-v3 -mtune=generic -Wall -pipe  -O2 -fomit-frame-pointer -DNDEBUG -pthread  -DHAVE_CONFIG_H  /workspace/repos/rocknix.worktrees/m7-duckstation-deps01/build.pixelelated-GENERIC_X64.x86_64/build/libcom-err-1.47.4/e2fsck/extents.c -o extents.o
/workspace/repos/rocknix.worktrees/m7-duckstation-deps01/build.pixelelated-GENERIC_X64.x86_64/toolchain/bin/x86_64-rocknix-linux-gnu-gcc -c -I. -I../lib -I/workspace/repos/rocknix.worktrees/m7-duckstation-deps01/build.pixelelated-GENERIC_X64.x86_64/build/libcom-err-1.47.4/lib  -I/workspace/repos/rocknix.worktrees/m7-duckstation-deps01/build.pixelelated-GENERIC_X64.x86_64/toolchain/x86_64-rocknix-linux-gnu/sysroot/usr/include -march=x86-64-v3 -mtune=generic -Wall -pipe  -O2 -fomit-frame-pointer -DNDEBUG -pthread  -DHAVE_CONFIG_H  /workspace/repos/rocknix.worktrees/m7-duckstation-deps01/build.pixelelated-GENERIC_X64.x86_64/build/libcom-err-1.47.4/e2fsck/encrypted_files.c -o encrypted_files.o
/workspace/repos/rocknix.worktrees/m7-duckstation-deps01/build.pixelelated-GENERIC_X64.x86_64/toolchain/bin/x86_64-rocknix-linux-gnu-gcc  -pthread -march=x86-64-v3 -mtune=generic -Wl,--as-needed -fuse-ld=bfd -Wl,-rpath-link,../lib  -rdynamic -o e2fsck unix.o e2fsck.o super.o pass1.o pass1b.o pass2.o pass3.o pass4.o pass5.o journal.o badblocks.o util.o dirinfo.o dx_dirinfo.o ehandler.o problem.o message.o quota.o recovery.o region.o revoke.o ea_refcount.o rehash.o logfile.o sigcatcher.o  readahead.o extents.o encrypted_files.o  ../lib/libsupport.a ../lib/libext2fs.so ../lib/libcom_err.so  ../lib/libblkid.so  ../lib/libuuid.so   ../lib/libe2p.so -ldl -lpthread 
../util/subst -t -f ../util/subst.conf /workspace/repos/rocknix.worktrees/m7-duckstation-deps01/build.pixelelated-GENERIC_X64.x86_64/build/libcom-err-1.47.4/e2fsck/e2fsck.8.in e2fsck.8
../util/subst -t -f ../util/subst.conf /workspace/repos/rocknix.worktrees/m7-duckstation-deps01/build.pixelelated-GENERIC_X64.x86_64/build/libcom-err-1.47.4/e2fsck/e2fsck.conf.5.in e2fsck.conf.5
make[2]: Leaving directory '/workspace/repos/rocknix.worktrees/m7-duckstation-deps01/build.pixelelated-GENERIC_X64.x86_64/build/libcom-err-1.47.4/.x86_64-rocknix-linux-gnu/e2fsck'
making all in misc
make[2]: Entering directory '/workspace/repos/rocknix.worktrees/m7-duckstation-deps01/build.pixelelated-GENERIC_X64.x86_64/build/libcom-err-1.47.4/.x86_64-rocknix-linux-gnu/misc'
/workspace/repos/rocknix.worktrees/m7-duckstation-deps01/build.pixelelated-GENERIC_X64.x86_64/toolchain/bin/x86_64-rocknix-linux-gnu-gcc -c -I. -I../lib -I/workspace/repos/rocknix.worktrees/m7-duckstation-deps01/build.pixelelated-GENERIC_X64.x86_64/build/libcom-err-1.47.4/lib  -I/workspace/repos/rocknix.worktrees/m7-duckstation-deps01/build.pixelelated-GENERIC_X64.x86_64/toolchain/x86_64-rocknix-linux-gnu/sysroot/usr/include -march=x86-64-v3 -mtune=generic -Wall -pipe  -O2 -fomit-frame-pointer -DNDEBUG -pthread  -DHAVE_CONFIG_H  /workspace/repos/rocknix.worktrees/m7-duckstation-deps01/build.pixelelated-GENERIC_X64.x86_64/build/libcom-err-1.47.4/misc/mke2fs.c -o mke2fs.o
/workspace/repos/rocknix.worktrees/m7-duckstation-deps01/build.pixelelated-GENERIC_X64.x86_64/toolchain/bin/x86_64-rocknix-linux-gnu-gcc -c -I. -I../lib -I/workspace/repos/rocknix.worktrees/m7-duckstation-deps01/build.pixelelated-GENERIC_X64.x86_64/build/libcom-err-1.47.4/lib  -I/workspace/repos/rocknix.worktrees/m7-duckstation-deps01/build.pixelelated-GENERIC_X64.x86_64/toolchain/x86_64-rocknix-linux-gnu/sysroot/usr/include -march=x86-64-v3 -mtune=generic -Wall -pipe  -O2 -fomit-frame-pointer -DNDEBUG -pthread  -DHAVE_CONFIG_H  /workspace/repos/rocknix.worktrees/m7-duckstation-deps01/build.pixelelated-GENERIC_X64.x86_64/build/libcom-err-1.47.4/misc/util.c -o util.o
if test -f /workspace/repos/rocknix.worktrees/m7-duckstation-deps01/build.pixelelated-GENERIC_X64.x86_64/build/libcom-err-1.47.4/misc/mke2fs.conf.custom.in ; then \
	cp /workspace/repos/rocknix.worktrees/m7-duckstation-deps01/build.pixelelated-GENERIC_X64.x86_64/build/libcom-err-1.47.4/misc/mke2fs.conf.custom.in mke2fs.conf; \
else \
	cp /workspace/repos/rocknix.worktrees/m7-duckstation-deps01/build.pixelelated-GENERIC_X64.x86_64/build/libcom-err-1.47.4/misc/mke2fs.conf.in mke2fs.conf; \
fi
gawk -f /workspace/repos/rocknix.worktrees/m7-duckstation-deps01/build.pixelelated-GENERIC_X64.x86_64/build/libcom-err-1.47.4/misc/profile-to-c.awk < mke2fs.conf \
	>  default_profile.c
/workspace/repos/rocknix.worktrees/m7-duckstation-deps01/build.pixelelated-GENERIC_X64.x86_64/toolchain/bin/x86_64-rocknix-linux-gnu-gcc -c -I. -I../lib -I/workspace/repos/rocknix.worktrees/m7-duckstation-deps01/build.pixelelated-GENERIC_X64.x86_64/build/libcom-err-1.47.4/lib  -I/workspace/repos/rocknix.worktrees/m7-duckstation-deps01/build.pixelelated-GENERIC_X64.x86_64/toolchain/x86_64-rocknix-linux-gnu/sysroot/usr/include -march=x86-64-v3 -mtune=generic -Wall -pipe  -O2 -fomit-frame-pointer -DNDEBUG -pthread  -DHAVE_CONFIG_H  default_profile.c -o default_profile.o
/workspace/repos/rocknix.worktrees/m7-duckstation-deps01/build.pixelelated-GENERIC_X64.x86_64/toolchain/bin/x86_64-rocknix-linux-gnu-gcc -c -I. -I../lib -I/workspace/repos/rocknix.worktrees/m7-duckstation-deps01/build.pixelelated-GENERIC_X64.x86_64/build/libcom-err-1.47.4/lib  -I/workspace/repos/rocknix.worktrees/m7-duckstation-deps01/build.pixelelated-GENERIC_X64.x86_64/toolchain/x86_64-rocknix-linux-gnu/sysroot/usr/include -march=x86-64-v3 -mtune=generic -Wall -pipe  -O2 -fomit-frame-pointer -DNDEBUG -pthread  -DHAVE_CONFIG_H  /workspace/repos/rocknix.worktrees/m7-duckstation-deps01/build.pixelelated-GENERIC_X64.x86_64/build/libcom-err-1.47.4/misc/mk_hugefiles.c -o mk_hugefiles.o
/workspace/repos/rocknix.worktrees/m7-duckstation-deps01/build.pixelelated-GENERIC_X64.x86_64/toolchain/bin/x86_64-rocknix-linux-gnu-gcc -c -I. -I../lib -I/workspace/repos/rocknix.worktrees/m7-duckstation-deps01/build.pixelelated-GENERIC_X64.x86_64/build/libcom-err-1.47.4/lib  -I/workspace/repos/rocknix.worktrees/m7-duckstation-deps01/build.pixelelated-GENERIC_X64.x86_64/toolchain/x86_64-rocknix-linux-gnu/sysroot/usr/include -march=x86-64-v3 -mtune=generic -Wall -pipe  -O2 -fomit-frame-pointer -DNDEBUG -pthread  -DHAVE_CONFIG_H  /workspace/repos/rocknix.worktrees/m7-duckstation-deps01/build.pixelelated-GENERIC_X64.x86_64/build/libcom-err-1.47.4/misc/create_inode.c -o create_inode.o
/workspace/repos/rocknix.worktrees/m7-duckstation-deps01/build.pixelelated-GENERIC_X64.x86_64/toolchain/bin/x86_64-rocknix-linux-gnu-gcc -c -I. -I../lib -I/workspace/repos/rocknix.worktrees/m7-duckstation-deps01/build.pixelelated-GENERIC_X64.x86_64/build/libcom-err-1.47.4/lib  -I/workspace/repos/rocknix.worktrees/m7-duckstation-deps01/build.pixelelated-GENERIC_X64.x86_64/toolchain/x86_64-rocknix-linux-gnu/sysroot/usr/include -march=x86-64-v3 -mtune=generic -Wall -pipe  -O2 -fomit-frame-pointer -DNDEBUG -pthread  -DHAVE_CONFIG_H  /workspace/repos/rocknix.worktrees/m7-duckstation-deps01/build.pixelelated-GENERIC_X64.x86_64/build/libcom-err-1.47.4/misc/create_inode_libarchive.c -o create_inode_libarchive.o
/workspace/repos/rocknix.worktrees/m7-duckstation-deps01/build.pixelelated-GENERIC_X64.x86_64/toolchain/bin/x86_64-rocknix-linux-gnu-gcc  -pthread -march=x86-64-v3 -mtune=generic -Wl,--as-needed -fuse-ld=bfd -Wl,-rpath-link,../lib  -o mke2fs mke2fs.o util.o default_profile.o mk_hugefiles.o create_inode.o create_inode_libarchive.o ../lib/libext2fs.so ../lib/libcom_err.so   ../lib/libsupport.a ../lib/libblkid.so  \
	../lib/libuuid.so  ../lib/libext2fs.so ../lib/libe2p.so  \
	-lpthread -ldl -ldl
/workspace/repos/rocknix.worktrees/m7-duckstation-deps01/build.pixelelated-GENERIC_X64.x86_64/toolchain/bin/x86_64-rocknix-linux-gnu-gcc -c -I. -I../lib -I/workspace/repos/rocknix.worktrees/m7-duckstation-deps01/build.pixelelated-GENERIC_X64.x86_64/build/libcom-err-1.47.4/lib  -I/workspace/repos/rocknix.worktrees/m7-duckstation-deps01/build.pixelelated-GENERIC_X64.x86_64/toolchain/x86_64-rocknix-linux-gnu/sysroot/usr/include -march=x86-64-v3 -mtune=generic -Wall -pipe  -O2 -fomit-frame-pointer -DNDEBUG -pthread  -DHAVE_CONFIG_H  /workspace/repos/rocknix.worktrees/m7-duckstation-deps01/build.pixelelated-GENERIC_X64.x86_64/build/libcom-err-1.47.4/misc/badblocks.c -o badblocks.o
/workspace/repos/rocknix.worktrees/m7-duckstation-deps01/build.pixelelated-GENERIC_X64.x86_64/toolchain/bin/x86_64-rocknix-linux-gnu-gcc  -pthread -march=x86-64-v3 -mtune=generic -Wl,--as-needed -fuse-ld=bfd -Wl,-rpath-link,../lib  -o badblocks badblocks.o ../lib/libext2fs.so ../lib/libcom_err.so   ../lib/libsupport.a \
	 -lpthread
/workspace/repos/rocknix.worktrees/m7-duckstation-deps01/build.pixelelated-GENERIC_X64.x86_64/toolchain/bin/x86_64-rocknix-linux-gnu-gcc -c -I. -I../lib -I/workspace/repos/rocknix.worktrees/m7-duckstation-deps01/build.pixelelated-GENERIC_X64.x86_64/build/libcom-err-1.47.4/lib  -I/workspace/repos/rocknix.worktrees/m7-duckstation-deps01/build.pixelelated-GENERIC_X64.x86_64/toolchain/x86_64-rocknix-linux-gnu/sysroot/usr/include -march=x86-64-v3 -mtune=generic -Wall -pipe  -O2 -fomit-frame-pointer -DNDEBUG -pthread  -DHAVE_CONFIG_H  /workspace/repos/rocknix.worktrees/m7-duckstation-deps01/build.pixelelated-GENERIC_X64.x86_64/build/libcom-err-1.47.4/misc/tune2fs.c -o tune2fs.o
/workspace/repos/rocknix.worktrees/m7-duckstation-deps01/build.pixelelated-GENERIC_X64.x86_64/toolchain/bin/x86_64-rocknix-linux-gnu-gcc -c -I/workspace/repos/rocknix.worktrees/m7-duckstation-deps01/build.pixelelated-GENERIC_X64.x86_64/build/libcom-err-1.47.4/misc/../e2fsck -I. -I../lib -I/workspace/repos/rocknix.worktrees/m7-duckstation-deps01/build.pixelelated-GENERIC_X64.x86_64/build/libcom-err-1.47.4/lib  -I/workspace/repos/rocknix.worktrees/m7-duckstation-deps01/build.pixelelated-GENERIC_X64.x86_64/toolchain/x86_64-rocknix-linux-gnu/sysroot/usr/include -march=x86-64-v3 -mtune=generic -Wall -pipe  -O2 -fomit-frame-pointer -DNDEBUG -pthread  -DHAVE_CONFIG_H  -DDEBUGFS -I/workspace/repos/rocknix.worktrees/m7-duckstation-deps01/build.pixelelated-GENERIC_X64.x86_64/build/libcom-err-1.47.4/misc \
	/workspace/repos/rocknix.worktrees/m7-duckstation-deps01/build.pixelelated-GENERIC_X64.x86_64/build/libcom-err-1.47.4/misc/../debugfs/journal.c -o journal.o
/workspace/repos/rocknix.worktrees/m7-duckstation-deps01/build.pixelelated-GENERIC_X64.x86_64/toolchain/bin/x86_64-rocknix-linux-gnu-gcc -c -I/workspace/repos/rocknix.worktrees/m7-duckstation-deps01/build.pixelelated-GENERIC_X64.x86_64/build/libcom-err-1.47.4/misc/../e2fsck -I. -I../lib -I/workspace/repos/rocknix.worktrees/m7-duckstation-deps01/build.pixelelated-GENERIC_X64.x86_64/build/libcom-err-1.47.4/lib  -I/workspace/repos/rocknix.worktrees/m7-duckstation-deps01/build.pixelelated-GENERIC_X64.x86_64/toolchain/x86_64-rocknix-linux-gnu/sysroot/usr/include -march=x86-64-v3 -mtune=generic -Wall -pipe  -O2 -fomit-frame-pointer -DNDEBUG -pthread  -DHAVE_CONFIG_H  -DDEBUGFS -I/workspace/repos/rocknix.worktrees/m7-duckstation-deps01/build.pixelelated-GENERIC_X64.x86_64/build/libcom-err-1.47.4/misc \
	/workspace/repos/rocknix.worktrees/m7-duckstation-deps01/build.pixelelated-GENERIC_X64.x86_64/build/libcom-err-1.47.4/misc/../e2fsck/recovery.c -o recovery.o
/workspace/repos/rocknix.worktrees/m7-duckstation-deps01/build.pixelelated-GENERIC_X64.x86_64/toolchain/bin/x86_64-rocknix-linux-gnu-gcc -c -I/workspace/repos/rocknix.worktrees/m7-duckstation-deps01/build.pixelelated-GENERIC_X64.x86_64/build/libcom-err-1.47.4/misc/../e2fsck -I. -I../lib -I/workspace/repos/rocknix.worktrees/m7-duckstation-deps01/build.pixelelated-GENERIC_X64.x86_64/build/libcom-err-1.47.4/lib  -I/workspace/repos/rocknix.worktrees/m7-duckstation-deps01/build.pixelelated-GENERIC_X64.x86_64/toolchain/x86_64-rocknix-linux-gnu/sysroot/usr/include -march=x86-64-v3 -mtune=generic -Wall -pipe  -O2 -fomit-frame-pointer -DNDEBUG -pthread  -DHAVE_CONFIG_H  -DDEBUGFS -I/workspace/repos/rocknix.worktrees/m7-duckstation-deps01/build.pixelelated-GENERIC_X64.x86_64/build/libcom-err-1.47.4/misc \
	/workspace/repos/rocknix.worktrees/m7-duckstation-deps01/build.pixelelated-GENERIC_X64.x86_64/build/libcom-err-1.47.4/misc/../e2fsck/revoke.c -o revoke.o
/workspace/repos/rocknix.worktrees/m7-duckstation-deps01/build.pixelelated-GENERIC_X64.x86_64/build/libcom-err-1.47.4/misc/../e2fsck/revoke.c: In function 'jbd2_journal_destroy_revoke_table':
/workspace/repos/rocknix.worktrees/m7-duckstation-deps01/build.pixelelated-GENERIC_X64.x86_64/build/libcom-err-1.47.4/misc/../e2fsck/revoke.c:251:27: warning: variable 'hash_list' set but not used [-Wunused-but-set-variable]
  251 |         struct list_head *hash_list;
      |                           ^~~~~~~~~
/workspace/repos/rocknix.worktrees/m7-duckstation-deps01/build.pixelelated-GENERIC_X64.x86_64/toolchain/bin/x86_64-rocknix-linux-gnu-gcc  -pthread -march=x86-64-v3 -mtune=generic -Wl,--as-needed -fuse-ld=bfd -Wl,-rpath-link,../lib  -o tune2fs tune2fs.o util.o journal.o recovery.o revoke.o ../lib/libext2fs.so ../lib/libcom_err.so   ../lib/libsupport.a \
	../lib/libblkid.so  ../lib/libuuid.so  ../lib/libext2fs.so ../lib/libe2p.so ../lib/libcom_err.so  \
	 -lpthread ../lib/libblkid.so  -ldl
/workspace/repos/rocknix.worktrees/m7-duckstation-deps01/build.pixelelated-GENERIC_X64.x86_64/toolchain/bin/x86_64-rocknix-linux-gnu-gcc -c -I. -I../lib -I/workspace/repos/rocknix.worktrees/m7-duckstation-deps01/build.pixelelated-GENERIC_X64.x86_64/build/libcom-err-1.47.4/lib  -I/workspace/repos/rocknix.worktrees/m7-duckstation-deps01/build.pixelelated-GENERIC_X64.x86_64/toolchain/x86_64-rocknix-linux-gnu/sysroot/usr/include -march=x86-64-v3 -mtune=generic -Wall -pipe  -O2 -fomit-frame-pointer -DNDEBUG -pthread  -DHAVE_CONFIG_H  /workspace/repos/rocknix.worktrees/m7-duckstation-deps01/build.pixelelated-GENERIC_X64.x86_64/build/libcom-err-1.47.4/misc/dumpe2fs.c -o dumpe2fs.o
/workspace/repos/rocknix.worktrees/m7-duckstation-deps01/build.pixelelated-GENERIC_X64.x86_64/toolchain/bin/x86_64-rocknix-linux-gnu-gcc  -pthread -march=x86-64-v3 -mtune=generic -Wl,--as-needed -fuse-ld=bfd -Wl,-rpath-link,../lib  -o dumpe2fs dumpe2fs.o ../lib/libext2fs.so ../lib/libcom_err.so   ../lib/libsupport.a \
	../lib/libe2p.so ../lib/libcom_err.so  ../lib/libuuid.so   -lpthread ../lib/libblkid.so  \
	-ldl
/workspace/repos/rocknix.worktrees/m7-duckstation-deps01/build.pixelelated-GENERIC_X64.x86_64/toolchain/bin/x86_64-rocknix-linux-gnu-gcc -c -I. -I../lib -I/workspace/repos/rocknix.worktrees/m7-duckstation-deps01/build.pixelelated-GENERIC_X64.x86_64/build/libcom-err-1.47.4/lib  -I/workspace/repos/rocknix.worktrees/m7-duckstation-deps01/build.pixelelated-GENERIC_X64.x86_64/toolchain/x86_64-rocknix-linux-gnu/sysroot/usr/include -march=x86-64-v3 -mtune=generic -Wall -pipe  -O2 -fomit-frame-pointer -DNDEBUG -pthread  -DHAVE_CONFIG_H  /workspace/repos/rocknix.worktrees/m7-duckstation-deps01/build.pixelelated-GENERIC_X64.x86_64/build/libcom-err-1.47.4/misc/blkid.c -o blkid.o
/workspace/repos/rocknix.worktrees/m7-duckstation-deps01/build.pixelelated-GENERIC_X64.x86_64/toolchain/bin/x86_64-rocknix-linux-gnu-gcc  -pthread -march=x86-64-v3 -mtune=generic -Wl,--as-needed -fuse-ld=bfd -Wl,-rpath-link,../lib  -o blkid blkid.o ../lib/libblkid.so   \
	../lib/libext2fs.so -lpthread
/workspace/repos/rocknix.worktrees/m7-duckstation-deps01/build.pixelelated-GENERIC_X64.x86_64/toolchain/bin/x86_64-rocknix-linux-gnu-gcc -c -I. -I../lib -I/workspace/repos/rocknix.worktrees/m7-duckstation-deps01/build.pixelelated-GENERIC_X64.x86_64/build/libcom-err-1.47.4/lib  -I/workspace/repos/rocknix.worktrees/m7-duckstation-deps01/build.pixelelated-GENERIC_X64.x86_64/toolchain/x86_64-rocknix-linux-gnu/sysroot/usr/include -march=x86-64-v3 -mtune=generic -Wall -pipe  -O2 -fomit-frame-pointer -DNDEBUG -pthread  -DHAVE_CONFIG_H  /workspace/repos/rocknix.worktrees/m7-duckstation-deps01/build.pixelelated-GENERIC_X64.x86_64/build/libcom-err-1.47.4/misc/logsave.c -o logsave.o
/workspace/repos/rocknix.worktrees/m7-duckstation-deps01/build.pixelelated-GENERIC_X64.x86_64/toolchain/bin/x86_64-rocknix-linux-gnu-gcc  -pthread -march=x86-64-v3 -mtune=generic -Wl,--as-needed -fuse-ld=bfd -Wl,-rpath-link,../lib  -o logsave logsave.o -lpthread
/workspace/repos/rocknix.worktrees/m7-duckstation-deps01/build.pixelelated-GENERIC_X64.x86_64/toolchain/bin/x86_64-rocknix-linux-gnu-gcc -c -I. -I../lib -I/workspace/repos/rocknix.worktrees/m7-duckstation-deps01/build.pixelelated-GENERIC_X64.x86_64/build/libcom-err-1.47.4/lib  -I/workspace/repos/rocknix.worktrees/m7-duckstation-deps01/build.pixelelated-GENERIC_X64.x86_64/toolchain/x86_64-rocknix-linux-gnu/sysroot/usr/include -march=x86-64-v3 -mtune=generic -Wall -pipe  -O2 -fomit-frame-pointer -DNDEBUG -pthread  -DHAVE_CONFIG_H  /workspace/repos/rocknix.worktrees/m7-duckstation-deps01/build.pixelelated-GENERIC_X64.x86_64/build/libcom-err-1.47.4/misc/e2undo.c -o e2undo.o
/workspace/repos/rocknix.worktrees/m7-duckstation-deps01/build.pixelelated-GENERIC_X64.x86_64/toolchain/bin/x86_64-rocknix-linux-gnu-gcc  -pthread -march=x86-64-v3 -mtune=generic -Wl,--as-needed -fuse-ld=bfd -Wl,-rpath-link,../lib  -o e2undo e2undo.o ../lib/libext2fs.so ../lib/libcom_err.so   ../lib/libsupport.a \
	 -lpthread
/workspace/repos/rocknix.worktrees/m7-duckstation-deps01/build.pixelelated-GENERIC_X64.x86_64/toolchain/bin/x86_64-rocknix-linux-gnu-gcc -c -I. -I../lib -I/workspace/repos/rocknix.worktrees/m7-duckstation-deps01/build.pixelelated-GENERIC_X64.x86_64/build/libcom-err-1.47.4/lib  -I/workspace/repos/rocknix.worktrees/m7-duckstation-deps01/build.pixelelated-GENERIC_X64.x86_64/toolchain/x86_64-rocknix-linux-gnu/sysroot/usr/include -march=x86-64-v3 -mtune=generic -Wall -pipe  -O2 -fomit-frame-pointer -DNDEBUG -pthread  -DHAVE_CONFIG_H  /workspace/repos/rocknix.worktrees/m7-duckstation-deps01/build.pixelelated-GENERIC_X64.x86_64/build/libcom-err-1.47.4/misc/chattr.c -o chattr.o
/workspace/repos/rocknix.worktrees/m7-duckstation-deps01/build.pixelelated-GENERIC_X64.x86_64/toolchain/bin/x86_64-rocknix-linux-gnu-gcc  -pthread -march=x86-64-v3 -mtune=generic -Wl,--as-needed -fuse-ld=bfd -Wl,-rpath-link,../lib  -o chattr chattr.o ../lib/libe2p.so ../lib/libcom_err.so  \
	 -lpthread
/workspace/repos/rocknix.worktrees/m7-duckstation-deps01/build.pixelelated-GENERIC_X64.x86_64/toolchain/bin/x86_64-rocknix-linux-gnu-gcc -c -I. -I../lib -I/workspace/repos/rocknix.worktrees/m7-duckstation-deps01/build.pixelelated-GENERIC_X64.x86_64/build/libcom-err-1.47.4/lib  -I/workspace/repos/rocknix.worktrees/m7-duckstation-deps01/build.pixelelated-GENERIC_X64.x86_64/toolchain/x86_64-rocknix-linux-gnu/sysroot/usr/include -march=x86-64-v3 -mtune=generic -Wall -pipe  -O2 -fomit-frame-pointer -DNDEBUG -pthread  -DHAVE_CONFIG_H  /workspace/repos/rocknix.worktrees/m7-duckstation-deps01/build.pixelelated-GENERIC_X64.x86_64/build/libcom-err-1.47.4/misc/lsattr.c -o lsattr.o
/workspace/repos/rocknix.worktrees/m7-duckstation-deps01/build.pixelelated-GENERIC_X64.x86_64/toolchain/bin/x86_64-rocknix-linux-gnu-gcc  -pthread -march=x86-64-v3 -mtune=generic -Wl,--as-needed -fuse-ld=bfd -Wl,-rpath-link,../lib  -o lsattr lsattr.o ../lib/libe2p.so ../lib/libcom_err.so  \
	 -lpthread
/workspace/repos/rocknix.worktrees/m7-duckstation-deps01/build.pixelelated-GENERIC_X64.x86_64/toolchain/bin/x86_64-rocknix-linux-gnu-gcc -c -I. -I../lib -I/workspace/repos/rocknix.worktrees/m7-duckstation-deps01/build.pixelelated-GENERIC_X64.x86_64/build/libcom-err-1.47.4/lib  -I/workspace/repos/rocknix.worktrees/m7-duckstation-deps01/build.pixelelated-GENERIC_X64.x86_64/toolchain/x86_64-rocknix-linux-gnu/sysroot/usr/include -march=x86-64-v3 -mtune=generic -Wall -pipe  -O2 -fomit-frame-pointer -DNDEBUG -pthread  -DHAVE_CONFIG_H  /workspace/repos/rocknix.worktrees/m7-duckstation-deps01/build.pixelelated-GENERIC_X64.x86_64/build/libcom-err-1.47.4/misc/uuidgen.c -o uuidgen.o
/workspace/repos/rocknix.worktrees/m7-duckstation-deps01/build.pixelelated-GENERIC_X64.x86_64/toolchain/bin/x86_64-rocknix-linux-gnu-gcc  -pthread -march=x86-64-v3 -mtune=generic -Wl,--as-needed -fuse-ld=bfd -Wl,-rpath-link,../lib  -o uuidgen uuidgen.o ../lib/libuuid.so  \
	 -lpthread
/workspace/repos/rocknix.worktrees/m7-duckstation-deps01/build.pixelelated-GENERIC_X64.x86_64/toolchain/bin/x86_64-rocknix-linux-gnu-gcc -c -I. -I../lib -I/workspace/repos/rocknix.worktrees/m7-duckstation-deps01/build.pixelelated-GENERIC_X64.x86_64/build/libcom-err-1.47.4/lib  -I/workspace/repos/rocknix.worktrees/m7-duckstation-deps01/build.pixelelated-GENERIC_X64.x86_64/toolchain/x86_64-rocknix-linux-gnu/sysroot/usr/include -march=x86-64-v3 -mtune=generic -Wall -pipe  -O2 -fomit-frame-pointer -DNDEBUG -pthread  -DHAVE_CONFIG_H  /workspace/repos/rocknix.worktrees/m7-duckstation-deps01/build.pixelelated-GENERIC_X64.x86_64/build/libcom-err-1.47.4/misc/mklost+found.c -o mklost+found.o
/workspace/repos/rocknix.worktrees/m7-duckstation-deps01/build.pixelelated-GENERIC_X64.x86_64/toolchain/bin/x86_64-rocknix-linux-gnu-gcc  -pthread -march=x86-64-v3 -mtune=generic -Wl,--as-needed -fuse-ld=bfd -Wl,-rpath-link,../lib  -o mklost+found mklost+found.o \
	 -lpthread
/workspace/repos/rocknix.worktrees/m7-duckstation-deps01/build.pixelelated-GENERIC_X64.x86_64/toolchain/bin/x86_64-rocknix-linux-gnu-gcc -c -I. -I../lib -I/workspace/repos/rocknix.worktrees/m7-duckstation-deps01/build.pixelelated-GENERIC_X64.x86_64/build/libcom-err-1.47.4/lib  -I/workspace/repos/rocknix.worktrees/m7-duckstation-deps01/build.pixelelated-GENERIC_X64.x86_64/toolchain/x86_64-rocknix-linux-gnu/sysroot/usr/include -march=x86-64-v3 -mtune=generic -Wall -pipe  -O2 -fomit-frame-pointer -DNDEBUG -pthread  -DHAVE_CONFIG_H  /workspace/repos/rocknix.worktrees/m7-duckstation-deps01/build.pixelelated-GENERIC_X64.x86_64/build/libcom-err-1.47.4/misc/filefrag.c -o filefrag.o
/workspace/repos/rocknix.worktrees/m7-duckstation-deps01/build.pixelelated-GENERIC_X64.x86_64/toolchain/bin/x86_64-rocknix-linux-gnu-gcc  -pthread -march=x86-64-v3 -mtune=generic -Wl,--as-needed -fuse-ld=bfd -Wl,-rpath-link,../lib  -o filefrag filefrag.o ../lib/libext2fs.so ../lib/libcom_err.so   ../lib/libsupport.a \
	-lpthread
/workspace/repos/rocknix.worktrees/m7-duckstation-deps01/build.pixelelated-GENERIC_X64.x86_64/toolchain/bin/x86_64-rocknix-linux-gnu-gcc -c -I. -I../lib -I/workspace/repos/rocknix.worktrees/m7-duckstation-deps01/build.pixelelated-GENERIC_X64.x86_64/build/libcom-err-1.47.4/lib  -I/workspace/repos/rocknix.worktrees/m7-duckstation-deps01/build.pixelelated-GENERIC_X64.x86_64/toolchain/x86_64-rocknix-linux-gnu/sysroot/usr/include -march=x86-64-v3 -mtune=generic -Wall -pipe  -O2 -fomit-frame-pointer -DNDEBUG -pthread  -DHAVE_CONFIG_H  /workspace/repos/rocknix.worktrees/m7-duckstation-deps01/build.pixelelated-GENERIC_X64.x86_64/build/libcom-err-1.47.4/misc/e2freefrag.c -o e2freefrag.o
/workspace/repos/rocknix.worktrees/m7-duckstation-deps01/build.pixelelated-GENERIC_X64.x86_64/toolchain/bin/x86_64-rocknix-linux-gnu-gcc  -pthread -march=x86-64-v3 -mtune=generic -Wl,--as-needed -fuse-ld=bfd -Wl,-rpath-link,../lib  -o e2freefrag e2freefrag.o \
	../lib/libext2fs.so ../lib/libcom_err.so   ../lib/libsupport.a -lpthread
/workspace/repos/rocknix.worktrees/m7-duckstation-deps01/build.pixelelated-GENERIC_X64.x86_64/toolchain/bin/x86_64-rocknix-linux-gnu-gcc -c -I. -I../lib -I/workspace/repos/rocknix.worktrees/m7-duckstation-deps01/build.pixelelated-GENERIC_X64.x86_64/build/libcom-err-1.47.4/lib  -I/workspace/repos/rocknix.worktrees/m7-duckstation-deps01/build.pixelelated-GENERIC_X64.x86_64/toolchain/x86_64-rocknix-linux-gnu/sysroot/usr/include -march=x86-64-v3 -mtune=generic -Wall -pipe  -O2 -fomit-frame-pointer -DNDEBUG -pthread  -DHAVE_CONFIG_H  /workspace/repos/rocknix.worktrees/m7-duckstation-deps01/build.pixelelated-GENERIC_X64.x86_64/build/libcom-err-1.47.4/misc/e4defrag.c -o e4defrag.o
/workspace/repos/rocknix.worktrees/m7-duckstation-deps01/build.pixelelated-GENERIC_X64.x86_64/toolchain/bin/x86_64-rocknix-linux-gnu-gcc  -pthread -march=x86-64-v3 -mtune=generic -Wl,--as-needed -fuse-ld=bfd -Wl,-rpath-link,../lib  -o e4defrag e4defrag.o ../lib/libext2fs.so ../lib/libcom_err.so   ../lib/libsupport.a \
	-lpthread
/workspace/repos/rocknix.worktrees/m7-duckstation-deps01/build.pixelelated-GENERIC_X64.x86_64/toolchain/bin/x86_64-rocknix-linux-gnu-gcc -c -I. -I../lib -I/workspace/repos/rocknix.worktrees/m7-duckstation-deps01/build.pixelelated-GENERIC_X64.x86_64/build/libcom-err-1.47.4/lib  -I/workspace/repos/rocknix.worktrees/m7-duckstation-deps01/build.pixelelated-GENERIC_X64.x86_64/toolchain/x86_64-rocknix-linux-gnu/sysroot/usr/include -march=x86-64-v3 -mtune=generic -Wall -pipe  -O2 -fomit-frame-pointer -DNDEBUG -pthread  -DHAVE_CONFIG_H  /workspace/repos/rocknix.worktrees/m7-duckstation-deps01/build.pixelelated-GENERIC_X64.x86_64/build/libcom-err-1.47.4/misc/e4crypt.c -o e4crypt.o
/workspace/repos/rocknix.worktrees/m7-duckstation-deps01/build.pixelelated-GENERIC_X64.x86_64/toolchain/bin/x86_64-rocknix-linux-gnu-gcc  -pthread -march=x86-64-v3 -mtune=generic -Wl,--as-needed -fuse-ld=bfd -Wl,-rpath-link,../lib  -o e4crypt e4crypt.o \
	../lib/libuuid.so  ../lib/libext2fs.so ../lib/libcom_err.so   ../lib/libsupport.a -lpthread
../util/subst -t -f ../util/subst.conf /workspace/repos/rocknix.worktrees/m7-duckstation-deps01/build.pixelelated-GENERIC_X64.x86_64/build/libcom-err-1.47.4/misc/tune2fs.8.in tune2fs.8
../util/subst -t -f ../util/subst.conf /workspace/repos/rocknix.worktrees/m7-duckstation-deps01/build.pixelelated-GENERIC_X64.x86_64/build/libcom-err-1.47.4/misc/mklost+found.8.in mklost+found.8
../util/subst -t -f ../util/subst.conf /workspace/repos/rocknix.worktrees/m7-duckstation-deps01/build.pixelelated-GENERIC_X64.x86_64/build/libcom-err-1.47.4/misc/mke2fs.8.in mke2fs.8
../util/subst -t -f ../util/subst.conf /workspace/repos/rocknix.worktrees/m7-duckstation-deps01/build.pixelelated-GENERIC_X64.x86_64/build/libcom-err-1.47.4/misc/dumpe2fs.8.in dumpe2fs.8
../util/subst -t -f ../util/subst.conf /workspace/repos/rocknix.worktrees/m7-duckstation-deps01/build.pixelelated-GENERIC_X64.x86_64/build/libcom-err-1.47.4/misc/badblocks.8.in badblocks.8	
../util/subst -t -f ../util/subst.conf /workspace/repos/rocknix.worktrees/m7-duckstation-deps01/build.pixelelated-GENERIC_X64.x86_64/build/libcom-err-1.47.4/misc/e2label.8.in e2label.8
../util/subst -t -f ../util/subst.conf /workspace/repos/rocknix.worktrees/m7-duckstation-deps01/build.pixelelated-GENERIC_X64.x86_64/build/libcom-err-1.47.4/misc/findfs.8.in findfs.8
../util/subst -t -f ../util/subst.conf /workspace/repos/rocknix.worktrees/m7-duckstation-deps01/build.pixelelated-GENERIC_X64.x86_64/build/libcom-err-1.47.4/misc/blkid.8.in blkid.8
../util/subst -t -f ../util/subst.conf /workspace/repos/rocknix.worktrees/m7-duckstation-deps01/build.pixelelated-GENERIC_X64.x86_64/build/libcom-err-1.47.4/misc/logsave.8.in logsave.8
../util/subst -t -f ../util/subst.conf /workspace/repos/rocknix.worktrees/m7-duckstation-deps01/build.pixelelated-GENERIC_X64.x86_64/build/libcom-err-1.47.4/misc/filefrag.8.in filefrag.8
../util/subst -t -f ../util/subst.conf /workspace/repos/rocknix.worktrees/m7-duckstation-deps01/build.pixelelated-GENERIC_X64.x86_64/build/libcom-err-1.47.4/misc/e2undo.8.in e2undo.8
../util/subst -t -f ../util/subst.conf /workspace/repos/rocknix.worktrees/m7-duckstation-deps01/build.pixelelated-GENERIC_X64.x86_64/build/libcom-err-1.47.4/misc/e4defrag.8.in e4defrag.8
../util/subst -t -f ../util/subst.conf /workspace/repos/rocknix.worktrees/m7-duckstation-deps01/build.pixelelated-GENERIC_X64.x86_64/build/libcom-err-1.47.4/misc/e4crypt.8.in e4crypt.8
../util/subst -t -f ../util/subst.conf /workspace/repos/rocknix.worktrees/m7-duckstation-deps01/build.pixelelated-GENERIC_X64.x86_64/build/libcom-err-1.47.4/misc/e2mmpstatus.8.in e2mmpstatus.8
../util/subst -t -f ../util/subst.conf /workspace/repos/rocknix.worktrees/m7-duckstation-deps01/build.pixelelated-GENERIC_X64.x86_64/build/libcom-err-1.47.4/misc/chattr.1.in chattr.1 
../util/subst -t -f ../util/subst.conf /workspace/repos/rocknix.worktrees/m7-duckstation-deps01/build.pixelelated-GENERIC_X64.x86_64/build/libcom-err-1.47.4/misc/lsattr.1.in lsattr.1 
../util/subst -t -f ../util/subst.conf /workspace/repos/rocknix.worktrees/m7-duckstation-deps01/build.pixelelated-GENERIC_X64.x86_64/build/libcom-err-1.47.4/misc/uuidgen.1.in uuidgen.1 
../util/subst -t -f ../util/subst.conf /workspace/repos/rocknix.worktrees/m7-duckstation-deps01/build.pixelelated-GENERIC_X64.x86_64/build/libcom-err-1.47.4/misc/mke2fs.conf.5.in mke2fs.conf.5
../util/subst -t -f ../util/subst.conf /workspace/repos/rocknix.worktrees/m7-duckstation-deps01/build.pixelelated-GENERIC_X64.x86_64/build/libcom-err-1.47.4/misc/ext4.5.in ext4.5
/workspace/repos/rocknix.worktrees/m7-duckstation-deps01/build.pixelelated-GENERIC_X64.x86_64/toolchain/bin/x86_64-rocknix-linux-gnu-gcc -c -I. -I../lib -I/workspace/repos/rocknix.worktrees/m7-duckstation-deps01/build.pixelelated-GENERIC_X64.x86_64/build/libcom-err-1.47.4/lib  -I/workspace/repos/rocknix.worktrees/m7-duckstation-deps01/build.pixelelated-GENERIC_X64.x86_64/toolchain/x86_64-rocknix-linux-gnu/sysroot/usr/include -march=x86-64-v3 -mtune=generic -Wall -pipe  -O2 -fomit-frame-pointer -DNDEBUG -pthread  -DHAVE_CONFIG_H  /workspace/repos/rocknix.worktrees/m7-duckstation-deps01/build.pixelelated-GENERIC_X64.x86_64/build/libcom-err-1.47.4/misc/e2fuzz.c -o e2fuzz.o
/workspace/repos/rocknix.worktrees/m7-duckstation-deps01/build.pixelelated-GENERIC_X64.x86_64/toolchain/bin/x86_64-rocknix-linux-gnu-gcc  -pthread -march=x86-64-v3 -mtune=generic -Wl,--as-needed -fuse-ld=bfd -Wl,-rpath-link,../lib  -o e2fuzz e2fuzz.o ../lib/libext2fs.so ../lib/libcom_err.so   ../lib/libsupport.a \
	../lib/libblkid.so  ../lib/libuuid.so  ../lib/libext2fs.so -lpthread
make[2]: Leaving directory '/workspace/repos/rocknix.worktrees/m7-duckstation-deps01/build.pixelelated-GENERIC_X64.x86_64/build/libcom-err-1.47.4/.x86_64-rocknix-linux-gnu/misc'
making all in tests/progs
make[2]: Entering directory '/workspace/repos/rocknix.worktrees/m7-duckstation-deps01/build.pixelelated-GENERIC_X64.x86_64/build/libcom-err-1.47.4/.x86_64-rocknix-linux-gnu/tests/progs'
/workspace/repos/rocknix.worktrees/m7-duckstation-deps01/build.pixelelated-GENERIC_X64.x86_64/toolchain/bin/x86_64-rocknix-linux-gnu-gcc -c -I. -I../../lib -I/workspace/repos/rocknix.worktrees/m7-duckstation-deps01/build.pixelelated-GENERIC_X64.x86_64/build/libcom-err-1.47.4/lib  -I/workspace/repos/rocknix.worktrees/m7-duckstation-deps01/build.pixelelated-GENERIC_X64.x86_64/toolchain/x86_64-rocknix-linux-gnu/sysroot/usr/include -march=x86-64-v3 -mtune=generic -Wall -pipe  -O2 -fomit-frame-pointer -DNDEBUG -pthread  -DHAVE_CONFIG_H  /workspace/repos/rocknix.worktrees/m7-duckstation-deps01/build.pixelelated-GENERIC_X64.x86_64/build/libcom-err-1.47.4/tests/progs/test_icount.c -o test_icount.o
_SS_DIR_OVERRIDE=/workspace/repos/rocknix.worktrees/m7-duckstation-deps01/build.pixelelated-GENERIC_X64.x86_64/build/libcom-err-1.47.4/tests/progs/../../lib/ss ../../lib/ss/mk_cmds /workspace/repos/rocknix.worktrees/m7-duckstation-deps01/build.pixelelated-GENERIC_X64.x86_64/build/libcom-err-1.47.4/tests/progs/test_icount_cmds.ct
/workspace/repos/rocknix.worktrees/m7-duckstation-deps01/build.pixelelated-GENERIC_X64.x86_64/toolchain/bin/x86_64-rocknix-linux-gnu-gcc -c -I. -I../../lib -I/workspace/repos/rocknix.worktrees/m7-duckstation-deps01/build.pixelelated-GENERIC_X64.x86_64/build/libcom-err-1.47.4/lib  -I/workspace/repos/rocknix.worktrees/m7-duckstation-deps01/build.pixelelated-GENERIC_X64.x86_64/toolchain/x86_64-rocknix-linux-gnu/sysroot/usr/include -march=x86-64-v3 -mtune=generic -Wall -pipe  -O2 -fomit-frame-pointer -DNDEBUG -pthread  -DHAVE_CONFIG_H  test_icount_cmds.c -o test_icount_cmds.o
/workspace/repos/rocknix.worktrees/m7-duckstation-deps01/build.pixelelated-GENERIC_X64.x86_64/toolchain/bin/x86_64-rocknix-linux-gnu-gcc  -pthread -march=x86-64-v3 -mtune=generic -Wl,--as-needed -fuse-ld=bfd -Wl,-rpath-link,../../lib  -o test_icount test_icount.o test_icount_cmds.o ../../lib/libext2fs.so ../../lib/libss.so  ../../lib/libcom_err.so  -lpthread
/workspace/repos/rocknix.worktrees/m7-duckstation-deps01/build.pixelelated-GENERIC_X64.x86_64/toolchain/bin/x86_64-rocknix-linux-gnu-gcc -c -I. -I../../lib -I/workspace/repos/rocknix.worktrees/m7-duckstation-deps01/build.pixelelated-GENERIC_X64.x86_64/build/libcom-err-1.47.4/lib  -I/workspace/repos/rocknix.worktrees/m7-duckstation-deps01/build.pixelelated-GENERIC_X64.x86_64/toolchain/x86_64-rocknix-linux-gnu/sysroot/usr/include -march=x86-64-v3 -mtune=generic -Wall -pipe  -O2 -fomit-frame-pointer -DNDEBUG -pthread  -DHAVE_CONFIG_H  /workspace/repos/rocknix.worktrees/m7-duckstation-deps01/build.pixelelated-GENERIC_X64.x86_64/build/libcom-err-1.47.4/tests/progs/crcsum.c -o crcsum.o
/workspace/repos/rocknix.worktrees/m7-duckstation-deps01/build.pixelelated-GENERIC_X64.x86_64/toolchain/bin/x86_64-rocknix-linux-gnu-gcc  -pthread -march=x86-64-v3 -mtune=generic -Wl,--as-needed -fuse-ld=bfd -Wl,-rpath-link,../../lib  -o crcsum crcsum.o ../../lib/libext2fs.so ../../lib/libss.so  ../../lib/libcom_err.so  -lpthread
make[2]: Leaving directory '/workspace/repos/rocknix.worktrees/m7-duckstation-deps01/build.pixelelated-GENERIC_X64.x86_64/build/libcom-err-1.47.4/.x86_64-rocknix-linux-gnu/tests/progs'
making all in tests/fuzz
make[2]: Entering directory '/workspace/repos/rocknix.worktrees/m7-duckstation-deps01/build.pixelelated-GENERIC_X64.x86_64/build/libcom-err-1.47.4/.x86_64-rocknix-linux-gnu/tests/fuzz'
make[2]: Nothing to be done for 'all'.
make[2]: Leaving directory '/workspace/repos/rocknix.worktrees/m7-duckstation-deps01/build.pixelelated-GENERIC_X64.x86_64/build/libcom-err-1.47.4/.x86_64-rocknix-linux-gnu/tests/fuzz'
making all in po
make[2]: Entering directory '/workspace/repos/rocknix.worktrees/m7-duckstation-deps01/build.pixelelated-GENERIC_X64.x86_64/build/libcom-err-1.47.4/.x86_64-rocknix-linux-gnu/po'
make[2]: Nothing to be done for 'all'.
make[2]: Leaving directory '/workspace/repos/rocknix.worktrees/m7-duckstation-deps01/build.pixelelated-GENERIC_X64.x86_64/build/libcom-err-1.47.4/.x86_64-rocknix-linux-gnu/po'
making all in scrub
make[2]: Entering directory '/workspace/repos/rocknix.worktrees/m7-duckstation-deps01/build.pixelelated-GENERIC_X64.x86_64/build/libcom-err-1.47.4/.x86_64-rocknix-linux-gnu/scrub'
../util/subst -t -f ../util/subst.conf /workspace/repos/rocknix.worktrees/m7-duckstation-deps01/build.pixelelated-GENERIC_X64.x86_64/build/libcom-err-1.47.4/scrub/e2scrub.in e2scrub
chmod a+x e2scrub
../util/subst -t -f ../util/subst.conf /workspace/repos/rocknix.worktrees/m7-duckstation-deps01/build.pixelelated-GENERIC_X64.x86_64/build/libcom-err-1.47.4/scrub/e2scrub_all.in e2scrub_all
chmod a+x e2scrub_all
../util/subst -t -f ../util/subst.conf /workspace/repos/rocknix.worktrees/m7-duckstation-deps01/build.pixelelated-GENERIC_X64.x86_64/build/libcom-err-1.47.4/scrub/e2scrub.8.in e2scrub.8
../util/subst -t -f ../util/subst.conf /workspace/repos/rocknix.worktrees/m7-duckstation-deps01/build.pixelelated-GENERIC_X64.x86_64/build/libcom-err-1.47.4/scrub/e2scrub_all.8.in e2scrub_all.8
../util/subst -t -f ../util/subst.conf /workspace/repos/rocknix.worktrees/m7-duckstation-deps01/build.pixelelated-GENERIC_X64.x86_64/build/libcom-err-1.47.4/scrub/e2scrub.conf.in e2scrub.conf
make[2]: Leaving directory '/workspace/repos/rocknix.worktrees/m7-duckstation-deps01/build.pixelelated-GENERIC_X64.x86_64/build/libcom-err-1.47.4/.x86_64-rocknix-linux-gnu/scrub'
make[1]: Leaving directory '/workspace/repos/rocknix.worktrees/m7-duckstation-deps01/build.pixelelated-GENERIC_X64.x86_64/build/libcom-err-1.47.4/.x86_64-rocknix-linux-gnu'
make docs
make[1]: Entering directory '/workspace/repos/rocknix.worktrees/m7-duckstation-deps01/build.pixelelated-GENERIC_X64.x86_64/build/libcom-err-1.47.4/.x86_64-rocknix-linux-gnu'
make[2]: Entering directory '/workspace/repos/rocknix.worktrees/m7-duckstation-deps01/build.pixelelated-GENERIC_X64.x86_64/build/libcom-err-1.47.4/.x86_64-rocknix-linux-gnu/doc'
echo Makeinfo is missing. Info documentation will not be built. /workspace/repos/rocknix.worktrees/m7-duckstation-deps01/build.pixelelated-GENERIC_X64.x86_64/build/libcom-err-1.47.4/doc/libext2fs.texinfo
Makeinfo is missing. Info documentation will not be built. /workspace/repos/rocknix.worktrees/m7-duckstation-deps01/build.pixelelated-GENERIC_X64.x86_64/build/libcom-err-1.47.4/doc/libext2fs.texinfo
make[2]: Leaving directory '/workspace/repos/rocknix.worktrees/m7-duckstation-deps01/build.pixelelated-GENERIC_X64.x86_64/build/libcom-err-1.47.4/.x86_64-rocknix-linux-gnu/doc'
make[1]: Leaving directory '/workspace/repos/rocknix.worktrees/m7-duckstation-deps01/build.pixelelated-GENERIC_X64.x86_64/build/libcom-err-1.47.4/.x86_64-rocknix-linux-gnu'
