[feature/conflict-resolution a89e910432] qa: complete candidate16 software qualification and audit
 805 files changed, 20083 insertions(+), 435 deletions(-)
 create mode 100644 .github/sessions/archived/2026-10-07-before-phase7-closure.md
 create mode 100644 docs/audits/2026_10_06-milestone-m7-p4-fixes-383/10-closure-reconciliation.md
 create mode 100644 docs/qa-logs/2026-10-07-pixelelated-replacement-16/build16-recovery-publication-06/audit-pre-issue.log
 create mode 100644 docs/qa-logs/2026-10-07-pixelelated-replacement-16/build16-recovery-publication-06/changed-paths.json
 create mode 100644 docs/qa-logs/2026-10-07-pixelelated-replacement-16/build16-recovery-publication-06/commit.log
 create mode 100644 docs/qa-logs/2026-10-07-pixelelated-replacement-16/build16-recovery-publication-06/console.log
 create mode 100644 docs/qa-logs/2026-10-07-pixelelated-replacement-16/build16-recovery-publication-06/diff-check.log
 create mode 100644 docs/qa-logs/2026-10-07-pixelelated-replacement-16/build16-recovery-publication-06/feature-push.log
 create mode 100644 docs/qa-logs/2026-10-07-pixelelated-replacement-16/build16-recovery-publication-06/inner.rc
 create mode 100644 docs/qa-logs/2026-10-07-pixelelated-replacement-16/build16-recovery-publication-06/integration.log
 create mode 100644 docs/qa-logs/2026-10-07-pixelelated-replacement-16/build16-recovery-publication-06/launcher-pid.json
 create mode 100644 docs/qa-logs/2026-10-07-pixelelated-replacement-16/build16-recovery-publication-06/launcher-result.json
 create mode 100644 docs/qa-logs/2026-10-07-pixelelated-replacement-16/build16-recovery-publication-06/launcher-start.json
 create mode 100644 docs/qa-logs/2026-10-07-pixelelated-replacement-16/build16-recovery-publication-06/launcher-submission.json
 create mode 100644 docs/qa-logs/2026-10-07-pixelelated-replacement-16/build16-recovery-publication-06/next-push.log
 create mode 100644 docs/qa-logs/2026-10-07-pixelelated-replacement-16/build16-recovery-publication-06/outer.rc
 create mode 100644 docs/qa-logs/2026-10-07-pixelelated-replacement-16/build16-recovery-publication-06/owner-verification.json
 create mode 100644 docs/qa-logs/2026-10-07-pixelelated-replacement-16/build16-recovery-publication-06/publication.json
 create mode 100644 docs/qa-logs/2026-10-07-pixelelated-replacement-16/build16-recovery-publication-06/publish.py
 create mode 100644 docs/qa-logs/2026-10-07-pixelelated-replacement-16/build16-recovery-publication-06/register-check.log
 create mode 100644 docs/qa-logs/2026-10-07-pixelelated-replacement-16/build16-recovery-publication-06/retention.json
 create mode 100644 docs/qa-logs/2026-10-07-pixelelated-replacement-16/build16-recovery-publication-06/rules-check.log
 create mode 100644 docs/qa-logs/2026-10-07-pixelelated-replacement-16/build16-recovery-publication-06/run.path
 create mode 100644 docs/qa-logs/2026-10-07-pixelelated-replacement-16/build16-recovery-publication-06/seal.json
 create mode 100644 docs/qa-logs/2026-10-07-pixelelated-replacement-16/build16-recovery-publication-06/sha256.json
 create mode 100644 docs/qa-logs/2026-10-07-pixelelated-replacement-16/build16-recovery-publication-06/tool-wrapper.rc
 create mode 100755 docs/qa-logs/2026-10-07-pixelelated-replacement-16/build16-recovery-publication-06/watch-build-submit.py
 create mode 100644 docs/qa-logs/2026-10-07-pixelelated-replacement-16/build16-recovery-publication-06/watcher/build.log
 create mode 100644 docs/qa-logs/2026-10-07-pixelelated-replacement-16/build16-recovery-publication-06/watcher/build.pid
 create mode 100644 docs/qa-logs/2026-10-07-pixelelated-replacement-16/build16-recovery-publication-06/watcher/build.rc
 create mode 100644 docs/qa-logs/2026-10-07-pixelelated-replacement-16/build16-recovery-publication-06/watcher/build.status
 create mode 100644 docs/qa-logs/2026-10-07-pixelelated-replacement-16/build16-recovery-publication-06/watcher/command.pid
 create mode 100644 docs/qa-logs/2026-10-07-pixelelated-replacement-16/build16-recovery-publication-06/watcher/watcher.pid
 create mode 100644 docs/qa-logs/2026-10-07-pixelelated-replacement-16/build16-recovery-publication-06/work-log-index.log
 create mode 100644 docs/qa-logs/2026-10-07-pixelelated-replacement-16/cloud-02/artifacts/installed-rclone.txt
 create mode 100644 docs/qa-logs/2026-10-07-pixelelated-replacement-16/cloud-02/artifacts/payload-local-cloud.json
 create mode 100644 docs/qa-logs/2026-10-07-pixelelated-replacement-16/cloud-02/artifacts/proxy-identity-local-cloud.json
 create mode 100644 docs/qa-logs/2026-10-07-pixelelated-replacement-16/cloud-02/artifacts/rocknix-images/qa-ee01490913-s3-a-20261007-0236/report.md
 create mode 100644 docs/qa-logs/2026-10-07-pixelelated-replacement-16/cloud-02/artifacts/rocknix-images/qa-ee01490913-s3-a-20261007-0236/round-trip.log
 create mode 100644 docs/qa-logs/2026-10-07-pixelelated-replacement-16/cloud-02/artifacts/rocknix-images/qa-ee01490913-sftp-a-20261007-0235/report.md
 create mode 100644 docs/qa-logs/2026-10-07-pixelelated-replacement-16/cloud-02/artifacts/rocknix-images/qa-ee01490913-sftp-a-20261007-0235/round-trip.log
 create mode 100644 docs/qa-logs/2026-10-07-pixelelated-replacement-16/cloud-02/artifacts/rocknix-images/qa-ee01490913-webdav-a-20261007-0233/report.md
 create mode 100644 docs/qa-logs/2026-10-07-pixelelated-replacement-16/cloud-02/artifacts/rocknix-images/qa-ee01490913-webdav-a-20261007-0233/round-trip.log
 create mode 100644 docs/qa-logs/2026-10-07-pixelelated-replacement-16/cloud-02/check-payload.py
 create mode 100644 docs/qa-logs/2026-10-07-pixelelated-replacement-16/cloud-02/console.log
 create mode 100644 docs/qa-logs/2026-10-07-pixelelated-replacement-16/cloud-02/guest-cleanup-verification.json
 create mode 100644 docs/qa-logs/2026-10-07-pixelelated-replacement-16/cloud-02/harness.sha256
 create mode 100644 docs/qa-logs/2026-10-07-pixelelated-replacement-16/cloud-02/inner.rc
 create mode 100644 docs/qa-logs/2026-10-07-pixelelated-replacement-16/cloud-02/launcher-pid.json
 create mode 100644 docs/qa-logs/2026-10-07-pixelelated-replacement-16/cloud-02/launcher-result.json
 create mode 100644 docs/qa-logs/2026-10-07-pixelelated-replacement-16/cloud-02/launcher-start.json
 create mode 100644 docs/qa-logs/2026-10-07-pixelelated-replacement-16/cloud-02/launcher-submission.json
 create mode 100644 docs/qa-logs/2026-10-07-pixelelated-replacement-16/cloud-02/outer.rc
 create mode 100755 docs/qa-logs/2026-10-07-pixelelated-replacement-16/cloud-02/outer.sh
 create mode 100644 docs/qa-logs/2026-10-07-pixelelated-replacement-16/cloud-02/owner-verification.json
 create mode 100644 docs/qa-logs/2026-10-07-pixelelated-replacement-16/cloud-02/provenance.json
 create mode 100644 docs/qa-logs/2026-10-07-pixelelated-replacement-16/cloud-02/proxy-identity.py
 create mode 100644 docs/qa-logs/2026-10-07-pixelelated-replacement-16/cloud-02/qa.start
 create mode 100755 docs/qa-logs/2026-10-07-pixelelated-replacement-16/cloud-02/qualify.sh
 create mode 100644 docs/qa-logs/2026-10-07-pixelelated-replacement-16/cloud-02/retention.json
 create mode 100644 docs/qa-logs/2026-10-07-pixelelated-replacement-16/cloud-02/run.path
 create mode 100644 docs/qa-logs/2026-10-07-pixelelated-replacement-16/cloud-02/sha256.json
 create mode 100644 docs/qa-logs/2026-10-07-pixelelated-replacement-16/cloud-02/tool-wrapper.rc
 create mode 100644 docs/qa-logs/2026-10-07-pixelelated-replacement-16/cloud-02/verify-inputs.py
 create mode 100755 docs/qa-logs/2026-10-07-pixelelated-replacement-16/cloud-02/watch-build-submit.py
 create mode 100644 docs/qa-logs/2026-10-07-pixelelated-replacement-16/cloud-02/watcher/build.log
 create mode 100644 docs/qa-logs/2026-10-07-pixelelated-replacement-16/cloud-02/watcher/build.pid
 create mode 100644 docs/qa-logs/2026-10-07-pixelelated-replacement-16/cloud-02/watcher/build.rc
 create mode 100644 docs/qa-logs/2026-10-07-pixelelated-replacement-16/cloud-02/watcher/build.status
 create mode 100644 docs/qa-logs/2026-10-07-pixelelated-replacement-16/cloud-02/watcher/command.pid
 create mode 100644 docs/qa-logs/2026-10-07-pixelelated-replacement-16/cloud-02/watcher/watcher.pid
 create mode 100644 docs/qa-logs/2026-10-07-pixelelated-replacement-16/cloud02-acceptance/acceptance.json
 create mode 100644 docs/qa-logs/2026-10-07-pixelelated-replacement-16/cloud02-acceptance/verify.py
 create mode 100644 docs/qa-logs/2026-10-07-pixelelated-replacement-16/cloud02-observer-correction/controls.json
 create mode 100644 docs/qa-logs/2026-10-07-pixelelated-replacement-16/cloud02-observer-correction/corrected-observer.py
 create mode 100644 docs/qa-logs/2026-10-07-pixelelated-replacement-16/cloud02-observer-correction/original-observer.py
 create mode 100644 docs/qa-logs/2026-10-07-pixelelated-replacement-16/cloud02-runtime-observation/cleanup.json
 create mode 100644 docs/qa-logs/2026-10-07-pixelelated-replacement-16/cloud02-runtime-observation/s3-live.json
 create mode 100644 docs/qa-logs/2026-10-07-pixelelated-replacement-16/cloud02-runtime-observation/sftp-live.json
 create mode 100644 docs/qa-logs/2026-10-07-pixelelated-replacement-16/cloud02-runtime-observation/webdav-live.json
 create mode 100644 docs/qa-logs/2026-10-07-pixelelated-replacement-16/content-routing01-acceptance/acceptance.json
 create mode 100644 docs/qa-logs/2026-10-07-pixelelated-replacement-16/content-routing01-acceptance/frames.json
 create mode 100644 docs/qa-logs/2026-10-07-pixelelated-replacement-16/content-routing01-acceptance/verify.py
 create mode 100644 docs/qa-logs/2026-10-07-pixelelated-replacement-16/matrix-primary-reconciliation/verification.json
 create mode 100644 docs/qa-logs/2026-10-07-pixelelated-replacement-16/matrix-primary-reconciliation/verify.py
 create mode 100644 docs/qa-logs/2026-10-07-pixelelated-replacement-16/p4-build16-content-routing-640x480-01/artifacts/cloud-ui/01-en_US-automatic-fallback-content-ticked.png
 create mode 100644 docs/qa-logs/2026-10-07-pixelelated-replacement-16/p4-build16-content-routing-640x480-01/artifacts/cloud-ui/01-en_US-automatic-fallback-hub.png
 create mode 100644 docs/qa-logs/2026-10-07-pixelelated-replacement-16/p4-build16-content-routing-640x480-01/artifacts/cloud-ui/01-en_US-automatic-fallback-menu-before.png
 create mode 100644 docs/qa-logs/2026-10-07-pixelelated-replacement-16/p4-build16-content-routing-640x480-01/artifacts/cloud-ui/01-en_US-automatic-fallback-opening-result.png
 create mode 100644 docs/qa-logs/2026-10-07-pixelelated-replacement-16/p4-build16-content-routing-640x480-01/artifacts/cloud-ui/01-en_US-manual-chooser-chooser.png
 create mode 100644 docs/qa-logs/2026-10-07-pixelelated-replacement-16/p4-build16-content-routing-640x480-01/artifacts/cloud-ui/01-en_US-manual-chooser-chosen-row.png
 create mode 100644 docs/qa-logs/2026-10-07-pixelelated-replacement-16/p4-build16-content-routing-640x480-01/artifacts/cloud-ui/01-en_US-manual-chooser-content-ticked.png
 create mode 100644 docs/qa-logs/2026-10-07-pixelelated-replacement-16/p4-build16-content-routing-640x480-01/artifacts/cloud-ui/01-en_US-manual-chooser-hub.png
 create mode 100644 docs/qa-logs/2026-10-07-pixelelated-replacement-16/p4-build16-content-routing-640x480-01/artifacts/cloud-ui/01-en_US-manual-chooser-menu-before.png
 create mode 100644 docs/qa-logs/2026-10-07-pixelelated-replacement-16/p4-build16-content-routing-640x480-01/artifacts/cloud-ui/01-en_US-manual-chooser-opening-result.png
 create mode 100644 docs/qa-logs/2026-10-07-pixelelated-replacement-16/p4-build16-content-routing-640x480-01/artifacts/cloud-ui/01-fr_FR-automatic-fallback-content-ticked.png
 create mode 100644 docs/qa-logs/2026-10-07-pixelelated-replacement-16/p4-build16-content-routing-640x480-01/artifacts/cloud-ui/01-fr_FR-automatic-fallback-hub.png
 create mode 100644 docs/qa-logs/2026-10-07-pixelelated-replacement-16/p4-build16-content-routing-640x480-01/artifacts/cloud-ui/01-fr_FR-automatic-fallback-menu-before.png
 create mode 100644 docs/qa-logs/2026-10-07-pixelelated-replacement-16/p4-build16-content-routing-640x480-01/artifacts/cloud-ui/01-fr_FR-automatic-fallback-opening-result.png
 create mode 100644 docs/qa-logs/2026-10-07-pixelelated-replacement-16/p4-build16-content-routing-640x480-01/artifacts/cloud-ui/01-fr_FR-manual-chooser-chooser.png
 create mode 100644 docs/qa-logs/2026-10-07-pixelelated-replacement-16/p4-build16-content-routing-640x480-01/artifacts/cloud-ui/01-fr_FR-manual-chooser-chosen-row.png
 create mode 100644 docs/qa-logs/2026-10-07-pixelelated-replacement-16/p4-build16-content-routing-640x480-01/artifacts/cloud-ui/01-fr_FR-manual-chooser-content-ticked.png
 create mode 100644 docs/qa-logs/2026-10-07-pixelelated-replacement-16/p4-build16-content-routing-640x480-01/artifacts/cloud-ui/01-fr_FR-manual-chooser-hub.png
 create mode 100644 docs/qa-logs/2026-10-07-pixelelated-replacement-16/p4-build16-content-routing-640x480-01/artifacts/cloud-ui/01-fr_FR-manual-chooser-menu-before.png
 create mode 100644 docs/qa-logs/2026-10-07-pixelelated-replacement-16/p4-build16-content-routing-640x480-01/artifacts/cloud-ui/01-fr_FR-manual-chooser-opening-result.png
 create mode 100644 docs/qa-logs/2026-10-07-pixelelated-replacement-16/p4-build16-content-routing-640x480-01/artifacts/cloud-ui/02-en_US-automatic-fallback-content-outcome.png
 create mode 100644 docs/qa-logs/2026-10-07-pixelelated-replacement-16/p4-build16-content-routing-640x480-01/artifacts/cloud-ui/02-en_US-automatic-fallback-main-menu.png
 create mode 100644 docs/qa-logs/2026-10-07-pixelelated-replacement-16/p4-build16-content-routing-640x480-01/artifacts/cloud-ui/02-en_US-manual-chooser-content-outcome.png
 create mode 100644 docs/qa-logs/2026-10-07-pixelelated-replacement-16/p4-build16-content-routing-640x480-01/artifacts/cloud-ui/02-en_US-manual-chooser-main-menu.png
 create mode 100644 docs/qa-logs/2026-10-07-pixelelated-replacement-16/p4-build16-content-routing-640x480-01/artifacts/cloud-ui/02-en_US-manual-chooser-systems-after-selection.png
 create mode 100644 docs/qa-logs/2026-10-07-pixelelated-replacement-16/p4-build16-content-routing-640x480-01/artifacts/cloud-ui/02-fr_FR-automatic-fallback-content-outcome.png
 create mode 100644 docs/qa-logs/2026-10-07-pixelelated-replacement-16/p4-build16-content-routing-640x480-01/artifacts/cloud-ui/02-fr_FR-automatic-fallback-main-menu.png
 create mode 100644 docs/qa-logs/2026-10-07-pixelelated-replacement-16/p4-build16-content-routing-640x480-01/artifacts/cloud-ui/02-fr_FR-manual-chooser-content-outcome.png
 create mode 100644 docs/qa-logs/2026-10-07-pixelelated-replacement-16/p4-build16-content-routing-640x480-01/artifacts/cloud-ui/02-fr_FR-manual-chooser-main-menu.png
 create mode 100644 docs/qa-logs/2026-10-07-pixelelated-replacement-16/p4-build16-content-routing-640x480-01/artifacts/cloud-ui/02-fr_FR-manual-chooser-systems-after-selection.png
 create mode 100644 docs/qa-logs/2026-10-07-pixelelated-replacement-16/p4-build16-content-routing-640x480-01/artifacts/cloud-ui/en_US-automatic-fallback-carousel.log
 create mode 100644 docs/qa-logs/2026-10-07-pixelelated-replacement-16/p4-build16-content-routing-640x480-01/artifacts/cloud-ui/en_US-automatic-fallback-carousel.steps
 create mode 100644 docs/qa-logs/2026-10-07-pixelelated-replacement-16/p4-build16-content-routing-640x480-01/artifacts/cloud-ui/en_US-automatic-fallback-close.log
 create mode 100644 docs/qa-logs/2026-10-07-pixelelated-replacement-16/p4-build16-content-routing-640x480-01/artifacts/cloud-ui/en_US-automatic-fallback-close.steps
 create mode 100644 docs/qa-logs/2026-10-07-pixelelated-replacement-16/p4-build16-content-routing-640x480-01/artifacts/cloud-ui/en_US-automatic-fallback-continue.log
 create mode 100644 docs/qa-logs/2026-10-07-pixelelated-replacement-16/p4-build16-content-routing-640x480-01/artifacts/cloud-ui/en_US-automatic-fallback-continue.steps
 create mode 100644 docs/qa-logs/2026-10-07-pixelelated-replacement-16/p4-build16-content-routing-640x480-01/artifacts/cloud-ui/en_US-automatic-fallback-fallback.json
 create mode 100644 docs/qa-logs/2026-10-07-pixelelated-replacement-16/p4-build16-content-routing-640x480-01/artifacts/cloud-ui/en_US-automatic-fallback-hub-menu.log
 create mode 100644 docs/qa-logs/2026-10-07-pixelelated-replacement-16/p4-build16-content-routing-640x480-01/artifacts/cloud-ui/en_US-automatic-fallback-hub-menu.steps
 create mode 100644 docs/qa-logs/2026-10-07-pixelelated-replacement-16/p4-build16-content-routing-640x480-01/artifacts/cloud-ui/en_US-automatic-fallback-hub.log
 create mode 100644 docs/qa-logs/2026-10-07-pixelelated-replacement-16/p4-build16-content-routing-640x480-01/artifacts/cloud-ui/en_US-automatic-fallback-hub.steps
 create mode 100644 docs/qa-logs/2026-10-07-pixelelated-replacement-16/p4-build16-content-routing-640x480-01/artifacts/cloud-ui/en_US-automatic-fallback-journal.txt
 create mode 100644 docs/qa-logs/2026-10-07-pixelelated-replacement-16/p4-build16-content-routing-640x480-01/artifacts/cloud-ui/en_US-automatic-fallback-opening-scan.log
 create mode 100644 docs/qa-logs/2026-10-07-pixelelated-replacement-16/p4-build16-content-routing-640x480-01/artifacts/cloud-ui/en_US-automatic-fallback-opening-scan.steps
 create mode 100644 docs/qa-logs/2026-10-07-pixelelated-replacement-16/p4-build16-content-routing-640x480-01/artifacts/cloud-ui/en_US-automatic-fallback-selection-log.json
 create mode 100644 docs/qa-logs/2026-10-07-pixelelated-replacement-16/p4-build16-content-routing-640x480-01/artifacts/cloud-ui/en_US-manual-chooser-carousel.log
 create mode 100644 docs/qa-logs/2026-10-07-pixelelated-replacement-16/p4-build16-content-routing-640x480-01/artifacts/cloud-ui/en_US-manual-chooser-carousel.steps
 create mode 100644 docs/qa-logs/2026-10-07-pixelelated-replacement-16/p4-build16-content-routing-640x480-01/artifacts/cloud-ui/en_US-manual-chooser-chooser.log
 create mode 100644 docs/qa-logs/2026-10-07-pixelelated-replacement-16/p4-build16-content-routing-640x480-01/artifacts/cloud-ui/en_US-manual-chooser-chooser.steps
 create mode 100644 docs/qa-logs/2026-10-07-pixelelated-replacement-16/p4-build16-content-routing-640x480-01/artifacts/cloud-ui/en_US-manual-chooser-close.log
 create mode 100644 docs/qa-logs/2026-10-07-pixelelated-replacement-16/p4-build16-content-routing-640x480-01/artifacts/cloud-ui/en_US-manual-chooser-close.steps
 create mode 100644 docs/qa-logs/2026-10-07-pixelelated-replacement-16/p4-build16-content-routing-640x480-01/artifacts/cloud-ui/en_US-manual-chooser-continue.log
 create mode 100644 docs/qa-logs/2026-10-07-pixelelated-replacement-16/p4-build16-content-routing-640x480-01/artifacts/cloud-ui/en_US-manual-chooser-continue.steps
 create mode 100644 docs/qa-logs/2026-10-07-pixelelated-replacement-16/p4-build16-content-routing-640x480-01/artifacts/cloud-ui/en_US-manual-chooser-hub-menu.log
 create mode 100644 docs/qa-logs/2026-10-07-pixelelated-replacement-16/p4-build16-content-routing-640x480-01/artifacts/cloud-ui/en_US-manual-chooser-hub-menu.steps
 create mode 100644 docs/qa-logs/2026-10-07-pixelelated-replacement-16/p4-build16-content-routing-640x480-01/artifacts/cloud-ui/en_US-manual-chooser-hub.log
 create mode 100644 docs/qa-logs/2026-10-07-pixelelated-replacement-16/p4-build16-content-routing-640x480-01/artifacts/cloud-ui/en_US-manual-chooser-hub.steps
 create mode 100644 docs/qa-logs/2026-10-07-pixelelated-replacement-16/p4-build16-content-routing-640x480-01/artifacts/cloud-ui/en_US-manual-chooser-journal.txt
 create mode 100644 docs/qa-logs/2026-10-07-pixelelated-replacement-16/p4-build16-content-routing-640x480-01/artifacts/cloud-ui/en_US-manual-chooser-opening-scan.log
 create mode 100644 docs/qa-logs/2026-10-07-pixelelated-replacement-16/p4-build16-content-routing-640x480-01/artifacts/cloud-ui/en_US-manual-chooser-opening-scan.steps
 create mode 100644 docs/qa-logs/2026-10-07-pixelelated-replacement-16/p4-build16-content-routing-640x480-01/artifacts/cloud-ui/en_US-manual-chooser-select.log
 create mode 100644 docs/qa-logs/2026-10-07-pixelelated-replacement-16/p4-build16-content-routing-640x480-01/artifacts/cloud-ui/en_US-manual-chooser-select.steps
 create mode 100644 docs/qa-logs/2026-10-07-pixelelated-replacement-16/p4-build16-content-routing-640x480-01/artifacts/cloud-ui/en_US-manual-chooser-selection-log.json
 create mode 100644 docs/qa-logs/2026-10-07-pixelelated-replacement-16/p4-build16-content-routing-640x480-01/artifacts/cloud-ui/en_US-manual-chooser-selection.json
 create mode 100644 docs/qa-logs/2026-10-07-pixelelated-replacement-16/p4-build16-content-routing-640x480-01/artifacts/cloud-ui/fr_FR-automatic-fallback-carousel.log
 create mode 100644 docs/qa-logs/2026-10-07-pixelelated-replacement-16/p4-build16-content-routing-640x480-01/artifacts/cloud-ui/fr_FR-automatic-fallback-carousel.steps
 create mode 100644 docs/qa-logs/2026-10-07-pixelelated-replacement-16/p4-build16-content-routing-640x480-01/artifacts/cloud-ui/fr_FR-automatic-fallback-close.log
 create mode 100644 docs/qa-logs/2026-10-07-pixelelated-replacement-16/p4-build16-content-routing-640x480-01/artifacts/cloud-ui/fr_FR-automatic-fallback-close.steps
 create mode 100644 docs/qa-logs/2026-10-07-pixelelated-replacement-16/p4-build16-content-routing-640x480-01/artifacts/cloud-ui/fr_FR-automatic-fallback-continue.log
 create mode 100644 docs/qa-logs/2026-10-07-pixelelated-replacement-16/p4-build16-content-routing-640x480-01/artifacts/cloud-ui/fr_FR-automatic-fallback-continue.steps
 create mode 100644 docs/qa-logs/2026-10-07-pixelelated-replacement-16/p4-build16-content-routing-640x480-01/artifacts/cloud-ui/fr_FR-automatic-fallback-fallback.json
 create mode 100644 docs/qa-logs/2026-10-07-pixelelated-replacement-16/p4-build16-content-routing-640x480-01/artifacts/cloud-ui/fr_FR-automatic-fallback-hub-menu.log
 create mode 100644 docs/qa-logs/2026-10-07-pixelelated-replacement-16/p4-build16-content-routing-640x480-01/artifacts/cloud-ui/fr_FR-automatic-fallback-hub-menu.steps
 create mode 100644 docs/qa-logs/2026-10-07-pixelelated-replacement-16/p4-build16-content-routing-640x480-01/artifacts/cloud-ui/fr_FR-automatic-fallback-hub.log
 create mode 100644 docs/qa-logs/2026-10-07-pixelelated-replacement-16/p4-build16-content-routing-640x480-01/artifacts/cloud-ui/fr_FR-automatic-fallback-hub.steps
 create mode 100644 docs/qa-logs/2026-10-07-pixelelated-replacement-16/p4-build16-content-routing-640x480-01/artifacts/cloud-ui/fr_FR-automatic-fallback-journal.txt
 create mode 100644 docs/qa-logs/2026-10-07-pixelelated-replacement-16/p4-build16-content-routing-640x480-01/artifacts/cloud-ui/fr_FR-automatic-fallback-opening-scan.log
 create mode 100644 docs/qa-logs/2026-10-07-pixelelated-replacement-16/p4-build16-content-routing-640x480-01/artifacts/cloud-ui/fr_FR-automatic-fallback-opening-scan.steps
 create mode 100644 docs/qa-logs/2026-10-07-pixelelated-replacement-16/p4-build16-content-routing-640x480-01/artifacts/cloud-ui/fr_FR-automatic-fallback-selection-log.json
 create mode 100644 docs/qa-logs/2026-10-07-pixelelated-replacement-16/p4-build16-content-routing-640x480-01/artifacts/cloud-ui/fr_FR-manual-chooser-carousel.log
 create mode 100644 docs/qa-logs/2026-10-07-pixelelated-replacement-16/p4-build16-content-routing-640x480-01/artifacts/cloud-ui/fr_FR-manual-chooser-carousel.steps
 create mode 100644 docs/qa-logs/2026-10-07-pixelelated-replacement-16/p4-build16-content-routing-640x480-01/artifacts/cloud-ui/fr_FR-manual-chooser-chooser.log
 create mode 100644 docs/qa-logs/2026-10-07-pixelelated-replacement-16/p4-build16-content-routing-640x480-01/artifacts/cloud-ui/fr_FR-manual-chooser-chooser.steps
 create mode 100644 docs/qa-logs/2026-10-07-pixelelated-replacement-16/p4-build16-content-routing-640x480-01/artifacts/cloud-ui/fr_FR-manual-chooser-close.log
 create mode 100644 docs/qa-logs/2026-10-07-pixelelated-replacement-16/p4-build16-content-routing-640x480-01/artifacts/cloud-ui/fr_FR-manual-chooser-close.steps
 create mode 100644 docs/qa-logs/2026-10-07-pixelelated-replacement-16/p4-build16-content-routing-640x480-01/artifacts/cloud-ui/fr_FR-manual-chooser-continue.log
 create mode 100644 docs/qa-logs/2026-10-07-pixelelated-replacement-16/p4-build16-content-routing-640x480-01/artifacts/cloud-ui/fr_FR-manual-chooser-continue.steps
 create mode 100644 docs/qa-logs/2026-10-07-pixelelated-replacement-16/p4-build16-content-routing-640x480-01/artifacts/cloud-ui/fr_FR-manual-chooser-frame-dimensions.json
 create mode 100644 docs/qa-logs/2026-10-07-pixelelated-replacement-16/p4-build16-content-routing-640x480-01/artifacts/cloud-ui/fr_FR-manual-chooser-hub-menu.log
 create mode 100644 docs/qa-logs/2026-10-07-pixelelated-replacement-16/p4-build16-content-routing-640x480-01/artifacts/cloud-ui/fr_FR-manual-chooser-hub-menu.steps
 create mode 100644 docs/qa-logs/2026-10-07-pixelelated-replacement-16/p4-build16-content-routing-640x480-01/artifacts/cloud-ui/fr_FR-manual-chooser-hub.log
 create mode 100644 docs/qa-logs/2026-10-07-pixelelated-replacement-16/p4-build16-content-routing-640x480-01/artifacts/cloud-ui/fr_FR-manual-chooser-hub.steps
 create mode 100644 docs/qa-logs/2026-10-07-pixelelated-replacement-16/p4-build16-content-routing-640x480-01/artifacts/cloud-ui/fr_FR-manual-chooser-journal.txt
 create mode 100644 docs/qa-logs/2026-10-07-pixelelated-replacement-16/p4-build16-content-routing-640x480-01/artifacts/cloud-ui/fr_FR-manual-chooser-opening-scan.log
 create mode 100644 docs/qa-logs/2026-10-07-pixelelated-replacement-16/p4-build16-content-routing-640x480-01/artifacts/cloud-ui/fr_FR-manual-chooser-opening-scan.steps
 create mode 100644 docs/qa-logs/2026-10-07-pixelelated-replacement-16/p4-build16-content-routing-640x480-01/artifacts/cloud-ui/fr_FR-manual-chooser-select.log
 create mode 100644 docs/qa-logs/2026-10-07-pixelelated-replacement-16/p4-build16-content-routing-640x480-01/artifacts/cloud-ui/fr_FR-manual-chooser-select.steps
 create mode 100644 docs/qa-logs/2026-10-07-pixelelated-replacement-16/p4-build16-content-routing-640x480-01/artifacts/cloud-ui/fr_FR-manual-chooser-selection-log.json
 create mode 100644 docs/qa-logs/2026-10-07-pixelelated-replacement-16/p4-build16-content-routing-640x480-01/artifacts/cloud-ui/fr_FR-manual-chooser-selection.json
 create mode 100644 docs/qa-logs/2026-10-07-pixelelated-replacement-16/p4-build16-content-routing-640x480-01/artifacts/cloud-ui/installed-after.sha256
 create mode 100644 docs/qa-logs/2026-10-07-pixelelated-replacement-16/p4-build16-content-routing-640x480-01/artifacts/cloud-ui/installed-before.sha256
 create mode 100644 docs/qa-logs/2026-10-07-pixelelated-replacement-16/p4-build16-content-routing-640x480-01/artifacts/cloud-ui/results.json
 create mode 100644 docs/qa-logs/2026-10-07-pixelelated-replacement-16/p4-build16-content-routing-640x480-01/artifacts/disk-initial.json
 create mode 100644 docs/qa-logs/2026-10-07-pixelelated-replacement-16/p4-build16-content-routing-640x480-01/artifacts/payload-cloud-ui-after.json
 create mode 100644 docs/qa-logs/2026-10-07-pixelelated-replacement-16/p4-build16-content-routing-640x480-01/artifacts/payload-cloud-ui-before.json
 create mode 100644 docs/qa-logs/2026-10-07-pixelelated-replacement-16/p4-build16-content-routing-640x480-01/artifacts/proxy-identity-cloud-ui-after.json
 create mode 100644 docs/qa-logs/2026-10-07-pixelelated-replacement-16/p4-build16-content-routing-640x480-01/artifacts/proxy-identity-cloud-ui-before.json
 create mode 100644 docs/qa-logs/2026-10-07-pixelelated-replacement-16/p4-build16-content-routing-640x480-01/artifacts/qemu-argv.txt
 create mode 100644 docs/qa-logs/2026-10-07-pixelelated-replacement-16/p4-build16-content-routing-640x480-01/check-payload.py
 create mode 100644 docs/qa-logs/2026-10-07-pixelelated-replacement-16/p4-build16-content-routing-640x480-01/cloud-ui-proof.py
 create mode 100644 docs/qa-logs/2026-10-07-pixelelated-replacement-16/p4-build16-content-routing-640x480-01/console.log
 create mode 100644 docs/qa-logs/2026-10-07-pixelelated-replacement-16/p4-build16-content-routing-640x480-01/guest-cleanup-verification.json
 create mode 100644 docs/qa-logs/2026-10-07-pixelelated-replacement-16/p4-build16-content-routing-640x480-01/guest-d.ovmf-vars.fd
 create mode 100644 docs/qa-logs/2026-10-07-pixelelated-replacement-16/p4-build16-content-routing-640x480-01/guest.pid
 create mode 100644 docs/qa-logs/2026-10-07-pixelelated-replacement-16/p4-build16-content-routing-640x480-01/harness.sha256
 create mode 100644 docs/qa-logs/2026-10-07-pixelelated-replacement-16/p4-build16-content-routing-640x480-01/inner.rc
 create mode 100644 docs/qa-logs/2026-10-07-pixelelated-replacement-16/p4-build16-content-routing-640x480-01/launcher-pid.json
 create mode 100644 docs/qa-logs/2026-10-07-pixelelated-replacement-16/p4-build16-content-routing-640x480-01/launcher-result.json
 create mode 100644 docs/qa-logs/2026-10-07-pixelelated-replacement-16/p4-build16-content-routing-640x480-01/launcher-start.json
 create mode 100644 docs/qa-logs/2026-10-07-pixelelated-replacement-16/p4-build16-content-routing-640x480-01/launcher-submission.json
 create mode 100644 docs/qa-logs/2026-10-07-pixelelated-replacement-16/p4-build16-content-routing-640x480-01/outer.rc
 create mode 100755 docs/qa-logs/2026-10-07-pixelelated-replacement-16/p4-build16-content-routing-640x480-01/outer.sh
 create mode 100644 docs/qa-logs/2026-10-07-pixelelated-replacement-16/p4-build16-content-routing-640x480-01/owner-verification.json
 create mode 100644 docs/qa-logs/2026-10-07-pixelelated-replacement-16/p4-build16-content-routing-640x480-01/provenance.json
 create mode 100644 docs/qa-logs/2026-10-07-pixelelated-replacement-16/p4-build16-content-routing-640x480-01/proxy-identity.py
 create mode 100644 docs/qa-logs/2026-10-07-pixelelated-replacement-16/p4-build16-content-routing-640x480-01/qa.start
 create mode 100644 docs/qa-logs/2026-10-07-pixelelated-replacement-16/p4-build16-content-routing-640x480-01/retention.json
 create mode 100644 docs/qa-logs/2026-10-07-pixelelated-replacement-16/p4-build16-content-routing-640x480-01/run.path
 create mode 100755 docs/qa-logs/2026-10-07-pixelelated-replacement-16/p4-build16-content-routing-640x480-01/run.sh
 create mode 100644 docs/qa-logs/2026-10-07-pixelelated-replacement-16/p4-build16-content-routing-640x480-01/seed.py
 create mode 100644 docs/qa-logs/2026-10-07-pixelelated-replacement-16/p4-build16-content-routing-640x480-01/sha256.json
 create mode 100644 docs/qa-logs/2026-10-07-pixelelated-replacement-16/p4-build16-content-routing-640x480-01/stop-guest.py
 create mode 100644 docs/qa-logs/2026-10-07-pixelelated-replacement-16/p4-build16-content-routing-640x480-01/tool-wrapper.rc
 create mode 100644 docs/qa-logs/2026-10-07-pixelelated-replacement-16/p4-build16-content-routing-640x480-01/verify-inputs.py
 create mode 100755 docs/qa-logs/2026-10-07-pixelelated-replacement-16/p4-build16-content-routing-640x480-01/watch-build-submit.py
 create mode 100644 docs/qa-logs/2026-10-07-pixelelated-replacement-16/p4-build16-content-routing-640x480-01/watcher/build.log
 create mode 100644 docs/qa-logs/2026-10-07-pixelelated-replacement-16/p4-build16-content-routing-640x480-01/watcher/build.pid
 create mode 100644 docs/qa-logs/2026-10-07-pixelelated-replacement-16/p4-build16-content-routing-640x480-01/watcher/build.rc
 create mode 100644 docs/qa-logs/2026-10-07-pixelelated-replacement-16/p4-build16-content-routing-640x480-01/watcher/build.status
 create mode 100644 docs/qa-logs/2026-10-07-pixelelated-replacement-16/p4-build16-content-routing-640x480-01/watcher/command.pid
 create mode 100644 docs/qa-logs/2026-10-07-pixelelated-replacement-16/p4-build16-content-routing-640x480-01/watcher/watcher.pid
 create mode 100644 docs/qa-logs/2026-10-07-pixelelated-replacement-16/p4-build16-selected-content-01/console.log
 create mode 100644 docs/qa-logs/2026-10-07-pixelelated-replacement-16/p4-build16-selected-content-01/extra-boundaries.py
 create mode 100644 docs/qa-logs/2026-10-07-pixelelated-replacement-16/p4-build16-selected-content-01/guest-cleanup-verification.json
 create mode 100644 docs/qa-logs/2026-10-07-pixelelated-replacement-16/p4-build16-selected-content-01/inner.rc
 create mode 100644 docs/qa-logs/2026-10-07-pixelelated-replacement-16/p4-build16-selected-content-01/launcher-pid.json
 create mode 100644 docs/qa-logs/2026-10-07-pixelelated-replacement-16/p4-build16-selected-content-01/launcher-result.json
 create mode 100644 docs/qa-logs/2026-10-07-pixelelated-replacement-16/p4-build16-selected-content-01/launcher-start.json
 create mode 100644 docs/qa-logs/2026-10-07-pixelelated-replacement-16/p4-build16-selected-content-01/launcher-submission.json
 create mode 100644 docs/qa-logs/2026-10-07-pixelelated-replacement-16/p4-build16-selected-content-01/outer.rc
 create mode 100644 docs/qa-logs/2026-10-07-pixelelated-replacement-16/p4-build16-selected-content-01/owner-verification.json
 create mode 100644 docs/qa-logs/2026-10-07-pixelelated-replacement-16/p4-build16-selected-content-01/proof/artifacts/0001-setup-a.log
 create mode 100644 docs/qa-logs/2026-10-07-pixelelated-replacement-16/p4-build16-selected-content-01/proof/artifacts/0001-setup-a.rc
 create mode 100644 docs/qa-logs/2026-10-07-pixelelated-replacement-16/p4-build16-selected-content-01/proof/artifacts/0002-setup-a.log
 create mode 100644 docs/qa-logs/2026-10-07-pixelelated-replacement-16/p4-build16-selected-content-01/proof/artifacts/0002-setup-a.rc
 create mode 100644 docs/qa-logs/2026-10-07-pixelelated-replacement-16/p4-build16-selected-content-01/proof/artifacts/0003-setup-a.log
 create mode 100644 docs/qa-logs/2026-10-07-pixelelated-replacement-16/p4-build16-selected-content-01/proof/artifacts/0003-setup-a.rc
 create mode 100644 docs/qa-logs/2026-10-07-pixelelated-replacement-16/p4-build16-selected-content-01/proof/artifacts/0004-setup-a.log
 create mode 100644 docs/qa-logs/2026-10-07-pixelelated-replacement-16/p4-build16-selected-content-01/proof/artifacts/0004-setup-a.rc
 create mode 100644 docs/qa-logs/2026-10-07-pixelelated-replacement-16/p4-build16-selected-content-01/proof/artifacts/0005-setup-a.log
 create mode 100644 docs/qa-logs/2026-10-07-pixelelated-replacement-16/p4-build16-selected-content-01/proof/artifacts/0005-setup-a.rc
 create mode 100644 docs/qa-logs/2026-10-07-pixelelated-replacement-16/p4-build16-selected-content-01/proof/artifacts/0006-setup-a.log
 create mode 100644 docs/qa-logs/2026-10-07-pixelelated-replacement-16/p4-build16-selected-content-01/proof/artifacts/0006-setup-a.rc
 create mode 100644 docs/qa-logs/2026-10-07-pixelelated-replacement-16/p4-build16-selected-content-01/proof/artifacts/0007-setup-a.log
 create mode 100644 docs/qa-logs/2026-10-07-pixelelated-replacement-16/p4-build16-selected-content-01/proof/artifacts/0007-setup-a.rc
 create mode 100644 docs/qa-logs/2026-10-07-pixelelated-replacement-16/p4-build16-selected-content-01/proof/artifacts/0008-setup-a.log
 create mode 100644 docs/qa-logs/2026-10-07-pixelelated-replacement-16/p4-build16-selected-content-01/proof/artifacts/0008-setup-a.rc
 create mode 100644 docs/qa-logs/2026-10-07-pixelelated-replacement-16/p4-build16-selected-content-01/proof/artifacts/0009-setup-a.log
 create mode 100644 docs/qa-logs/2026-10-07-pixelelated-replacement-16/p4-build16-selected-content-01/proof/artifacts/0009-setup-a.rc
 create mode 100644 docs/qa-logs/2026-10-07-pixelelated-replacement-16/p4-build16-selected-content-01/proof/artifacts/0010-setup-a.log
 create mode 100644 docs/qa-logs/2026-10-07-pixelelated-replacement-16/p4-build16-selected-content-01/proof/artifacts/0010-setup-a.rc
 create mode 100644 docs/qa-logs/2026-10-07-pixelelated-replacement-16/p4-build16-selected-content-01/proof/artifacts/0011-setup-a.log
 create mode 100644 docs/qa-logs/2026-10-07-pixelelated-replacement-16/p4-build16-selected-content-01/proof/artifacts/0011-setup-a.rc
 create mode 100644 docs/qa-logs/2026-10-07-pixelelated-replacement-16/p4-build16-selected-content-01/proof/artifacts/0012-setup-b.log
 create mode 100644 docs/qa-logs/2026-10-07-pixelelated-replacement-16/p4-build16-selected-content-01/proof/artifacts/0012-setup-b.rc
 create mode 100644 docs/qa-logs/2026-10-07-pixelelated-replacement-16/p4-build16-selected-content-01/proof/artifacts/0013-setup-b.log
 create mode 100644 docs/qa-logs/2026-10-07-pixelelated-replacement-16/p4-build16-selected-content-01/proof/artifacts/0013-setup-b.rc
 create mode 100644 docs/qa-logs/2026-10-07-pixelelated-replacement-16/p4-build16-selected-content-01/proof/artifacts/0014-setup-b.log
 create mode 100644 docs/qa-logs/2026-10-07-pixelelated-replacement-16/p4-build16-selected-content-01/proof/artifacts/0014-setup-b.rc
 create mode 100644 docs/qa-logs/2026-10-07-pixelelated-replacement-16/p4-build16-selected-content-01/proof/artifacts/0015-setup-b.log
 create mode 100644 docs/qa-logs/2026-10-07-pixelelated-replacement-16/p4-build16-selected-content-01/proof/artifacts/0015-setup-b.rc
 create mode 100644 docs/qa-logs/2026-10-07-pixelelated-replacement-16/p4-build16-selected-content-01/proof/artifacts/0016-setup-b.log
 create mode 100644 docs/qa-logs/2026-10-07-pixelelated-replacement-16/p4-build16-selected-content-01/proof/artifacts/0016-setup-b.rc
 create mode 100644 docs/qa-logs/2026-10-07-pixelelated-replacement-16/p4-build16-selected-content-01/proof/artifacts/0017-setup-b.log
 create mode 100644 docs/qa-logs/2026-10-07-pixelelated-replacement-16/p4-build16-selected-content-01/proof/artifacts/0017-setup-b.rc
 create mode 100644 docs/qa-logs/2026-10-07-pixelelated-replacement-16/p4-build16-selected-content-01/proof/artifacts/0018-setup-b.log
 create mode 100644 docs/qa-logs/2026-10-07-pixelelated-replacement-16/p4-build16-selected-content-01/proof/artifacts/0018-setup-b.rc
 create mode 100644 docs/qa-logs/2026-10-07-pixelelated-replacement-16/p4-build16-selected-content-01/proof/artifacts/0019-setup-b.log
 create mode 100644 docs/qa-logs/2026-10-07-pixelelated-replacement-16/p4-build16-selected-content-01/proof/artifacts/0019-setup-b.rc
 create mode 100644 docs/qa-logs/2026-10-07-pixelelated-replacement-16/p4-build16-selected-content-01/proof/artifacts/0020-setup-b.log
 create mode 100644 docs/qa-logs/2026-10-07-pixelelated-replacement-16/p4-build16-selected-content-01/proof/artifacts/0020-setup-b.rc
 create mode 100644 docs/qa-logs/2026-10-07-pixelelated-replacement-16/p4-build16-selected-content-01/proof/artifacts/0021-setup-b.log
 create mode 100644 docs/qa-logs/2026-10-07-pixelelated-replacement-16/p4-build16-selected-content-01/proof/artifacts/0021-setup-b.rc
 create mode 100644 docs/qa-logs/2026-10-07-pixelelated-replacement-16/p4-build16-selected-content-01/proof/artifacts/0022-setup-b.log
 create mode 100644 docs/qa-logs/2026-10-07-pixelelated-replacement-16/p4-build16-selected-content-01/proof/artifacts/0022-setup-b.rc
 create mode 100644 docs/qa-logs/2026-10-07-pixelelated-replacement-16/p4-build16-selected-content-01/proof/artifacts/0023-setup-a.log
 create mode 100644 docs/qa-logs/2026-10-07-pixelelated-replacement-16/p4-build16-selected-content-01/proof/artifacts/0023-setup-a.rc
 create mode 100644 docs/qa-logs/2026-10-07-pixelelated-replacement-16/p4-build16-selected-content-01/proof/artifacts/0024-setup-a.log
 create mode 100644 docs/qa-logs/2026-10-07-pixelelated-replacement-16/p4-build16-selected-content-01/proof/artifacts/0024-setup-a.rc
 create mode 100644 docs/qa-logs/2026-10-07-pixelelated-replacement-16/p4-build16-selected-content-01/proof/artifacts/0025-setup-a.log
 create mode 100644 docs/qa-logs/2026-10-07-pixelelated-replacement-16/p4-build16-selected-content-01/proof/artifacts/0025-setup-a.rc
 create mode 100644 docs/qa-logs/2026-10-07-pixelelated-replacement-16/p4-build16-selected-content-01/proof/artifacts/0026-setup-a.log
 create mode 100644 docs/qa-logs/2026-10-07-pixelelated-replacement-16/p4-build16-selected-content-01/proof/artifacts/0026-setup-a.rc
 create mode 100644 docs/qa-logs/2026-10-07-pixelelated-replacement-16/p4-build16-selected-content-01/proof/artifacts/0027-PL001-installed-selected-legacy-a.log
 create mode 100644 docs/qa-logs/2026-10-07-pixelelated-replacement-16/p4-build16-selected-content-01/proof/artifacts/0027-PL001-installed-selected-legacy-a.rc
 create mode 100644 docs/qa-logs/2026-10-07-pixelelated-replacement-16/p4-build16-selected-content-01/proof/artifacts/0028-PL001-installed-selected-legacy-a.log
 create mode 100644 docs/qa-logs/2026-10-07-pixelelated-replacement-16/p4-build16-selected-content-01/proof/artifacts/0028-PL001-installed-selected-legacy-a.rc
 create mode 100644 docs/qa-logs/2026-10-07-pixelelated-replacement-16/p4-build16-selected-content-01/proof/artifacts/0029-PL001-installed-selected-legacy-a.log
 create mode 100644 docs/qa-logs/2026-10-07-pixelelated-replacement-16/p4-build16-selected-content-01/proof/artifacts/0029-PL001-installed-selected-legacy-a.rc
 create mode 100644 docs/qa-logs/2026-10-07-pixelelated-replacement-16/p4-build16-selected-content-01/proof/artifacts/0030-PL001-installed-selected-legacy-b.log
 create mode 100644 docs/qa-logs/2026-10-07-pixelelated-replacement-16/p4-build16-selected-content-01/proof/artifacts/0030-PL001-installed-selected-legacy-b.rc
 create mode 100644 docs/qa-logs/2026-10-07-pixelelated-replacement-16/p4-build16-selected-content-01/proof/artifacts/0031-PL001-installed-selected-legacy-b.log
 create mode 100644 docs/qa-logs/2026-10-07-pixelelated-replacement-16/p4-build16-selected-content-01/proof/artifacts/0031-PL001-installed-selected-legacy-b.rc
 create mode 100644 docs/qa-logs/2026-10-07-pixelelated-replacement-16/p4-build16-selected-content-01/proof/artifacts/0032-PL001-installed-selected-legacy-b.log
 create mode 100644 docs/qa-logs/2026-10-07-pixelelated-replacement-16/p4-build16-selected-content-01/proof/artifacts/0032-PL001-installed-selected-legacy-b.rc
 create mode 100644 docs/qa-logs/2026-10-07-pixelelated-replacement-16/p4-build16-selected-content-01/proof/artifacts/0033-PL001-installed-selected-legacy-a.log
 create mode 100644 docs/qa-logs/2026-10-07-pixelelated-replacement-16/p4-build16-selected-content-01/proof/artifacts/0033-PL001-installed-selected-legacy-a.rc
 create mode 100644 docs/qa-logs/2026-10-07-pixelelated-replacement-16/p4-build16-selected-content-01/proof/artifacts/0034-PL001-installed-selected-legacy-a.log
 create mode 100644 docs/qa-logs/2026-10-07-pixelelated-replacement-16/p4-build16-selected-content-01/proof/artifacts/0034-PL001-installed-selected-legacy-a.rc
 create mode 100644 docs/qa-logs/2026-10-07-pixelelated-replacement-16/p4-build16-selected-content-01/proof/artifacts/0035-PL001-installed-selected-legacy-b.log
 create mode 100644 docs/qa-logs/2026-10-07-pixelelated-replacement-16/p4-build16-selected-content-01/proof/artifacts/0035-PL001-installed-selected-legacy-b.rc
 create mode 100644 docs/qa-logs/2026-10-07-pixelelated-replacement-16/p4-build16-selected-content-01/proof/artifacts/0036-PL001-installed-selected-legacy-b.log
 create mode 100644 docs/qa-logs/2026-10-07-pixelelated-replacement-16/p4-build16-selected-content-01/proof/artifacts/0036-PL001-installed-selected-legacy-b.rc
 create mode 100644 docs/qa-logs/2026-10-07-pixelelated-replacement-16/p4-build16-selected-content-01/proof/artifacts/0037-PL001-installed-selected-legacy-a.log
 create mode 100644 docs/qa-logs/2026-10-07-pixelelated-replacement-16/p4-build16-selected-content-01/proof/artifacts/0037-PL001-installed-selected-legacy-a.rc
 create mode 100644 docs/qa-logs/2026-10-07-pixelelated-replacement-16/p4-build16-selected-content-01/proof/artifacts/0038-PL001-installed-selected-legacy-b.log
 create mode 100644 docs/qa-logs/2026-10-07-pixelelated-replacement-16/p4-build16-selected-content-01/proof/artifacts/0038-PL001-installed-selected-legacy-b.rc
 create mode 100644 docs/qa-logs/2026-10-07-pixelelated-replacement-16/p4-build16-selected-content-01/proof/artifacts/0039-PL001-installed-selected-legacy-a.log
 create mode 100644 docs/qa-logs/2026-10-07-pixelelated-replacement-16/p4-build16-selected-content-01/proof/artifacts/0039-PL001-installed-selected-legacy-a.rc
 create mode 100644 docs/qa-logs/2026-10-07-pixelelated-replacement-16/p4-build16-selected-content-01/proof/artifacts/0040-PL001-installed-selected-legacy-a.log
 create mode 100644 docs/qa-logs/2026-10-07-pixelelated-replacement-16/p4-build16-selected-content-01/proof/artifacts/0040-PL001-installed-selected-legacy-a.rc
 create mode 100644 docs/qa-logs/2026-10-07-pixelelated-replacement-16/p4-build16-selected-content-01/proof/artifacts/0041-PL001-installed-selected-legacy-a.log
 create mode 100644 docs/qa-logs/2026-10-07-pixelelated-replacement-16/p4-build16-selected-content-01/proof/artifacts/0041-PL001-installed-selected-legacy-a.rc
 create mode 100644 docs/qa-logs/2026-10-07-pixelelated-replacement-16/p4-build16-selected-content-01/proof/artifacts/0042-PL001-installed-selected-legacy-a.log
 create mode 100644 docs/qa-logs/2026-10-07-pixelelated-replacement-16/p4-build16-selected-content-01/proof/artifacts/0042-PL001-installed-selected-legacy-a.rc
 create mode 100644 docs/qa-logs/2026-10-07-pixelelated-replacement-16/p4-build16-selected-content-01/proof/artifacts/0043-PL001-installed-selected-legacy-a.log
 create mode 100644 docs/qa-logs/2026-10-07-pixelelated-replacement-16/p4-build16-selected-content-01/proof/artifacts/0043-PL001-installed-selected-legacy-a.rc
 create mode 100644 docs/qa-logs/2026-10-07-pixelelated-replacement-16/p4-build16-selected-content-01/proof/artifacts/0044-PL001-installed-selected-legacy-a.log
 create mode 100644 docs/qa-logs/2026-10-07-pixelelated-replacement-16/p4-build16-selected-content-01/proof/artifacts/0044-PL001-installed-selected-legacy-a.rc
 create mode 100644 docs/qa-logs/2026-10-07-pixelelated-replacement-16/p4-build16-selected-content-01/proof/artifacts/0045-PL001-installed-selected-legacy-a.log
 create mode 100644 docs/qa-logs/2026-10-07-pixelelated-replacement-16/p4-build16-selected-content-01/proof/artifacts/0045-PL001-installed-selected-legacy-a.rc
 create mode 100644 docs/qa-logs/2026-10-07-pixelelated-replacement-16/p4-build16-selected-content-01/proof/artifacts/0046-PL001-installed-selected-legacy-a.log
 create mode 100644 docs/qa-logs/2026-10-07-pixelelated-replacement-16/p4-build16-selected-content-01/proof/artifacts/0046-PL001-installed-selected-legacy-a.rc
 create mode 100644 docs/qa-logs/2026-10-07-pixelelated-replacement-16/p4-build16-selected-content-01/proof/artifacts/0047-PL001-installed-selected-legacy-a.log
 create mode 100644 docs/qa-logs/2026-10-07-pixelelated-replacement-16/p4-build16-selected-content-01/proof/artifacts/0047-PL001-installed-selected-legacy-a.rc
 create mode 100644 docs/qa-logs/2026-10-07-pixelelated-replacement-16/p4-build16-selected-content-01/proof/artifacts/0048-PL001-installed-selected-legacy-a.log
 create mode 100644 docs/qa-logs/2026-10-07-pixelelated-replacement-16/p4-build16-selected-content-01/proof/artifacts/0048-PL001-installed-selected-legacy-a.rc
 create mode 100644 docs/qa-logs/2026-10-07-pixelelated-replacement-16/p4-build16-selected-content-01/proof/artifacts/0049-PL001-installed-selected-legacy-a.log
 create mode 100644 docs/qa-logs/2026-10-07-pixelelated-replacement-16/p4-build16-selected-content-01/proof/artifacts/0049-PL001-installed-selected-legacy-a.rc
 create mode 100644 docs/qa-logs/2026-10-07-pixelelated-replacement-16/p4-build16-selected-content-01/proof/artifacts/0050-PL001-installed-selected-legacy-a.log
 create mode 100644 docs/qa-logs/2026-10-07-pixelelated-replacement-16/p4-build16-selected-content-01/proof/artifacts/0050-PL001-installed-selected-legacy-a.rc
 create mode 100644 docs/qa-logs/2026-10-07-pixelelated-replacement-16/p4-build16-selected-content-01/proof/artifacts/0051-PL001-installed-selected-legacy-a.log
 create mode 100644 docs/qa-logs/2026-10-07-pixelelated-replacement-16/p4-build16-selected-content-01/proof/artifacts/0051-PL001-installed-selected-legacy-a.rc
 create mode 100644 docs/qa-logs/2026-10-07-pixelelated-replacement-16/p4-build16-selected-content-01/proof/artifacts/0052-PL001-installed-selected-legacy-a.log
 create mode 100644 docs/qa-logs/2026-10-07-pixelelated-replacement-16/p4-build16-selected-content-01/proof/artifacts/0052-PL001-installed-selected-legacy-a.rc
 create mode 100644 docs/qa-logs/2026-10-07-pixelelated-replacement-16/p4-build16-selected-content-01/proof/artifacts/0053-PL001-installed-selected-legacy-a.log
 create mode 100644 docs/qa-logs/2026-10-07-pixelelated-replacement-16/p4-build16-selected-content-01/proof/artifacts/0053-PL001-installed-selected-legacy-a.rc
 create mode 100644 docs/qa-logs/2026-10-07-pixelelated-replacement-16/p4-build16-selected-content-01/proof/artifacts/0054-PL001-installed-selected-tiered-a.log
 create mode 100644 docs/qa-logs/2026-10-07-pixelelated-replacement-16/p4-build16-selected-content-01/proof/artifacts/0054-PL001-installed-selected-tiered-a.rc
 create mode 100644 docs/qa-logs/2026-10-07-pixelelated-replacement-16/p4-build16-selected-content-01/proof/artifacts/0055-PL001-installed-selected-tiered-a.log
 create mode 100644 docs/qa-logs/2026-10-07-pixelelated-replacement-16/p4-build16-selected-content-01/proof/artifacts/0055-PL001-installed-selected-tiered-a.rc
 create mode 100644 docs/qa-logs/2026-10-07-pixelelated-replacement-16/p4-build16-selected-content-01/proof/artifacts/0056-PL001-installed-selected-tiered-a.log
 create mode 100644 docs/qa-logs/2026-10-07-pixelelated-replacement-16/p4-build16-selected-content-01/proof/artifacts/0056-PL001-installed-selected-tiered-a.rc
 create mode 100644 docs/qa-logs/2026-10-07-pixelelated-replacement-16/p4-build16-selected-content-01/proof/artifacts/0057-PL001-installed-selected-tiered-b.log
 create mode 100644 docs/qa-logs/2026-10-07-pixelelated-replacement-16/p4-build16-selected-content-01/proof/artifacts/0057-PL001-installed-selected-tiered-b.rc
 create mode 100644 docs/qa-logs/2026-10-07-pixelelated-replacement-16/p4-build16-selected-content-01/proof/artifacts/0058-PL001-installed-selected-tiered-b.log
 create mode 100644 docs/qa-logs/2026-10-07-pixelelated-replacement-16/p4-build16-selected-content-01/proof/artifacts/0058-PL001-installed-selected-tiered-b.rc
 create mode 100644 docs/qa-logs/2026-10-07-pixelelated-replacement-16/p4-build16-selected-content-01/proof/artifacts/0059-PL001-installed-selected-tiered-b.log
 create mode 100644 docs/qa-logs/2026-10-07-pixelelated-replacement-16/p4-build16-selected-content-01/proof/artifacts/0059-PL001-installed-selected-tiered-b.rc
 create mode 100644 docs/qa-logs/2026-10-07-pixelelated-replacement-16/p4-build16-selected-content-01/proof/artifacts/0060-PL001-installed-selected-tiered-a.log
 create mode 100644 docs/qa-logs/2026-10-07-pixelelated-replacement-16/p4-build16-selected-content-01/proof/artifacts/0060-PL001-installed-selected-tiered-a.rc
 create mode 100644 docs/qa-logs/2026-10-07-pixelelated-replacement-16/p4-build16-selected-content-01/proof/artifacts/0061-PL001-installed-selected-tiered-a.log
 create mode 100644 docs/qa-logs/2026-10-07-pixelelated-replacement-16/p4-build16-selected-content-01/proof/artifacts/0061-PL001-installed-selected-tiered-a.rc
 create mode 100644 docs/qa-logs/2026-10-07-pixelelated-replacement-16/p4-build16-selected-content-01/proof/artifacts/0062-PL001-installed-selected-tiered-b.log
 create mode 100644 docs/qa-logs/2026-10-07-pixelelated-replacement-16/p4-build16-selected-content-01/proof/artifacts/0062-PL001-installed-selected-tiered-b.rc
 create mode 100644 docs/qa-logs/2026-10-07-pixelelated-replacement-16/p4-build16-selected-content-01/proof/artifacts/0063-PL001-installed-selected-tiered-b.log
 create mode 100644 docs/qa-logs/2026-10-07-pixelelated-replacement-16/p4-build16-selected-content-01/proof/artifacts/0063-PL001-installed-selected-tiered-b.rc
 create mode 100644 docs/qa-logs/2026-10-07-pixelelated-replacement-16/p4-build16-selected-content-01/proof/artifacts/0064-PL001-installed-selected-tiered-a.log
 create mode 100644 docs/qa-logs/2026-10-07-pixelelated-replacement-16/p4-build16-selected-content-01/proof/artifacts/0064-PL001-installed-selected-tiered-a.rc
 create mode 100644 docs/qa-logs/2026-10-07-pixelelated-replacement-16/p4-build16-selected-content-01/proof/artifacts/0065-PL001-installed-selected-tiered-b.log
 create mode 100644 docs/qa-logs/2026-10-07-pixelelated-replacement-16/p4-build16-selected-content-01/proof/artifacts/0065-PL001-installed-selected-tiered-b.rc
 create mode 100644 docs/qa-logs/2026-10-07-pixelelated-replacement-16/p4-build16-selected-content-01/proof/artifacts/0066-PL001-installed-selected-tiered-a.log
 create mode 100644 docs/qa-logs/2026-10-07-pixelelated-replacement-16/p4-build16-selected-content-01/proof/artifacts/0066-PL001-installed-selected-tiered-a.rc
 create mode 100644 docs/qa-logs/2026-10-07-pixelelated-replacement-16/p4-build16-selected-content-01/proof/artifacts/0067-PL001-installed-selected-tiered-a.log
 create mode 100644 docs/qa-logs/2026-10-07-pixelelated-replacement-16/p4-build16-selected-content-01/proof/artifacts/0067-PL001-installed-selected-tiered-a.rc
 create mode 100644 docs/qa-logs/2026-10-07-pixelelated-replacement-16/p4-build16-selected-content-01/proof/artifacts/0068-PL001-installed-selected-tiered-a.log
 create mode 100644 docs/qa-logs/2026-10-07-pixelelated-replacement-16/p4-build16-selected-content-01/proof/artifacts/0068-PL001-installed-selected-tiered-a.rc
 create mode 100644 docs/qa-logs/2026-10-07-pixelelated-replacement-16/p4-build16-selected-content-01/proof/artifacts/0069-PL001-installed-selected-tiered-a.log
 create mode 100644 docs/qa-logs/2026-10-07-pixelelated-replacement-16/p4-build16-selected-content-01/proof/artifacts/0069-PL001-installed-selected-tiered-a.rc
 create mode 100644 docs/qa-logs/2026-10-07-pixelelated-replacement-16/p4-build16-selected-content-01/proof/artifacts/0070-PL001-installed-selected-tiered-a.log
 create mode 100644 docs/qa-logs/2026-10-07-pixelelated-replacement-16/p4-build16-selected-content-01/proof/artifacts/0070-PL001-installed-selected-tiered-a.rc
 create mode 100644 docs/qa-logs/2026-10-07-pixelelated-replacement-16/p4-build16-selected-content-01/proof/artifacts/0071-PL001-installed-selected-tiered-a.log
 create mode 100644 docs/qa-logs/2026-10-07-pixelelated-replacement-16/p4-build16-selected-content-01/proof/artifacts/0071-PL001-installed-selected-tiered-a.rc
 create mode 100644 docs/qa-logs/2026-10-07-pixelelated-replacement-16/p4-build16-selected-content-01/proof/artifacts/0072-PL001-installed-selected-tiered-a.log
 create mode 100644 docs/qa-logs/2026-10-07-pixelelated-replacement-16/p4-build16-selected-content-01/proof/artifacts/0072-PL001-installed-selected-tiered-a.rc
 create mode 100644 docs/qa-logs/2026-10-07-pixelelated-replacement-16/p4-build16-selected-content-01/proof/artifacts/0073-PL001-installed-selected-tiered-a.log
 create mode 100644 docs/qa-logs/2026-10-07-pixelelated-replacement-16/p4-build16-selected-content-01/proof/artifacts/0073-PL001-installed-selected-tiered-a.rc
 create mode 100644 docs/qa-logs/2026-10-07-pixelelated-replacement-16/p4-build16-selected-content-01/proof/artifacts/0074-PL001-installed-selected-tiered-a.log
 create mode 100644 docs/qa-logs/2026-10-07-pixelelated-replacement-16/p4-build16-selected-content-01/proof/artifacts/0074-PL001-installed-selected-tiered-a.rc
 create mode 100644 docs/qa-logs/2026-10-07-pixelelated-replacement-16/p4-build16-selected-content-01/proof/artifacts/0075-PL001-installed-selected-tiered-a.log
 create mode 100644 docs/qa-logs/2026-10-07-pixelelated-replacement-16/p4-build16-selected-content-01/proof/artifacts/0075-PL001-installed-selected-tiered-a.rc
 create mode 100644 docs/qa-logs/2026-10-07-pixelelated-replacement-16/p4-build16-selected-content-01/proof/artifacts/0076-PL001-installed-selected-tiered-a.log
 create mode 100644 docs/qa-logs/2026-10-07-pixelelated-replacement-16/p4-build16-selected-content-01/proof/artifacts/0076-PL001-installed-selected-tiered-a.rc
 create mode 100644 docs/qa-logs/2026-10-07-pixelelated-replacement-16/p4-build16-selected-content-01/proof/artifacts/0077-PL001-installed-selected-tiered-a.log
 create mode 100644 docs/qa-logs/2026-10-07-pixelelated-replacement-16/p4-build16-selected-content-01/proof/artifacts/0077-PL001-installed-selected-tiered-a.rc
 create mode 100644 docs/qa-logs/2026-10-07-pixelelated-replacement-16/p4-build16-selected-content-01/proof/artifacts/0078-PL001-installed-selected-tiered-a.log
 create mode 100644 docs/qa-logs/2026-10-07-pixelelated-replacement-16/p4-build16-selected-content-01/proof/artifacts/0078-PL001-installed-selected-tiered-a.rc
 create mode 100644 docs/qa-logs/2026-10-07-pixelelated-replacement-16/p4-build16-selected-content-01/proof/artifacts/0079-PL001-installed-selected-tiered-a.log
 create mode 100644 docs/qa-logs/2026-10-07-pixelelated-replacement-16/p4-build16-selected-content-01/proof/artifacts/0079-PL001-installed-selected-tiered-a.rc
 create mode 100644 docs/qa-logs/2026-10-07-pixelelated-replacement-16/p4-build16-selected-content-01/proof/artifacts/0080-PL001-installed-selected-tiered-a.log
 create mode 100644 docs/qa-logs/2026-10-07-pixelelated-replacement-16/p4-build16-selected-content-01/proof/artifacts/0080-PL001-installed-selected-tiered-a.rc
 create mode 100644 docs/qa-logs/2026-10-07-pixelelated-replacement-16/p4-build16-selected-content-01/proof/artifacts/0081-PL001-installed-selected-bios-a.log
 create mode 100644 docs/qa-logs/2026-10-07-pixelelated-replacement-16/p4-build16-selected-content-01/proof/artifacts/0081-PL001-installed-selected-bios-a.rc
 create mode 100644 docs/qa-logs/2026-10-07-pixelelated-replacement-16/p4-build16-selected-content-01/proof/artifacts/0082-PL001-installed-selected-bios-a.log
 create mode 100644 docs/qa-logs/2026-10-07-pixelelated-replacement-16/p4-build16-selected-content-01/proof/artifacts/0082-PL001-installed-selected-bios-a.rc
 create mode 100644 docs/qa-logs/2026-10-07-pixelelated-replacement-16/p4-build16-selected-content-01/proof/artifacts/0083-PL001-installed-selected-bios-a.log
 create mode 100644 docs/qa-logs/2026-10-07-pixelelated-replacement-16/p4-build16-selected-content-01/proof/artifacts/0083-PL001-installed-selected-bios-a.rc
 create mode 100644 docs/qa-logs/2026-10-07-pixelelated-replacement-16/p4-build16-selected-content-01/proof/artifacts/0084-PL001-installed-selected-bios-b.log
 create mode 100644 docs/qa-logs/2026-10-07-pixelelated-replacement-16/p4-build16-selected-content-01/proof/artifacts/0084-PL001-installed-selected-bios-b.rc
 create mode 100644 docs/qa-logs/2026-10-07-pixelelated-replacement-16/p4-build16-selected-content-01/proof/artifacts/0085-PL001-installed-selected-bios-b.log
 create mode 100644 docs/qa-logs/2026-10-07-pixelelated-replacement-16/p4-build16-selected-content-01/proof/artifacts/0085-PL001-installed-selected-bios-b.rc
 create mode 100644 docs/qa-logs/2026-10-07-pixelelated-replacement-16/p4-build16-selected-content-01/proof/artifacts/0086-PL001-installed-selected-bios-b.log
 create mode 100644 docs/qa-logs/2026-10-07-pixelelated-replacement-16/p4-build16-selected-content-01/proof/artifacts/0086-PL001-installed-selected-bios-b.rc
 create mode 100644 docs/qa-logs/2026-10-07-pixelelated-replacement-16/p4-build16-selected-content-01/proof/artifacts/0087-PL001-installed-selected-bios-a.log
 create mode 100644 docs/qa-logs/2026-10-07-pixelelated-replacement-16/p4-build16-selected-content-01/proof/artifacts/0087-PL001-installed-selected-bios-a.rc
 create mode 100644 docs/qa-logs/2026-10-07-pixelelated-replacement-16/p4-build16-selected-content-01/proof/artifacts/0088-PL001-installed-selected-bios-a.log
 create mode 100644 docs/qa-logs/2026-10-07-pixelelated-replacement-16/p4-build16-selected-content-01/proof/artifacts/0088-PL001-installed-selected-bios-a.rc
 create mode 100644 docs/qa-logs/2026-10-07-pixelelated-replacement-16/p4-build16-selected-content-01/proof/artifacts/0089-PL001-installed-selected-bios-b.log
 create mode 100644 docs/qa-logs/2026-10-07-pixelelated-replacement-16/p4-build16-selected-content-01/proof/artifacts/0089-PL001-installed-selected-bios-b.rc
 create mode 100644 docs/qa-logs/2026-10-07-pixelelated-replacement-16/p4-build16-selected-content-01/proof/artifacts/0090-PL001-installed-selected-bios-b.log
 create mode 100644 docs/qa-logs/2026-10-07-pixelelated-replacement-16/p4-build16-selected-content-01/proof/artifacts/0090-PL001-installed-selected-bios-b.rc
 create mode 100644 docs/qa-logs/2026-10-07-pixelelated-replacement-16/p4-build16-selected-content-01/proof/artifacts/0091-PL001-installed-selected-bios-a.log
 create mode 100644 docs/qa-logs/2026-10-07-pixelelated-replacement-16/p4-build16-selected-content-01/proof/artifacts/0091-PL001-installed-selected-bios-a.rc
 create mode 100644 docs/qa-logs/2026-10-07-pixelelated-replacement-16/p4-build16-selected-content-01/proof/artifacts/0092-PL001-installed-selected-bios-b.log
 create mode 100644 docs/qa-logs/2026-10-07-pixelelated-replacement-16/p4-build16-selected-content-01/proof/artifacts/0092-PL001-installed-selected-bios-b.rc
 create mode 100644 docs/qa-logs/2026-10-07-pixelelated-replacement-16/p4-build16-selected-content-01/proof/artifacts/0093-PL001-installed-selected-bios-a.log
 create mode 100644 docs/qa-logs/2026-10-07-pixelelated-replacement-16/p4-build16-selected-content-01/proof/artifacts/0093-PL001-installed-selected-bios-a.rc
 create mode 100644 docs/qa-logs/2026-10-07-pixelelated-replacement-16/p4-build16-selected-content-01/proof/artifacts/0094-PL001-installed-selected-bios-a.log
 create mode 100644 docs/qa-logs/2026-10-07-pixelelated-replacement-16/p4-build16-selected-content-01/proof/artifacts/0094-PL001-installed-selected-bios-a.rc
 create mode 100644 docs/qa-logs/2026-10-07-pixelelated-replacement-16/p4-build16-selected-content-01/proof/artifacts/0095-PL001-installed-selected-bios-a.log
 create mode 100644 docs/qa-logs/2026-10-07-pixelelated-replacement-16/p4-build16-selected-content-01/proof/artifacts/0095-PL001-installed-selected-bios-a.rc
 create mode 100644 docs/qa-logs/2026-10-07-pixelelated-replacement-16/p4-build16-selected-content-01/proof/artifacts/0096-PL001-installed-selected-bios-a.log
 create mode 100644 docs/qa-logs/2026-10-07-pixelelated-replacement-16/p4-build16-selected-content-01/proof/artifacts/0096-PL001-installed-selected-bios-a.rc
 create mode 100644 docs/qa-logs/2026-10-07-pixelelated-replacement-16/p4-build16-selected-content-01/proof/artifacts/0097-PL001-installed-selected-bios-a.log
 create mode 100644 docs/qa-logs/2026-10-07-pixelelated-replacement-16/p4-build16-selected-content-01/proof/artifacts/0097-PL001-installed-selected-bios-a.rc
 create mode 100644 docs/qa-logs/2026-10-07-pixelelated-replacement-16/p4-build16-selected-content-01/proof/artifacts/0098-PL001-installed-selected-bios-a.log
 create mode 100644 docs/qa-logs/2026-10-07-pixelelated-replacement-16/p4-build16-selected-content-01/proof/artifacts/0098-PL001-installed-selected-bios-a.rc
 create mode 100644 docs/qa-logs/2026-10-07-pixelelated-replacement-16/p4-build16-selected-content-01/proof/artifacts/0099-PL001-installed-selected-bios-a.log
 create mode 100644 docs/qa-logs/2026-10-07-pixelelated-replacement-16/p4-build16-selected-content-01/proof/artifacts/0099-PL001-installed-selected-bios-a.rc
 create mode 100644 docs/qa-logs/2026-10-07-pixelelated-replacement-16/p4-build16-selected-content-01/proof/artifacts/0100-PL001-installed-selected-bios-a.log
 create mode 100644 docs/qa-logs/2026-10-07-pixelelated-replacement-16/p4-build16-selected-content-01/proof/artifacts/0100-PL001-installed-selected-bios-a.rc
 create mode 100644 docs/qa-logs/2026-10-07-pixelelated-replacement-16/p4-build16-selected-content-01/proof/artifacts/0101-PL001-installed-selected-bios-a.log
 create mode 100644 docs/qa-logs/2026-10-07-pixelelated-replacement-16/p4-build16-selected-content-01/proof/artifacts/0101-PL001-installed-selected-bios-a.rc
 create mode 100644 docs/qa-logs/2026-10-07-pixelelated-replacement-16/p4-build16-selected-content-01/proof/artifacts/0102-PL001-installed-selected-bios-a.log
 create mode 100644 docs/qa-logs/2026-10-07-pixelelated-replacement-16/p4-build16-selected-content-01/proof/artifacts/0102-PL001-installed-selected-bios-a.rc
 create mode 100644 docs/qa-logs/2026-10-07-pixelelated-replacement-16/p4-build16-selected-content-01/proof/artifacts/0103-PL001-installed-selected-bios-a.log
 create mode 100644 docs/qa-logs/2026-10-07-pixelelated-replacement-16/p4-build16-selected-content-01/proof/artifacts/0103-PL001-installed-selected-bios-a.rc
 create mode 100644 docs/qa-logs/2026-10-07-pixelelated-replacement-16/p4-build16-selected-content-01/proof/artifacts/0104-PL001-installed-selected-bios-a.log
 create mode 100644 docs/qa-logs/2026-10-07-pixelelated-replacement-16/p4-build16-selected-content-01/proof/artifacts/0104-PL001-installed-selected-bios-a.rc
 create mode 100644 docs/qa-logs/2026-10-07-pixelelated-replacement-16/p4-build16-selected-content-01/proof/artifacts/0105-PL001-installed-selected-bios-a.log
 create mode 100644 docs/qa-logs/2026-10-07-pixelelated-replacement-16/p4-build16-selected-content-01/proof/artifacts/0105-PL001-installed-selected-bios-a.rc
 create mode 100644 docs/qa-logs/2026-10-07-pixelelated-replacement-16/p4-build16-selected-content-01/proof/artifacts/0106-PL001-installed-selected-bios-a.log
 create mode 100644 docs/qa-logs/2026-10-07-pixelelated-replacement-16/p4-build16-selected-content-01/proof/artifacts/0106-PL001-installed-selected-bios-a.rc
 create mode 100644 docs/qa-logs/2026-10-07-pixelelated-replacement-16/p4-build16-selected-content-01/proof/artifacts/0107-PL001-installed-selected-bios-a.log
 create mode 100644 docs/qa-logs/2026-10-07-pixelelated-replacement-16/p4-build16-selected-content-01/proof/artifacts/0107-PL001-installed-selected-bios-a.rc
 create mode 100644 docs/qa-logs/2026-10-07-pixelelated-replacement-16/p4-build16-selected-content-01/proof/artifacts/0108-PL001-installed-selected-unsupported-a.log
 create mode 100644 docs/qa-logs/2026-10-07-pixelelated-replacement-16/p4-build16-selected-content-01/proof/artifacts/0108-PL001-installed-selected-unsupported-a.rc
 create mode 100644 docs/qa-logs/2026-10-07-pixelelated-replacement-16/p4-build16-selected-content-01/proof/artifacts/0109-PL001-installed-selected-unsupported-a.log
 create mode 100644 docs/qa-logs/2026-10-07-pixelelated-replacement-16/p4-build16-selected-content-01/proof/artifacts/0109-PL001-installed-selected-unsupported-a.rc
 create mode 100644 docs/qa-logs/2026-10-07-pixelelated-replacement-16/p4-build16-selected-content-01/proof/artifacts/0110-PL001-installed-selected-unsupported-a.log
 create mode 100644 docs/qa-logs/2026-10-07-pixelelated-replacement-16/p4-build16-selected-content-01/proof/artifacts/0110-PL001-installed-selected-unsupported-a.rc
 create mode 100644 docs/qa-logs/2026-10-07-pixelelated-replacement-16/p4-build16-selected-content-01/proof/artifacts/0111-PL001-installed-selected-unsupported-b.log
 create mode 100644 docs/qa-logs/2026-10-07-pixelelated-replacement-16/p4-build16-selected-content-01/proof/artifacts/0111-PL001-installed-selected-unsupported-b.rc
 create mode 100644 docs/qa-logs/2026-10-07-pixelelated-replacement-16/p4-build16-selected-content-01/proof/artifacts/0112-PL001-installed-selected-unsupported-b.log
 create mode 100644 docs/qa-logs/2026-10-07-pixelelated-replacement-16/p4-build16-selected-content-01/proof/artifacts/0112-PL001-installed-selected-unsupported-b.rc
 create mode 100644 docs/qa-logs/2026-10-07-pixelelated-replacement-16/p4-build16-selected-content-01/proof/artifacts/0113-PL001-installed-selected-unsupported-b.log
 create mode 100644 docs/qa-logs/2026-10-07-pixelelated-replacement-16/p4-build16-selected-content-01/proof/artifacts/0113-PL001-installed-selected-unsupported-b.rc
 create mode 100644 docs/qa-logs/2026-10-07-pixelelated-replacement-16/p4-build16-selected-content-01/proof/artifacts/0114-PL001-installed-selected-unsupported-a.log
 create mode 100644 docs/qa-logs/2026-10-07-pixelelated-replacement-16/p4-build16-selected-content-01/proof/artifacts/0114-PL001-installed-selected-unsupported-a.rc
 create mode 100644 docs/qa-logs/2026-10-07-pixelelated-replacement-16/p4-build16-selected-content-01/proof/artifacts/0115-PL001-installed-selected-unsupported-a.log
 create mode 100644 docs/qa-logs/2026-10-07-pixelelated-replacement-16/p4-build16-selected-content-01/proof/artifacts/0115-PL001-installed-selected-unsupported-a.rc
 create mode 100644 docs/qa-logs/2026-10-07-pixelelated-replacement-16/p4-build16-selected-content-01/proof/artifacts/0116-PL001-installed-selected-unsupported-b.log
 create mode 100644 docs/qa-logs/2026-10-07-pixelelated-replacement-16/p4-build16-selected-content-01/proof/artifacts/0116-PL001-installed-selected-unsupported-b.rc
 create mode 100644 docs/qa-logs/2026-10-07-pixelelated-replacement-16/p4-build16-selected-content-01/proof/artifacts/0117-PL001-installed-selected-unsupported-b.log
 create mode 100644 docs/qa-logs/2026-10-07-pixelelated-replacement-16/p4-build16-selected-content-01/proof/artifacts/0117-PL001-installed-selected-unsupported-b.rc
 create mode 100644 docs/qa-logs/2026-10-07-pixelelated-replacement-16/p4-build16-selected-content-01/proof/artifacts/0118-PL001-installed-selected-unsupported-a.log
 create mode 100644 docs/qa-logs/2026-10-07-pixelelated-replacement-16/p4-build16-selected-content-01/proof/artifacts/0118-PL001-installed-selected-unsupported-a.rc
 create mode 100644 docs/qa-logs/2026-10-07-pixelelated-replacement-16/p4-build16-selected-content-01/proof/artifacts/0119-PL001-installed-selected-unsupported-b.log
 create mode 100644 docs/qa-logs/2026-10-07-pixelelated-replacement-16/p4-build16-selected-content-01/proof/artifacts/0119-PL001-installed-selected-unsupported-b.rc
 create mode 100644 docs/qa-logs/2026-10-07-pixelelated-replacement-16/p4-build16-selected-content-01/proof/artifacts/0120-PL001-installed-selected-unsupported-a.log
 create mode 100644 docs/qa-logs/2026-10-07-pixelelated-replacement-16/p4-build16-selected-content-01/proof/artifacts/0120-PL001-installed-selected-unsupported-a.rc
 create mode 100644 docs/qa-logs/2026-10-07-pixelelated-replacement-16/p4-build16-selected-content-01/proof/artifacts/0121-PL001-installed-selected-unsupported-a.log
 create mode 100644 docs/qa-logs/2026-10-07-pixelelated-replacement-16/p4-build16-selected-content-01/proof/artifacts/0121-PL001-installed-selected-unsupported-a.rc
 create mode 100644 docs/qa-logs/2026-10-07-pixelelated-replacement-16/p4-build16-selected-content-01/proof/artifacts/0122-PL001-installed-selected-unsupported-a.log
 create mode 100644 docs/qa-logs/2026-10-07-pixelelated-replacement-16/p4-build16-selected-content-01/proof/artifacts/0122-PL001-installed-selected-unsupported-a.rc
 create mode 100644 docs/qa-logs/2026-10-07-pixelelated-replacement-16/p4-build16-selected-content-01/proof/artifacts/0123-PL001-installed-selected-unsupported-a.log
 create mode 100644 docs/qa-logs/2026-10-07-pixelelated-replacement-16/p4-build16-selected-content-01/proof/artifacts/0123-PL001-installed-selected-unsupported-a.rc
 create mode 100644 docs/qa-logs/2026-10-07-pixelelated-replacement-16/p4-build16-selected-content-01/proof/artifacts/0124-PL001-installed-selected-unsupported-a.log
 create mode 100644 docs/qa-logs/2026-10-07-pixelelated-replacement-16/p4-build16-selected-content-01/proof/artifacts/0124-PL001-installed-selected-unsupported-a.rc
 create mode 100644 docs/qa-logs/2026-10-07-pixelelated-replacement-16/p4-build16-selected-content-01/proof/artifacts/0125-PL001-installed-selected-unsupported-a.log
 create mode 100644 docs/qa-logs/2026-10-07-pixelelated-replacement-16/p4-build16-selected-content-01/proof/artifacts/0125-PL001-installed-selected-unsupported-a.rc
 create mode 100644 docs/qa-logs/2026-10-07-pixelelated-replacement-16/p4-build16-selected-content-01/proof/artifacts/0126-PL001-installed-selected-unsupported-a.log
 create mode 100644 docs/qa-logs/2026-10-07-pixelelated-replacement-16/p4-build16-selected-content-01/proof/artifacts/0126-PL001-installed-selected-unsupported-a.rc
 create mode 100644 docs/qa-logs/2026-10-07-pixelelated-replacement-16/p4-build16-selected-content-01/proof/artifacts/0127-PL001-installed-selected-unsupported-a.log
 create mode 100644 docs/qa-logs/2026-10-07-pixelelated-replacement-16/p4-build16-selected-content-01/proof/artifacts/0127-PL001-installed-selected-unsupported-a.rc
 create mode 100644 docs/qa-logs/2026-10-07-pixelelated-replacement-16/p4-build16-selected-content-01/proof/artifacts/0128-PL001-installed-selected-unsupported-a.log
 create mode 100644 docs/qa-logs/2026-10-07-pixelelated-replacement-16/p4-build16-selected-content-01/proof/artifacts/0128-PL001-installed-selected-unsupported-a.rc
 create mode 100644 docs/qa-logs/2026-10-07-pixelelated-replacement-16/p4-build16-selected-content-01/proof/artifacts/0129-PL001-installed-selected-unsupported-a.log
 create mode 100644 docs/qa-logs/2026-10-07-pixelelated-replacement-16/p4-build16-selected-content-01/proof/artifacts/0129-PL001-installed-selected-unsupported-a.rc
 create mode 100644 docs/qa-logs/2026-10-07-pixelelated-replacement-16/p4-build16-selected-content-01/proof/artifacts/0130-PL001-installed-selected-unsupported-a.log
 create mode 100644 docs/qa-logs/2026-10-07-pixelelated-replacement-16/p4-build16-selected-content-01/proof/artifacts/0130-PL001-installed-selected-unsupported-a.rc
 create mode 100644 docs/qa-logs/2026-10-07-pixelelated-replacement-16/p4-build16-selected-content-01/proof/artifacts/0131-PL001-installed-selected-unsupported-a.log
 create mode 100644 docs/qa-logs/2026-10-07-pixelelated-replacement-16/p4-build16-selected-content-01/proof/artifacts/0131-PL001-installed-selected-unsupported-a.rc
 create mode 100644 docs/qa-logs/2026-10-07-pixelelated-replacement-16/p4-build16-selected-content-01/proof/artifacts/0132-PL001-installed-selected-unsupported-a.log
 create mode 100644 docs/qa-logs/2026-10-07-pixelelated-replacement-16/p4-build16-selected-content-01/proof/artifacts/0132-PL001-installed-selected-unsupported-a.rc
 create mode 100644 docs/qa-logs/2026-10-07-pixelelated-replacement-16/p4-build16-selected-content-01/proof/artifacts/0133-PL001-installed-selected-unsupported-a.log
 create mode 100644 docs/qa-logs/2026-10-07-pixelelated-replacement-16/p4-build16-selected-content-01/proof/artifacts/0133-PL001-installed-selected-unsupported-a.rc
 create mode 100644 docs/qa-logs/2026-10-07-pixelelated-replacement-16/p4-build16-selected-content-01/proof/artifacts/0134-final-custody-a.log
 create mode 100644 docs/qa-logs/2026-10-07-pixelelated-replacement-16/p4-build16-selected-content-01/proof/artifacts/0134-final-custody-a.rc
 create mode 100644 docs/qa-logs/2026-10-07-pixelelated-replacement-16/p4-build16-selected-content-01/proof/artifacts/0135-final-custody-a.log
 create mode 100644 docs/qa-logs/2026-10-07-pixelelated-replacement-16/p4-build16-selected-content-01/proof/artifacts/0135-final-custody-a.rc
 create mode 100644 docs/qa-logs/2026-10-07-pixelelated-replacement-16/p4-build16-selected-content-01/proof/artifacts/0136-final-custody-a.log
 create mode 100644 docs/qa-logs/2026-10-07-pixelelated-replacement-16/p4-build16-selected-content-01/proof/artifacts/0136-final-custody-a.rc
 create mode 100644 docs/qa-logs/2026-10-07-pixelelated-replacement-16/p4-build16-selected-content-01/proof/artifacts/0137-final-custody-a.log
 create mode 100644 docs/qa-logs/2026-10-07-pixelelated-replacement-16/p4-build16-selected-content-01/proof/artifacts/0137-final-custody-a.rc
 create mode 100644 docs/qa-logs/2026-10-07-pixelelated-replacement-16/p4-build16-selected-content-01/proof/artifacts/0138-final-custody-b.log
 create mode 100644 docs/qa-logs/2026-10-07-pixelelated-replacement-16/p4-build16-selected-content-01/proof/artifacts/0138-final-custody-b.rc
 create mode 100644 docs/qa-logs/2026-10-07-pixelelated-replacement-16/p4-build16-selected-content-01/proof/artifacts/0139-final-custody-b.log
 create mode 100644 docs/qa-logs/2026-10-07-pixelelated-replacement-16/p4-build16-selected-content-01/proof/artifacts/0139-final-custody-b.rc
 create mode 100644 docs/qa-logs/2026-10-07-pixelelated-replacement-16/p4-build16-selected-content-01/proof/artifacts/0140-final-custody-b.log
 create mode 100644 docs/qa-logs/2026-10-07-pixelelated-replacement-16/p4-build16-selected-content-01/proof/artifacts/0140-final-custody-b.rc
 create mode 100644 docs/qa-logs/2026-10-07-pixelelated-replacement-16/p4-build16-selected-content-01/proof/artifacts/0141-final-custody-b.log
 create mode 100644 docs/qa-logs/2026-10-07-pixelelated-replacement-16/p4-build16-selected-content-01/proof/artifacts/0141-final-custody-b.rc
 create mode 100644 docs/qa-logs/2026-10-07-pixelelated-replacement-16/p4-build16-selected-content-01/proof/artifacts/PL001-installed-selected-bios-reset.json
 create mode 100644 docs/qa-logs/2026-10-07-pixelelated-replacement-16/p4-build16-selected-content-01/proof/artifacts/PL001-installed-selected-bios-selected.json
 create mode 100644 docs/qa-logs/2026-10-07-pixelelated-replacement-16/p4-build16-selected-content-01/proof/artifacts/PL001-installed-selected-legacy-reset.json
 create mode 100644 docs/qa-logs/2026-10-07-pixelelated-replacement-16/p4-build16-selected-content-01/proof/artifacts/PL001-installed-selected-legacy-selected.json
 create mode 100644 docs/qa-logs/2026-10-07-pixelelated-replacement-16/p4-build16-selected-content-01/proof/artifacts/PL001-installed-selected-tiered-reset.json
 create mode 100644 docs/qa-logs/2026-10-07-pixelelated-replacement-16/p4-build16-selected-content-01/proof/artifacts/PL001-installed-selected-tiered-selected.json
 create mode 100644 docs/qa-logs/2026-10-07-pixelelated-replacement-16/p4-build16-selected-content-01/proof/artifacts/PL001-installed-selected-unsupported-reset.json
 create mode 100644 docs/qa-logs/2026-10-07-pixelelated-replacement-16/p4-build16-selected-content-01/proof/artifacts/PL001-installed-selected-unsupported-selected.json
 create mode 100644 docs/qa-logs/2026-10-07-pixelelated-replacement-16/p4-build16-selected-content-01/proof/artifacts/identities.json
 create mode 100644 docs/qa-logs/2026-10-07-pixelelated-replacement-16/p4-build16-selected-content-01/proof/artifacts/results.json
 create mode 100644 docs/qa-logs/2026-10-07-pixelelated-replacement-16/p4-build16-selected-content-01/proof/cleanup.json
 create mode 100644 docs/qa-logs/2026-10-07-pixelelated-replacement-16/p4-build16-selected-content-01/provenance.json
 create mode 100644 docs/qa-logs/2026-10-07-pixelelated-replacement-16/p4-build16-selected-content-01/qa.start
 create mode 100644 docs/qa-logs/2026-10-07-pixelelated-replacement-16/p4-build16-selected-content-01/retention.json
 create mode 100644 docs/qa-logs/2026-10-07-pixelelated-replacement-16/p4-build16-selected-content-01/run.path
 create mode 100644 docs/qa-logs/2026-10-07-pixelelated-replacement-16/p4-build16-selected-content-01/run.py
 create mode 100644 docs/qa-logs/2026-10-07-pixelelated-replacement-16/p4-build16-selected-content-01/seal.json
 create mode 100644 docs/qa-logs/2026-10-07-pixelelated-replacement-16/p4-build16-selected-content-01/sha256.json
 create mode 100644 docs/qa-logs/2026-10-07-pixelelated-replacement-16/p4-build16-selected-content-01/tool-wrapper.rc
 create mode 100644 docs/qa-logs/2026-10-07-pixelelated-replacement-16/p4-build16-selected-content-01/verify-inputs.py
 create mode 100755 docs/qa-logs/2026-10-07-pixelelated-replacement-16/p4-build16-selected-content-01/watch-build-submit.py
 create mode 100644 docs/qa-logs/2026-10-07-pixelelated-replacement-16/p4-build16-selected-content-01/watcher/build.log
 create mode 100644 docs/qa-logs/2026-10-07-pixelelated-replacement-16/p4-build16-selected-content-01/watcher/build.pid
 create mode 100644 docs/qa-logs/2026-10-07-pixelelated-replacement-16/p4-build16-selected-content-01/watcher/build.rc
 create mode 100644 docs/qa-logs/2026-10-07-pixelelated-replacement-16/p4-build16-selected-content-01/watcher/build.status
 create mode 100644 docs/qa-logs/2026-10-07-pixelelated-replacement-16/p4-build16-selected-content-01/watcher/command.pid
 create mode 100644 docs/qa-logs/2026-10-07-pixelelated-replacement-16/p4-build16-selected-content-01/watcher/watcher.pid
 create mode 100644 docs/qa-logs/2026-10-07-pixelelated-replacement-16/phase7-source-readback/commands.json
 create mode 100644 docs/qa-logs/2026-10-07-pixelelated-replacement-16/phase7-source-readback/final-acceptance-receipts.json
 create mode 100644 docs/qa-logs/2026-10-07-pixelelated-replacement-16/preparation/accept-cloud02.py
 create mode 100644 docs/qa-logs/2026-10-07-pixelelated-replacement-16/preparation/accept-content-routing01.py
 create mode 100644 docs/qa-logs/2026-10-07-pixelelated-replacement-16/preparation/accept-qa20.py
 create mode 100644 docs/qa-logs/2026-10-07-pixelelated-replacement-16/preparation/accept-selected-content01.py
 create mode 100644 docs/qa-logs/2026-10-07-pixelelated-replacement-16/preparation/finish-phase7-docs.py
 create mode 100644 docs/qa-logs/2026-10-07-pixelelated-replacement-16/preparation/prepare-build16-content-routing01.py
 create mode 100644 docs/qa-logs/2026-10-07-pixelelated-replacement-16/preparation/prepare-build16-selected-content01.py
 create mode 100644 docs/qa-logs/2026-10-07-pixelelated-replacement-16/preparation/prepare-phase7-plans.py
 create mode 100644 docs/qa-logs/2026-10-07-pixelelated-replacement-16/preparation/prepare-phase7-publication07.py
 create mode 100644 docs/qa-logs/2026-10-07-pixelelated-replacement-16/preparation/record-content-routing-review.py
 create mode 100644 docs/qa-logs/2026-10-07-pixelelated-replacement-16/qa-20/artifacts/identity-initial-clean/01-main-menu-identity.png
 create mode 100644 docs/qa-logs/2026-10-07-pixelelated-replacement-16/qa-20/artifacts/identity-initial-clean/02-system-settings.png
 create mode 100644 docs/qa-logs/2026-10-07-pixelelated-replacement-16/qa-20/artifacts/identity-initial-clean/03-information.png
 create mode 100644 docs/qa-logs/2026-10-07-pixelelated-replacement-16/qa-20/artifacts/identity-initial-clean/04-updates.png
 create mode 100644 docs/qa-logs/2026-10-07-pixelelated-replacement-16/qa-20/artifacts/identity-initial-clean/05-manual-update-message.png
 create mode 100644 docs/qa-logs/2026-10-07-pixelelated-replacement-16/qa-20/artifacts/identity-upgrade-software/01-main-menu-identity.png
 create mode 100644 docs/qa-logs/2026-10-07-pixelelated-replacement-16/qa-20/artifacts/identity-upgrade-software/02-system-settings.png
 create mode 100644 docs/qa-logs/2026-10-07-pixelelated-replacement-16/qa-20/artifacts/identity-upgrade-software/03-information.png
 create mode 100644 docs/qa-logs/2026-10-07-pixelelated-replacement-16/qa-20/artifacts/identity-upgrade-software/04-updates.png
 create mode 100644 docs/qa-logs/2026-10-07-pixelelated-replacement-16/qa-20/artifacts/identity-upgrade-software/05-manual-update-message.png
 create mode 100644 docs/qa-logs/2026-10-07-pixelelated-replacement-16/qa-20/artifacts/identity-upgrade/01-main-menu-identity.png
 create mode 100644 docs/qa-logs/2026-10-07-pixelelated-replacement-16/qa-20/artifacts/identity-upgrade/02-system-settings.png
 create mode 100644 docs/qa-logs/2026-10-07-pixelelated-replacement-16/qa-20/artifacts/identity-upgrade/03-information.png
 create mode 100644 docs/qa-logs/2026-10-07-pixelelated-replacement-16/qa-20/artifacts/identity-upgrade/04-updates.png
 create mode 100644 docs/qa-logs/2026-10-07-pixelelated-replacement-16/qa-20/artifacts/identity-upgrade/05-manual-update-message.png
 create mode 100644 docs/qa-logs/2026-10-07-pixelelated-replacement-16/qa-20/artifacts/lifecycle-initial-clean/after.json
 create mode 100644 docs/qa-logs/2026-10-07-pixelelated-replacement-16/qa-20/artifacts/lifecycle-initial-clean/before.json
 create mode 100644 docs/qa-logs/2026-10-07-pixelelated-replacement-16/qa-20/artifacts/lifecycle-initial-clean/journal.txt
 create mode 100644 docs/qa-logs/2026-10-07-pixelelated-replacement-16/qa-20/artifacts/lifecycle-initial-clean/result.json
 create mode 100644 docs/qa-logs/2026-10-07-pixelelated-replacement-16/qa-20/artifacts/lifecycle-upgrade-software/after.json
 create mode 100644 docs/qa-logs/2026-10-07-pixelelated-replacement-16/qa-20/artifacts/lifecycle-upgrade-software/before.json
 create mode 100644 docs/qa-logs/2026-10-07-pixelelated-replacement-16/qa-20/artifacts/lifecycle-upgrade-software/journal.txt
 create mode 100644 docs/qa-logs/2026-10-07-pixelelated-replacement-16/qa-20/artifacts/lifecycle-upgrade-software/result.json
 create mode 100644 docs/qa-logs/2026-10-07-pixelelated-replacement-16/qa-20/artifacts/lifecycle-upgrade/after.json
 create mode 100644 docs/qa-logs/2026-10-07-pixelelated-replacement-16/qa-20/artifacts/lifecycle-upgrade/before.json
 create mode 100644 docs/qa-logs/2026-10-07-pixelelated-replacement-16/qa-20/artifacts/lifecycle-upgrade/journal.txt
 create mode 100644 docs/qa-logs/2026-10-07-pixelelated-replacement-16/qa-20/artifacts/lifecycle-upgrade/result.json
 create mode 100644 docs/qa-logs/2026-10-07-pixelelated-replacement-16/qa-20/artifacts/payload-clean.json
 create mode 100644 docs/qa-logs/2026-10-07-pixelelated-replacement-16/qa-20/artifacts/payload-initial-clean.json
 create mode 100644 docs/qa-logs/2026-10-07-pixelelated-replacement-16/qa-20/artifacts/payload-upgrade-software.json
 create mode 100644 docs/qa-logs/2026-10-07-pixelelated-replacement-16/qa-20/artifacts/payload-upgrade.json
 create mode 100644 docs/qa-logs/2026-10-07-pixelelated-replacement-16/qa-20/artifacts/proxy-identity-clean.json
 create mode 100644 docs/qa-logs/2026-10-07-pixelelated-replacement-16/qa-20/artifacts/proxy-identity-initial-clean.json
 create mode 100644 docs/qa-logs/2026-10-07-pixelelated-replacement-16/qa-20/artifacts/proxy-identity-upgrade-software.json
 create mode 100644 docs/qa-logs/2026-10-07-pixelelated-replacement-16/qa-20/artifacts/proxy-identity-upgrade.json
 create mode 100644 docs/qa-logs/2026-10-07-pixelelated-replacement-16/qa-20/artifacts/renderer-initial-clean.json
 create mode 100644 docs/qa-logs/2026-10-07-pixelelated-replacement-16/qa-20/artifacts/renderer-initial-clean.stderr
 create mode 100644 docs/qa-logs/2026-10-07-pixelelated-replacement-16/qa-20/artifacts/renderer-initial-clean.stdout
 create mode 100644 docs/qa-logs/2026-10-07-pixelelated-replacement-16/qa-20/artifacts/renderer-upgrade-software.json
 create mode 100644 docs/qa-logs/2026-10-07-pixelelated-replacement-16/qa-20/artifacts/renderer-upgrade-software.stderr
 create mode 100644 docs/qa-logs/2026-10-07-pixelelated-replacement-16/qa-20/artifacts/renderer-upgrade-software.stdout
 create mode 100644 docs/qa-logs/2026-10-07-pixelelated-replacement-16/qa-20/artifacts/renderer-upgrade-virgl.json
 create mode 100644 docs/qa-logs/2026-10-07-pixelelated-replacement-16/qa-20/artifacts/renderer-upgrade-virgl.stderr
 create mode 100644 docs/qa-logs/2026-10-07-pixelelated-replacement-16/qa-20/artifacts/renderer-upgrade-virgl.stdout
 create mode 100644 docs/qa-logs/2026-10-07-pixelelated-replacement-16/qa-20/artifacts/rocknix-images/qa-ee01490913-webdav-a-20261007-0152/exit.log
 create mode 100644 docs/qa-logs/2026-10-07-pixelelated-replacement-16/qa-20/artifacts/rocknix-images/qa-ee01490913-webdav-a-20261007-0152/frame-diff.log
 create mode 100644 docs/qa-logs/2026-10-07-pixelelated-replacement-16/qa-20/artifacts/rocknix-images/qa-ee01490913-webdav-a-20261007-0152/frame-diff.md
 create mode 100644 docs/qa-logs/2026-10-07-pixelelated-replacement-16/qa-20/artifacts/rocknix-images/qa-ee01490913-webdav-a-20261007-0152/french.log
 create mode 100644 docs/qa-logs/2026-10-07-pixelelated-replacement-16/qa-20/artifacts/rocknix-images/qa-ee01490913-webdav-a-20261007-0152/fresh.log
 create mode 100644 docs/qa-logs/2026-10-07-pixelelated-replacement-16/qa-20/artifacts/rocknix-images/qa-ee01490913-webdav-a-20261007-0152/lifetime.log
 create mode 100644 docs/qa-logs/2026-10-07-pixelelated-replacement-16/qa-20/artifacts/rocknix-images/qa-ee01490913-webdav-a-20261007-0152/menumap.log
 create mode 100644 docs/qa-logs/2026-10-07-pixelelated-replacement-16/qa-20/artifacts/rocknix-images/qa-ee01490913-webdav-a-20261007-0152/pair-identity.log
 create mode 100644 docs/qa-logs/2026-10-07-pixelelated-replacement-16/qa-20/artifacts/rocknix-images/qa-ee01490913-webdav-a-20261007-0152/quoting.log
 create mode 100644 docs/qa-logs/2026-10-07-pixelelated-replacement-16/qa-20/artifacts/rocknix-images/qa-ee01490913-webdav-a-20261007-0152/register.log
 create mode 100644 docs/qa-logs/2026-10-07-pixelelated-replacement-16/qa-20/artifacts/rocknix-images/qa-ee01490913-webdav-a-20261007-0152/report.md
 create mode 100644 docs/qa-logs/2026-10-07-pixelelated-replacement-16/qa-20/artifacts/rocknix-images/qa-ee01490913-webdav-a-20261007-0152/round-trip.log
 create mode 100644 docs/qa-logs/2026-10-07-pixelelated-replacement-16/qa-20/artifacts/rocknix-images/qa-ee01490913-webdav-a-20261007-0152/scripts.log
 create mode 100644 docs/qa-logs/2026-10-07-pixelelated-replacement-16/qa-20/artifacts/rocknix-images/qa-ee01490913-webdav-a-20261007-0152/time-to-play.log
 create mode 100644 docs/qa-logs/2026-10-07-pixelelated-replacement-16/qa-20/artifacts/rocknix-images/qa-ee01490913-webdav-a-20261007-0152/time-to-play/TTProbe.gb
 create mode 100644 docs/qa-logs/2026-10-07-pixelelated-replacement-16/qa-20/artifacts/rocknix-images/qa-ee01490913-webdav-a-20261007-0152/time-to-play/cloud_sync.conf.saved
 create mode 100644 docs/qa-logs/2026-10-07-pixelelated-replacement-16/qa-20/artifacts/rocknix-images/qa-ee01490913-webdav-a-20261007-0152/time-to-play/frames/g1-exit-000.png
 create mode 100644 docs/qa-logs/2026-10-07-pixelelated-replacement-16/qa-20/artifacts/rocknix-images/qa-ee01490913-webdav-a-20261007-0152/time-to-play/frames/g1-exit-001.png
 create mode 100644 docs/qa-logs/2026-10-07-pixelelated-replacement-16/qa-20/artifacts/rocknix-images/qa-ee01490913-webdav-a-20261007-0152/time-to-play/frames/g1-exit-002.png
 create mode 100644 docs/qa-logs/2026-10-07-pixelelated-replacement-16/qa-20/artifacts/rocknix-images/qa-ee01490913-webdav-a-20261007-0152/time-to-play/frames/g1-exit-game2.png
 create mode 100644 docs/qa-logs/2026-10-07-pixelelated-replacement-16/qa-20/artifacts/rocknix-images/qa-ee01490913-webdav-a-20261007-0152/time-to-play/frames/g1-launch-01-left-carousel.png
 create mode 100644 docs/qa-logs/2026-10-07-pixelelated-replacement-16/qa-20/artifacts/rocknix-images/qa-ee01490913-webdav-a-20261007-0152/time-to-play/frames/g1-launch-02-first-game-frame.png
 create mode 100644 docs/qa-logs/2026-10-07-pixelelated-replacement-16/qa-20/artifacts/rocknix-images/qa-ee01490913-webdav-a-20261007-0152/time-to-play/frames/r1-exit-000.png
 create mode 100644 docs/qa-logs/2026-10-07-pixelelated-replacement-16/qa-20/artifacts/rocknix-images/qa-ee01490913-webdav-a-20261007-0152/time-to-play/frames/r1-exit-001.png
 create mode 100644 docs/qa-logs/2026-10-07-pixelelated-replacement-16/qa-20/artifacts/rocknix-images/qa-ee01490913-webdav-a-20261007-0152/time-to-play/frames/r1-exit-002.png
 create mode 100644 docs/qa-logs/2026-10-07-pixelelated-replacement-16/qa-20/artifacts/rocknix-images/qa-ee01490913-webdav-a-20261007-0152/time-to-play/frames/r1-exit-003.png
 create mode 100644 docs/qa-logs/2026-10-07-pixelelated-replacement-16/qa-20/artifacts/rocknix-images/qa-ee01490913-webdav-a-20261007-0152/time-to-play/frames/r1-exit-004.png
 create mode 100644 docs/qa-logs/2026-10-07-pixelelated-replacement-16/qa-20/artifacts/rocknix-images/qa-ee01490913-webdav-a-20261007-0152/time-to-play/frames/r1-exit-005.png
 create mode 100644 docs/qa-logs/2026-10-07-pixelelated-replacement-16/qa-20/artifacts/rocknix-images/qa-ee01490913-webdav-a-20261007-0152/time-to-play/frames/r1-exit-006.png
 create mode 100644 docs/qa-logs/2026-10-07-pixelelated-replacement-16/qa-20/artifacts/rocknix-images/qa-ee01490913-webdav-a-20261007-0152/time-to-play/frames/r1-exit-007.png
 create mode 100644 docs/qa-logs/2026-10-07-pixelelated-replacement-16/qa-20/artifacts/rocknix-images/qa-ee01490913-webdav-a-20261007-0152/time-to-play/frames/r1-launch-01-left-carousel.png
 create mode 100644 docs/qa-logs/2026-10-07-pixelelated-replacement-16/qa-20/artifacts/rocknix-images/qa-ee01490913-webdav-a-20261007-0152/time-to-play/frames/r1-launch-02-first-game-frame.png
 create mode 100644 docs/qa-logs/2026-10-07-pixelelated-replacement-16/qa-20/artifacts/rocknix-images/qa-ee01490913-webdav-a-20261007-0152/time-to-play/rclone.conf.saved
 create mode 100644 docs/qa-logs/2026-10-07-pixelelated-replacement-16/qa-20/artifacts/rocknix-images/qa-ee01490913-webdav-a-20261007-0152/time-to-play/time-to-play.json
 create mode 100644 docs/qa-logs/2026-10-07-pixelelated-replacement-16/qa-20/artifacts/rocknix-images/qa-ee01490913-webdav-a-20261007-0152/time-to-play/time-to-play.md
 create mode 100644 docs/qa-logs/2026-10-07-pixelelated-replacement-16/qa-20/artifacts/rocknix-images/qa-ee01490913-webdav-a-20261007-0152/vocabulary.log
 create mode 100644 docs/qa-logs/2026-10-07-pixelelated-replacement-16/qa-20/artifacts/rocknix-images/qa-ee01490913-webdav-a-20261007-0152/walks.log
 create mode 100644 docs/qa-logs/2026-10-07-pixelelated-replacement-16/qa-20/artifacts/rocknix-images/qa-ee01490913-webdav-a-20261007-0152/walks/back-up-page.log
 create mode 100644 docs/qa-logs/2026-10-07-pixelelated-replacement-16/qa-20/artifacts/rocknix-images/qa-ee01490913-webdav-a-20261007-0152/walks/back-up-page/01-cloud-hub.png
 create mode 100644 docs/qa-logs/2026-10-07-pixelelated-replacement-16/qa-20/artifacts/rocknix-images/qa-ee01490913-webdav-a-20261007-0152/walks/back-up-page/02-back-up-page.png
 create mode 100644 docs/qa-logs/2026-10-07-pixelelated-replacement-16/qa-20/artifacts/rocknix-images/qa-ee01490913-webdav-a-20261007-0152/walks/confirm-cloud-folder.log
 create mode 100644 docs/qa-logs/2026-10-07-pixelelated-replacement-16/qa-20/artifacts/rocknix-images/qa-ee01490913-webdav-a-20261007-0152/walks/confirm-cloud-folder/01-cloud-hub.png
 create mode 100644 docs/qa-logs/2026-10-07-pixelelated-replacement-16/qa-20/artifacts/rocknix-images/qa-ee01490913-webdav-a-20261007-0152/walks/confirm-cloud-folder/02-hub-change-folder-row.png
 create mode 100644 docs/qa-logs/2026-10-07-pixelelated-replacement-16/qa-20/artifacts/rocknix-images/qa-ee01490913-webdav-a-20261007-0152/walks/confirm-cloud-folder/03-folder-editor.png
 create mode 100644 docs/qa-logs/2026-10-07-pixelelated-replacement-16/qa-20/artifacts/rocknix-images/qa-ee01490913-webdav-a-20261007-0152/walks/confirm-cloud-folder/04-folder-result.png
 create mode 100644 docs/qa-logs/2026-10-07-pixelelated-replacement-16/qa-20/artifacts/rocknix-images/qa-ee01490913-webdav-a-20261007-0152/walks/confirm-cloud-folder/05-after-dismiss.png
 create mode 100644 docs/qa-logs/2026-10-07-pixelelated-replacement-16/qa-20/artifacts/rocknix-images/qa-ee01490913-webdav-a-20261007-0152/walks/continue-to-systems.log
 create mode 100644 docs/qa-logs/2026-10-07-pixelelated-replacement-16/qa-20/artifacts/rocknix-images/qa-ee01490913-webdav-a-20261007-0152/walks/continue-to-systems/01-cloud-hub.png
 create mode 100644 docs/qa-logs/2026-10-07-pixelelated-replacement-16/qa-20/artifacts/rocknix-images/qa-ee01490913-webdav-a-20261007-0152/walks/continue-to-systems/02-back-up-page.png
 create mode 100644 docs/qa-logs/2026-10-07-pixelelated-replacement-16/qa-20/artifacts/rocknix-images/qa-ee01490913-webdav-a-20261007-0152/walks/continue-to-systems/03-roms-flipped.png
 create mode 100644 docs/qa-logs/2026-10-07-pixelelated-replacement-16/qa-20/artifacts/rocknix-images/qa-ee01490913-webdav-a-20261007-0152/walks/continue-to-systems/04-continue-focused.png
 create mode 100644 docs/qa-logs/2026-10-07-pixelelated-replacement-16/qa-20/artifacts/rocknix-images/qa-ee01490913-webdav-a-20261007-0152/walks/continue-to-systems/05-systems-page.png
 create mode 100644 docs/qa-logs/2026-10-07-pixelelated-replacement-16/qa-20/artifacts/rocknix-images/qa-ee01490913-webdav-a-20261007-0152/walks/manager-fbn-selected.txt
 create mode 100644 docs/qa-logs/2026-10-07-pixelelated-replacement-16/qa-20/artifacts/rocknix-images/qa-ee01490913-webdav-a-20261007-0152/walks/manager-fbn-system-check.log
 create mode 100644 docs/qa-logs/2026-10-07-pixelelated-replacement-16/qa-20/artifacts/rocknix-images/qa-ee01490913-webdav-a-20261007-0152/walks/manager-fbn-systems.json
 create mode 100644 docs/qa-logs/2026-10-07-pixelelated-replacement-16/qa-20/artifacts/rocknix-images/qa-ee01490913-webdav-a-20261007-0152/walks/manager-fbn.log
 create mode 100644 docs/qa-logs/2026-10-07-pixelelated-replacement-16/qa-20/artifacts/rocknix-images/qa-ee01490913-webdav-a-20261007-0152/walks/manager-fbn/01-0-carousel.png
 create mode 100644 docs/qa-logs/2026-10-07-pixelelated-replacement-16/qa-20/artifacts/rocknix-images/qa-ee01490913-webdav-a-20261007-0152/walks/manager-fbn/02-1-list.png
 create mode 100644 docs/qa-logs/2026-10-07-pixelelated-replacement-16/qa-20/artifacts/rocknix-images/qa-ee01490913-webdav-a-20261007-0152/walks/manager-fbn/03-2-game-options.png
 create mode 100644 docs/qa-logs/2026-10-07-pixelelated-replacement-16/qa-20/artifacts/rocknix-images/qa-ee01490913-webdav-a-20261007-0152/walks/manager-fbn/04-3-manager.png
 create mode 100644 docs/qa-logs/2026-10-07-pixelelated-replacement-16/qa-20/artifacts/rocknix-images/qa-ee01490913-webdav-a-20261007-0152/walks/manager-fbn/05-4-manager-next-tile.png
 create mode 100644 docs/qa-logs/2026-10-07-pixelelated-replacement-16/qa-20/artifacts/rocknix-images/qa-ee01490913-webdav-a-20261007-0152/walks/manager-gb-selected.txt
 create mode 100644 docs/qa-logs/2026-10-07-pixelelated-replacement-16/qa-20/artifacts/rocknix-images/qa-ee01490913-webdav-a-20261007-0152/walks/manager-gb-system-check.log
 create mode 100644 docs/qa-logs/2026-10-07-pixelelated-replacement-16/qa-20/artifacts/rocknix-images/qa-ee01490913-webdav-a-20261007-0152/walks/manager-gb-systems.json
 create mode 100644 docs/qa-logs/2026-10-07-pixelelated-replacement-16/qa-20/artifacts/rocknix-images/qa-ee01490913-webdav-a-20261007-0152/walks/manager-gb.log
 create mode 100644 docs/qa-logs/2026-10-07-pixelelated-replacement-16/qa-20/artifacts/rocknix-images/qa-ee01490913-webdav-a-20261007-0152/walks/manager-gb/01-0-carousel.png
 create mode 100644 docs/qa-logs/2026-10-07-pixelelated-replacement-16/qa-20/artifacts/rocknix-images/qa-ee01490913-webdav-a-20261007-0152/walks/manager-gb/02-1-list.png
 create mode 100644 docs/qa-logs/2026-10-07-pixelelated-replacement-16/qa-20/artifacts/rocknix-images/qa-ee01490913-webdav-a-20261007-0152/walks/manager-gb/03-2-game-options.png
 create mode 100644 docs/qa-logs/2026-10-07-pixelelated-replacement-16/qa-20/artifacts/rocknix-images/qa-ee01490913-webdav-a-20261007-0152/walks/manager-gb/04-3-manager.png
 create mode 100644 docs/qa-logs/2026-10-07-pixelelated-replacement-16/qa-20/artifacts/rocknix-images/qa-ee01490913-webdav-a-20261007-0152/walks/manager-gb/05-4-manager-next-tile.png
 create mode 100644 docs/qa-logs/2026-10-07-pixelelated-replacement-16/qa-20/artifacts/rocknix-images/qa-ee01490913-webdav-a-20261007-0152/walks/manager-nes-selected.txt
 create mode 100644 docs/qa-logs/2026-10-07-pixelelated-replacement-16/qa-20/artifacts/rocknix-images/qa-ee01490913-webdav-a-20261007-0152/walks/manager-nes-system-check.log
 create mode 100644 docs/qa-logs/2026-10-07-pixelelated-replacement-16/qa-20/artifacts/rocknix-images/qa-ee01490913-webdav-a-20261007-0152/walks/manager-nes-systems.json
 create mode 100644 docs/qa-logs/2026-10-07-pixelelated-replacement-16/qa-20/artifacts/rocknix-images/qa-ee01490913-webdav-a-20261007-0152/walks/manager-nes.log
 create mode 100644 docs/qa-logs/2026-10-07-pixelelated-replacement-16/qa-20/artifacts/rocknix-images/qa-ee01490913-webdav-a-20261007-0152/walks/manager-nes/01-0-carousel.png
 create mode 100644 docs/qa-logs/2026-10-07-pixelelated-replacement-16/qa-20/artifacts/rocknix-images/qa-ee01490913-webdav-a-20261007-0152/walks/manager-nes/02-1-list.png
 create mode 100644 docs/qa-logs/2026-10-07-pixelelated-replacement-16/qa-20/artifacts/rocknix-images/qa-ee01490913-webdav-a-20261007-0152/walks/manager-nes/03-2-game-options.png
 create mode 100644 docs/qa-logs/2026-10-07-pixelelated-replacement-16/qa-20/artifacts/rocknix-images/qa-ee01490913-webdav-a-20261007-0152/walks/manager-nes/04-3-manager.png
 create mode 100644 docs/qa-logs/2026-10-07-pixelelated-replacement-16/qa-20/artifacts/rocknix-images/qa-ee01490913-webdav-a-20261007-0152/walks/manager-nes/05-4-manager-next-tile.png
 create mode 100644 docs/qa-logs/2026-10-07-pixelelated-replacement-16/qa-20/artifacts/rocknix-images/qa-ee01490913-webdav-a-20261007-0152/walks/match-dialog.log
 create mode 100644 docs/qa-logs/2026-10-07-pixelelated-replacement-16/qa-20/artifacts/rocknix-images/qa-ee01490913-webdav-a-20261007-0152/walks/match-dialog/01-cloud-hub.png
 create mode 100644 docs/qa-logs/2026-10-07-pixelelated-replacement-16/qa-20/artifacts/rocknix-images/qa-ee01490913-webdav-a-20261007-0152/walks/match-dialog/02-cloud-hub-match-row.png
 create mode 100644 docs/qa-logs/2026-10-07-pixelelated-replacement-16/qa-20/artifacts/rocknix-images/qa-ee01490913-webdav-a-20261007-0152/walks/match-dialog/03-match-confirm.png
 create mode 100644 docs/qa-logs/2026-10-07-pixelelated-replacement-16/qa-20/artifacts/rocknix-images/qa-ee01490913-webdav-a-20261007-0152/walks/match-dialog/04-match-done.png
 create mode 100644 docs/qa-logs/2026-10-07-pixelelated-replacement-16/qa-20/artifacts/rocknix-images/qa-ee01490913-webdav-a-20261007-0152/walks/restore-page.log
 create mode 100644 docs/qa-logs/2026-10-07-pixelelated-replacement-16/qa-20/artifacts/rocknix-images/qa-ee01490913-webdav-a-20261007-0152/walks/restore-page/01-cloud-hub.png
 create mode 100644 docs/qa-logs/2026-10-07-pixelelated-replacement-16/qa-20/artifacts/rocknix-images/qa-ee01490913-webdav-a-20261007-0152/walks/restore-page/02-restore-page.png
 create mode 100644 docs/qa-logs/2026-10-07-pixelelated-replacement-16/qa-20/artifacts/rocknix-images/qa-ee01490913-webdav-a-20261007-0152/walks/run-transfer-frames.log
 create mode 100644 docs/qa-logs/2026-10-07-pixelelated-replacement-16/qa-20/artifacts/rocknix-images/qa-ee01490913-webdav-a-20261007-0152/walks/run-transfer-frames/01-cloud-hub.png
 create mode 100644 docs/qa-logs/2026-10-07-pixelelated-replacement-16/qa-20/artifacts/rocknix-images/qa-ee01490913-webdav-a-20261007-0152/walks/run-transfer-frames/02-back-up-page.png
 create mode 100644 docs/qa-logs/2026-10-07-pixelelated-replacement-16/qa-20/artifacts/rocknix-images/qa-ee01490913-webdav-a-20261007-0152/walks/run-transfer-frames/03-roms-flipped.png
 create mode 100644 docs/qa-logs/2026-10-07-pixelelated-replacement-16/qa-20/artifacts/rocknix-images/qa-ee01490913-webdav-a-20261007-0152/walks/run-transfer-frames/04-continue-focused.png
 create mode 100644 docs/qa-logs/2026-10-07-pixelelated-replacement-16/qa-20/artifacts/rocknix-images/qa-ee01490913-webdav-a-20261007-0152/walks/run-transfer-frames/05-systems-page.png
 create mode 100644 docs/qa-logs/2026-10-07-pixelelated-replacement-16/qa-20/artifacts/rocknix-images/qa-ee01490913-webdav-a-20261007-0152/walks/run-transfer-frames/06-selected-all.png
 create mode 100644 docs/qa-logs/2026-10-07-pixelelated-replacement-16/qa-20/artifacts/rocknix-images/qa-ee01490913-webdav-a-20261007-0152/walks/run-transfer-frames/07-t02.png
 create mode 100644 docs/qa-logs/2026-10-07-pixelelated-replacement-16/qa-20/artifacts/rocknix-images/qa-ee01490913-webdav-a-20261007-0152/walks/run-transfer-frames/08-t05.png
 create mode 100644 docs/qa-logs/2026-10-07-pixelelated-replacement-16/qa-20/artifacts/rocknix-images/qa-ee01490913-webdav-a-20261007-0152/walks/run-transfer-frames/09-t08.png
 create mode 100644 docs/qa-logs/2026-10-07-pixelelated-replacement-16/qa-20/artifacts/rocknix-images/qa-ee01490913-webdav-a-20261007-0152/walks/run-transfer-frames/10-t11.png
 create mode 100644 docs/qa-logs/2026-10-07-pixelelated-replacement-16/qa-20/artifacts/rocknix-images/qa-ee01490913-webdav-a-20261007-0152/walks/run-transfer-frames/11-t14.png
 create mode 100644 docs/qa-logs/2026-10-07-pixelelated-replacement-16/qa-20/artifacts/rocknix-images/qa-ee01490913-webdav-a-20261007-0152/walks/run-transfer-frames/12-t17.png
 create mode 100644 docs/qa-logs/2026-10-07-pixelelated-replacement-16/qa-20/artifacts/rocknix-images/qa-ee01490913-webdav-a-20261007-0152/walks/run-transfer-frames/13-t20.png
 create mode 100644 docs/qa-logs/2026-10-07-pixelelated-replacement-16/qa-20/artifacts/rocknix-images/qa-ee01490913-webdav-a-20261007-0152/walks/run-transfer-frames/14-t23.png
 create mode 100644 docs/qa-logs/2026-10-07-pixelelated-replacement-16/qa-20/artifacts/rocknix-images/qa-ee01490913-webdav-a-20261007-0152/walks/run-transfer-frames/15-t26.png
 create mode 100644 docs/qa-logs/2026-10-07-pixelelated-replacement-16/qa-20/artifacts/rocknix-images/qa-ee01490913-webdav-a-20261007-0152/walks/run-transfer-frames/16-t29.png
 create mode 100644 docs/qa-logs/2026-10-07-pixelelated-replacement-16/qa-20/artifacts/rocknix-images/qa-ee01490913-webdav-a-20261007-0152/walks/run-transfer-frames/17-t32.png
 create mode 100644 docs/qa-logs/2026-10-07-pixelelated-replacement-16/qa-20/artifacts/rocknix-images/qa-ee01490913-webdav-a-20261007-0152/walks/run-transfer-frames/18-t36.png
 create mode 100644 docs/qa-logs/2026-10-07-pixelelated-replacement-16/qa-20/artifacts/rocknix-images/qa-ee01490913-webdav-a-20261007-0152/walks/run-transfer-frames/19-t40.png
 create mode 100644 docs/qa-logs/2026-10-07-pixelelated-replacement-16/qa-20/artifacts/rocknix-images/qa-ee01490913-webdav-a-20261007-0152/walks/run-transfer-frames/20-t45.png
 create mode 100644 docs/qa-logs/2026-10-07-pixelelated-replacement-16/qa-20/artifacts/rocknix-images/qa-ee01490913-webdav-a-20261007-0152/walks/run-transfer-frames/21-t50.png
 create mode 100644 docs/qa-logs/2026-10-07-pixelelated-replacement-16/qa-20/artifacts/rocknix-images/qa-ee01490913-webdav-a-20261007-0152/walks/run-transfer-frames/22-t60.png
 create mode 100644 docs/qa-logs/2026-10-07-pixelelated-replacement-16/qa-20/artifacts/rocknix-images/qa-ee01490913-webdav-a-20261007-0152/walks/run-transfer.log
 create mode 100644 docs/qa-logs/2026-10-07-pixelelated-replacement-16/qa-20/artifacts/rocknix-images/qa-ee01490913-webdav-a-20261007-0152/walks/run-transfer/01-cloud-hub.png
 create mode 100644 docs/qa-logs/2026-10-07-pixelelated-replacement-16/qa-20/artifacts/rocknix-images/qa-ee01490913-webdav-a-20261007-0152/walks/run-transfer/02-back-up-page.png
 create mode 100644 docs/qa-logs/2026-10-07-pixelelated-replacement-16/qa-20/artifacts/rocknix-images/qa-ee01490913-webdav-a-20261007-0152/walks/run-transfer/03-roms-flipped.png
 create mode 100644 docs/qa-logs/2026-10-07-pixelelated-replacement-16/qa-20/artifacts/rocknix-images/qa-ee01490913-webdav-a-20261007-0152/walks/run-transfer/04-continue-focused.png
 create mode 100644 docs/qa-logs/2026-10-07-pixelelated-replacement-16/qa-20/artifacts/rocknix-images/qa-ee01490913-webdav-a-20261007-0152/walks/run-transfer/05-systems-page.png
 create mode 100644 docs/qa-logs/2026-10-07-pixelelated-replacement-16/qa-20/artifacts/rocknix-images/qa-ee01490913-webdav-a-20261007-0152/walks/run-transfer/06-selected-all.png
 create mode 100644 docs/qa-logs/2026-10-07-pixelelated-replacement-16/qa-20/artifacts/rocknix-images/qa-ee01490913-webdav-a-20261007-0152/walks/run-transfer/07-transfer-running.png
 create mode 100644 docs/qa-logs/2026-10-07-pixelelated-replacement-16/qa-20/artifacts/rocknix-images/qa-ee01490913-webdav-a-20261007-0152/walks/run-transfer/08-transfer-done.png
 create mode 100644 docs/qa-logs/2026-10-07-pixelelated-replacement-16/qa-20/artifacts/rocknix-images/qa-ee01490913-webdav-a-20261007-0152/walks/tick-game-content.log
 create mode 100644 docs/qa-logs/2026-10-07-pixelelated-replacement-16/qa-20/artifacts/rocknix-images/qa-ee01490913-webdav-a-20261007-0152/walks/tick-game-content/01-cloud-hub.png
 create mode 100644 docs/qa-logs/2026-10-07-pixelelated-replacement-16/qa-20/artifacts/rocknix-images/qa-ee01490913-webdav-a-20261007-0152/walks/tick-game-content/02-back-up-page.png
 create mode 100644 docs/qa-logs/2026-10-07-pixelelated-replacement-16/qa-20/artifacts/rocknix-images/qa-ee01490913-webdav-a-20261007-0152/walks/tick-game-content/03-game-content-flipped.png
 create mode 100644 docs/qa-logs/2026-10-07-pixelelated-replacement-16/qa-20/artifacts/rocknix-images/qa-ee01490913-webdav-a-20261007-0152/walks/tick-roms.log
 create mode 100644 docs/qa-logs/2026-10-07-pixelelated-replacement-16/qa-20/artifacts/rocknix-images/qa-ee01490913-webdav-a-20261007-0152/walks/tick-roms/01-cloud-hub.png
 create mode 100644 docs/qa-logs/2026-10-07-pixelelated-replacement-16/qa-20/artifacts/rocknix-images/qa-ee01490913-webdav-a-20261007-0152/walks/tick-roms/02-back-up-page.png
 create mode 100644 docs/qa-logs/2026-10-07-pixelelated-replacement-16/qa-20/artifacts/rocknix-images/qa-ee01490913-webdav-a-20261007-0152/walks/tick-roms/03-roms-flipped.png
 create mode 100644 docs/qa-logs/2026-10-07-pixelelated-replacement-16/qa-20/artifacts/rocknix-images/qa-ee01490913-webdav-a-20261007-0152/walks/tick-settings.log
 create mode 100644 docs/qa-logs/2026-10-07-pixelelated-replacement-16/qa-20/artifacts/rocknix-images/qa-ee01490913-webdav-a-20261007-0152/walks/tick-settings/01-cloud-hub.png
 create mode 100644 docs/qa-logs/2026-10-07-pixelelated-replacement-16/qa-20/artifacts/rocknix-images/qa-ee01490913-webdav-a-20261007-0152/walks/tick-settings/02-back-up-page.png
 create mode 100644 docs/qa-logs/2026-10-07-pixelelated-replacement-16/qa-20/artifacts/rocknix-images/qa-ee01490913-webdav-a-20261007-0152/walks/tick-settings/03-settings-flipped.png
 create mode 100644 docs/qa-logs/2026-10-07-pixelelated-replacement-16/qa-20/artifacts/rocknix-images/qa-ee01490913-webdav-a-20261007-0152/walks/to-change-cloud-folder.log
 create mode 100644 docs/qa-logs/2026-10-07-pixelelated-replacement-16/qa-20/artifacts/rocknix-images/qa-ee01490913-webdav-a-20261007-0152/walks/to-change-cloud-folder/01-cloud-hub.png
 create mode 100644 docs/qa-logs/2026-10-07-pixelelated-replacement-16/qa-20/artifacts/rocknix-images/qa-ee01490913-webdav-a-20261007-0152/walks/to-change-cloud-folder/02-hub-change-folder-row.png
 create mode 100644 docs/qa-logs/2026-10-07-pixelelated-replacement-16/qa-20/artifacts/rocknix-images/qa-ee01490913-webdav-a-20261007-0152/walks/to-change-cloud-folder/03-folder-editor.png
 create mode 100644 docs/qa-logs/2026-10-07-pixelelated-replacement-16/qa-20/artifacts/rocknix-images/qa-ee01490913-webdav-a-20261007-0152/walks/to-manage-cloud-storage.log
 create mode 100644 docs/qa-logs/2026-10-07-pixelelated-replacement-16/qa-20/artifacts/rocknix-images/qa-ee01490913-webdav-a-20261007-0152/walks/to-manage-cloud-storage/01-cloud-hub.png
 create mode 100644 docs/qa-logs/2026-10-07-pixelelated-replacement-16/qa-20/artifacts/rocknix-images/qa-ee01490913-webdav-a-20261007-0152/walks/ui-settings-toggle.log
 create mode 100644 docs/qa-logs/2026-10-07-pixelelated-replacement-16/qa-20/artifacts/rocknix-images/qa-ee01490913-webdav-a-20261007-0152/walks/ui-settings-toggle/01-ui-settings-last-row.png
 create mode 100644 docs/qa-logs/2026-10-07-pixelelated-replacement-16/qa-20/artifacts/rocknix-images/qa-ee01490913-webdav-a-20261007-0152/walks/ui-settings-toggle/02-toggled.png
 create mode 100644 docs/qa-logs/2026-10-07-pixelelated-replacement-16/qa-20/artifacts/rocknix-images/qa-ee01490913-webdav-a-20261007-0152/wrapper.log
 create mode 100644 docs/qa-logs/2026-10-07-pixelelated-replacement-16/qa-20/check-payload.py
 create mode 100644 docs/qa-logs/2026-10-07-pixelelated-replacement-16/qa-20/console.log
 create mode 100644 docs/qa-logs/2026-10-07-pixelelated-replacement-16/qa-20/es_lifecycle.py
 create mode 100644 docs/qa-logs/2026-10-07-pixelelated-replacement-16/qa-20/guest-cleanup-verification.json
 create mode 100644 docs/qa-logs/2026-10-07-pixelelated-replacement-16/qa-20/harness.sha256
 create mode 100644 docs/qa-logs/2026-10-07-pixelelated-replacement-16/qa-20/identity-frames.py
 create mode 100644 docs/qa-logs/2026-10-07-pixelelated-replacement-16/qa-20/identity.steps
 create mode 100644 docs/qa-logs/2026-10-07-pixelelated-replacement-16/qa-20/inner.rc
 create mode 100644 docs/qa-logs/2026-10-07-pixelelated-replacement-16/qa-20/launcher-pid.json
 create mode 100644 docs/qa-logs/2026-10-07-pixelelated-replacement-16/qa-20/launcher-result.json
 create mode 100644 docs/qa-logs/2026-10-07-pixelelated-replacement-16/qa-20/launcher-start.json
 create mode 100644 docs/qa-logs/2026-10-07-pixelelated-replacement-16/qa-20/launcher-submission.json
 create mode 100644 docs/qa-logs/2026-10-07-pixelelated-replacement-16/qa-20/outer.rc
 create mode 100755 docs/qa-logs/2026-10-07-pixelelated-replacement-16/qa-20/outer.sh
 create mode 100644 docs/qa-logs/2026-10-07-pixelelated-replacement-16/qa-20/owner-verification.json
 create mode 100644 docs/qa-logs/2026-10-07-pixelelated-replacement-16/qa-20/provenance.json
 create mode 100644 docs/qa-logs/2026-10-07-pixelelated-replacement-16/qa-20/proxy-identity.py
 create mode 100644 docs/qa-logs/2026-10-07-pixelelated-replacement-16/qa-20/qa.start
 create mode 100755 docs/qa-logs/2026-10-07-pixelelated-replacement-16/qa-20/qualify.sh
 create mode 100644 docs/qa-logs/2026-10-07-pixelelated-replacement-16/qa-20/retention.json
 create mode 100644 docs/qa-logs/2026-10-07-pixelelated-replacement-16/qa-20/run.path
 create mode 100644 docs/qa-logs/2026-10-07-pixelelated-replacement-16/qa-20/sha256.json
 create mode 100644 docs/qa-logs/2026-10-07-pixelelated-replacement-16/qa-20/tool-wrapper.rc
 create mode 100644 docs/qa-logs/2026-10-07-pixelelated-replacement-16/qa-20/verify-inputs.py
 create mode 100644 docs/qa-logs/2026-10-07-pixelelated-replacement-16/qa-20/verify-renderer.py
 create mode 100755 docs/qa-logs/2026-10-07-pixelelated-replacement-16/qa-20/watch-build-submit.py
 create mode 100644 docs/qa-logs/2026-10-07-pixelelated-replacement-16/qa-20/watcher/build.log
 create mode 100644 docs/qa-logs/2026-10-07-pixelelated-replacement-16/qa-20/watcher/build.pid
 create mode 100644 docs/qa-logs/2026-10-07-pixelelated-replacement-16/qa-20/watcher/build.rc
 create mode 100644 docs/qa-logs/2026-10-07-pixelelated-replacement-16/qa-20/watcher/build.status
 create mode 100644 docs/qa-logs/2026-10-07-pixelelated-replacement-16/qa-20/watcher/command.pid
 create mode 100644 docs/qa-logs/2026-10-07-pixelelated-replacement-16/qa-20/watcher/watcher.pid
 create mode 100644 docs/qa-logs/2026-10-07-pixelelated-replacement-16/qa20-acceptance/acceptance.json
 create mode 100644 docs/qa-logs/2026-10-07-pixelelated-replacement-16/qa20-acceptance/actual-rc2-upgrade/journal-err-after.txt
 create mode 100644 docs/qa-logs/2026-10-07-pixelelated-replacement-16/qa20-acceptance/actual-rc2-upgrade/rc
 create mode 100644 docs/qa-logs/2026-10-07-pixelelated-replacement-16/qa20-acceptance/actual-rc2-upgrade/rehearsal.log
 create mode 100644 docs/qa-logs/2026-10-07-pixelelated-replacement-16/qa20-acceptance/actual-rc2-upgrade/state-after.txt
 create mode 100644 docs/qa-logs/2026-10-07-pixelelated-replacement-16/qa20-acceptance/identity-frame-review.json
 create mode 100644 docs/qa-logs/2026-10-07-pixelelated-replacement-16/qa20-acceptance/sha256.json
 create mode 100644 docs/qa-logs/2026-10-07-pixelelated-replacement-16/qa20-acceptance/timing-frame-review.json
 create mode 100644 docs/qa-logs/2026-10-07-pixelelated-replacement-16/qa20-acceptance/walk-frame-review.json
 create mode 100644 docs/qa-logs/2026-10-07-pixelelated-replacement-16/qa20-preparation/completed-owned-qa-metadata.json
 create mode 100644 docs/qa-logs/2026-10-07-pixelelated-replacement-16/qa20-preparation/device-cache-measurement.json
 create mode 100644 docs/qa-logs/2026-10-07-pixelelated-replacement-16/qa20-preparation/qa20-identity-frame-review.json
 create mode 100644 docs/qa-logs/2026-10-07-pixelelated-replacement-16/qa20-preparation/qa20-timing-frame-review.json
 create mode 100644 docs/qa-logs/2026-10-07-pixelelated-replacement-16/selected-content-observer-correction/controls.json
 create mode 100644 docs/qa-logs/2026-10-07-pixelelated-replacement-16/selected-content-observer-correction/failed-validator.py
 create mode 100644 docs/qa-logs/2026-10-07-pixelelated-replacement-16/selected-content01-acceptance/acceptance.json
 create mode 100644 docs/qa-logs/2026-10-07-pixelelated-replacement-16/selected-content01-acceptance/verify.py
 create mode 100644 docs/qa-logs/2026-10-07-pixelelated-replacement-16/unchanged-dependency-custody/327-site-frame-readback.json
 create mode 100644 docs/qa-logs/2026-10-07-pixelelated-replacement-16/unchanged-dependency-custody/parent-criterion-readback.json
 create mode 100644 docs/qa-logs/2026-10-07-pixelelated-replacement-16/unchanged-dependency-custody/verification.json
 create mode 100644 docs/qa-logs/2026-10-07-pixelelated-replacement-16/unchanged-dependency-custody/verify.py
