[feature/conflict-resolution ffae61e343] qa - retain boot qualification and bucket retry evidence
 1667 files changed, 101947 insertions(+), 21 deletions(-)
 create mode 100644 docs/audits/2026_10_06-milestone-m7-p4-fixes-383/evidence/boot07-preparation/blank.json
 create mode 100644 docs/audits/2026_10_06-milestone-m7-p4-fixes-383/evidence/boot07-preparation/blank.log
 create mode 100644 docs/audits/2026_10_06-milestone-m7-p4-fixes-383/evidence/boot07-preparation/blank.pcap
 create mode 100644 docs/audits/2026_10_06-milestone-m7-p4-fixes-383/evidence/boot07-preparation/capture-boot.py
 create mode 100755 docs/audits/2026_10_06-milestone-m7-p4-fixes-383/evidence/boot07-preparation/capture-qemu
 create mode 100644 docs/audits/2026_10_06-milestone-m7-p4-fixes-383/evidence/boot07-preparation/classifier-controls/corrected-parser-actual-capture.json
 create mode 100644 docs/audits/2026_10_06-milestone-m7-p4-fixes-383/evidence/boot07-preparation/classifier-controls/corrected-parser-actual-capture.log
 create mode 100644 docs/audits/2026_10_06-milestone-m7-p4-fixes-383/evidence/boot07-preparation/classifier-controls/direct-ipv4-web.json
 create mode 100644 docs/audits/2026_10_06-milestone-m7-p4-fixes-383/evidence/boot07-preparation/classifier-controls/direct-ipv4-web.log
 create mode 100644 docs/audits/2026_10_06-milestone-m7-p4-fixes-383/evidence/boot07-preparation/classifier-controls/direct-ipv6-positive.json
 create mode 100644 docs/audits/2026_10_06-milestone-m7-p4-fixes-383/evidence/boot07-preparation/classifier-controls/direct-ipv6-positive.log
 create mode 100644 docs/audits/2026_10_06-milestone-m7-p4-fixes-383/evidence/boot07-preparation/classifier-controls/dns-behind-destination.json
 create mode 100644 docs/audits/2026_10_06-milestone-m7-p4-fixes-383/evidence/boot07-preparation/classifier-controls/dns-behind-destination.log
 create mode 100644 docs/audits/2026_10_06-milestone-m7-p4-fixes-383/evidence/boot07-preparation/classifier-controls/hbh-icmp-positive.json
 create mode 100644 docs/audits/2026_10_06-milestone-m7-p4-fixes-383/evidence/boot07-preparation/classifier-controls/hbh-icmp-positive.log
 create mode 100644 docs/audits/2026_10_06-milestone-m7-p4-fixes-383/evidence/boot07-preparation/classifier-controls/invalid-tcp-header.log
 create mode 100644 docs/audits/2026_10_06-milestone-m7-p4-fixes-383/evidence/boot07-preparation/classifier-controls/invalid-udp-length.log
 create mode 100644 docs/audits/2026_10_06-milestone-m7-p4-fixes-383/evidence/boot07-preparation/classifier-controls/ipv4-fragment.log
 create mode 100644 docs/audits/2026_10_06-milestone-m7-p4-fixes-383/evidence/boot07-preparation/classifier-controls/ipv6-fragment.log
 create mode 100644 docs/audits/2026_10_06-milestone-m7-p4-fixes-383/evidence/boot07-preparation/classifier-controls/no-positive-control.json
 create mode 100644 docs/audits/2026_10_06-milestone-m7-p4-fixes-383/evidence/boot07-preparation/classifier-controls/no-positive-control.log
 create mode 100644 docs/audits/2026_10_06-milestone-m7-p4-fixes-383/evidence/boot07-preparation/classifier-controls/old-parser-actual-capture.log
 create mode 100644 docs/audits/2026_10_06-milestone-m7-p4-fixes-383/evidence/boot07-preparation/classifier-controls/overlong-extension-chain.log
 create mode 100644 docs/audits/2026_10_06-milestone-m7-p4-fixes-383/evidence/boot07-preparation/classifier-controls/routing-destination-chain-positive.json
 create mode 100644 docs/audits/2026_10_06-milestone-m7-p4-fixes-383/evidence/boot07-preparation/classifier-controls/routing-destination-chain-positive.log
 create mode 100644 docs/audits/2026_10_06-milestone-m7-p4-fixes-383/evidence/boot07-preparation/classifier-controls/tcp443-behind-two-extensions.json
 create mode 100644 docs/audits/2026_10_06-milestone-m7-p4-fixes-383/evidence/boot07-preparation/classifier-controls/tcp443-behind-two-extensions.log
 create mode 100644 docs/audits/2026_10_06-milestone-m7-p4-fixes-383/evidence/boot07-preparation/classifier-controls/tcpdump-hbh.log
 create mode 100644 docs/audits/2026_10_06-milestone-m7-p4-fixes-383/evidence/boot07-preparation/classifier-controls/truncated-extension-body.log
 create mode 100644 docs/audits/2026_10_06-milestone-m7-p4-fixes-383/evidence/boot07-preparation/classifier-controls/truncated-extension-header.log
 create mode 100644 docs/audits/2026_10_06-milestone-m7-p4-fixes-383/evidence/boot07-preparation/classifier-controls/truncated-record.log
 create mode 100644 docs/audits/2026_10_06-milestone-m7-p4-fixes-383/evidence/boot07-preparation/classifier-controls/udp443-behind-hbh.json
 create mode 100644 docs/audits/2026_10_06-milestone-m7-p4-fixes-383/evidence/boot07-preparation/classifier-controls/udp443-behind-hbh.log
 create mode 100644 docs/audits/2026_10_06-milestone-m7-p4-fixes-383/evidence/boot07-preparation/classifier-controls/unsupported-esp.log
 create mode 100644 docs/audits/2026_10_06-milestone-m7-p4-fixes-383/evidence/boot07-preparation/classifier-controls/verification.json
 create mode 100644 docs/audits/2026_10_06-milestone-m7-p4-fixes-383/evidence/boot07-preparation/classify-guest-pcap.py
 create mode 100644 docs/audits/2026_10_06-milestone-m7-p4-fixes-383/evidence/boot07-preparation/harness.sha256
 create mode 100644 docs/audits/2026_10_06-milestone-m7-p4-fixes-383/evidence/boot07-preparation/injected-web.json
 create mode 100644 docs/audits/2026_10_06-milestone-m7-p4-fixes-383/evidence/boot07-preparation/injected-web.log
 create mode 100644 docs/audits/2026_10_06-milestone-m7-p4-fixes-383/evidence/boot07-preparation/injected-web.pcap
 create mode 100644 docs/audits/2026_10_06-milestone-m7-p4-fixes-383/evidence/boot07-preparation/match-splash.py
 create mode 100644 docs/audits/2026_10_06-milestone-m7-p4-fixes-383/evidence/boot07-preparation/network-inputs.json
 create mode 100644 docs/audits/2026_10_06-milestone-m7-p4-fixes-383/evidence/boot07-preparation/old-logo.png
 create mode 100755 docs/audits/2026_10_06-milestone-m7-p4-fixes-383/evidence/boot07-preparation/outer.sh
 create mode 100644 docs/audits/2026_10_06-milestone-m7-p4-fixes-383/evidence/boot07-preparation/positive.json
 create mode 100644 docs/audits/2026_10_06-milestone-m7-p4-fixes-383/evidence/boot07-preparation/positive.log
 create mode 100644 docs/audits/2026_10_06-milestone-m7-p4-fixes-383/evidence/boot07-preparation/positive.pcap
 create mode 100644 docs/audits/2026_10_06-milestone-m7-p4-fixes-383/evidence/boot07-preparation/prepare-boot07.py
 create mode 100644 docs/audits/2026_10_06-milestone-m7-p4-fixes-383/evidence/boot07-preparation/provenance.json
 create mode 100644 docs/audits/2026_10_06-milestone-m7-p4-fixes-383/evidence/boot07-preparation/qualify-boot.py
 create mode 100644 docs/audits/2026_10_06-milestone-m7-p4-fixes-383/evidence/boot07-preparation/reference-1280.png
 create mode 100644 docs/audits/2026_10_06-milestone-m7-p4-fixes-383/evidence/boot07-preparation/reference-640.png
 create mode 100644 docs/audits/2026_10_06-milestone-m7-p4-fixes-383/evidence/boot07-preparation/results.json
 create mode 100755 docs/audits/2026_10_06-milestone-m7-p4-fixes-383/evidence/boot07-preparation/run.sh
 create mode 100644 docs/audits/2026_10_06-milestone-m7-p4-fixes-383/evidence/boot07-preparation/sha256.json
 create mode 100644 docs/audits/2026_10_06-milestone-m7-p4-fixes-383/evidence/boot07-preparation/stop-guest.py
 create mode 100644 docs/audits/2026_10_06-milestone-m7-p4-fixes-383/evidence/boot07-preparation/updater-network-proof.py
 create mode 100644 docs/audits/2026_10_06-milestone-m7-p4-fixes-383/evidence/boot07-preparation/verify-inputs.py
 create mode 100644 docs/audits/2026_10_06-milestone-m7-p4-fixes-383/evidence/boot07-preparation/verify-renderer.py
 create mode 100644 docs/audits/2026_10_06-milestone-m7-p4-fixes-383/evidence/boot09-preparation/blank.json
 create mode 100644 docs/audits/2026_10_06-milestone-m7-p4-fixes-383/evidence/boot09-preparation/blank.log
 create mode 100644 docs/audits/2026_10_06-milestone-m7-p4-fixes-383/evidence/boot09-preparation/blank.pcap
 create mode 100644 docs/audits/2026_10_06-milestone-m7-p4-fixes-383/evidence/boot09-preparation/capture-boot.py
 create mode 100755 docs/audits/2026_10_06-milestone-m7-p4-fixes-383/evidence/boot09-preparation/capture-qemu
 create mode 100644 docs/audits/2026_10_06-milestone-m7-p4-fixes-383/evidence/boot09-preparation/classify-guest-pcap.py
 create mode 100644 docs/audits/2026_10_06-milestone-m7-p4-fixes-383/evidence/boot09-preparation/harness.sha256
 create mode 100644 docs/audits/2026_10_06-milestone-m7-p4-fixes-383/evidence/boot09-preparation/injected-web.json
 create mode 100644 docs/audits/2026_10_06-milestone-m7-p4-fixes-383/evidence/boot09-preparation/injected-web.log
 create mode 100644 docs/audits/2026_10_06-milestone-m7-p4-fixes-383/evidence/boot09-preparation/injected-web.pcap
 create mode 100644 docs/audits/2026_10_06-milestone-m7-p4-fixes-383/evidence/boot09-preparation/match-splash.py
 create mode 100644 docs/audits/2026_10_06-milestone-m7-p4-fixes-383/evidence/boot09-preparation/network-inputs.json
 create mode 100644 docs/audits/2026_10_06-milestone-m7-p4-fixes-383/evidence/boot09-preparation/old-logo.png
 create mode 100755 docs/audits/2026_10_06-milestone-m7-p4-fixes-383/evidence/boot09-preparation/outer.sh
 create mode 100644 docs/audits/2026_10_06-milestone-m7-p4-fixes-383/evidence/boot09-preparation/positive.json
 create mode 100644 docs/audits/2026_10_06-milestone-m7-p4-fixes-383/evidence/boot09-preparation/positive.log
 create mode 100644 docs/audits/2026_10_06-milestone-m7-p4-fixes-383/evidence/boot09-preparation/positive.pcap
 create mode 100644 docs/audits/2026_10_06-milestone-m7-p4-fixes-383/evidence/boot09-preparation/provenance.json
 create mode 100644 docs/audits/2026_10_06-milestone-m7-p4-fixes-383/evidence/boot09-preparation/qualify-boot.py
 create mode 100644 docs/audits/2026_10_06-milestone-m7-p4-fixes-383/evidence/boot09-preparation/reference-1280.png
 create mode 100644 docs/audits/2026_10_06-milestone-m7-p4-fixes-383/evidence/boot09-preparation/reference-640.png
 create mode 100644 docs/audits/2026_10_06-milestone-m7-p4-fixes-383/evidence/boot09-preparation/results.json
 create mode 100755 docs/audits/2026_10_06-milestone-m7-p4-fixes-383/evidence/boot09-preparation/run.sh
 create mode 100644 docs/audits/2026_10_06-milestone-m7-p4-fixes-383/evidence/boot09-preparation/sha256.json
 create mode 100644 docs/audits/2026_10_06-milestone-m7-p4-fixes-383/evidence/boot09-preparation/stop-guest.py
 create mode 100644 docs/audits/2026_10_06-milestone-m7-p4-fixes-383/evidence/boot09-preparation/updater-network-proof.py
 create mode 100644 docs/audits/2026_10_06-milestone-m7-p4-fixes-383/evidence/boot09-preparation/verify-inputs.py
 create mode 100644 docs/audits/2026_10_06-milestone-m7-p4-fixes-383/evidence/boot09-preparation/verify-renderer.py
 create mode 100644 docs/audits/2026_10_06-milestone-m7-p4-fixes-383/evidence/boot09-preparation/wrapper-checks/foreign-owner.log
 create mode 100644 docs/audits/2026_10_06-milestone-m7-p4-fixes-383/evidence/boot09-preparation/wrapper-checks/missing-netdev.log
 create mode 100644 docs/audits/2026_10_06-milestone-m7-p4-fixes-383/evidence/boot09-preparation/wrapper-checks/own-path-version.log
 create mode 100644 docs/audits/2026_10_06-milestone-m7-p4-fixes-383/evidence/boot09-preparation/wrapper-checks/verification.json
 create mode 100644 docs/audits/2026_10_06-milestone-m7-p4-fixes-383/evidence/coverage04-preparation/check-payload.py
 create mode 100644 docs/audits/2026_10_06-milestone-m7-p4-fixes-383/evidence/coverage04-preparation/cloud-ui-proof.py
 create mode 100644 docs/audits/2026_10_06-milestone-m7-p4-fixes-383/evidence/coverage04-preparation/controls.json
 create mode 100644 docs/audits/2026_10_06-milestone-m7-p4-fixes-383/evidence/coverage04-preparation/harness.sha256
 create mode 100755 docs/audits/2026_10_06-milestone-m7-p4-fixes-383/evidence/coverage04-preparation/outer.sh
 create mode 100644 docs/audits/2026_10_06-milestone-m7-p4-fixes-383/evidence/coverage04-preparation/provenance.json
 create mode 100644 docs/audits/2026_10_06-milestone-m7-p4-fixes-383/evidence/coverage04-preparation/proxy-identity.py
 create mode 100755 docs/audits/2026_10_06-milestone-m7-p4-fixes-383/evidence/coverage04-preparation/run.sh
 create mode 100644 docs/audits/2026_10_06-milestone-m7-p4-fixes-383/evidence/coverage04-preparation/seed-oracle.py
 create mode 100644 docs/audits/2026_10_06-milestone-m7-p4-fixes-383/evidence/coverage04-preparation/seed.py
 create mode 100644 docs/audits/2026_10_06-milestone-m7-p4-fixes-383/evidence/coverage04-preparation/sha256.json
 create mode 100644 docs/audits/2026_10_06-milestone-m7-p4-fixes-383/evidence/coverage04-preparation/stop-guest.py
 create mode 100644 docs/audits/2026_10_06-milestone-m7-p4-fixes-383/evidence/coverage04-preparation/verify-inputs.py
 create mode 100644 docs/audits/2026_10_06-milestone-m7-p4-fixes-383/evidence/remediation-host/build16-capacity-01/capacity.json
 create mode 100644 docs/audits/2026_10_06-milestone-m7-p4-fixes-383/evidence/remediation-host/build16-capacity-01/console.log
 create mode 100644 docs/audits/2026_10_06-milestone-m7-p4-fixes-383/evidence/remediation-host/build16-capacity-01/du.log
 create mode 100644 docs/audits/2026_10_06-milestone-m7-p4-fixes-383/evidence/remediation-host/build16-capacity-01/inner.rc
 create mode 100644 docs/audits/2026_10_06-milestone-m7-p4-fixes-383/evidence/remediation-host/build16-capacity-01/launcher-pid.json
 create mode 100644 docs/audits/2026_10_06-milestone-m7-p4-fixes-383/evidence/remediation-host/build16-capacity-01/launcher-result.json
 create mode 100644 docs/audits/2026_10_06-milestone-m7-p4-fixes-383/evidence/remediation-host/build16-capacity-01/launcher-start.json
 create mode 100644 docs/audits/2026_10_06-milestone-m7-p4-fixes-383/evidence/remediation-host/build16-capacity-01/launcher-submission.json
 create mode 100644 docs/audits/2026_10_06-milestone-m7-p4-fixes-383/evidence/remediation-host/build16-capacity-01/measure.py
 create mode 100644 docs/audits/2026_10_06-milestone-m7-p4-fixes-383/evidence/remediation-host/build16-capacity-01/outer.rc
 create mode 100644 docs/audits/2026_10_06-milestone-m7-p4-fixes-383/evidence/remediation-host/build16-capacity-01/owner-verification.json
 create mode 100644 docs/audits/2026_10_06-milestone-m7-p4-fixes-383/evidence/remediation-host/build16-capacity-01/run.path
 create mode 100644 docs/audits/2026_10_06-milestone-m7-p4-fixes-383/evidence/remediation-host/build16-capacity-01/seal.json
 create mode 100644 docs/audits/2026_10_06-milestone-m7-p4-fixes-383/evidence/remediation-host/build16-capacity-01/sha256.json
 create mode 100644 docs/audits/2026_10_06-milestone-m7-p4-fixes-383/evidence/remediation-host/build16-capacity-01/tool-wrapper.rc
 create mode 100755 docs/audits/2026_10_06-milestone-m7-p4-fixes-383/evidence/remediation-host/build16-capacity-01/watch-build-submit.py
 create mode 100644 docs/audits/2026_10_06-milestone-m7-p4-fixes-383/evidence/remediation-host/library-publication-01/audit-pre-issue.log
 create mode 100644 docs/audits/2026_10_06-milestone-m7-p4-fixes-383/evidence/remediation-host/library-publication-01/changed-paths.json
 create mode 100644 docs/audits/2026_10_06-milestone-m7-p4-fixes-383/evidence/remediation-host/library-publication-01/commit.log
 create mode 100644 docs/audits/2026_10_06-milestone-m7-p4-fixes-383/evidence/remediation-host/library-publication-01/console.log
 create mode 100644 docs/audits/2026_10_06-milestone-m7-p4-fixes-383/evidence/remediation-host/library-publication-01/feature-push.log
 create mode 100644 docs/audits/2026_10_06-milestone-m7-p4-fixes-383/evidence/remediation-host/library-publication-01/inner.rc
 create mode 100644 docs/audits/2026_10_06-milestone-m7-p4-fixes-383/evidence/remediation-host/library-publication-01/integration.log
 create mode 100644 docs/audits/2026_10_06-milestone-m7-p4-fixes-383/evidence/remediation-host/library-publication-01/launcher-pid.json
 create mode 100644 docs/audits/2026_10_06-milestone-m7-p4-fixes-383/evidence/remediation-host/library-publication-01/launcher-result.json
 create mode 100644 docs/audits/2026_10_06-milestone-m7-p4-fixes-383/evidence/remediation-host/library-publication-01/launcher-start.json
 create mode 100644 docs/audits/2026_10_06-milestone-m7-p4-fixes-383/evidence/remediation-host/library-publication-01/launcher-submission.json
 create mode 100644 docs/audits/2026_10_06-milestone-m7-p4-fixes-383/evidence/remediation-host/library-publication-01/message.txt
 create mode 100644 docs/audits/2026_10_06-milestone-m7-p4-fixes-383/evidence/remediation-host/library-publication-01/next-push.log
 create mode 100644 docs/audits/2026_10_06-milestone-m7-p4-fixes-383/evidence/remediation-host/library-publication-01/outer.rc
 create mode 100644 docs/audits/2026_10_06-milestone-m7-p4-fixes-383/evidence/remediation-host/library-publication-01/owner-verification.json
 create mode 100644 docs/audits/2026_10_06-milestone-m7-p4-fixes-383/evidence/remediation-host/library-publication-01/publication.json
 create mode 100644 docs/audits/2026_10_06-milestone-m7-p4-fixes-383/evidence/remediation-host/library-publication-01/publish.py
 create mode 100644 docs/audits/2026_10_06-milestone-m7-p4-fixes-383/evidence/remediation-host/library-publication-01/register-check.log
 create mode 100644 docs/audits/2026_10_06-milestone-m7-p4-fixes-383/evidence/remediation-host/library-publication-01/rules-check.log
 create mode 100644 docs/audits/2026_10_06-milestone-m7-p4-fixes-383/evidence/remediation-host/library-publication-01/run.path
 create mode 100644 docs/audits/2026_10_06-milestone-m7-p4-fixes-383/evidence/remediation-host/library-publication-01/seal.json
 create mode 100644 docs/audits/2026_10_06-milestone-m7-p4-fixes-383/evidence/remediation-host/library-publication-01/sha256.json
 create mode 100644 docs/audits/2026_10_06-milestone-m7-p4-fixes-383/evidence/remediation-host/library-publication-01/tool-wrapper.rc
 create mode 100755 docs/audits/2026_10_06-milestone-m7-p4-fixes-383/evidence/remediation-host/library-publication-01/watch-build-submit.py
 create mode 100644 docs/audits/2026_10_06-milestone-m7-p4-fixes-383/evidence/remediation-host/library-publication-01/work-log-index.log
 create mode 100644 docs/qa-logs/2026-10-06-pixelelated-replacement-15/boot-bucket-acceptance-01/acceptance.json
 create mode 100644 docs/qa-logs/2026-10-06-pixelelated-replacement-15/boot-bucket-acceptance-02/377-after.json
 create mode 100644 docs/qa-logs/2026-10-06-pixelelated-replacement-15/boot-bucket-acceptance-02/377-before.json
 create mode 100644 docs/qa-logs/2026-10-06-pixelelated-replacement-15/boot-bucket-acceptance-02/377-patch.json
 create mode 100644 docs/qa-logs/2026-10-06-pixelelated-replacement-15/boot-bucket-acceptance-02/471-after.json
 create mode 100644 docs/qa-logs/2026-10-06-pixelelated-replacement-15/boot-bucket-acceptance-02/471-before.json
 create mode 100644 docs/qa-logs/2026-10-06-pixelelated-replacement-15/boot-bucket-acceptance-02/471-patch.json
 create mode 100644 docs/qa-logs/2026-10-06-pixelelated-replacement-15/boot-bucket-acceptance-02/475-after.json
 create mode 100644 docs/qa-logs/2026-10-06-pixelelated-replacement-15/boot-bucket-acceptance-02/475-before.json
 create mode 100644 docs/qa-logs/2026-10-06-pixelelated-replacement-15/boot-bucket-acceptance-02/475-patch.json
 create mode 100644 docs/qa-logs/2026-10-06-pixelelated-replacement-15/boot-bucket-acceptance-02/476-after.json
 create mode 100644 docs/qa-logs/2026-10-06-pixelelated-replacement-15/boot-bucket-acceptance-02/476-before.json
 create mode 100644 docs/qa-logs/2026-10-06-pixelelated-replacement-15/boot-bucket-acceptance-02/476-patch.json
 create mode 100644 docs/qa-logs/2026-10-06-pixelelated-replacement-15/boot-bucket-acceptance-02/M7-after.json
 create mode 100644 docs/qa-logs/2026-10-06-pixelelated-replacement-15/boot-bucket-acceptance-02/M7-before.json
 create mode 100644 docs/qa-logs/2026-10-06-pixelelated-replacement-15/boot-bucket-acceptance-02/M7-patch.json
 create mode 100644 docs/qa-logs/2026-10-06-pixelelated-replacement-15/boot-bucket-acceptance-02/acceptance.json
 create mode 100644 docs/qa-logs/2026-10-06-pixelelated-replacement-15/boot-bucket-acceptance-02/sha256.json
 create mode 100644 docs/qa-logs/2026-10-06-pixelelated-replacement-15/boot-qualification-06/artifacts/backing-after.json
 create mode 100644 docs/qa-logs/2026-10-06-pixelelated-replacement-15/boot-qualification-06/artifacts/backing-before.json
 create mode 100644 docs/qa-logs/2026-10-06-pixelelated-replacement-15/boot-qualification-06/artifacts/clean-640-cmdline.txt
 create mode 100644 docs/qa-logs/2026-10-06-pixelelated-replacement-15/boot-qualification-06/artifacts/clean-640-console.txt
 create mode 100644 docs/qa-logs/2026-10-06-pixelelated-replacement-15/boot-qualification-06/artifacts/clean-640-kernel.log
 create mode 100644 docs/qa-logs/2026-10-06-pixelelated-replacement-15/boot-qualification-06/artifacts/clean-640-network-exercise.json
 create mode 100644 docs/qa-logs/2026-10-06-pixelelated-replacement-15/boot-qualification-06/artifacts/clean-640-qemu.json
 create mode 100644 docs/qa-logs/2026-10-06-pixelelated-replacement-15/boot-qualification-06/artifacts/clean-640/000.png
 create mode 100644 docs/qa-logs/2026-10-06-pixelelated-replacement-15/boot-qualification-06/artifacts/clean-640/001.png
 create mode 100644 docs/qa-logs/2026-10-06-pixelelated-replacement-15/boot-qualification-06/artifacts/clean-640/002.png
 create mode 100644 docs/qa-logs/2026-10-06-pixelelated-replacement-15/boot-qualification-06/artifacts/clean-640/003.png
 create mode 100644 docs/qa-logs/2026-10-06-pixelelated-replacement-15/boot-qualification-06/artifacts/clean-640/004.png
 create mode 100644 docs/qa-logs/2026-10-06-pixelelated-replacement-15/boot-qualification-06/artifacts/clean-640/005.png
 create mode 100644 docs/qa-logs/2026-10-06-pixelelated-replacement-15/boot-qualification-06/artifacts/clean-640/006.png
 create mode 100644 docs/qa-logs/2026-10-06-pixelelated-replacement-15/boot-qualification-06/artifacts/clean-640/007.png
 create mode 100644 docs/qa-logs/2026-10-06-pixelelated-replacement-15/boot-qualification-06/artifacts/clean-640/008.png
 create mode 100644 docs/qa-logs/2026-10-06-pixelelated-replacement-15/boot-qualification-06/artifacts/clean-640/009.png
 create mode 100644 docs/qa-logs/2026-10-06-pixelelated-replacement-15/boot-qualification-06/artifacts/clean-640/010.png
 create mode 100644 docs/qa-logs/2026-10-06-pixelelated-replacement-15/boot-qualification-06/artifacts/clean-640/011.png
 create mode 100644 docs/qa-logs/2026-10-06-pixelelated-replacement-15/boot-qualification-06/artifacts/clean-640/012.png
 create mode 100644 docs/qa-logs/2026-10-06-pixelelated-replacement-15/boot-qualification-06/artifacts/clean-640/013.png
 create mode 100644 docs/qa-logs/2026-10-06-pixelelated-replacement-15/boot-qualification-06/artifacts/clean-640/014.png
 create mode 100644 docs/qa-logs/2026-10-06-pixelelated-replacement-15/boot-qualification-06/artifacts/clean-640/015.png
 create mode 100644 docs/qa-logs/2026-10-06-pixelelated-replacement-15/boot-qualification-06/artifacts/clean-640/016.png
 create mode 100644 docs/qa-logs/2026-10-06-pixelelated-replacement-15/boot-qualification-06/artifacts/clean-640/017.png
 create mode 100644 docs/qa-logs/2026-10-06-pixelelated-replacement-15/boot-qualification-06/artifacts/clean-640/018.png
 create mode 100644 docs/qa-logs/2026-10-06-pixelelated-replacement-15/boot-qualification-06/artifacts/clean-640/019.png
 create mode 100644 docs/qa-logs/2026-10-06-pixelelated-replacement-15/boot-qualification-06/artifacts/clean-640/020.png
 create mode 100644 docs/qa-logs/2026-10-06-pixelelated-replacement-15/boot-qualification-06/artifacts/clean-640/021.png
 create mode 100644 docs/qa-logs/2026-10-06-pixelelated-replacement-15/boot-qualification-06/artifacts/clean-640/022.png
 create mode 100644 docs/qa-logs/2026-10-06-pixelelated-replacement-15/boot-qualification-06/artifacts/clean-640/023.png
 create mode 100644 docs/qa-logs/2026-10-06-pixelelated-replacement-15/boot-qualification-06/artifacts/clean-640/024.png
 create mode 100644 docs/qa-logs/2026-10-06-pixelelated-replacement-15/boot-qualification-06/artifacts/clean-640/025.png
 create mode 100644 docs/qa-logs/2026-10-06-pixelelated-replacement-15/boot-qualification-06/artifacts/clean-640/026.png
 create mode 100644 docs/qa-logs/2026-10-06-pixelelated-replacement-15/boot-qualification-06/artifacts/clean-640/027.png
 create mode 100644 docs/qa-logs/2026-10-06-pixelelated-replacement-15/boot-qualification-06/artifacts/clean-640/028.png
 create mode 100644 docs/qa-logs/2026-10-06-pixelelated-replacement-15/boot-qualification-06/artifacts/clean-640/029.png
 create mode 100644 docs/qa-logs/2026-10-06-pixelelated-replacement-15/boot-qualification-06/artifacts/clean-640/030.png
 create mode 100644 docs/qa-logs/2026-10-06-pixelelated-replacement-15/boot-qualification-06/artifacts/clean-640/031.png
 create mode 100644 docs/qa-logs/2026-10-06-pixelelated-replacement-15/boot-qualification-06/artifacts/clean-640/032.png
 create mode 100644 docs/qa-logs/2026-10-06-pixelelated-replacement-15/boot-qualification-06/artifacts/clean-640/033.png
 create mode 100644 docs/qa-logs/2026-10-06-pixelelated-replacement-15/boot-qualification-06/artifacts/clean-640/034.png
 create mode 100644 docs/qa-logs/2026-10-06-pixelelated-replacement-15/boot-qualification-06/artifacts/clean-640/035.png
 create mode 100644 docs/qa-logs/2026-10-06-pixelelated-replacement-15/boot-qualification-06/artifacts/clean-640/036.png
 create mode 100644 docs/qa-logs/2026-10-06-pixelelated-replacement-15/boot-qualification-06/artifacts/clean-640/037.png
 create mode 100644 docs/qa-logs/2026-10-06-pixelelated-replacement-15/boot-qualification-06/artifacts/clean-640/038.png
 create mode 100644 docs/qa-logs/2026-10-06-pixelelated-replacement-15/boot-qualification-06/artifacts/clean-640/039.png
 create mode 100644 docs/qa-logs/2026-10-06-pixelelated-replacement-15/boot-qualification-06/artifacts/clean-640/040.png
 create mode 100644 docs/qa-logs/2026-10-06-pixelelated-replacement-15/boot-qualification-06/artifacts/clean-640/041.png
 create mode 100644 docs/qa-logs/2026-10-06-pixelelated-replacement-15/boot-qualification-06/artifacts/clean-640/042.png
 create mode 100644 docs/qa-logs/2026-10-06-pixelelated-replacement-15/boot-qualification-06/artifacts/clean-640/043.png
 create mode 100644 docs/qa-logs/2026-10-06-pixelelated-replacement-15/boot-qualification-06/artifacts/clean-640/044.png
 create mode 100644 docs/qa-logs/2026-10-06-pixelelated-replacement-15/boot-qualification-06/artifacts/clean-640/045.png
 create mode 100644 docs/qa-logs/2026-10-06-pixelelated-replacement-15/boot-qualification-06/artifacts/clean-640/046.png
 create mode 100644 docs/qa-logs/2026-10-06-pixelelated-replacement-15/boot-qualification-06/artifacts/clean-640/047.png
 create mode 100644 docs/qa-logs/2026-10-06-pixelelated-replacement-15/boot-qualification-06/artifacts/clean-640/048.png
 create mode 100644 docs/qa-logs/2026-10-06-pixelelated-replacement-15/boot-qualification-06/artifacts/clean-640/049.png
 create mode 100644 docs/qa-logs/2026-10-06-pixelelated-replacement-15/boot-qualification-06/artifacts/clean-640/050.png
 create mode 100644 docs/qa-logs/2026-10-06-pixelelated-replacement-15/boot-qualification-06/artifacts/clean-640/051.png
 create mode 100644 docs/qa-logs/2026-10-06-pixelelated-replacement-15/boot-qualification-06/artifacts/clean-640/052.png
 create mode 100644 docs/qa-logs/2026-10-06-pixelelated-replacement-15/boot-qualification-06/artifacts/clean-640/053.png
 create mode 100644 docs/qa-logs/2026-10-06-pixelelated-replacement-15/boot-qualification-06/artifacts/clean-640/054.png
 create mode 100644 docs/qa-logs/2026-10-06-pixelelated-replacement-15/boot-qualification-06/artifacts/clean-640/055.png
 create mode 100644 docs/qa-logs/2026-10-06-pixelelated-replacement-15/boot-qualification-06/artifacts/clean-640/056.png
 create mode 100644 docs/qa-logs/2026-10-06-pixelelated-replacement-15/boot-qualification-06/artifacts/clean-640/057.png
 create mode 100644 docs/qa-logs/2026-10-06-pixelelated-replacement-15/boot-qualification-06/artifacts/clean-640/058.png
 create mode 100644 docs/qa-logs/2026-10-06-pixelelated-replacement-15/boot-qualification-06/artifacts/clean-640/059.png
 create mode 100644 docs/qa-logs/2026-10-06-pixelelated-replacement-15/boot-qualification-06/artifacts/clean-640/060.png
 create mode 100644 docs/qa-logs/2026-10-06-pixelelated-replacement-15/boot-qualification-06/artifacts/clean-640/061.png
 create mode 100644 docs/qa-logs/2026-10-06-pixelelated-replacement-15/boot-qualification-06/artifacts/clean-640/062.png
 create mode 100644 docs/qa-logs/2026-10-06-pixelelated-replacement-15/boot-qualification-06/artifacts/clean-640/063.png
 create mode 100644 docs/qa-logs/2026-10-06-pixelelated-replacement-15/boot-qualification-06/artifacts/clean-640/064.png
 create mode 100644 docs/qa-logs/2026-10-06-pixelelated-replacement-15/boot-qualification-06/artifacts/clean-640/065.png
 create mode 100644 docs/qa-logs/2026-10-06-pixelelated-replacement-15/boot-qualification-06/artifacts/clean-640/066.png
 create mode 100644 docs/qa-logs/2026-10-06-pixelelated-replacement-15/boot-qualification-06/artifacts/clean-640/067.png
 create mode 100644 docs/qa-logs/2026-10-06-pixelelated-replacement-15/boot-qualification-06/artifacts/clean-640/068.png
 create mode 100644 docs/qa-logs/2026-10-06-pixelelated-replacement-15/boot-qualification-06/artifacts/clean-640/069.png
 create mode 100644 docs/qa-logs/2026-10-06-pixelelated-replacement-15/boot-qualification-06/artifacts/clean-640/070.png
 create mode 100644 docs/qa-logs/2026-10-06-pixelelated-replacement-15/boot-qualification-06/artifacts/clean-640/071.png
 create mode 100644 docs/qa-logs/2026-10-06-pixelelated-replacement-15/boot-qualification-06/artifacts/clean-640/072.png
 create mode 100644 docs/qa-logs/2026-10-06-pixelelated-replacement-15/boot-qualification-06/artifacts/clean-640/073.png
 create mode 100644 docs/qa-logs/2026-10-06-pixelelated-replacement-15/boot-qualification-06/artifacts/clean-640/074.png
 create mode 100644 docs/qa-logs/2026-10-06-pixelelated-replacement-15/boot-qualification-06/artifacts/clean-640/075.png
 create mode 100644 docs/qa-logs/2026-10-06-pixelelated-replacement-15/boot-qualification-06/artifacts/clean-640/076.png
 create mode 100644 docs/qa-logs/2026-10-06-pixelelated-replacement-15/boot-qualification-06/artifacts/clean-640/077.png
 create mode 100644 docs/qa-logs/2026-10-06-pixelelated-replacement-15/boot-qualification-06/artifacts/clean-640/078.png
 create mode 100644 docs/qa-logs/2026-10-06-pixelelated-replacement-15/boot-qualification-06/artifacts/clean-640/079.png
 create mode 100644 docs/qa-logs/2026-10-06-pixelelated-replacement-15/boot-qualification-06/artifacts/clean-640/080.png
 create mode 100644 docs/qa-logs/2026-10-06-pixelelated-replacement-15/boot-qualification-06/artifacts/clean-640/081.png
 create mode 100644 docs/qa-logs/2026-10-06-pixelelated-replacement-15/boot-qualification-06/artifacts/clean-640/082.png
 create mode 100644 docs/qa-logs/2026-10-06-pixelelated-replacement-15/boot-qualification-06/artifacts/clean-640/083.png
 create mode 100644 docs/qa-logs/2026-10-06-pixelelated-replacement-15/boot-qualification-06/artifacts/clean-640/084.png
 create mode 100644 docs/qa-logs/2026-10-06-pixelelated-replacement-15/boot-qualification-06/artifacts/clean-640/085.png
 create mode 100644 docs/qa-logs/2026-10-06-pixelelated-replacement-15/boot-qualification-06/artifacts/clean-640/086.png
 create mode 100644 docs/qa-logs/2026-10-06-pixelelated-replacement-15/boot-qualification-06/artifacts/clean-640/087.png
 create mode 100644 docs/qa-logs/2026-10-06-pixelelated-replacement-15/boot-qualification-06/artifacts/clean-640/088.png
 create mode 100644 docs/qa-logs/2026-10-06-pixelelated-replacement-15/boot-qualification-06/artifacts/clean-640/089.png
 create mode 100644 docs/qa-logs/2026-10-06-pixelelated-replacement-15/boot-qualification-06/artifacts/clean-640/090.png
 create mode 100644 docs/qa-logs/2026-10-06-pixelelated-replacement-15/boot-qualification-06/artifacts/clean-640/091.png
 create mode 100644 docs/qa-logs/2026-10-06-pixelelated-replacement-15/boot-qualification-06/artifacts/clean-640/092.png
 create mode 100644 docs/qa-logs/2026-10-06-pixelelated-replacement-15/boot-qualification-06/artifacts/clean-640/093.png
 create mode 100644 docs/qa-logs/2026-10-06-pixelelated-replacement-15/boot-qualification-06/artifacts/clean-640/094.png
 create mode 100644 docs/qa-logs/2026-10-06-pixelelated-replacement-15/boot-qualification-06/artifacts/clean-640/095.png
 create mode 100644 docs/qa-logs/2026-10-06-pixelelated-replacement-15/boot-qualification-06/artifacts/clean-640/096.png
 create mode 100644 docs/qa-logs/2026-10-06-pixelelated-replacement-15/boot-qualification-06/artifacts/clean-640/097.png
 create mode 100644 docs/qa-logs/2026-10-06-pixelelated-replacement-15/boot-qualification-06/artifacts/clean-640/098.png
 create mode 100644 docs/qa-logs/2026-10-06-pixelelated-replacement-15/boot-qualification-06/artifacts/clean-640/099.png
 create mode 100644 docs/qa-logs/2026-10-06-pixelelated-replacement-15/boot-qualification-06/artifacts/clean-640/100.png
 create mode 100644 docs/qa-logs/2026-10-06-pixelelated-replacement-15/boot-qualification-06/artifacts/clean-640/101.png
 create mode 100644 docs/qa-logs/2026-10-06-pixelelated-replacement-15/boot-qualification-06/artifacts/clean-640/102.png
 create mode 100644 docs/qa-logs/2026-10-06-pixelelated-replacement-15/boot-qualification-06/artifacts/clean-640/103.png
 create mode 100644 docs/qa-logs/2026-10-06-pixelelated-replacement-15/boot-qualification-06/artifacts/clean-640/104.png
 create mode 100644 docs/qa-logs/2026-10-06-pixelelated-replacement-15/boot-qualification-06/artifacts/clean-640/105.png
 create mode 100644 docs/qa-logs/2026-10-06-pixelelated-replacement-15/boot-qualification-06/artifacts/clean-640/106.png
 create mode 100644 docs/qa-logs/2026-10-06-pixelelated-replacement-15/boot-qualification-06/artifacts/clean-640/107.png
 create mode 100644 docs/qa-logs/2026-10-06-pixelelated-replacement-15/boot-qualification-06/artifacts/clean-640/108.png
 create mode 100644 docs/qa-logs/2026-10-06-pixelelated-replacement-15/boot-qualification-06/artifacts/clean-640/109.png
 create mode 100644 docs/qa-logs/2026-10-06-pixelelated-replacement-15/boot-qualification-06/artifacts/clean-640/110.png
 create mode 100644 docs/qa-logs/2026-10-06-pixelelated-replacement-15/boot-qualification-06/artifacts/clean-640/111.png
 create mode 100644 docs/qa-logs/2026-10-06-pixelelated-replacement-15/boot-qualification-06/artifacts/clean-640/112.png
 create mode 100644 docs/qa-logs/2026-10-06-pixelelated-replacement-15/boot-qualification-06/artifacts/clean-640/113.png
 create mode 100644 docs/qa-logs/2026-10-06-pixelelated-replacement-15/boot-qualification-06/artifacts/clean-640/114.png
 create mode 100644 docs/qa-logs/2026-10-06-pixelelated-replacement-15/boot-qualification-06/artifacts/clean-640/115.png
 create mode 100644 docs/qa-logs/2026-10-06-pixelelated-replacement-15/boot-qualification-06/artifacts/clean-640/116.png
 create mode 100644 docs/qa-logs/2026-10-06-pixelelated-replacement-15/boot-qualification-06/artifacts/clean-640/117.png
 create mode 100644 docs/qa-logs/2026-10-06-pixelelated-replacement-15/boot-qualification-06/artifacts/clean-640/118.png
 create mode 100644 docs/qa-logs/2026-10-06-pixelelated-replacement-15/boot-qualification-06/artifacts/clean-640/119.png
 create mode 100644 docs/qa-logs/2026-10-06-pixelelated-replacement-15/boot-qualification-06/artifacts/clean-640/120.png
 create mode 100644 docs/qa-logs/2026-10-06-pixelelated-replacement-15/boot-qualification-06/artifacts/clean-640/121.png
 create mode 100644 docs/qa-logs/2026-10-06-pixelelated-replacement-15/boot-qualification-06/artifacts/clean-640/122.png
 create mode 100644 docs/qa-logs/2026-10-06-pixelelated-replacement-15/boot-qualification-06/artifacts/clean-640/123.png
 create mode 100644 docs/qa-logs/2026-10-06-pixelelated-replacement-15/boot-qualification-06/artifacts/clean-640/124.png
 create mode 100644 docs/qa-logs/2026-10-06-pixelelated-replacement-15/boot-qualification-06/artifacts/clean-640/125.png
 create mode 100644 docs/qa-logs/2026-10-06-pixelelated-replacement-15/boot-qualification-06/artifacts/clean-640/126.png
 create mode 100644 docs/qa-logs/2026-10-06-pixelelated-replacement-15/boot-qualification-06/artifacts/clean-640/127.png
 create mode 100644 docs/qa-logs/2026-10-06-pixelelated-replacement-15/boot-qualification-06/artifacts/clean-640/128.png
 create mode 100644 docs/qa-logs/2026-10-06-pixelelated-replacement-15/boot-qualification-06/artifacts/clean-640/129.png
 create mode 100644 docs/qa-logs/2026-10-06-pixelelated-replacement-15/boot-qualification-06/artifacts/clean-640/130.png
 create mode 100644 docs/qa-logs/2026-10-06-pixelelated-replacement-15/boot-qualification-06/artifacts/clean-640/131.png
 create mode 100644 docs/qa-logs/2026-10-06-pixelelated-replacement-15/boot-qualification-06/artifacts/clean-640/132.png
 create mode 100644 docs/qa-logs/2026-10-06-pixelelated-replacement-15/boot-qualification-06/artifacts/clean-640/133.png
 create mode 100644 docs/qa-logs/2026-10-06-pixelelated-replacement-15/boot-qualification-06/artifacts/clean-640/134.png
 create mode 100644 docs/qa-logs/2026-10-06-pixelelated-replacement-15/boot-qualification-06/artifacts/clean-640/135.png
 create mode 100644 docs/qa-logs/2026-10-06-pixelelated-replacement-15/boot-qualification-06/artifacts/clean-640/136.png
 create mode 100644 docs/qa-logs/2026-10-06-pixelelated-replacement-15/boot-qualification-06/artifacts/clean-640/137.png
 create mode 100644 docs/qa-logs/2026-10-06-pixelelated-replacement-15/boot-qualification-06/artifacts/clean-640/138.png
 create mode 100644 docs/qa-logs/2026-10-06-pixelelated-replacement-15/boot-qualification-06/artifacts/clean-640/139.png
 create mode 100644 docs/qa-logs/2026-10-06-pixelelated-replacement-15/boot-qualification-06/artifacts/clean-640/140.png
 create mode 100644 docs/qa-logs/2026-10-06-pixelelated-replacement-15/boot-qualification-06/artifacts/clean-640/141.png
 create mode 100644 docs/qa-logs/2026-10-06-pixelelated-replacement-15/boot-qualification-06/artifacts/clean-640/142.png
 create mode 100644 docs/qa-logs/2026-10-06-pixelelated-replacement-15/boot-qualification-06/artifacts/clean-640/143.png
 create mode 100644 docs/qa-logs/2026-10-06-pixelelated-replacement-15/boot-qualification-06/artifacts/clean-640/144.png
 create mode 100644 docs/qa-logs/2026-10-06-pixelelated-replacement-15/boot-qualification-06/artifacts/clean-640/145.png
 create mode 100644 docs/qa-logs/2026-10-06-pixelelated-replacement-15/boot-qualification-06/artifacts/clean-640/146.png
 create mode 100644 docs/qa-logs/2026-10-06-pixelelated-replacement-15/boot-qualification-06/artifacts/clean-640/147.png
 create mode 100644 docs/qa-logs/2026-10-06-pixelelated-replacement-15/boot-qualification-06/artifacts/clean-640/148.png
 create mode 100644 docs/qa-logs/2026-10-06-pixelelated-replacement-15/boot-qualification-06/artifacts/clean-640/149.png
 create mode 100644 docs/qa-logs/2026-10-06-pixelelated-replacement-15/boot-qualification-06/artifacts/clean-640/150.png
 create mode 100644 docs/qa-logs/2026-10-06-pixelelated-replacement-15/boot-qualification-06/artifacts/clean-640/151.png
 create mode 100644 docs/qa-logs/2026-10-06-pixelelated-replacement-15/boot-qualification-06/artifacts/clean-640/152.png
 create mode 100644 docs/qa-logs/2026-10-06-pixelelated-replacement-15/boot-qualification-06/artifacts/clean-640/153.png
 create mode 100644 docs/qa-logs/2026-10-06-pixelelated-replacement-15/boot-qualification-06/artifacts/clean-640/154.png
 create mode 100644 docs/qa-logs/2026-10-06-pixelelated-replacement-15/boot-qualification-06/artifacts/clean-640/155.png
 create mode 100644 docs/qa-logs/2026-10-06-pixelelated-replacement-15/boot-qualification-06/artifacts/clean-640/156.png
 create mode 100644 docs/qa-logs/2026-10-06-pixelelated-replacement-15/boot-qualification-06/artifacts/clean-640/157.png
 create mode 100644 docs/qa-logs/2026-10-06-pixelelated-replacement-15/boot-qualification-06/artifacts/clean-640/158.png
 create mode 100644 docs/qa-logs/2026-10-06-pixelelated-replacement-15/boot-qualification-06/artifacts/clean-640/159.png
 create mode 100644 docs/qa-logs/2026-10-06-pixelelated-replacement-15/boot-qualification-06/artifacts/clean-640/160.png
 create mode 100644 docs/qa-logs/2026-10-06-pixelelated-replacement-15/boot-qualification-06/artifacts/clean-640/161.png
 create mode 100644 docs/qa-logs/2026-10-06-pixelelated-replacement-15/boot-qualification-06/artifacts/clean-640/162.png
 create mode 100644 docs/qa-logs/2026-10-06-pixelelated-replacement-15/boot-qualification-06/artifacts/clean-640/163.png
 create mode 100644 docs/qa-logs/2026-10-06-pixelelated-replacement-15/boot-qualification-06/artifacts/clean-640/164.png
 create mode 100644 docs/qa-logs/2026-10-06-pixelelated-replacement-15/boot-qualification-06/artifacts/clean-640/165.png
 create mode 100644 docs/qa-logs/2026-10-06-pixelelated-replacement-15/boot-qualification-06/artifacts/clean-640/166.png
 create mode 100644 docs/qa-logs/2026-10-06-pixelelated-replacement-15/boot-qualification-06/artifacts/clean-640/167.png
 create mode 100644 docs/qa-logs/2026-10-06-pixelelated-replacement-15/boot-qualification-06/artifacts/clean-640/168.png
 create mode 100644 docs/qa-logs/2026-10-06-pixelelated-replacement-15/boot-qualification-06/artifacts/clean-640/169.png
 create mode 100644 docs/qa-logs/2026-10-06-pixelelated-replacement-15/boot-qualification-06/artifacts/clean-640/170.png
 create mode 100644 docs/qa-logs/2026-10-06-pixelelated-replacement-15/boot-qualification-06/artifacts/clean-640/171.png
 create mode 100644 docs/qa-logs/2026-10-06-pixelelated-replacement-15/boot-qualification-06/artifacts/clean-640/172.png
 create mode 100644 docs/qa-logs/2026-10-06-pixelelated-replacement-15/boot-qualification-06/artifacts/clean-640/173.png
 create mode 100644 docs/qa-logs/2026-10-06-pixelelated-replacement-15/boot-qualification-06/artifacts/clean-640/174.png
 create mode 100644 docs/qa-logs/2026-10-06-pixelelated-replacement-15/boot-qualification-06/artifacts/clean-640/175.png
 create mode 100644 docs/qa-logs/2026-10-06-pixelelated-replacement-15/boot-qualification-06/artifacts/clean-640/176.png
 create mode 100644 docs/qa-logs/2026-10-06-pixelelated-replacement-15/boot-qualification-06/artifacts/clean-640/177.png
 create mode 100644 docs/qa-logs/2026-10-06-pixelelated-replacement-15/boot-qualification-06/artifacts/clean-640/178.png
 create mode 100644 docs/qa-logs/2026-10-06-pixelelated-replacement-15/boot-qualification-06/artifacts/clean-640/179.png
 create mode 100644 docs/qa-logs/2026-10-06-pixelelated-replacement-15/boot-qualification-06/artifacts/clean-640/180.png
 create mode 100644 docs/qa-logs/2026-10-06-pixelelated-replacement-15/boot-qualification-06/artifacts/clean-640/181.png
 create mode 100644 docs/qa-logs/2026-10-06-pixelelated-replacement-15/boot-qualification-06/artifacts/clean-640/182.png
 create mode 100644 docs/qa-logs/2026-10-06-pixelelated-replacement-15/boot-qualification-06/artifacts/clean-640/183.png
 create mode 100644 docs/qa-logs/2026-10-06-pixelelated-replacement-15/boot-qualification-06/artifacts/clean-640/184.png
 create mode 100644 docs/qa-logs/2026-10-06-pixelelated-replacement-15/boot-qualification-06/artifacts/clean-640/185.png
 create mode 100644 docs/qa-logs/2026-10-06-pixelelated-replacement-15/boot-qualification-06/artifacts/clean-640/186.png
 create mode 100644 docs/qa-logs/2026-10-06-pixelelated-replacement-15/boot-qualification-06/artifacts/clean-640/187.png
 create mode 100644 docs/qa-logs/2026-10-06-pixelelated-replacement-15/boot-qualification-06/artifacts/clean-640/188.png
 create mode 100644 docs/qa-logs/2026-10-06-pixelelated-replacement-15/boot-qualification-06/artifacts/clean-640/189.png
 create mode 100644 docs/qa-logs/2026-10-06-pixelelated-replacement-15/boot-qualification-06/artifacts/clean-640/190.png
 create mode 100644 docs/qa-logs/2026-10-06-pixelelated-replacement-15/boot-qualification-06/artifacts/clean-640/191.png
 create mode 100644 docs/qa-logs/2026-10-06-pixelelated-replacement-15/boot-qualification-06/artifacts/clean-640/192.png
 create mode 100644 docs/qa-logs/2026-10-06-pixelelated-replacement-15/boot-qualification-06/artifacts/clean-640/193.png
 create mode 100644 docs/qa-logs/2026-10-06-pixelelated-replacement-15/boot-qualification-06/artifacts/clean-640/194.png
 create mode 100644 docs/qa-logs/2026-10-06-pixelelated-replacement-15/boot-qualification-06/artifacts/clean-640/195.png
 create mode 100644 docs/qa-logs/2026-10-06-pixelelated-replacement-15/boot-qualification-06/artifacts/clean-640/196.png
 create mode 100644 docs/qa-logs/2026-10-06-pixelelated-replacement-15/boot-qualification-06/artifacts/clean-640/197.png
 create mode 100644 docs/qa-logs/2026-10-06-pixelelated-replacement-15/boot-qualification-06/artifacts/clean-640/198.png
 create mode 100644 docs/qa-logs/2026-10-06-pixelelated-replacement-15/boot-qualification-06/artifacts/clean-640/199.png
 create mode 100644 docs/qa-logs/2026-10-06-pixelelated-replacement-15/boot-qualification-06/artifacts/clean-640/200.png
 create mode 100644 docs/qa-logs/2026-10-06-pixelelated-replacement-15/boot-qualification-06/artifacts/clean-640/201.png
 create mode 100644 docs/qa-logs/2026-10-06-pixelelated-replacement-15/boot-qualification-06/artifacts/clean-640/202.png
 create mode 100644 docs/qa-logs/2026-10-06-pixelelated-replacement-15/boot-qualification-06/artifacts/clean-640/203.png
 create mode 100644 docs/qa-logs/2026-10-06-pixelelated-replacement-15/boot-qualification-06/artifacts/clean-640/204.png
 create mode 100644 docs/qa-logs/2026-10-06-pixelelated-replacement-15/boot-qualification-06/artifacts/clean-640/205.png
 create mode 100644 docs/qa-logs/2026-10-06-pixelelated-replacement-15/boot-qualification-06/artifacts/clean-640/206.png
 create mode 100644 docs/qa-logs/2026-10-06-pixelelated-replacement-15/boot-qualification-06/artifacts/clean-640/207.png
 create mode 100644 docs/qa-logs/2026-10-06-pixelelated-replacement-15/boot-qualification-06/artifacts/clean-640/208.png
 create mode 100644 docs/qa-logs/2026-10-06-pixelelated-replacement-15/boot-qualification-06/artifacts/clean-640/209.png
 create mode 100644 docs/qa-logs/2026-10-06-pixelelated-replacement-15/boot-qualification-06/artifacts/clean-640/210.png
 create mode 100644 docs/qa-logs/2026-10-06-pixelelated-replacement-15/boot-qualification-06/artifacts/clean-640/211.png
 create mode 100644 docs/qa-logs/2026-10-06-pixelelated-replacement-15/boot-qualification-06/artifacts/clean-640/212.png
 create mode 100644 docs/qa-logs/2026-10-06-pixelelated-replacement-15/boot-qualification-06/artifacts/clean-640/213.png
 create mode 100644 docs/qa-logs/2026-10-06-pixelelated-replacement-15/boot-qualification-06/artifacts/clean-640/214.png
 create mode 100644 docs/qa-logs/2026-10-06-pixelelated-replacement-15/boot-qualification-06/artifacts/clean-640/215.png
 create mode 100644 docs/qa-logs/2026-10-06-pixelelated-replacement-15/boot-qualification-06/artifacts/clean-640/216.png
 create mode 100644 docs/qa-logs/2026-10-06-pixelelated-replacement-15/boot-qualification-06/artifacts/clean-640/217.png
 create mode 100644 docs/qa-logs/2026-10-06-pixelelated-replacement-15/boot-qualification-06/artifacts/clean-640/218.png
 create mode 100644 docs/qa-logs/2026-10-06-pixelelated-replacement-15/boot-qualification-06/artifacts/clean-640/219.png
 create mode 100644 docs/qa-logs/2026-10-06-pixelelated-replacement-15/boot-qualification-06/artifacts/clean-640/220.png
 create mode 100644 docs/qa-logs/2026-10-06-pixelelated-replacement-15/boot-qualification-06/artifacts/clean-640/221.png
 create mode 100644 docs/qa-logs/2026-10-06-pixelelated-replacement-15/boot-qualification-06/artifacts/clean-640/222.png
 create mode 100644 docs/qa-logs/2026-10-06-pixelelated-replacement-15/boot-qualification-06/artifacts/clean-640/223.png
 create mode 100644 docs/qa-logs/2026-10-06-pixelelated-replacement-15/boot-qualification-06/artifacts/clean-640/224.png
 create mode 100644 docs/qa-logs/2026-10-06-pixelelated-replacement-15/boot-qualification-06/artifacts/clean-640/225.png
 create mode 100644 docs/qa-logs/2026-10-06-pixelelated-replacement-15/boot-qualification-06/artifacts/clean-640/226.png
 create mode 100644 docs/qa-logs/2026-10-06-pixelelated-replacement-15/boot-qualification-06/artifacts/clean-640/captures.json
 create mode 100644 docs/qa-logs/2026-10-06-pixelelated-replacement-15/boot-qualification-06/artifacts/expected-kernel.json
 create mode 100644 docs/qa-logs/2026-10-06-pixelelated-replacement-15/boot-qualification-06/artifacts/owned-pids.json
 create mode 100644 docs/qa-logs/2026-10-06-pixelelated-replacement-15/boot-qualification-06/artifacts/renderer-clean-640.json
 create mode 100644 docs/qa-logs/2026-10-06-pixelelated-replacement-15/boot-qualification-06/artifacts/renderer-clean-640.stderr
 create mode 100644 docs/qa-logs/2026-10-06-pixelelated-replacement-15/boot-qualification-06/artifacts/renderer-clean-640.stdout
 create mode 100644 docs/qa-logs/2026-10-06-pixelelated-replacement-15/boot-qualification-06/capture-boot.py
 create mode 100755 docs/qa-logs/2026-10-06-pixelelated-replacement-15/boot-qualification-06/capture-qemu
 create mode 100644 docs/qa-logs/2026-10-06-pixelelated-replacement-15/boot-qualification-06/classify-guest-pcap.py
 create mode 100644 docs/qa-logs/2026-10-06-pixelelated-replacement-15/boot-qualification-06/clean-640.ovmf-vars.fd
 create mode 100644 docs/qa-logs/2026-10-06-pixelelated-replacement-15/boot-qualification-06/console.log
 create mode 100644 docs/qa-logs/2026-10-06-pixelelated-replacement-15/boot-qualification-06/guest-cleanup-verification.json
 create mode 100644 docs/qa-logs/2026-10-06-pixelelated-replacement-15/boot-qualification-06/guest.pid
 create mode 100644 docs/qa-logs/2026-10-06-pixelelated-replacement-15/boot-qualification-06/harness.sha256
 create mode 100644 docs/qa-logs/2026-10-06-pixelelated-replacement-15/boot-qualification-06/inner.rc
 create mode 100644 docs/qa-logs/2026-10-06-pixelelated-replacement-15/boot-qualification-06/launcher-pid.json
 create mode 100644 docs/qa-logs/2026-10-06-pixelelated-replacement-15/boot-qualification-06/launcher-result.json
 create mode 100644 docs/qa-logs/2026-10-06-pixelelated-replacement-15/boot-qualification-06/launcher-start.json
 create mode 100644 docs/qa-logs/2026-10-06-pixelelated-replacement-15/boot-qualification-06/launcher-submission.json
 create mode 100644 docs/qa-logs/2026-10-06-pixelelated-replacement-15/boot-qualification-06/match-splash.py
 create mode 100644 docs/qa-logs/2026-10-06-pixelelated-replacement-15/boot-qualification-06/network-inputs.json
 create mode 100644 docs/qa-logs/2026-10-06-pixelelated-replacement-15/boot-qualification-06/old-logo.png
 create mode 100644 docs/qa-logs/2026-10-06-pixelelated-replacement-15/boot-qualification-06/outer.rc
 create mode 100755 docs/qa-logs/2026-10-06-pixelelated-replacement-15/boot-qualification-06/outer.sh
 create mode 100644 docs/qa-logs/2026-10-06-pixelelated-replacement-15/boot-qualification-06/owner-verification.json
 create mode 100644 docs/qa-logs/2026-10-06-pixelelated-replacement-15/boot-qualification-06/provenance.json
 create mode 100644 docs/qa-logs/2026-10-06-pixelelated-replacement-15/boot-qualification-06/qa.start
 create mode 100644 docs/qa-logs/2026-10-06-pixelelated-replacement-15/boot-qualification-06/qualify-boot.py
 create mode 100644 docs/qa-logs/2026-10-06-pixelelated-replacement-15/boot-qualification-06/reference-1280.png
 create mode 100644 docs/qa-logs/2026-10-06-pixelelated-replacement-15/boot-qualification-06/reference-640.png
 create mode 100644 docs/qa-logs/2026-10-06-pixelelated-replacement-15/boot-qualification-06/retention.json
 create mode 100644 docs/qa-logs/2026-10-06-pixelelated-replacement-15/boot-qualification-06/run.path
 create mode 100755 docs/qa-logs/2026-10-06-pixelelated-replacement-15/boot-qualification-06/run.sh
 create mode 100644 docs/qa-logs/2026-10-06-pixelelated-replacement-15/boot-qualification-06/sha256.json
 create mode 100644 docs/qa-logs/2026-10-06-pixelelated-replacement-15/boot-qualification-06/stop-guest.py
 create mode 100644 docs/qa-logs/2026-10-06-pixelelated-replacement-15/boot-qualification-06/tool-wrapper.rc
 create mode 100644 docs/qa-logs/2026-10-06-pixelelated-replacement-15/boot-qualification-06/updater-network-proof.py
 create mode 100644 docs/qa-logs/2026-10-06-pixelelated-replacement-15/boot-qualification-06/verify-inputs.py
 create mode 100644 docs/qa-logs/2026-10-06-pixelelated-replacement-15/boot-qualification-06/verify-renderer.py
 create mode 100755 docs/qa-logs/2026-10-06-pixelelated-replacement-15/boot-qualification-06/watch-build-submit.py
 create mode 100644 docs/qa-logs/2026-10-06-pixelelated-replacement-15/boot-qualification-06/watcher/build.log
 create mode 100644 docs/qa-logs/2026-10-06-pixelelated-replacement-15/boot-qualification-06/watcher/build.pid
 create mode 100644 docs/qa-logs/2026-10-06-pixelelated-replacement-15/boot-qualification-06/watcher/build.rc
 create mode 100644 docs/qa-logs/2026-10-06-pixelelated-replacement-15/boot-qualification-06/watcher/build.status
 create mode 100644 docs/qa-logs/2026-10-06-pixelelated-replacement-15/boot-qualification-06/watcher/command.pid
 create mode 100644 docs/qa-logs/2026-10-06-pixelelated-replacement-15/boot-qualification-06/watcher/watcher.pid
 create mode 100644 docs/qa-logs/2026-10-06-pixelelated-replacement-15/boot-qualification-07/artifacts/backing-after.json
 create mode 100644 docs/qa-logs/2026-10-06-pixelelated-replacement-15/boot-qualification-07/artifacts/backing-before.json
 create mode 100644 docs/qa-logs/2026-10-06-pixelelated-replacement-15/boot-qualification-07/artifacts/clean-640-qemu.json
 create mode 100644 docs/qa-logs/2026-10-06-pixelelated-replacement-15/boot-qualification-07/artifacts/expected-kernel.json
 create mode 100644 docs/qa-logs/2026-10-06-pixelelated-replacement-15/boot-qualification-07/blank.json
 create mode 100644 docs/qa-logs/2026-10-06-pixelelated-replacement-15/boot-qualification-07/blank.log
 create mode 100644 docs/qa-logs/2026-10-06-pixelelated-replacement-15/boot-qualification-07/capture-boot.py
 create mode 100755 docs/qa-logs/2026-10-06-pixelelated-replacement-15/boot-qualification-07/capture-qemu
 create mode 100644 docs/qa-logs/2026-10-06-pixelelated-replacement-15/boot-qualification-07/classify-guest-pcap.py
 create mode 100644 docs/qa-logs/2026-10-06-pixelelated-replacement-15/boot-qualification-07/clean-640.ovmf-vars.fd
 create mode 100644 docs/qa-logs/2026-10-06-pixelelated-replacement-15/boot-qualification-07/console.log
 create mode 100644 docs/qa-logs/2026-10-06-pixelelated-replacement-15/boot-qualification-07/guest-cleanup-verification.json
 create mode 100644 docs/qa-logs/2026-10-06-pixelelated-replacement-15/boot-qualification-07/harness.sha256
 create mode 100644 docs/qa-logs/2026-10-06-pixelelated-replacement-15/boot-qualification-07/injected-web.json
 create mode 100644 docs/qa-logs/2026-10-06-pixelelated-replacement-15/boot-qualification-07/injected-web.log
 create mode 100644 docs/qa-logs/2026-10-06-pixelelated-replacement-15/boot-qualification-07/inner.rc
 create mode 100644 docs/qa-logs/2026-10-06-pixelelated-replacement-15/boot-qualification-07/launcher-pid.json
 create mode 100644 docs/qa-logs/2026-10-06-pixelelated-replacement-15/boot-qualification-07/launcher-result.json
 create mode 100644 docs/qa-logs/2026-10-06-pixelelated-replacement-15/boot-qualification-07/launcher-start.json
 create mode 100644 docs/qa-logs/2026-10-06-pixelelated-replacement-15/boot-qualification-07/launcher-submission.json
 create mode 100644 docs/qa-logs/2026-10-06-pixelelated-replacement-15/boot-qualification-07/match-splash.py
 create mode 100644 docs/qa-logs/2026-10-06-pixelelated-replacement-15/boot-qualification-07/network-inputs.json
 create mode 100644 docs/qa-logs/2026-10-06-pixelelated-replacement-15/boot-qualification-07/old-logo.png
 create mode 100644 docs/qa-logs/2026-10-06-pixelelated-replacement-15/boot-qualification-07/outer.rc
 create mode 100755 docs/qa-logs/2026-10-06-pixelelated-replacement-15/boot-qualification-07/outer.sh
 create mode 100644 docs/qa-logs/2026-10-06-pixelelated-replacement-15/boot-qualification-07/owner-verification.json
 create mode 100644 docs/qa-logs/2026-10-06-pixelelated-replacement-15/boot-qualification-07/positive.json
 create mode 100644 docs/qa-logs/2026-10-06-pixelelated-replacement-15/boot-qualification-07/positive.log
 create mode 100644 docs/qa-logs/2026-10-06-pixelelated-replacement-15/boot-qualification-07/provenance.json
 create mode 100644 docs/qa-logs/2026-10-06-pixelelated-replacement-15/boot-qualification-07/qa.start
 create mode 100644 docs/qa-logs/2026-10-06-pixelelated-replacement-15/boot-qualification-07/qualify-boot.py
 create mode 100644 docs/qa-logs/2026-10-06-pixelelated-replacement-15/boot-qualification-07/reference-1280.png
 create mode 100644 docs/qa-logs/2026-10-06-pixelelated-replacement-15/boot-qualification-07/reference-640.png
 create mode 100644 docs/qa-logs/2026-10-06-pixelelated-replacement-15/boot-qualification-07/results.json
 create mode 100644 docs/qa-logs/2026-10-06-pixelelated-replacement-15/boot-qualification-07/retention.json
 create mode 100644 docs/qa-logs/2026-10-06-pixelelated-replacement-15/boot-qualification-07/run.path
 create mode 100755 docs/qa-logs/2026-10-06-pixelelated-replacement-15/boot-qualification-07/run.sh
 create mode 100644 docs/qa-logs/2026-10-06-pixelelated-replacement-15/boot-qualification-07/sha256.json
 create mode 100644 docs/qa-logs/2026-10-06-pixelelated-replacement-15/boot-qualification-07/stop-guest.py
 create mode 100644 docs/qa-logs/2026-10-06-pixelelated-replacement-15/boot-qualification-07/tool-wrapper.rc
 create mode 100644 docs/qa-logs/2026-10-06-pixelelated-replacement-15/boot-qualification-07/updater-network-proof.py
 create mode 100644 docs/qa-logs/2026-10-06-pixelelated-replacement-15/boot-qualification-07/verify-inputs.py
 create mode 100644 docs/qa-logs/2026-10-06-pixelelated-replacement-15/boot-qualification-07/verify-renderer.py
 create mode 100755 docs/qa-logs/2026-10-06-pixelelated-replacement-15/boot-qualification-07/watch-build-submit.py
 create mode 100644 docs/qa-logs/2026-10-06-pixelelated-replacement-15/boot-qualification-07/watcher/build.log
 create mode 100644 docs/qa-logs/2026-10-06-pixelelated-replacement-15/boot-qualification-07/watcher/build.pid
 create mode 100644 docs/qa-logs/2026-10-06-pixelelated-replacement-15/boot-qualification-07/watcher/build.rc
 create mode 100644 docs/qa-logs/2026-10-06-pixelelated-replacement-15/boot-qualification-07/watcher/build.status
 create mode 100644 docs/qa-logs/2026-10-06-pixelelated-replacement-15/boot-qualification-07/watcher/command.pid
 create mode 100644 docs/qa-logs/2026-10-06-pixelelated-replacement-15/boot-qualification-07/watcher/watcher.pid
 create mode 100644 docs/qa-logs/2026-10-06-pixelelated-replacement-15/boot-qualification-08/console.log
 create mode 100644 docs/qa-logs/2026-10-06-pixelelated-replacement-15/boot-qualification-08/launcher-pid.json
 create mode 100644 docs/qa-logs/2026-10-06-pixelelated-replacement-15/boot-qualification-08/launcher-result.json
 create mode 100644 docs/qa-logs/2026-10-06-pixelelated-replacement-15/boot-qualification-08/launcher-start.json
 create mode 100644 docs/qa-logs/2026-10-06-pixelelated-replacement-15/boot-qualification-08/launcher-submission.json
 create mode 100644 docs/qa-logs/2026-10-06-pixelelated-replacement-15/boot-qualification-08/outer.rc
 create mode 100644 docs/qa-logs/2026-10-06-pixelelated-replacement-15/boot-qualification-08/pre-qa-failure-verification.json
 create mode 100644 docs/qa-logs/2026-10-06-pixelelated-replacement-15/boot-qualification-08/sha256.json
 create mode 100644 docs/qa-logs/2026-10-06-pixelelated-replacement-15/boot-qualification-08/tool-wrapper.rc
 create mode 100644 docs/qa-logs/2026-10-06-pixelelated-replacement-15/boot-qualification-08/watcher/build.log
 create mode 100644 docs/qa-logs/2026-10-06-pixelelated-replacement-15/boot-qualification-08/watcher/build.pid
 create mode 100644 docs/qa-logs/2026-10-06-pixelelated-replacement-15/boot-qualification-08/watcher/build.rc
 create mode 100644 docs/qa-logs/2026-10-06-pixelelated-replacement-15/boot-qualification-08/watcher/build.status
 create mode 100644 docs/qa-logs/2026-10-06-pixelelated-replacement-15/boot-qualification-08/watcher/command.pid
 create mode 100644 docs/qa-logs/2026-10-06-pixelelated-replacement-15/boot-qualification-08/watcher/watcher.pid
 create mode 100644 docs/qa-logs/2026-10-06-pixelelated-replacement-15/boot-qualification-09/artifacts/backing-after.json
 create mode 100644 docs/qa-logs/2026-10-06-pixelelated-replacement-15/boot-qualification-09/artifacts/backing-before.json
 create mode 100644 docs/qa-logs/2026-10-06-pixelelated-replacement-15/boot-qualification-09/artifacts/clean-1280-cmdline.txt
 create mode 100644 docs/qa-logs/2026-10-06-pixelelated-replacement-15/boot-qualification-09/artifacts/clean-1280-console.txt
 create mode 100644 docs/qa-logs/2026-10-06-pixelelated-replacement-15/boot-qualification-09/artifacts/clean-1280-kernel.log
 create mode 100644 docs/qa-logs/2026-10-06-pixelelated-replacement-15/boot-qualification-09/artifacts/clean-1280-match/blank.png
 create mode 100644 docs/qa-logs/2026-10-06-pixelelated-replacement-15/boot-qualification-09/artifacts/clean-1280-match/old-logo.png
 create mode 100644 docs/qa-logs/2026-10-06-pixelelated-replacement-15/boot-qualification-09/artifacts/clean-1280-match/result.json
 create mode 100644 docs/qa-logs/2026-10-06-pixelelated-replacement-15/boot-qualification-09/artifacts/clean-1280-match/wrong-resolution.png
 create mode 100644 docs/qa-logs/2026-10-06-pixelelated-replacement-15/boot-qualification-09/artifacts/clean-1280-network-capture.json
 create mode 100644 docs/qa-logs/2026-10-06-pixelelated-replacement-15/boot-qualification-09/artifacts/clean-1280-network-exercise.json
 create mode 100644 docs/qa-logs/2026-10-06-pixelelated-replacement-15/boot-qualification-09/artifacts/clean-1280-qemu.json
 create mode 100644 docs/qa-logs/2026-10-06-pixelelated-replacement-15/boot-qualification-09/artifacts/clean-1280/000.png
 create mode 100644 docs/qa-logs/2026-10-06-pixelelated-replacement-15/boot-qualification-09/artifacts/clean-1280/001.png
 create mode 100644 docs/qa-logs/2026-10-06-pixelelated-replacement-15/boot-qualification-09/artifacts/clean-1280/002.png
 create mode 100644 docs/qa-logs/2026-10-06-pixelelated-replacement-15/boot-qualification-09/artifacts/clean-1280/003.png
 create mode 100644 docs/qa-logs/2026-10-06-pixelelated-replacement-15/boot-qualification-09/artifacts/clean-1280/004.png
 create mode 100644 docs/qa-logs/2026-10-06-pixelelated-replacement-15/boot-qualification-09/artifacts/clean-1280/005.png
 create mode 100644 docs/qa-logs/2026-10-06-pixelelated-replacement-15/boot-qualification-09/artifacts/clean-1280/006.png
 create mode 100644 docs/qa-logs/2026-10-06-pixelelated-replacement-15/boot-qualification-09/artifacts/clean-1280/007.png
 create mode 100644 docs/qa-logs/2026-10-06-pixelelated-replacement-15/boot-qualification-09/artifacts/clean-1280/008.png
 create mode 100644 docs/qa-logs/2026-10-06-pixelelated-replacement-15/boot-qualification-09/artifacts/clean-1280/009.png
 create mode 100644 docs/qa-logs/2026-10-06-pixelelated-replacement-15/boot-qualification-09/artifacts/clean-1280/010.png
 create mode 100644 docs/qa-logs/2026-10-06-pixelelated-replacement-15/boot-qualification-09/artifacts/clean-1280/011.png
 create mode 100644 docs/qa-logs/2026-10-06-pixelelated-replacement-15/boot-qualification-09/artifacts/clean-1280/012.png
 create mode 100644 docs/qa-logs/2026-10-06-pixelelated-replacement-15/boot-qualification-09/artifacts/clean-1280/013.png
 create mode 100644 docs/qa-logs/2026-10-06-pixelelated-replacement-15/boot-qualification-09/artifacts/clean-1280/014.png
 create mode 100644 docs/qa-logs/2026-10-06-pixelelated-replacement-15/boot-qualification-09/artifacts/clean-1280/015.png
 create mode 100644 docs/qa-logs/2026-10-06-pixelelated-replacement-15/boot-qualification-09/artifacts/clean-1280/016.png
 create mode 100644 docs/qa-logs/2026-10-06-pixelelated-replacement-15/boot-qualification-09/artifacts/clean-1280/017.png
 create mode 100644 docs/qa-logs/2026-10-06-pixelelated-replacement-15/boot-qualification-09/artifacts/clean-1280/018.png
 create mode 100644 docs/qa-logs/2026-10-06-pixelelated-replacement-15/boot-qualification-09/artifacts/clean-1280/019.png
 create mode 100644 docs/qa-logs/2026-10-06-pixelelated-replacement-15/boot-qualification-09/artifacts/clean-1280/020.png
 create mode 100644 docs/qa-logs/2026-10-06-pixelelated-replacement-15/boot-qualification-09/artifacts/clean-1280/021.png
 create mode 100644 docs/qa-logs/2026-10-06-pixelelated-replacement-15/boot-qualification-09/artifacts/clean-1280/022.png
 create mode 100644 docs/qa-logs/2026-10-06-pixelelated-replacement-15/boot-qualification-09/artifacts/clean-1280/023.png
 create mode 100644 docs/qa-logs/2026-10-06-pixelelated-replacement-15/boot-qualification-09/artifacts/clean-1280/024.png
 create mode 100644 docs/qa-logs/2026-10-06-pixelelated-replacement-15/boot-qualification-09/artifacts/clean-1280/025.png
 create mode 100644 docs/qa-logs/2026-10-06-pixelelated-replacement-15/boot-qualification-09/artifacts/clean-1280/026.png
 create mode 100644 docs/qa-logs/2026-10-06-pixelelated-replacement-15/boot-qualification-09/artifacts/clean-1280/027.png
 create mode 100644 docs/qa-logs/2026-10-06-pixelelated-replacement-15/boot-qualification-09/artifacts/clean-1280/028.png
 create mode 100644 docs/qa-logs/2026-10-06-pixelelated-replacement-15/boot-qualification-09/artifacts/clean-1280/029.png
 create mode 100644 docs/qa-logs/2026-10-06-pixelelated-replacement-15/boot-qualification-09/artifacts/clean-1280/030.png
 create mode 100644 docs/qa-logs/2026-10-06-pixelelated-replacement-15/boot-qualification-09/artifacts/clean-1280/031.png
 create mode 100644 docs/qa-logs/2026-10-06-pixelelated-replacement-15/boot-qualification-09/artifacts/clean-1280/032.png
 create mode 100644 docs/qa-logs/2026-10-06-pixelelated-replacement-15/boot-qualification-09/artifacts/clean-1280/033.png
 create mode 100644 docs/qa-logs/2026-10-06-pixelelated-replacement-15/boot-qualification-09/artifacts/clean-1280/034.png
 create mode 100644 docs/qa-logs/2026-10-06-pixelelated-replacement-15/boot-qualification-09/artifacts/clean-1280/035.png
 create mode 100644 docs/qa-logs/2026-10-06-pixelelated-replacement-15/boot-qualification-09/artifacts/clean-1280/036.png
 create mode 100644 docs/qa-logs/2026-10-06-pixelelated-replacement-15/boot-qualification-09/artifacts/clean-1280/037.png
 create mode 100644 docs/qa-logs/2026-10-06-pixelelated-replacement-15/boot-qualification-09/artifacts/clean-1280/038.png
 create mode 100644 docs/qa-logs/2026-10-06-pixelelated-replacement-15/boot-qualification-09/artifacts/clean-1280/039.png
 create mode 100644 docs/qa-logs/2026-10-06-pixelelated-replacement-15/boot-qualification-09/artifacts/clean-1280/040.png
 create mode 100644 docs/qa-logs/2026-10-06-pixelelated-replacement-15/boot-qualification-09/artifacts/clean-1280/041.png
 create mode 100644 docs/qa-logs/2026-10-06-pixelelated-replacement-15/boot-qualification-09/artifacts/clean-1280/042.png
 create mode 100644 docs/qa-logs/2026-10-06-pixelelated-replacement-15/boot-qualification-09/artifacts/clean-1280/043.png
 create mode 100644 docs/qa-logs/2026-10-06-pixelelated-replacement-15/boot-qualification-09/artifacts/clean-1280/044.png
 create mode 100644 docs/qa-logs/2026-10-06-pixelelated-replacement-15/boot-qualification-09/artifacts/clean-1280/045.png
 create mode 100644 docs/qa-logs/2026-10-06-pixelelated-replacement-15/boot-qualification-09/artifacts/clean-1280/046.png
 create mode 100644 docs/qa-logs/2026-10-06-pixelelated-replacement-15/boot-qualification-09/artifacts/clean-1280/047.png
 create mode 100644 docs/qa-logs/2026-10-06-pixelelated-replacement-15/boot-qualification-09/artifacts/clean-1280/048.png
 create mode 100644 docs/qa-logs/2026-10-06-pixelelated-replacement-15/boot-qualification-09/artifacts/clean-1280/049.png
 create mode 100644 docs/qa-logs/2026-10-06-pixelelated-replacement-15/boot-qualification-09/artifacts/clean-1280/050.png
 create mode 100644 docs/qa-logs/2026-10-06-pixelelated-replacement-15/boot-qualification-09/artifacts/clean-1280/051.png
 create mode 100644 docs/qa-logs/2026-10-06-pixelelated-replacement-15/boot-qualification-09/artifacts/clean-1280/052.png
 create mode 100644 docs/qa-logs/2026-10-06-pixelelated-replacement-15/boot-qualification-09/artifacts/clean-1280/053.png
 create mode 100644 docs/qa-logs/2026-10-06-pixelelated-replacement-15/boot-qualification-09/artifacts/clean-1280/054.png
 create mode 100644 docs/qa-logs/2026-10-06-pixelelated-replacement-15/boot-qualification-09/artifacts/clean-1280/055.png
 create mode 100644 docs/qa-logs/2026-10-06-pixelelated-replacement-15/boot-qualification-09/artifacts/clean-1280/056.png
 create mode 100644 docs/qa-logs/2026-10-06-pixelelated-replacement-15/boot-qualification-09/artifacts/clean-1280/057.png
 create mode 100644 docs/qa-logs/2026-10-06-pixelelated-replacement-15/boot-qualification-09/artifacts/clean-1280/058.png
 create mode 100644 docs/qa-logs/2026-10-06-pixelelated-replacement-15/boot-qualification-09/artifacts/clean-1280/059.png
 create mode 100644 docs/qa-logs/2026-10-06-pixelelated-replacement-15/boot-qualification-09/artifacts/clean-1280/060.png
 create mode 100644 docs/qa-logs/2026-10-06-pixelelated-replacement-15/boot-qualification-09/artifacts/clean-1280/061.png
 create mode 100644 docs/qa-logs/2026-10-06-pixelelated-replacement-15/boot-qualification-09/artifacts/clean-1280/062.png
 create mode 100644 docs/qa-logs/2026-10-06-pixelelated-replacement-15/boot-qualification-09/artifacts/clean-1280/063.png
 create mode 100644 docs/qa-logs/2026-10-06-pixelelated-replacement-15/boot-qualification-09/artifacts/clean-1280/064.png
 create mode 100644 docs/qa-logs/2026-10-06-pixelelated-replacement-15/boot-qualification-09/artifacts/clean-1280/065.png
 create mode 100644 docs/qa-logs/2026-10-06-pixelelated-replacement-15/boot-qualification-09/artifacts/clean-1280/066.png
 create mode 100644 docs/qa-logs/2026-10-06-pixelelated-replacement-15/boot-qualification-09/artifacts/clean-1280/067.png
 create mode 100644 docs/qa-logs/2026-10-06-pixelelated-replacement-15/boot-qualification-09/artifacts/clean-1280/068.png
 create mode 100644 docs/qa-logs/2026-10-06-pixelelated-replacement-15/boot-qualification-09/artifacts/clean-1280/069.png
 create mode 100644 docs/qa-logs/2026-10-06-pixelelated-replacement-15/boot-qualification-09/artifacts/clean-1280/070.png
 create mode 100644 docs/qa-logs/2026-10-06-pixelelated-replacement-15/boot-qualification-09/artifacts/clean-1280/071.png
 create mode 100644 docs/qa-logs/2026-10-06-pixelelated-replacement-15/boot-qualification-09/artifacts/clean-1280/072.png
 create mode 100644 docs/qa-logs/2026-10-06-pixelelated-replacement-15/boot-qualification-09/artifacts/clean-1280/073.png
 create mode 100644 docs/qa-logs/2026-10-06-pixelelated-replacement-15/boot-qualification-09/artifacts/clean-1280/074.png
 create mode 100644 docs/qa-logs/2026-10-06-pixelelated-replacement-15/boot-qualification-09/artifacts/clean-1280/075.png
 create mode 100644 docs/qa-logs/2026-10-06-pixelelated-replacement-15/boot-qualification-09/artifacts/clean-1280/076.png
 create mode 100644 docs/qa-logs/2026-10-06-pixelelated-replacement-15/boot-qualification-09/artifacts/clean-1280/077.png
 create mode 100644 docs/qa-logs/2026-10-06-pixelelated-replacement-15/boot-qualification-09/artifacts/clean-1280/078.png
 create mode 100644 docs/qa-logs/2026-10-06-pixelelated-replacement-15/boot-qualification-09/artifacts/clean-1280/079.png
 create mode 100644 docs/qa-logs/2026-10-06-pixelelated-replacement-15/boot-qualification-09/artifacts/clean-1280/080.png
 create mode 100644 docs/qa-logs/2026-10-06-pixelelated-replacement-15/boot-qualification-09/artifacts/clean-1280/081.png
 create mode 100644 docs/qa-logs/2026-10-06-pixelelated-replacement-15/boot-qualification-09/artifacts/clean-1280/082.png
 create mode 100644 docs/qa-logs/2026-10-06-pixelelated-replacement-15/boot-qualification-09/artifacts/clean-1280/083.png
 create mode 100644 docs/qa-logs/2026-10-06-pixelelated-replacement-15/boot-qualification-09/artifacts/clean-1280/084.png
 create mode 100644 docs/qa-logs/2026-10-06-pixelelated-replacement-15/boot-qualification-09/artifacts/clean-1280/085.png
 create mode 100644 docs/qa-logs/2026-10-06-pixelelated-replacement-15/boot-qualification-09/artifacts/clean-1280/086.png
 create mode 100644 docs/qa-logs/2026-10-06-pixelelated-replacement-15/boot-qualification-09/artifacts/clean-1280/087.png
 create mode 100644 docs/qa-logs/2026-10-06-pixelelated-replacement-15/boot-qualification-09/artifacts/clean-1280/088.png
 create mode 100644 docs/qa-logs/2026-10-06-pixelelated-replacement-15/boot-qualification-09/artifacts/clean-1280/089.png
 create mode 100644 docs/qa-logs/2026-10-06-pixelelated-replacement-15/boot-qualification-09/artifacts/clean-1280/090.png
 create mode 100644 docs/qa-logs/2026-10-06-pixelelated-replacement-15/boot-qualification-09/artifacts/clean-1280/091.png
 create mode 100644 docs/qa-logs/2026-10-06-pixelelated-replacement-15/boot-qualification-09/artifacts/clean-1280/092.png
 create mode 100644 docs/qa-logs/2026-10-06-pixelelated-replacement-15/boot-qualification-09/artifacts/clean-1280/093.png
 create mode 100644 docs/qa-logs/2026-10-06-pixelelated-replacement-15/boot-qualification-09/artifacts/clean-1280/094.png
 create mode 100644 docs/qa-logs/2026-10-06-pixelelated-replacement-15/boot-qualification-09/artifacts/clean-1280/095.png
 create mode 100644 docs/qa-logs/2026-10-06-pixelelated-replacement-15/boot-qualification-09/artifacts/clean-1280/096.png
 create mode 100644 docs/qa-logs/2026-10-06-pixelelated-replacement-15/boot-qualification-09/artifacts/clean-1280/097.png
 create mode 100644 docs/qa-logs/2026-10-06-pixelelated-replacement-15/boot-qualification-09/artifacts/clean-1280/098.png
 create mode 100644 docs/qa-logs/2026-10-06-pixelelated-replacement-15/boot-qualification-09/artifacts/clean-1280/099.png
 create mode 100644 docs/qa-logs/2026-10-06-pixelelated-replacement-15/boot-qualification-09/artifacts/clean-1280/100.png
 create mode 100644 docs/qa-logs/2026-10-06-pixelelated-replacement-15/boot-qualification-09/artifacts/clean-1280/101.png
 create mode 100644 docs/qa-logs/2026-10-06-pixelelated-replacement-15/boot-qualification-09/artifacts/clean-1280/102.png
 create mode 100644 docs/qa-logs/2026-10-06-pixelelated-replacement-15/boot-qualification-09/artifacts/clean-1280/103.png
 create mode 100644 docs/qa-logs/2026-10-06-pixelelated-replacement-15/boot-qualification-09/artifacts/clean-1280/104.png
 create mode 100644 docs/qa-logs/2026-10-06-pixelelated-replacement-15/boot-qualification-09/artifacts/clean-1280/105.png
 create mode 100644 docs/qa-logs/2026-10-06-pixelelated-replacement-15/boot-qualification-09/artifacts/clean-1280/106.png
 create mode 100644 docs/qa-logs/2026-10-06-pixelelated-replacement-15/boot-qualification-09/artifacts/clean-1280/107.png
 create mode 100644 docs/qa-logs/2026-10-06-pixelelated-replacement-15/boot-qualification-09/artifacts/clean-1280/108.png
 create mode 100644 docs/qa-logs/2026-10-06-pixelelated-replacement-15/boot-qualification-09/artifacts/clean-1280/109.png
 create mode 100644 docs/qa-logs/2026-10-06-pixelelated-replacement-15/boot-qualification-09/artifacts/clean-1280/110.png
 create mode 100644 docs/qa-logs/2026-10-06-pixelelated-replacement-15/boot-qualification-09/artifacts/clean-1280/111.png
 create mode 100644 docs/qa-logs/2026-10-06-pixelelated-replacement-15/boot-qualification-09/artifacts/clean-1280/112.png
 create mode 100644 docs/qa-logs/2026-10-06-pixelelated-replacement-15/boot-qualification-09/artifacts/clean-1280/113.png
 create mode 100644 docs/qa-logs/2026-10-06-pixelelated-replacement-15/boot-qualification-09/artifacts/clean-1280/114.png
 create mode 100644 docs/qa-logs/2026-10-06-pixelelated-replacement-15/boot-qualification-09/artifacts/clean-1280/115.png
 create mode 100644 docs/qa-logs/2026-10-06-pixelelated-replacement-15/boot-qualification-09/artifacts/clean-1280/116.png
 create mode 100644 docs/qa-logs/2026-10-06-pixelelated-replacement-15/boot-qualification-09/artifacts/clean-1280/117.png
 create mode 100644 docs/qa-logs/2026-10-06-pixelelated-replacement-15/boot-qualification-09/artifacts/clean-1280/118.png
 create mode 100644 docs/qa-logs/2026-10-06-pixelelated-replacement-15/boot-qualification-09/artifacts/clean-1280/119.png
 create mode 100644 docs/qa-logs/2026-10-06-pixelelated-replacement-15/boot-qualification-09/artifacts/clean-1280/120.png
 create mode 100644 docs/qa-logs/2026-10-06-pixelelated-replacement-15/boot-qualification-09/artifacts/clean-1280/121.png
 create mode 100644 docs/qa-logs/2026-10-06-pixelelated-replacement-15/boot-qualification-09/artifacts/clean-1280/122.png
 create mode 100644 docs/qa-logs/2026-10-06-pixelelated-replacement-15/boot-qualification-09/artifacts/clean-1280/123.png
 create mode 100644 docs/qa-logs/2026-10-06-pixelelated-replacement-15/boot-qualification-09/artifacts/clean-1280/124.png
 create mode 100644 docs/qa-logs/2026-10-06-pixelelated-replacement-15/boot-qualification-09/artifacts/clean-1280/125.png
 create mode 100644 docs/qa-logs/2026-10-06-pixelelated-replacement-15/boot-qualification-09/artifacts/clean-1280/126.png
 create mode 100644 docs/qa-logs/2026-10-06-pixelelated-replacement-15/boot-qualification-09/artifacts/clean-1280/127.png
 create mode 100644 docs/qa-logs/2026-10-06-pixelelated-replacement-15/boot-qualification-09/artifacts/clean-1280/128.png
 create mode 100644 docs/qa-logs/2026-10-06-pixelelated-replacement-15/boot-qualification-09/artifacts/clean-1280/129.png
 create mode 100644 docs/qa-logs/2026-10-06-pixelelated-replacement-15/boot-qualification-09/artifacts/clean-1280/130.png
 create mode 100644 docs/qa-logs/2026-10-06-pixelelated-replacement-15/boot-qualification-09/artifacts/clean-1280/131.png
 create mode 100644 docs/qa-logs/2026-10-06-pixelelated-replacement-15/boot-qualification-09/artifacts/clean-1280/132.png
 create mode 100644 docs/qa-logs/2026-10-06-pixelelated-replacement-15/boot-qualification-09/artifacts/clean-1280/133.png
 create mode 100644 docs/qa-logs/2026-10-06-pixelelated-replacement-15/boot-qualification-09/artifacts/clean-1280/134.png
 create mode 100644 docs/qa-logs/2026-10-06-pixelelated-replacement-15/boot-qualification-09/artifacts/clean-1280/135.png
 create mode 100644 docs/qa-logs/2026-10-06-pixelelated-replacement-15/boot-qualification-09/artifacts/clean-1280/136.png
 create mode 100644 docs/qa-logs/2026-10-06-pixelelated-replacement-15/boot-qualification-09/artifacts/clean-1280/137.png
 create mode 100644 docs/qa-logs/2026-10-06-pixelelated-replacement-15/boot-qualification-09/artifacts/clean-1280/138.png
 create mode 100644 docs/qa-logs/2026-10-06-pixelelated-replacement-15/boot-qualification-09/artifacts/clean-1280/139.png
 create mode 100644 docs/qa-logs/2026-10-06-pixelelated-replacement-15/boot-qualification-09/artifacts/clean-1280/140.png
 create mode 100644 docs/qa-logs/2026-10-06-pixelelated-replacement-15/boot-qualification-09/artifacts/clean-1280/141.png
 create mode 100644 docs/qa-logs/2026-10-06-pixelelated-replacement-15/boot-qualification-09/artifacts/clean-1280/142.png
 create mode 100644 docs/qa-logs/2026-10-06-pixelelated-replacement-15/boot-qualification-09/artifacts/clean-1280/143.png
 create mode 100644 docs/qa-logs/2026-10-06-pixelelated-replacement-15/boot-qualification-09/artifacts/clean-1280/144.png
 create mode 100644 docs/qa-logs/2026-10-06-pixelelated-replacement-15/boot-qualification-09/artifacts/clean-1280/145.png
 create mode 100644 docs/qa-logs/2026-10-06-pixelelated-replacement-15/boot-qualification-09/artifacts/clean-1280/146.png
 create mode 100644 docs/qa-logs/2026-10-06-pixelelated-replacement-15/boot-qualification-09/artifacts/clean-1280/147.png
 create mode 100644 docs/qa-logs/2026-10-06-pixelelated-replacement-15/boot-qualification-09/artifacts/clean-1280/148.png
 create mode 100644 docs/qa-logs/2026-10-06-pixelelated-replacement-15/boot-qualification-09/artifacts/clean-1280/149.png
 create mode 100644 docs/qa-logs/2026-10-06-pixelelated-replacement-15/boot-qualification-09/artifacts/clean-1280/150.png
 create mode 100644 docs/qa-logs/2026-10-06-pixelelated-replacement-15/boot-qualification-09/artifacts/clean-1280/151.png
 create mode 100644 docs/qa-logs/2026-10-06-pixelelated-replacement-15/boot-qualification-09/artifacts/clean-1280/152.png
 create mode 100644 docs/qa-logs/2026-10-06-pixelelated-replacement-15/boot-qualification-09/artifacts/clean-1280/153.png
 create mode 100644 docs/qa-logs/2026-10-06-pixelelated-replacement-15/boot-qualification-09/artifacts/clean-1280/154.png
 create mode 100644 docs/qa-logs/2026-10-06-pixelelated-replacement-15/boot-qualification-09/artifacts/clean-1280/155.png
 create mode 100644 docs/qa-logs/2026-10-06-pixelelated-replacement-15/boot-qualification-09/artifacts/clean-1280/156.png
 create mode 100644 docs/qa-logs/2026-10-06-pixelelated-replacement-15/boot-qualification-09/artifacts/clean-1280/157.png
 create mode 100644 docs/qa-logs/2026-10-06-pixelelated-replacement-15/boot-qualification-09/artifacts/clean-1280/158.png
 create mode 100644 docs/qa-logs/2026-10-06-pixelelated-replacement-15/boot-qualification-09/artifacts/clean-1280/159.png
 create mode 100644 docs/qa-logs/2026-10-06-pixelelated-replacement-15/boot-qualification-09/artifacts/clean-1280/160.png
 create mode 100644 docs/qa-logs/2026-10-06-pixelelated-replacement-15/boot-qualification-09/artifacts/clean-1280/161.png
 create mode 100644 docs/qa-logs/2026-10-06-pixelelated-replacement-15/boot-qualification-09/artifacts/clean-1280/162.png
 create mode 100644 docs/qa-logs/2026-10-06-pixelelated-replacement-15/boot-qualification-09/artifacts/clean-1280/163.png
 create mode 100644 docs/qa-logs/2026-10-06-pixelelated-replacement-15/boot-qualification-09/artifacts/clean-1280/164.png
 create mode 100644 docs/qa-logs/2026-10-06-pixelelated-replacement-15/boot-qualification-09/artifacts/clean-1280/165.png
 create mode 100644 docs/qa-logs/2026-10-06-pixelelated-replacement-15/boot-qualification-09/artifacts/clean-1280/166.png
 create mode 100644 docs/qa-logs/2026-10-06-pixelelated-replacement-15/boot-qualification-09/artifacts/clean-1280/167.png
 create mode 100644 docs/qa-logs/2026-10-06-pixelelated-replacement-15/boot-qualification-09/artifacts/clean-1280/168.png
 create mode 100644 docs/qa-logs/2026-10-06-pixelelated-replacement-15/boot-qualification-09/artifacts/clean-1280/169.png
 create mode 100644 docs/qa-logs/2026-10-06-pixelelated-replacement-15/boot-qualification-09/artifacts/clean-1280/170.png
 create mode 100644 docs/qa-logs/2026-10-06-pixelelated-replacement-15/boot-qualification-09/artifacts/clean-1280/171.png
 create mode 100644 docs/qa-logs/2026-10-06-pixelelated-replacement-15/boot-qualification-09/artifacts/clean-1280/172.png
 create mode 100644 docs/qa-logs/2026-10-06-pixelelated-replacement-15/boot-qualification-09/artifacts/clean-1280/173.png
 create mode 100644 docs/qa-logs/2026-10-06-pixelelated-replacement-15/boot-qualification-09/artifacts/clean-1280/174.png
 create mode 100644 docs/qa-logs/2026-10-06-pixelelated-replacement-15/boot-qualification-09/artifacts/clean-1280/175.png
 create mode 100644 docs/qa-logs/2026-10-06-pixelelated-replacement-15/boot-qualification-09/artifacts/clean-1280/176.png
 create mode 100644 docs/qa-logs/2026-10-06-pixelelated-replacement-15/boot-qualification-09/artifacts/clean-1280/177.png
 create mode 100644 docs/qa-logs/2026-10-06-pixelelated-replacement-15/boot-qualification-09/artifacts/clean-1280/178.png
 create mode 100644 docs/qa-logs/2026-10-06-pixelelated-replacement-15/boot-qualification-09/artifacts/clean-1280/179.png
 create mode 100644 docs/qa-logs/2026-10-06-pixelelated-replacement-15/boot-qualification-09/artifacts/clean-1280/180.png
 create mode 100644 docs/qa-logs/2026-10-06-pixelelated-replacement-15/boot-qualification-09/artifacts/clean-1280/181.png
 create mode 100644 docs/qa-logs/2026-10-06-pixelelated-replacement-15/boot-qualification-09/artifacts/clean-1280/182.png
 create mode 100644 docs/qa-logs/2026-10-06-pixelelated-replacement-15/boot-qualification-09/artifacts/clean-1280/183.png
 create mode 100644 docs/qa-logs/2026-10-06-pixelelated-replacement-15/boot-qualification-09/artifacts/clean-1280/184.png
 create mode 100644 docs/qa-logs/2026-10-06-pixelelated-replacement-15/boot-qualification-09/artifacts/clean-1280/185.png
 create mode 100644 docs/qa-logs/2026-10-06-pixelelated-replacement-15/boot-qualification-09/artifacts/clean-1280/186.png
 create mode 100644 docs/qa-logs/2026-10-06-pixelelated-replacement-15/boot-qualification-09/artifacts/clean-1280/187.png
 create mode 100644 docs/qa-logs/2026-10-06-pixelelated-replacement-15/boot-qualification-09/artifacts/clean-1280/188.png
 create mode 100644 docs/qa-logs/2026-10-06-pixelelated-replacement-15/boot-qualification-09/artifacts/clean-1280/189.png
 create mode 100644 docs/qa-logs/2026-10-06-pixelelated-replacement-15/boot-qualification-09/artifacts/clean-1280/190.png
 create mode 100644 docs/qa-logs/2026-10-06-pixelelated-replacement-15/boot-qualification-09/artifacts/clean-1280/191.png
 create mode 100644 docs/qa-logs/2026-10-06-pixelelated-replacement-15/boot-qualification-09/artifacts/clean-1280/192.png
 create mode 100644 docs/qa-logs/2026-10-06-pixelelated-replacement-15/boot-qualification-09/artifacts/clean-1280/193.png
 create mode 100644 docs/qa-logs/2026-10-06-pixelelated-replacement-15/boot-qualification-09/artifacts/clean-1280/194.png
 create mode 100644 docs/qa-logs/2026-10-06-pixelelated-replacement-15/boot-qualification-09/artifacts/clean-1280/195.png
 create mode 100644 docs/qa-logs/2026-10-06-pixelelated-replacement-15/boot-qualification-09/artifacts/clean-1280/196.png
 create mode 100644 docs/qa-logs/2026-10-06-pixelelated-replacement-15/boot-qualification-09/artifacts/clean-1280/197.png
 create mode 100644 docs/qa-logs/2026-10-06-pixelelated-replacement-15/boot-qualification-09/artifacts/clean-1280/198.png
 create mode 100644 docs/qa-logs/2026-10-06-pixelelated-replacement-15/boot-qualification-09/artifacts/clean-1280/199.png
 create mode 100644 docs/qa-logs/2026-10-06-pixelelated-replacement-15/boot-qualification-09/artifacts/clean-1280/200.png
 create mode 100644 docs/qa-logs/2026-10-06-pixelelated-replacement-15/boot-qualification-09/artifacts/clean-1280/201.png
 create mode 100644 docs/qa-logs/2026-10-06-pixelelated-replacement-15/boot-qualification-09/artifacts/clean-1280/202.png
 create mode 100644 docs/qa-logs/2026-10-06-pixelelated-replacement-15/boot-qualification-09/artifacts/clean-1280/203.png
 create mode 100644 docs/qa-logs/2026-10-06-pixelelated-replacement-15/boot-qualification-09/artifacts/clean-1280/204.png
 create mode 100644 docs/qa-logs/2026-10-06-pixelelated-replacement-15/boot-qualification-09/artifacts/clean-1280/205.png
 create mode 100644 docs/qa-logs/2026-10-06-pixelelated-replacement-15/boot-qualification-09/artifacts/clean-1280/206.png
 create mode 100644 docs/qa-logs/2026-10-06-pixelelated-replacement-15/boot-qualification-09/artifacts/clean-1280/207.png
 create mode 100644 docs/qa-logs/2026-10-06-pixelelated-replacement-15/boot-qualification-09/artifacts/clean-1280/208.png
 create mode 100644 docs/qa-logs/2026-10-06-pixelelated-replacement-15/boot-qualification-09/artifacts/clean-1280/209.png
 create mode 100644 docs/qa-logs/2026-10-06-pixelelated-replacement-15/boot-qualification-09/artifacts/clean-1280/210.png
 create mode 100644 docs/qa-logs/2026-10-06-pixelelated-replacement-15/boot-qualification-09/artifacts/clean-1280/211.png
 create mode 100644 docs/qa-logs/2026-10-06-pixelelated-replacement-15/boot-qualification-09/artifacts/clean-1280/212.png
 create mode 100644 docs/qa-logs/2026-10-06-pixelelated-replacement-15/boot-qualification-09/artifacts/clean-1280/captures.json
 create mode 100644 docs/qa-logs/2026-10-06-pixelelated-replacement-15/boot-qualification-09/artifacts/clean-640-cmdline.txt
 create mode 100644 docs/qa-logs/2026-10-06-pixelelated-replacement-15/boot-qualification-09/artifacts/clean-640-console.txt
 create mode 100644 docs/qa-logs/2026-10-06-pixelelated-replacement-15/boot-qualification-09/artifacts/clean-640-kernel.log
 create mode 100644 docs/qa-logs/2026-10-06-pixelelated-replacement-15/boot-qualification-09/artifacts/clean-640-match/blank.png
 create mode 100644 docs/qa-logs/2026-10-06-pixelelated-replacement-15/boot-qualification-09/artifacts/clean-640-match/old-logo.png
 create mode 100644 docs/qa-logs/2026-10-06-pixelelated-replacement-15/boot-qualification-09/artifacts/clean-640-match/result.json
 create mode 100644 docs/qa-logs/2026-10-06-pixelelated-replacement-15/boot-qualification-09/artifacts/clean-640-match/wrong-resolution.png
 create mode 100644 docs/qa-logs/2026-10-06-pixelelated-replacement-15/boot-qualification-09/artifacts/clean-640-network-capture.json
 create mode 100644 docs/qa-logs/2026-10-06-pixelelated-replacement-15/boot-qualification-09/artifacts/clean-640-network-exercise.json
 create mode 100644 docs/qa-logs/2026-10-06-pixelelated-replacement-15/boot-qualification-09/artifacts/clean-640-qemu.json
 create mode 100644 docs/qa-logs/2026-10-06-pixelelated-replacement-15/boot-qualification-09/artifacts/clean-640/000.png
 create mode 100644 docs/qa-logs/2026-10-06-pixelelated-replacement-15/boot-qualification-09/artifacts/clean-640/001.png
 create mode 100644 docs/qa-logs/2026-10-06-pixelelated-replacement-15/boot-qualification-09/artifacts/clean-640/002.png
 create mode 100644 docs/qa-logs/2026-10-06-pixelelated-replacement-15/boot-qualification-09/artifacts/clean-640/003.png
 create mode 100644 docs/qa-logs/2026-10-06-pixelelated-replacement-15/boot-qualification-09/artifacts/clean-640/004.png
 create mode 100644 docs/qa-logs/2026-10-06-pixelelated-replacement-15/boot-qualification-09/artifacts/clean-640/005.png
 create mode 100644 docs/qa-logs/2026-10-06-pixelelated-replacement-15/boot-qualification-09/artifacts/clean-640/006.png
 create mode 100644 docs/qa-logs/2026-10-06-pixelelated-replacement-15/boot-qualification-09/artifacts/clean-640/007.png
 create mode 100644 docs/qa-logs/2026-10-06-pixelelated-replacement-15/boot-qualification-09/artifacts/clean-640/008.png
 create mode 100644 docs/qa-logs/2026-10-06-pixelelated-replacement-15/boot-qualification-09/artifacts/clean-640/009.png
 create mode 100644 docs/qa-logs/2026-10-06-pixelelated-replacement-15/boot-qualification-09/artifacts/clean-640/010.png
 create mode 100644 docs/qa-logs/2026-10-06-pixelelated-replacement-15/boot-qualification-09/artifacts/clean-640/011.png
 create mode 100644 docs/qa-logs/2026-10-06-pixelelated-replacement-15/boot-qualification-09/artifacts/clean-640/012.png
 create mode 100644 docs/qa-logs/2026-10-06-pixelelated-replacement-15/boot-qualification-09/artifacts/clean-640/013.png
 create mode 100644 docs/qa-logs/2026-10-06-pixelelated-replacement-15/boot-qualification-09/artifacts/clean-640/014.png
 create mode 100644 docs/qa-logs/2026-10-06-pixelelated-replacement-15/boot-qualification-09/artifacts/clean-640/015.png
 create mode 100644 docs/qa-logs/2026-10-06-pixelelated-replacement-15/boot-qualification-09/artifacts/clean-640/016.png
 create mode 100644 docs/qa-logs/2026-10-06-pixelelated-replacement-15/boot-qualification-09/artifacts/clean-640/017.png
 create mode 100644 docs/qa-logs/2026-10-06-pixelelated-replacement-15/boot-qualification-09/artifacts/clean-640/018.png
 create mode 100644 docs/qa-logs/2026-10-06-pixelelated-replacement-15/boot-qualification-09/artifacts/clean-640/019.png
 create mode 100644 docs/qa-logs/2026-10-06-pixelelated-replacement-15/boot-qualification-09/artifacts/clean-640/020.png
 create mode 100644 docs/qa-logs/2026-10-06-pixelelated-replacement-15/boot-qualification-09/artifacts/clean-640/021.png
 create mode 100644 docs/qa-logs/2026-10-06-pixelelated-replacement-15/boot-qualification-09/artifacts/clean-640/022.png
 create mode 100644 docs/qa-logs/2026-10-06-pixelelated-replacement-15/boot-qualification-09/artifacts/clean-640/023.png
 create mode 100644 docs/qa-logs/2026-10-06-pixelelated-replacement-15/boot-qualification-09/artifacts/clean-640/024.png
 create mode 100644 docs/qa-logs/2026-10-06-pixelelated-replacement-15/boot-qualification-09/artifacts/clean-640/025.png
 create mode 100644 docs/qa-logs/2026-10-06-pixelelated-replacement-15/boot-qualification-09/artifacts/clean-640/026.png
 create mode 100644 docs/qa-logs/2026-10-06-pixelelated-replacement-15/boot-qualification-09/artifacts/clean-640/027.png
 create mode 100644 docs/qa-logs/2026-10-06-pixelelated-replacement-15/boot-qualification-09/artifacts/clean-640/028.png
 create mode 100644 docs/qa-logs/2026-10-06-pixelelated-replacement-15/boot-qualification-09/artifacts/clean-640/029.png
 create mode 100644 docs/qa-logs/2026-10-06-pixelelated-replacement-15/boot-qualification-09/artifacts/clean-640/030.png
 create mode 100644 docs/qa-logs/2026-10-06-pixelelated-replacement-15/boot-qualification-09/artifacts/clean-640/031.png
 create mode 100644 docs/qa-logs/2026-10-06-pixelelated-replacement-15/boot-qualification-09/artifacts/clean-640/032.png
 create mode 100644 docs/qa-logs/2026-10-06-pixelelated-replacement-15/boot-qualification-09/artifacts/clean-640/033.png
 create mode 100644 docs/qa-logs/2026-10-06-pixelelated-replacement-15/boot-qualification-09/artifacts/clean-640/034.png
 create mode 100644 docs/qa-logs/2026-10-06-pixelelated-replacement-15/boot-qualification-09/artifacts/clean-640/035.png
 create mode 100644 docs/qa-logs/2026-10-06-pixelelated-replacement-15/boot-qualification-09/artifacts/clean-640/036.png
 create mode 100644 docs/qa-logs/2026-10-06-pixelelated-replacement-15/boot-qualification-09/artifacts/clean-640/037.png
 create mode 100644 docs/qa-logs/2026-10-06-pixelelated-replacement-15/boot-qualification-09/artifacts/clean-640/038.png
 create mode 100644 docs/qa-logs/2026-10-06-pixelelated-replacement-15/boot-qualification-09/artifacts/clean-640/039.png
 create mode 100644 docs/qa-logs/2026-10-06-pixelelated-replacement-15/boot-qualification-09/artifacts/clean-640/040.png
 create mode 100644 docs/qa-logs/2026-10-06-pixelelated-replacement-15/boot-qualification-09/artifacts/clean-640/041.png
 create mode 100644 docs/qa-logs/2026-10-06-pixelelated-replacement-15/boot-qualification-09/artifacts/clean-640/042.png
 create mode 100644 docs/qa-logs/2026-10-06-pixelelated-replacement-15/boot-qualification-09/artifacts/clean-640/043.png
 create mode 100644 docs/qa-logs/2026-10-06-pixelelated-replacement-15/boot-qualification-09/artifacts/clean-640/044.png
 create mode 100644 docs/qa-logs/2026-10-06-pixelelated-replacement-15/boot-qualification-09/artifacts/clean-640/045.png
 create mode 100644 docs/qa-logs/2026-10-06-pixelelated-replacement-15/boot-qualification-09/artifacts/clean-640/046.png
 create mode 100644 docs/qa-logs/2026-10-06-pixelelated-replacement-15/boot-qualification-09/artifacts/clean-640/047.png
 create mode 100644 docs/qa-logs/2026-10-06-pixelelated-replacement-15/boot-qualification-09/artifacts/clean-640/048.png
 create mode 100644 docs/qa-logs/2026-10-06-pixelelated-replacement-15/boot-qualification-09/artifacts/clean-640/049.png
 create mode 100644 docs/qa-logs/2026-10-06-pixelelated-replacement-15/boot-qualification-09/artifacts/clean-640/050.png
 create mode 100644 docs/qa-logs/2026-10-06-pixelelated-replacement-15/boot-qualification-09/artifacts/clean-640/051.png
 create mode 100644 docs/qa-logs/2026-10-06-pixelelated-replacement-15/boot-qualification-09/artifacts/clean-640/052.png
 create mode 100644 docs/qa-logs/2026-10-06-pixelelated-replacement-15/boot-qualification-09/artifacts/clean-640/053.png
 create mode 100644 docs/qa-logs/2026-10-06-pixelelated-replacement-15/boot-qualification-09/artifacts/clean-640/054.png
 create mode 100644 docs/qa-logs/2026-10-06-pixelelated-replacement-15/boot-qualification-09/artifacts/clean-640/055.png
 create mode 100644 docs/qa-logs/2026-10-06-pixelelated-replacement-15/boot-qualification-09/artifacts/clean-640/056.png
 create mode 100644 docs/qa-logs/2026-10-06-pixelelated-replacement-15/boot-qualification-09/artifacts/clean-640/057.png
 create mode 100644 docs/qa-logs/2026-10-06-pixelelated-replacement-15/boot-qualification-09/artifacts/clean-640/058.png
 create mode 100644 docs/qa-logs/2026-10-06-pixelelated-replacement-15/boot-qualification-09/artifacts/clean-640/059.png
 create mode 100644 docs/qa-logs/2026-10-06-pixelelated-replacement-15/boot-qualification-09/artifacts/clean-640/060.png
 create mode 100644 docs/qa-logs/2026-10-06-pixelelated-replacement-15/boot-qualification-09/artifacts/clean-640/061.png
 create mode 100644 docs/qa-logs/2026-10-06-pixelelated-replacement-15/boot-qualification-09/artifacts/clean-640/062.png
 create mode 100644 docs/qa-logs/2026-10-06-pixelelated-replacement-15/boot-qualification-09/artifacts/clean-640/063.png
 create mode 100644 docs/qa-logs/2026-10-06-pixelelated-replacement-15/boot-qualification-09/artifacts/clean-640/064.png
 create mode 100644 docs/qa-logs/2026-10-06-pixelelated-replacement-15/boot-qualification-09/artifacts/clean-640/065.png
 create mode 100644 docs/qa-logs/2026-10-06-pixelelated-replacement-15/boot-qualification-09/artifacts/clean-640/066.png
 create mode 100644 docs/qa-logs/2026-10-06-pixelelated-replacement-15/boot-qualification-09/artifacts/clean-640/067.png
 create mode 100644 docs/qa-logs/2026-10-06-pixelelated-replacement-15/boot-qualification-09/artifacts/clean-640/068.png
 create mode 100644 docs/qa-logs/2026-10-06-pixelelated-replacement-15/boot-qualification-09/artifacts/clean-640/069.png
 create mode 100644 docs/qa-logs/2026-10-06-pixelelated-replacement-15/boot-qualification-09/artifacts/clean-640/070.png
 create mode 100644 docs/qa-logs/2026-10-06-pixelelated-replacement-15/boot-qualification-09/artifacts/clean-640/071.png
 create mode 100644 docs/qa-logs/2026-10-06-pixelelated-replacement-15/boot-qualification-09/artifacts/clean-640/072.png
 create mode 100644 docs/qa-logs/2026-10-06-pixelelated-replacement-15/boot-qualification-09/artifacts/clean-640/073.png
 create mode 100644 docs/qa-logs/2026-10-06-pixelelated-replacement-15/boot-qualification-09/artifacts/clean-640/074.png
 create mode 100644 docs/qa-logs/2026-10-06-pixelelated-replacement-15/boot-qualification-09/artifacts/clean-640/075.png
 create mode 100644 docs/qa-logs/2026-10-06-pixelelated-replacement-15/boot-qualification-09/artifacts/clean-640/076.png
 create mode 100644 docs/qa-logs/2026-10-06-pixelelated-replacement-15/boot-qualification-09/artifacts/clean-640/077.png
 create mode 100644 docs/qa-logs/2026-10-06-pixelelated-replacement-15/boot-qualification-09/artifacts/clean-640/078.png
 create mode 100644 docs/qa-logs/2026-10-06-pixelelated-replacement-15/boot-qualification-09/artifacts/clean-640/079.png
 create mode 100644 docs/qa-logs/2026-10-06-pixelelated-replacement-15/boot-qualification-09/artifacts/clean-640/080.png
 create mode 100644 docs/qa-logs/2026-10-06-pixelelated-replacement-15/boot-qualification-09/artifacts/clean-640/081.png
 create mode 100644 docs/qa-logs/2026-10-06-pixelelated-replacement-15/boot-qualification-09/artifacts/clean-640/082.png
 create mode 100644 docs/qa-logs/2026-10-06-pixelelated-replacement-15/boot-qualification-09/artifacts/clean-640/083.png
 create mode 100644 docs/qa-logs/2026-10-06-pixelelated-replacement-15/boot-qualification-09/artifacts/clean-640/084.png
 create mode 100644 docs/qa-logs/2026-10-06-pixelelated-replacement-15/boot-qualification-09/artifacts/clean-640/085.png
 create mode 100644 docs/qa-logs/2026-10-06-pixelelated-replacement-15/boot-qualification-09/artifacts/clean-640/086.png
 create mode 100644 docs/qa-logs/2026-10-06-pixelelated-replacement-15/boot-qualification-09/artifacts/clean-640/087.png
 create mode 100644 docs/qa-logs/2026-10-06-pixelelated-replacement-15/boot-qualification-09/artifacts/clean-640/088.png
 create mode 100644 docs/qa-logs/2026-10-06-pixelelated-replacement-15/boot-qualification-09/artifacts/clean-640/089.png
 create mode 100644 docs/qa-logs/2026-10-06-pixelelated-replacement-15/boot-qualification-09/artifacts/clean-640/090.png
 create mode 100644 docs/qa-logs/2026-10-06-pixelelated-replacement-15/boot-qualification-09/artifacts/clean-640/091.png
 create mode 100644 docs/qa-logs/2026-10-06-pixelelated-replacement-15/boot-qualification-09/artifacts/clean-640/092.png
 create mode 100644 docs/qa-logs/2026-10-06-pixelelated-replacement-15/boot-qualification-09/artifacts/clean-640/093.png
 create mode 100644 docs/qa-logs/2026-10-06-pixelelated-replacement-15/boot-qualification-09/artifacts/clean-640/094.png
 create mode 100644 docs/qa-logs/2026-10-06-pixelelated-replacement-15/boot-qualification-09/artifacts/clean-640/095.png
 create mode 100644 docs/qa-logs/2026-10-06-pixelelated-replacement-15/boot-qualification-09/artifacts/clean-640/096.png
 create mode 100644 docs/qa-logs/2026-10-06-pixelelated-replacement-15/boot-qualification-09/artifacts/clean-640/097.png
 create mode 100644 docs/qa-logs/2026-10-06-pixelelated-replacement-15/boot-qualification-09/artifacts/clean-640/098.png
 create mode 100644 docs/qa-logs/2026-10-06-pixelelated-replacement-15/boot-qualification-09/artifacts/clean-640/099.png
 create mode 100644 docs/qa-logs/2026-10-06-pixelelated-replacement-15/boot-qualification-09/artifacts/clean-640/100.png
 create mode 100644 docs/qa-logs/2026-10-06-pixelelated-replacement-15/boot-qualification-09/artifacts/clean-640/101.png
 create mode 100644 docs/qa-logs/2026-10-06-pixelelated-replacement-15/boot-qualification-09/artifacts/clean-640/102.png
 create mode 100644 docs/qa-logs/2026-10-06-pixelelated-replacement-15/boot-qualification-09/artifacts/clean-640/103.png
 create mode 100644 docs/qa-logs/2026-10-06-pixelelated-replacement-15/boot-qualification-09/artifacts/clean-640/104.png
 create mode 100644 docs/qa-logs/2026-10-06-pixelelated-replacement-15/boot-qualification-09/artifacts/clean-640/105.png
 create mode 100644 docs/qa-logs/2026-10-06-pixelelated-replacement-15/boot-qualification-09/artifacts/clean-640/106.png
 create mode 100644 docs/qa-logs/2026-10-06-pixelelated-replacement-15/boot-qualification-09/artifacts/clean-640/107.png
 create mode 100644 docs/qa-logs/2026-10-06-pixelelated-replacement-15/boot-qualification-09/artifacts/clean-640/108.png
 create mode 100644 docs/qa-logs/2026-10-06-pixelelated-replacement-15/boot-qualification-09/artifacts/clean-640/109.png
 create mode 100644 docs/qa-logs/2026-10-06-pixelelated-replacement-15/boot-qualification-09/artifacts/clean-640/110.png
 create mode 100644 docs/qa-logs/2026-10-06-pixelelated-replacement-15/boot-qualification-09/artifacts/clean-640/111.png
 create mode 100644 docs/qa-logs/2026-10-06-pixelelated-replacement-15/boot-qualification-09/artifacts/clean-640/112.png
 create mode 100644 docs/qa-logs/2026-10-06-pixelelated-replacement-15/boot-qualification-09/artifacts/clean-640/113.png
 create mode 100644 docs/qa-logs/2026-10-06-pixelelated-replacement-15/boot-qualification-09/artifacts/clean-640/114.png
 create mode 100644 docs/qa-logs/2026-10-06-pixelelated-replacement-15/boot-qualification-09/artifacts/clean-640/115.png
 create mode 100644 docs/qa-logs/2026-10-06-pixelelated-replacement-15/boot-qualification-09/artifacts/clean-640/116.png
 create mode 100644 docs/qa-logs/2026-10-06-pixelelated-replacement-15/boot-qualification-09/artifacts/clean-640/117.png
 create mode 100644 docs/qa-logs/2026-10-06-pixelelated-replacement-15/boot-qualification-09/artifacts/clean-640/118.png
 create mode 100644 docs/qa-logs/2026-10-06-pixelelated-replacement-15/boot-qualification-09/artifacts/clean-640/119.png
 create mode 100644 docs/qa-logs/2026-10-06-pixelelated-replacement-15/boot-qualification-09/artifacts/clean-640/120.png
 create mode 100644 docs/qa-logs/2026-10-06-pixelelated-replacement-15/boot-qualification-09/artifacts/clean-640/121.png
 create mode 100644 docs/qa-logs/2026-10-06-pixelelated-replacement-15/boot-qualification-09/artifacts/clean-640/122.png
 create mode 100644 docs/qa-logs/2026-10-06-pixelelated-replacement-15/boot-qualification-09/artifacts/clean-640/123.png
 create mode 100644 docs/qa-logs/2026-10-06-pixelelated-replacement-15/boot-qualification-09/artifacts/clean-640/124.png
 create mode 100644 docs/qa-logs/2026-10-06-pixelelated-replacement-15/boot-qualification-09/artifacts/clean-640/125.png
 create mode 100644 docs/qa-logs/2026-10-06-pixelelated-replacement-15/boot-qualification-09/artifacts/clean-640/126.png
 create mode 100644 docs/qa-logs/2026-10-06-pixelelated-replacement-15/boot-qualification-09/artifacts/clean-640/127.png
 create mode 100644 docs/qa-logs/2026-10-06-pixelelated-replacement-15/boot-qualification-09/artifacts/clean-640/128.png
 create mode 100644 docs/qa-logs/2026-10-06-pixelelated-replacement-15/boot-qualification-09/artifacts/clean-640/129.png
 create mode 100644 docs/qa-logs/2026-10-06-pixelelated-replacement-15/boot-qualification-09/artifacts/clean-640/130.png
 create mode 100644 docs/qa-logs/2026-10-06-pixelelated-replacement-15/boot-qualification-09/artifacts/clean-640/131.png
 create mode 100644 docs/qa-logs/2026-10-06-pixelelated-replacement-15/boot-qualification-09/artifacts/clean-640/132.png
 create mode 100644 docs/qa-logs/2026-10-06-pixelelated-replacement-15/boot-qualification-09/artifacts/clean-640/133.png
 create mode 100644 docs/qa-logs/2026-10-06-pixelelated-replacement-15/boot-qualification-09/artifacts/clean-640/134.png
 create mode 100644 docs/qa-logs/2026-10-06-pixelelated-replacement-15/boot-qualification-09/artifacts/clean-640/135.png
 create mode 100644 docs/qa-logs/2026-10-06-pixelelated-replacement-15/boot-qualification-09/artifacts/clean-640/136.png
 create mode 100644 docs/qa-logs/2026-10-06-pixelelated-replacement-15/boot-qualification-09/artifacts/clean-640/137.png
 create mode 100644 docs/qa-logs/2026-10-06-pixelelated-replacement-15/boot-qualification-09/artifacts/clean-640/138.png
 create mode 100644 docs/qa-logs/2026-10-06-pixelelated-replacement-15/boot-qualification-09/artifacts/clean-640/139.png
 create mode 100644 docs/qa-logs/2026-10-06-pixelelated-replacement-15/boot-qualification-09/artifacts/clean-640/140.png
 create mode 100644 docs/qa-logs/2026-10-06-pixelelated-replacement-15/boot-qualification-09/artifacts/clean-640/141.png
 create mode 100644 docs/qa-logs/2026-10-06-pixelelated-replacement-15/boot-qualification-09/artifacts/clean-640/142.png
 create mode 100644 docs/qa-logs/2026-10-06-pixelelated-replacement-15/boot-qualification-09/artifacts/clean-640/143.png
 create mode 100644 docs/qa-logs/2026-10-06-pixelelated-replacement-15/boot-qualification-09/artifacts/clean-640/144.png
 create mode 100644 docs/qa-logs/2026-10-06-pixelelated-replacement-15/boot-qualification-09/artifacts/clean-640/145.png
 create mode 100644 docs/qa-logs/2026-10-06-pixelelated-replacement-15/boot-qualification-09/artifacts/clean-640/146.png
 create mode 100644 docs/qa-logs/2026-10-06-pixelelated-replacement-15/boot-qualification-09/artifacts/clean-640/147.png
 create mode 100644 docs/qa-logs/2026-10-06-pixelelated-replacement-15/boot-qualification-09/artifacts/clean-640/148.png
 create mode 100644 docs/qa-logs/2026-10-06-pixelelated-replacement-15/boot-qualification-09/artifacts/clean-640/149.png
 create mode 100644 docs/qa-logs/2026-10-06-pixelelated-replacement-15/boot-qualification-09/artifacts/clean-640/150.png
 create mode 100644 docs/qa-logs/2026-10-06-pixelelated-replacement-15/boot-qualification-09/artifacts/clean-640/151.png
 create mode 100644 docs/qa-logs/2026-10-06-pixelelated-replacement-15/boot-qualification-09/artifacts/clean-640/152.png
 create mode 100644 docs/qa-logs/2026-10-06-pixelelated-replacement-15/boot-qualification-09/artifacts/clean-640/153.png
 create mode 100644 docs/qa-logs/2026-10-06-pixelelated-replacement-15/boot-qualification-09/artifacts/clean-640/154.png
 create mode 100644 docs/qa-logs/2026-10-06-pixelelated-replacement-15/boot-qualification-09/artifacts/clean-640/155.png
 create mode 100644 docs/qa-logs/2026-10-06-pixelelated-replacement-15/boot-qualification-09/artifacts/clean-640/156.png
 create mode 100644 docs/qa-logs/2026-10-06-pixelelated-replacement-15/boot-qualification-09/artifacts/clean-640/157.png
 create mode 100644 docs/qa-logs/2026-10-06-pixelelated-replacement-15/boot-qualification-09/artifacts/clean-640/158.png
 create mode 100644 docs/qa-logs/2026-10-06-pixelelated-replacement-15/boot-qualification-09/artifacts/clean-640/159.png
 create mode 100644 docs/qa-logs/2026-10-06-pixelelated-replacement-15/boot-qualification-09/artifacts/clean-640/160.png
 create mode 100644 docs/qa-logs/2026-10-06-pixelelated-replacement-15/boot-qualification-09/artifacts/clean-640/161.png
 create mode 100644 docs/qa-logs/2026-10-06-pixelelated-replacement-15/boot-qualification-09/artifacts/clean-640/162.png
 create mode 100644 docs/qa-logs/2026-10-06-pixelelated-replacement-15/boot-qualification-09/artifacts/clean-640/163.png
 create mode 100644 docs/qa-logs/2026-10-06-pixelelated-replacement-15/boot-qualification-09/artifacts/clean-640/164.png
 create mode 100644 docs/qa-logs/2026-10-06-pixelelated-replacement-15/boot-qualification-09/artifacts/clean-640/165.png
 create mode 100644 docs/qa-logs/2026-10-06-pixelelated-replacement-15/boot-qualification-09/artifacts/clean-640/166.png
 create mode 100644 docs/qa-logs/2026-10-06-pixelelated-replacement-15/boot-qualification-09/artifacts/clean-640/167.png
 create mode 100644 docs/qa-logs/2026-10-06-pixelelated-replacement-15/boot-qualification-09/artifacts/clean-640/168.png
 create mode 100644 docs/qa-logs/2026-10-06-pixelelated-replacement-15/boot-qualification-09/artifacts/clean-640/169.png
 create mode 100644 docs/qa-logs/2026-10-06-pixelelated-replacement-15/boot-qualification-09/artifacts/clean-640/170.png
 create mode 100644 docs/qa-logs/2026-10-06-pixelelated-replacement-15/boot-qualification-09/artifacts/clean-640/171.png
 create mode 100644 docs/qa-logs/2026-10-06-pixelelated-replacement-15/boot-qualification-09/artifacts/clean-640/172.png
 create mode 100644 docs/qa-logs/2026-10-06-pixelelated-replacement-15/boot-qualification-09/artifacts/clean-640/173.png
 create mode 100644 docs/qa-logs/2026-10-06-pixelelated-replacement-15/boot-qualification-09/artifacts/clean-640/174.png
 create mode 100644 docs/qa-logs/2026-10-06-pixelelated-replacement-15/boot-qualification-09/artifacts/clean-640/175.png
 create mode 100644 docs/qa-logs/2026-10-06-pixelelated-replacement-15/boot-qualification-09/artifacts/clean-640/176.png
 create mode 100644 docs/qa-logs/2026-10-06-pixelelated-replacement-15/boot-qualification-09/artifacts/clean-640/177.png
 create mode 100644 docs/qa-logs/2026-10-06-pixelelated-replacement-15/boot-qualification-09/artifacts/clean-640/178.png
 create mode 100644 docs/qa-logs/2026-10-06-pixelelated-replacement-15/boot-qualification-09/artifacts/clean-640/179.png
 create mode 100644 docs/qa-logs/2026-10-06-pixelelated-replacement-15/boot-qualification-09/artifacts/clean-640/180.png
 create mode 100644 docs/qa-logs/2026-10-06-pixelelated-replacement-15/boot-qualification-09/artifacts/clean-640/181.png
 create mode 100644 docs/qa-logs/2026-10-06-pixelelated-replacement-15/boot-qualification-09/artifacts/clean-640/182.png
 create mode 100644 docs/qa-logs/2026-10-06-pixelelated-replacement-15/boot-qualification-09/artifacts/clean-640/183.png
 create mode 100644 docs/qa-logs/2026-10-06-pixelelated-replacement-15/boot-qualification-09/artifacts/clean-640/184.png
 create mode 100644 docs/qa-logs/2026-10-06-pixelelated-replacement-15/boot-qualification-09/artifacts/clean-640/185.png
 create mode 100644 docs/qa-logs/2026-10-06-pixelelated-replacement-15/boot-qualification-09/artifacts/clean-640/186.png
 create mode 100644 docs/qa-logs/2026-10-06-pixelelated-replacement-15/boot-qualification-09/artifacts/clean-640/187.png
 create mode 100644 docs/qa-logs/2026-10-06-pixelelated-replacement-15/boot-qualification-09/artifacts/clean-640/188.png
 create mode 100644 docs/qa-logs/2026-10-06-pixelelated-replacement-15/boot-qualification-09/artifacts/clean-640/189.png
 create mode 100644 docs/qa-logs/2026-10-06-pixelelated-replacement-15/boot-qualification-09/artifacts/clean-640/190.png
 create mode 100644 docs/qa-logs/2026-10-06-pixelelated-replacement-15/boot-qualification-09/artifacts/clean-640/191.png
 create mode 100644 docs/qa-logs/2026-10-06-pixelelated-replacement-15/boot-qualification-09/artifacts/clean-640/192.png
 create mode 100644 docs/qa-logs/2026-10-06-pixelelated-replacement-15/boot-qualification-09/artifacts/clean-640/193.png
 create mode 100644 docs/qa-logs/2026-10-06-pixelelated-replacement-15/boot-qualification-09/artifacts/clean-640/194.png
 create mode 100644 docs/qa-logs/2026-10-06-pixelelated-replacement-15/boot-qualification-09/artifacts/clean-640/195.png
 create mode 100644 docs/qa-logs/2026-10-06-pixelelated-replacement-15/boot-qualification-09/artifacts/clean-640/196.png
 create mode 100644 docs/qa-logs/2026-10-06-pixelelated-replacement-15/boot-qualification-09/artifacts/clean-640/197.png
 create mode 100644 docs/qa-logs/2026-10-06-pixelelated-replacement-15/boot-qualification-09/artifacts/clean-640/198.png
 create mode 100644 docs/qa-logs/2026-10-06-pixelelated-replacement-15/boot-qualification-09/artifacts/clean-640/199.png
 create mode 100644 docs/qa-logs/2026-10-06-pixelelated-replacement-15/boot-qualification-09/artifacts/clean-640/200.png
 create mode 100644 docs/qa-logs/2026-10-06-pixelelated-replacement-15/boot-qualification-09/artifacts/clean-640/201.png
 create mode 100644 docs/qa-logs/2026-10-06-pixelelated-replacement-15/boot-qualification-09/artifacts/clean-640/202.png
 create mode 100644 docs/qa-logs/2026-10-06-pixelelated-replacement-15/boot-qualification-09/artifacts/clean-640/203.png
 create mode 100644 docs/qa-logs/2026-10-06-pixelelated-replacement-15/boot-qualification-09/artifacts/clean-640/204.png
 create mode 100644 docs/qa-logs/2026-10-06-pixelelated-replacement-15/boot-qualification-09/artifacts/clean-640/205.png
 create mode 100644 docs/qa-logs/2026-10-06-pixelelated-replacement-15/boot-qualification-09/artifacts/clean-640/206.png
 create mode 100644 docs/qa-logs/2026-10-06-pixelelated-replacement-15/boot-qualification-09/artifacts/clean-640/207.png
 create mode 100644 docs/qa-logs/2026-10-06-pixelelated-replacement-15/boot-qualification-09/artifacts/clean-640/208.png
 create mode 100644 docs/qa-logs/2026-10-06-pixelelated-replacement-15/boot-qualification-09/artifacts/clean-640/209.png
 create mode 100644 docs/qa-logs/2026-10-06-pixelelated-replacement-15/boot-qualification-09/artifacts/clean-640/210.png
 create mode 100644 docs/qa-logs/2026-10-06-pixelelated-replacement-15/boot-qualification-09/artifacts/clean-640/211.png
 create mode 100644 docs/qa-logs/2026-10-06-pixelelated-replacement-15/boot-qualification-09/artifacts/clean-640/212.png
 create mode 100644 docs/qa-logs/2026-10-06-pixelelated-replacement-15/boot-qualification-09/artifacts/clean-640/213.png
 create mode 100644 docs/qa-logs/2026-10-06-pixelelated-replacement-15/boot-qualification-09/artifacts/clean-640/214.png
 create mode 100644 docs/qa-logs/2026-10-06-pixelelated-replacement-15/boot-qualification-09/artifacts/clean-640/215.png
 create mode 100644 docs/qa-logs/2026-10-06-pixelelated-replacement-15/boot-qualification-09/artifacts/clean-640/216.png
 create mode 100644 docs/qa-logs/2026-10-06-pixelelated-replacement-15/boot-qualification-09/artifacts/clean-640/217.png
 create mode 100644 docs/qa-logs/2026-10-06-pixelelated-replacement-15/boot-qualification-09/artifacts/clean-640/218.png
 create mode 100644 docs/qa-logs/2026-10-06-pixelelated-replacement-15/boot-qualification-09/artifacts/clean-640/219.png
 create mode 100644 docs/qa-logs/2026-10-06-pixelelated-replacement-15/boot-qualification-09/artifacts/clean-640/220.png
 create mode 100644 docs/qa-logs/2026-10-06-pixelelated-replacement-15/boot-qualification-09/artifacts/clean-640/221.png
 create mode 100644 docs/qa-logs/2026-10-06-pixelelated-replacement-15/boot-qualification-09/artifacts/clean-640/222.png
 create mode 100644 docs/qa-logs/2026-10-06-pixelelated-replacement-15/boot-qualification-09/artifacts/clean-640/223.png
 create mode 100644 docs/qa-logs/2026-10-06-pixelelated-replacement-15/boot-qualification-09/artifacts/clean-640/224.png
 create mode 100644 docs/qa-logs/2026-10-06-pixelelated-replacement-15/boot-qualification-09/artifacts/clean-640/225.png
 create mode 100644 docs/qa-logs/2026-10-06-pixelelated-replacement-15/boot-qualification-09/artifacts/clean-640/226.png
 create mode 100644 docs/qa-logs/2026-10-06-pixelelated-replacement-15/boot-qualification-09/artifacts/clean-640/227.png
 create mode 100644 docs/qa-logs/2026-10-06-pixelelated-replacement-15/boot-qualification-09/artifacts/clean-640/228.png
 create mode 100644 docs/qa-logs/2026-10-06-pixelelated-replacement-15/boot-qualification-09/artifacts/clean-640/captures.json
 create mode 100644 docs/qa-logs/2026-10-06-pixelelated-replacement-15/boot-qualification-09/artifacts/expected-kernel.json
 create mode 100644 docs/qa-logs/2026-10-06-pixelelated-replacement-15/boot-qualification-09/artifacts/owned-pids.json
 create mode 100644 docs/qa-logs/2026-10-06-pixelelated-replacement-15/boot-qualification-09/artifacts/qualification.json
 create mode 100644 docs/qa-logs/2026-10-06-pixelelated-replacement-15/boot-qualification-09/artifacts/renderer-clean-1280.json
 create mode 100644 docs/qa-logs/2026-10-06-pixelelated-replacement-15/boot-qualification-09/artifacts/renderer-clean-1280.stderr
 create mode 100644 docs/qa-logs/2026-10-06-pixelelated-replacement-15/boot-qualification-09/artifacts/renderer-clean-1280.stdout
 create mode 100644 docs/qa-logs/2026-10-06-pixelelated-replacement-15/boot-qualification-09/artifacts/renderer-clean-640.json
 create mode 100644 docs/qa-logs/2026-10-06-pixelelated-replacement-15/boot-qualification-09/artifacts/renderer-clean-640.stderr
 create mode 100644 docs/qa-logs/2026-10-06-pixelelated-replacement-15/boot-qualification-09/artifacts/renderer-clean-640.stdout
 create mode 100644 docs/qa-logs/2026-10-06-pixelelated-replacement-15/boot-qualification-09/artifacts/renderer-upgrade-1280.json
 create mode 100644 docs/qa-logs/2026-10-06-pixelelated-replacement-15/boot-qualification-09/artifacts/renderer-upgrade-1280.stderr
 create mode 100644 docs/qa-logs/2026-10-06-pixelelated-replacement-15/boot-qualification-09/artifacts/renderer-upgrade-1280.stdout
 create mode 100644 docs/qa-logs/2026-10-06-pixelelated-replacement-15/boot-qualification-09/artifacts/renderer-upgrade-640.json
 create mode 100644 docs/qa-logs/2026-10-06-pixelelated-replacement-15/boot-qualification-09/artifacts/renderer-upgrade-640.stderr
 create mode 100644 docs/qa-logs/2026-10-06-pixelelated-replacement-15/boot-qualification-09/artifacts/renderer-upgrade-640.stdout
 create mode 100644 docs/qa-logs/2026-10-06-pixelelated-replacement-15/boot-qualification-09/artifacts/results-in-progress.json
 create mode 100644 docs/qa-logs/2026-10-06-pixelelated-replacement-15/boot-qualification-09/artifacts/upgrade-1280-cmdline.txt
 create mode 100644 docs/qa-logs/2026-10-06-pixelelated-replacement-15/boot-qualification-09/artifacts/upgrade-1280-console.txt
 create mode 100644 docs/qa-logs/2026-10-06-pixelelated-replacement-15/boot-qualification-09/artifacts/upgrade-1280-kernel.log
 create mode 100644 docs/qa-logs/2026-10-06-pixelelated-replacement-15/boot-qualification-09/artifacts/upgrade-1280-match/blank.png
 create mode 100644 docs/qa-logs/2026-10-06-pixelelated-replacement-15/boot-qualification-09/artifacts/upgrade-1280-match/old-logo.png
 create mode 100644 docs/qa-logs/2026-10-06-pixelelated-replacement-15/boot-qualification-09/artifacts/upgrade-1280-match/result.json
 create mode 100644 docs/qa-logs/2026-10-06-pixelelated-replacement-15/boot-qualification-09/artifacts/upgrade-1280-match/wrong-resolution.png
 create mode 100644 docs/qa-logs/2026-10-06-pixelelated-replacement-15/boot-qualification-09/artifacts/upgrade-1280-network-capture.json
 create mode 100644 docs/qa-logs/2026-10-06-pixelelated-replacement-15/boot-qualification-09/artifacts/upgrade-1280-network-exercise.json
 create mode 100644 docs/qa-logs/2026-10-06-pixelelated-replacement-15/boot-qualification-09/artifacts/upgrade-1280-qemu.json
 create mode 100644 docs/qa-logs/2026-10-06-pixelelated-replacement-15/boot-qualification-09/artifacts/upgrade-1280/000.png
 create mode 100644 docs/qa-logs/2026-10-06-pixelelated-replacement-15/boot-qualification-09/artifacts/upgrade-1280/001.png
 create mode 100644 docs/qa-logs/2026-10-06-pixelelated-replacement-15/boot-qualification-09/artifacts/upgrade-1280/002.png
 create mode 100644 docs/qa-logs/2026-10-06-pixelelated-replacement-15/boot-qualification-09/artifacts/upgrade-1280/003.png
 create mode 100644 docs/qa-logs/2026-10-06-pixelelated-replacement-15/boot-qualification-09/artifacts/upgrade-1280/004.png
 create mode 100644 docs/qa-logs/2026-10-06-pixelelated-replacement-15/boot-qualification-09/artifacts/upgrade-1280/005.png
 create mode 100644 docs/qa-logs/2026-10-06-pixelelated-replacement-15/boot-qualification-09/artifacts/upgrade-1280/006.png
 create mode 100644 docs/qa-logs/2026-10-06-pixelelated-replacement-15/boot-qualification-09/artifacts/upgrade-1280/007.png
 create mode 100644 docs/qa-logs/2026-10-06-pixelelated-replacement-15/boot-qualification-09/artifacts/upgrade-1280/008.png
 create mode 100644 docs/qa-logs/2026-10-06-pixelelated-replacement-15/boot-qualification-09/artifacts/upgrade-1280/009.png
 create mode 100644 docs/qa-logs/2026-10-06-pixelelated-replacement-15/boot-qualification-09/artifacts/upgrade-1280/010.png
 create mode 100644 docs/qa-logs/2026-10-06-pixelelated-replacement-15/boot-qualification-09/artifacts/upgrade-1280/011.png
 create mode 100644 docs/qa-logs/2026-10-06-pixelelated-replacement-15/boot-qualification-09/artifacts/upgrade-1280/012.png
 create mode 100644 docs/qa-logs/2026-10-06-pixelelated-replacement-15/boot-qualification-09/artifacts/upgrade-1280/013.png
 create mode 100644 docs/qa-logs/2026-10-06-pixelelated-replacement-15/boot-qualification-09/artifacts/upgrade-1280/014.png
 create mode 100644 docs/qa-logs/2026-10-06-pixelelated-replacement-15/boot-qualification-09/artifacts/upgrade-1280/015.png
 create mode 100644 docs/qa-logs/2026-10-06-pixelelated-replacement-15/boot-qualification-09/artifacts/upgrade-1280/016.png
 create mode 100644 docs/qa-logs/2026-10-06-pixelelated-replacement-15/boot-qualification-09/artifacts/upgrade-1280/017.png
 create mode 100644 docs/qa-logs/2026-10-06-pixelelated-replacement-15/boot-qualification-09/artifacts/upgrade-1280/018.png
 create mode 100644 docs/qa-logs/2026-10-06-pixelelated-replacement-15/boot-qualification-09/artifacts/upgrade-1280/019.png
 create mode 100644 docs/qa-logs/2026-10-06-pixelelated-replacement-15/boot-qualification-09/artifacts/upgrade-1280/020.png
 create mode 100644 docs/qa-logs/2026-10-06-pixelelated-replacement-15/boot-qualification-09/artifacts/upgrade-1280/021.png
 create mode 100644 docs/qa-logs/2026-10-06-pixelelated-replacement-15/boot-qualification-09/artifacts/upgrade-1280/022.png
 create mode 100644 docs/qa-logs/2026-10-06-pixelelated-replacement-15/boot-qualification-09/artifacts/upgrade-1280/023.png
 create mode 100644 docs/qa-logs/2026-10-06-pixelelated-replacement-15/boot-qualification-09/artifacts/upgrade-1280/024.png
 create mode 100644 docs/qa-logs/2026-10-06-pixelelated-replacement-15/boot-qualification-09/artifacts/upgrade-1280/025.png
 create mode 100644 docs/qa-logs/2026-10-06-pixelelated-replacement-15/boot-qualification-09/artifacts/upgrade-1280/026.png
 create mode 100644 docs/qa-logs/2026-10-06-pixelelated-replacement-15/boot-qualification-09/artifacts/upgrade-1280/027.png
 create mode 100644 docs/qa-logs/2026-10-06-pixelelated-replacement-15/boot-qualification-09/artifacts/upgrade-1280/028.png
 create mode 100644 docs/qa-logs/2026-10-06-pixelelated-replacement-15/boot-qualification-09/artifacts/upgrade-1280/029.png
 create mode 100644 docs/qa-logs/2026-10-06-pixelelated-replacement-15/boot-qualification-09/artifacts/upgrade-1280/030.png
 create mode 100644 docs/qa-logs/2026-10-06-pixelelated-replacement-15/boot-qualification-09/artifacts/upgrade-1280/031.png
 create mode 100644 docs/qa-logs/2026-10-06-pixelelated-replacement-15/boot-qualification-09/artifacts/upgrade-1280/032.png
 create mode 100644 docs/qa-logs/2026-10-06-pixelelated-replacement-15/boot-qualification-09/artifacts/upgrade-1280/033.png
 create mode 100644 docs/qa-logs/2026-10-06-pixelelated-replacement-15/boot-qualification-09/artifacts/upgrade-1280/034.png
 create mode 100644 docs/qa-logs/2026-10-06-pixelelated-replacement-15/boot-qualification-09/artifacts/upgrade-1280/035.png
 create mode 100644 docs/qa-logs/2026-10-06-pixelelated-replacement-15/boot-qualification-09/artifacts/upgrade-1280/036.png
 create mode 100644 docs/qa-logs/2026-10-06-pixelelated-replacement-15/boot-qualification-09/artifacts/upgrade-1280/037.png
 create mode 100644 docs/qa-logs/2026-10-06-pixelelated-replacement-15/boot-qualification-09/artifacts/upgrade-1280/038.png
 create mode 100644 docs/qa-logs/2026-10-06-pixelelated-replacement-15/boot-qualification-09/artifacts/upgrade-1280/039.png
 create mode 100644 docs/qa-logs/2026-10-06-pixelelated-replacement-15/boot-qualification-09/artifacts/upgrade-1280/040.png
 create mode 100644 docs/qa-logs/2026-10-06-pixelelated-replacement-15/boot-qualification-09/artifacts/upgrade-1280/041.png
 create mode 100644 docs/qa-logs/2026-10-06-pixelelated-replacement-15/boot-qualification-09/artifacts/upgrade-1280/042.png
 create mode 100644 docs/qa-logs/2026-10-06-pixelelated-replacement-15/boot-qualification-09/artifacts/upgrade-1280/043.png
 create mode 100644 docs/qa-logs/2026-10-06-pixelelated-replacement-15/boot-qualification-09/artifacts/upgrade-1280/044.png
 create mode 100644 docs/qa-logs/2026-10-06-pixelelated-replacement-15/boot-qualification-09/artifacts/upgrade-1280/045.png
 create mode 100644 docs/qa-logs/2026-10-06-pixelelated-replacement-15/boot-qualification-09/artifacts/upgrade-1280/046.png
 create mode 100644 docs/qa-logs/2026-10-06-pixelelated-replacement-15/boot-qualification-09/artifacts/upgrade-1280/047.png
 create mode 100644 docs/qa-logs/2026-10-06-pixelelated-replacement-15/boot-qualification-09/artifacts/upgrade-1280/048.png
 create mode 100644 docs/qa-logs/2026-10-06-pixelelated-replacement-15/boot-qualification-09/artifacts/upgrade-1280/049.png
 create mode 100644 docs/qa-logs/2026-10-06-pixelelated-replacement-15/boot-qualification-09/artifacts/upgrade-1280/050.png
 create mode 100644 docs/qa-logs/2026-10-06-pixelelated-replacement-15/boot-qualification-09/artifacts/upgrade-1280/051.png
 create mode 100644 docs/qa-logs/2026-10-06-pixelelated-replacement-15/boot-qualification-09/artifacts/upgrade-1280/052.png
 create mode 100644 docs/qa-logs/2026-10-06-pixelelated-replacement-15/boot-qualification-09/artifacts/upgrade-1280/053.png
 create mode 100644 docs/qa-logs/2026-10-06-pixelelated-replacement-15/boot-qualification-09/artifacts/upgrade-1280/054.png
 create mode 100644 docs/qa-logs/2026-10-06-pixelelated-replacement-15/boot-qualification-09/artifacts/upgrade-1280/055.png
 create mode 100644 docs/qa-logs/2026-10-06-pixelelated-replacement-15/boot-qualification-09/artifacts/upgrade-1280/056.png
 create mode 100644 docs/qa-logs/2026-10-06-pixelelated-replacement-15/boot-qualification-09/artifacts/upgrade-1280/057.png
 create mode 100644 docs/qa-logs/2026-10-06-pixelelated-replacement-15/boot-qualification-09/artifacts/upgrade-1280/058.png
 create mode 100644 docs/qa-logs/2026-10-06-pixelelated-replacement-15/boot-qualification-09/artifacts/upgrade-1280/059.png
 create mode 100644 docs/qa-logs/2026-10-06-pixelelated-replacement-15/boot-qualification-09/artifacts/upgrade-1280/060.png
 create mode 100644 docs/qa-logs/2026-10-06-pixelelated-replacement-15/boot-qualification-09/artifacts/upgrade-1280/061.png
 create mode 100644 docs/qa-logs/2026-10-06-pixelelated-replacement-15/boot-qualification-09/artifacts/upgrade-1280/062.png
 create mode 100644 docs/qa-logs/2026-10-06-pixelelated-replacement-15/boot-qualification-09/artifacts/upgrade-1280/063.png
 create mode 100644 docs/qa-logs/2026-10-06-pixelelated-replacement-15/boot-qualification-09/artifacts/upgrade-1280/064.png
 create mode 100644 docs/qa-logs/2026-10-06-pixelelated-replacement-15/boot-qualification-09/artifacts/upgrade-1280/065.png
 create mode 100644 docs/qa-logs/2026-10-06-pixelelated-replacement-15/boot-qualification-09/artifacts/upgrade-1280/066.png
 create mode 100644 docs/qa-logs/2026-10-06-pixelelated-replacement-15/boot-qualification-09/artifacts/upgrade-1280/067.png
 create mode 100644 docs/qa-logs/2026-10-06-pixelelated-replacement-15/boot-qualification-09/artifacts/upgrade-1280/068.png
 create mode 100644 docs/qa-logs/2026-10-06-pixelelated-replacement-15/boot-qualification-09/artifacts/upgrade-1280/069.png
 create mode 100644 docs/qa-logs/2026-10-06-pixelelated-replacement-15/boot-qualification-09/artifacts/upgrade-1280/070.png
 create mode 100644 docs/qa-logs/2026-10-06-pixelelated-replacement-15/boot-qualification-09/artifacts/upgrade-1280/071.png
 create mode 100644 docs/qa-logs/2026-10-06-pixelelated-replacement-15/boot-qualification-09/artifacts/upgrade-1280/072.png
 create mode 100644 docs/qa-logs/2026-10-06-pixelelated-replacement-15/boot-qualification-09/artifacts/upgrade-1280/073.png
 create mode 100644 docs/qa-logs/2026-10-06-pixelelated-replacement-15/boot-qualification-09/artifacts/upgrade-1280/074.png
 create mode 100644 docs/qa-logs/2026-10-06-pixelelated-replacement-15/boot-qualification-09/artifacts/upgrade-1280/075.png
 create mode 100644 docs/qa-logs/2026-10-06-pixelelated-replacement-15/boot-qualification-09/artifacts/upgrade-1280/076.png
 create mode 100644 docs/qa-logs/2026-10-06-pixelelated-replacement-15/boot-qualification-09/artifacts/upgrade-1280/077.png
 create mode 100644 docs/qa-logs/2026-10-06-pixelelated-replacement-15/boot-qualification-09/artifacts/upgrade-1280/078.png
 create mode 100644 docs/qa-logs/2026-10-06-pixelelated-replacement-15/boot-qualification-09/artifacts/upgrade-1280/079.png
 create mode 100644 docs/qa-logs/2026-10-06-pixelelated-replacement-15/boot-qualification-09/artifacts/upgrade-1280/080.png
 create mode 100644 docs/qa-logs/2026-10-06-pixelelated-replacement-15/boot-qualification-09/artifacts/upgrade-1280/081.png
 create mode 100644 docs/qa-logs/2026-10-06-pixelelated-replacement-15/boot-qualification-09/artifacts/upgrade-1280/082.png
 create mode 100644 docs/qa-logs/2026-10-06-pixelelated-replacement-15/boot-qualification-09/artifacts/upgrade-1280/083.png
 create mode 100644 docs/qa-logs/2026-10-06-pixelelated-replacement-15/boot-qualification-09/artifacts/upgrade-1280/084.png
 create mode 100644 docs/qa-logs/2026-10-06-pixelelated-replacement-15/boot-qualification-09/artifacts/upgrade-1280/085.png
 create mode 100644 docs/qa-logs/2026-10-06-pixelelated-replacement-15/boot-qualification-09/artifacts/upgrade-1280/086.png
 create mode 100644 docs/qa-logs/2026-10-06-pixelelated-replacement-15/boot-qualification-09/artifacts/upgrade-1280/087.png
 create mode 100644 docs/qa-logs/2026-10-06-pixelelated-replacement-15/boot-qualification-09/artifacts/upgrade-1280/088.png
 create mode 100644 docs/qa-logs/2026-10-06-pixelelated-replacement-15/boot-qualification-09/artifacts/upgrade-1280/089.png
 create mode 100644 docs/qa-logs/2026-10-06-pixelelated-replacement-15/boot-qualification-09/artifacts/upgrade-1280/090.png
 create mode 100644 docs/qa-logs/2026-10-06-pixelelated-replacement-15/boot-qualification-09/artifacts/upgrade-1280/091.png
 create mode 100644 docs/qa-logs/2026-10-06-pixelelated-replacement-15/boot-qualification-09/artifacts/upgrade-1280/092.png
 create mode 100644 docs/qa-logs/2026-10-06-pixelelated-replacement-15/boot-qualification-09/artifacts/upgrade-1280/093.png
 create mode 100644 docs/qa-logs/2026-10-06-pixelelated-replacement-15/boot-qualification-09/artifacts/upgrade-1280/094.png
 create mode 100644 docs/qa-logs/2026-10-06-pixelelated-replacement-15/boot-qualification-09/artifacts/upgrade-1280/095.png
 create mode 100644 docs/qa-logs/2026-10-06-pixelelated-replacement-15/boot-qualification-09/artifacts/upgrade-1280/096.png
 create mode 100644 docs/qa-logs/2026-10-06-pixelelated-replacement-15/boot-qualification-09/artifacts/upgrade-1280/097.png
 create mode 100644 docs/qa-logs/2026-10-06-pixelelated-replacement-15/boot-qualification-09/artifacts/upgrade-1280/098.png
 create mode 100644 docs/qa-logs/2026-10-06-pixelelated-replacement-15/boot-qualification-09/artifacts/upgrade-1280/099.png
 create mode 100644 docs/qa-logs/2026-10-06-pixelelated-replacement-15/boot-qualification-09/artifacts/upgrade-1280/100.png
 create mode 100644 docs/qa-logs/2026-10-06-pixelelated-replacement-15/boot-qualification-09/artifacts/upgrade-1280/101.png
 create mode 100644 docs/qa-logs/2026-10-06-pixelelated-replacement-15/boot-qualification-09/artifacts/upgrade-1280/102.png
 create mode 100644 docs/qa-logs/2026-10-06-pixelelated-replacement-15/boot-qualification-09/artifacts/upgrade-1280/103.png
 create mode 100644 docs/qa-logs/2026-10-06-pixelelated-replacement-15/boot-qualification-09/artifacts/upgrade-1280/104.png
 create mode 100644 docs/qa-logs/2026-10-06-pixelelated-replacement-15/boot-qualification-09/artifacts/upgrade-1280/105.png
 create mode 100644 docs/qa-logs/2026-10-06-pixelelated-replacement-15/boot-qualification-09/artifacts/upgrade-1280/106.png
 create mode 100644 docs/qa-logs/2026-10-06-pixelelated-replacement-15/boot-qualification-09/artifacts/upgrade-1280/107.png
 create mode 100644 docs/qa-logs/2026-10-06-pixelelated-replacement-15/boot-qualification-09/artifacts/upgrade-1280/108.png
 create mode 100644 docs/qa-logs/2026-10-06-pixelelated-replacement-15/boot-qualification-09/artifacts/upgrade-1280/109.png
 create mode 100644 docs/qa-logs/2026-10-06-pixelelated-replacement-15/boot-qualification-09/artifacts/upgrade-1280/110.png
 create mode 100644 docs/qa-logs/2026-10-06-pixelelated-replacement-15/boot-qualification-09/artifacts/upgrade-1280/111.png
 create mode 100644 docs/qa-logs/2026-10-06-pixelelated-replacement-15/boot-qualification-09/artifacts/upgrade-1280/112.png
 create mode 100644 docs/qa-logs/2026-10-06-pixelelated-replacement-15/boot-qualification-09/artifacts/upgrade-1280/113.png
 create mode 100644 docs/qa-logs/2026-10-06-pixelelated-replacement-15/boot-qualification-09/artifacts/upgrade-1280/114.png
 create mode 100644 docs/qa-logs/2026-10-06-pixelelated-replacement-15/boot-qualification-09/artifacts/upgrade-1280/115.png
 create mode 100644 docs/qa-logs/2026-10-06-pixelelated-replacement-15/boot-qualification-09/artifacts/upgrade-1280/116.png
 create mode 100644 docs/qa-logs/2026-10-06-pixelelated-replacement-15/boot-qualification-09/artifacts/upgrade-1280/117.png
 create mode 100644 docs/qa-logs/2026-10-06-pixelelated-replacement-15/boot-qualification-09/artifacts/upgrade-1280/118.png
 create mode 100644 docs/qa-logs/2026-10-06-pixelelated-replacement-15/boot-qualification-09/artifacts/upgrade-1280/119.png
 create mode 100644 docs/qa-logs/2026-10-06-pixelelated-replacement-15/boot-qualification-09/artifacts/upgrade-1280/120.png
 create mode 100644 docs/qa-logs/2026-10-06-pixelelated-replacement-15/boot-qualification-09/artifacts/upgrade-1280/121.png
 create mode 100644 docs/qa-logs/2026-10-06-pixelelated-replacement-15/boot-qualification-09/artifacts/upgrade-1280/122.png
 create mode 100644 docs/qa-logs/2026-10-06-pixelelated-replacement-15/boot-qualification-09/artifacts/upgrade-1280/123.png
 create mode 100644 docs/qa-logs/2026-10-06-pixelelated-replacement-15/boot-qualification-09/artifacts/upgrade-1280/124.png
 create mode 100644 docs/qa-logs/2026-10-06-pixelelated-replacement-15/boot-qualification-09/artifacts/upgrade-1280/125.png
 create mode 100644 docs/qa-logs/2026-10-06-pixelelated-replacement-15/boot-qualification-09/artifacts/upgrade-1280/126.png
 create mode 100644 docs/qa-logs/2026-10-06-pixelelated-replacement-15/boot-qualification-09/artifacts/upgrade-1280/127.png
 create mode 100644 docs/qa-logs/2026-10-06-pixelelated-replacement-15/boot-qualification-09/artifacts/upgrade-1280/128.png
 create mode 100644 docs/qa-logs/2026-10-06-pixelelated-replacement-15/boot-qualification-09/artifacts/upgrade-1280/129.png
 create mode 100644 docs/qa-logs/2026-10-06-pixelelated-replacement-15/boot-qualification-09/artifacts/upgrade-1280/130.png
 create mode 100644 docs/qa-logs/2026-10-06-pixelelated-replacement-15/boot-qualification-09/artifacts/upgrade-1280/131.png
 create mode 100644 docs/qa-logs/2026-10-06-pixelelated-replacement-15/boot-qualification-09/artifacts/upgrade-1280/132.png
 create mode 100644 docs/qa-logs/2026-10-06-pixelelated-replacement-15/boot-qualification-09/artifacts/upgrade-1280/133.png
 create mode 100644 docs/qa-logs/2026-10-06-pixelelated-replacement-15/boot-qualification-09/artifacts/upgrade-1280/134.png
 create mode 100644 docs/qa-logs/2026-10-06-pixelelated-replacement-15/boot-qualification-09/artifacts/upgrade-1280/135.png
 create mode 100644 docs/qa-logs/2026-10-06-pixelelated-replacement-15/boot-qualification-09/artifacts/upgrade-1280/136.png
 create mode 100644 docs/qa-logs/2026-10-06-pixelelated-replacement-15/boot-qualification-09/artifacts/upgrade-1280/137.png
 create mode 100644 docs/qa-logs/2026-10-06-pixelelated-replacement-15/boot-qualification-09/artifacts/upgrade-1280/138.png
 create mode 100644 docs/qa-logs/2026-10-06-pixelelated-replacement-15/boot-qualification-09/artifacts/upgrade-1280/139.png
 create mode 100644 docs/qa-logs/2026-10-06-pixelelated-replacement-15/boot-qualification-09/artifacts/upgrade-1280/140.png
 create mode 100644 docs/qa-logs/2026-10-06-pixelelated-replacement-15/boot-qualification-09/artifacts/upgrade-1280/captures.json
 create mode 100644 docs/qa-logs/2026-10-06-pixelelated-replacement-15/boot-qualification-09/artifacts/upgrade-640-cmdline.txt
 create mode 100644 docs/qa-logs/2026-10-06-pixelelated-replacement-15/boot-qualification-09/artifacts/upgrade-640-console.txt
 create mode 100644 docs/qa-logs/2026-10-06-pixelelated-replacement-15/boot-qualification-09/artifacts/upgrade-640-kernel.log
 create mode 100644 docs/qa-logs/2026-10-06-pixelelated-replacement-15/boot-qualification-09/artifacts/upgrade-640-match/blank.png
 create mode 100644 docs/qa-logs/2026-10-06-pixelelated-replacement-15/boot-qualification-09/artifacts/upgrade-640-match/old-logo.png
 create mode 100644 docs/qa-logs/2026-10-06-pixelelated-replacement-15/boot-qualification-09/artifacts/upgrade-640-match/result.json
 create mode 100644 docs/qa-logs/2026-10-06-pixelelated-replacement-15/boot-qualification-09/artifacts/upgrade-640-match/wrong-resolution.png
 create mode 100644 docs/qa-logs/2026-10-06-pixelelated-replacement-15/boot-qualification-09/artifacts/upgrade-640-network-capture.json
 create mode 100644 docs/qa-logs/2026-10-06-pixelelated-replacement-15/boot-qualification-09/artifacts/upgrade-640-network-exercise.json
 create mode 100644 docs/qa-logs/2026-10-06-pixelelated-replacement-15/boot-qualification-09/artifacts/upgrade-640-qemu.json
 create mode 100644 docs/qa-logs/2026-10-06-pixelelated-replacement-15/boot-qualification-09/artifacts/upgrade-640/000.png
 create mode 100644 docs/qa-logs/2026-10-06-pixelelated-replacement-15/boot-qualification-09/artifacts/upgrade-640/001.png
 create mode 100644 docs/qa-logs/2026-10-06-pixelelated-replacement-15/boot-qualification-09/artifacts/upgrade-640/002.png
 create mode 100644 docs/qa-logs/2026-10-06-pixelelated-replacement-15/boot-qualification-09/artifacts/upgrade-640/003.png
 create mode 100644 docs/qa-logs/2026-10-06-pixelelated-replacement-15/boot-qualification-09/artifacts/upgrade-640/004.png
 create mode 100644 docs/qa-logs/2026-10-06-pixelelated-replacement-15/boot-qualification-09/artifacts/upgrade-640/005.png
 create mode 100644 docs/qa-logs/2026-10-06-pixelelated-replacement-15/boot-qualification-09/artifacts/upgrade-640/006.png
 create mode 100644 docs/qa-logs/2026-10-06-pixelelated-replacement-15/boot-qualification-09/artifacts/upgrade-640/007.png
 create mode 100644 docs/qa-logs/2026-10-06-pixelelated-replacement-15/boot-qualification-09/artifacts/upgrade-640/008.png
 create mode 100644 docs/qa-logs/2026-10-06-pixelelated-replacement-15/boot-qualification-09/artifacts/upgrade-640/009.png
 create mode 100644 docs/qa-logs/2026-10-06-pixelelated-replacement-15/boot-qualification-09/artifacts/upgrade-640/010.png
 create mode 100644 docs/qa-logs/2026-10-06-pixelelated-replacement-15/boot-qualification-09/artifacts/upgrade-640/011.png
 create mode 100644 docs/qa-logs/2026-10-06-pixelelated-replacement-15/boot-qualification-09/artifacts/upgrade-640/012.png
 create mode 100644 docs/qa-logs/2026-10-06-pixelelated-replacement-15/boot-qualification-09/artifacts/upgrade-640/013.png
 create mode 100644 docs/qa-logs/2026-10-06-pixelelated-replacement-15/boot-qualification-09/artifacts/upgrade-640/014.png
 create mode 100644 docs/qa-logs/2026-10-06-pixelelated-replacement-15/boot-qualification-09/artifacts/upgrade-640/015.png
 create mode 100644 docs/qa-logs/2026-10-06-pixelelated-replacement-15/boot-qualification-09/artifacts/upgrade-640/016.png
 create mode 100644 docs/qa-logs/2026-10-06-pixelelated-replacement-15/boot-qualification-09/artifacts/upgrade-640/017.png
 create mode 100644 docs/qa-logs/2026-10-06-pixelelated-replacement-15/boot-qualification-09/artifacts/upgrade-640/018.png
 create mode 100644 docs/qa-logs/2026-10-06-pixelelated-replacement-15/boot-qualification-09/artifacts/upgrade-640/019.png
 create mode 100644 docs/qa-logs/2026-10-06-pixelelated-replacement-15/boot-qualification-09/artifacts/upgrade-640/020.png
 create mode 100644 docs/qa-logs/2026-10-06-pixelelated-replacement-15/boot-qualification-09/artifacts/upgrade-640/021.png
 create mode 100644 docs/qa-logs/2026-10-06-pixelelated-replacement-15/boot-qualification-09/artifacts/upgrade-640/022.png
 create mode 100644 docs/qa-logs/2026-10-06-pixelelated-replacement-15/boot-qualification-09/artifacts/upgrade-640/023.png
 create mode 100644 docs/qa-logs/2026-10-06-pixelelated-replacement-15/boot-qualification-09/artifacts/upgrade-640/024.png
 create mode 100644 docs/qa-logs/2026-10-06-pixelelated-replacement-15/boot-qualification-09/artifacts/upgrade-640/025.png
 create mode 100644 docs/qa-logs/2026-10-06-pixelelated-replacement-15/boot-qualification-09/artifacts/upgrade-640/026.png
 create mode 100644 docs/qa-logs/2026-10-06-pixelelated-replacement-15/boot-qualification-09/artifacts/upgrade-640/027.png
 create mode 100644 docs/qa-logs/2026-10-06-pixelelated-replacement-15/boot-qualification-09/artifacts/upgrade-640/028.png
 create mode 100644 docs/qa-logs/2026-10-06-pixelelated-replacement-15/boot-qualification-09/artifacts/upgrade-640/029.png
 create mode 100644 docs/qa-logs/2026-10-06-pixelelated-replacement-15/boot-qualification-09/artifacts/upgrade-640/030.png
 create mode 100644 docs/qa-logs/2026-10-06-pixelelated-replacement-15/boot-qualification-09/artifacts/upgrade-640/031.png
 create mode 100644 docs/qa-logs/2026-10-06-pixelelated-replacement-15/boot-qualification-09/artifacts/upgrade-640/032.png
 create mode 100644 docs/qa-logs/2026-10-06-pixelelated-replacement-15/boot-qualification-09/artifacts/upgrade-640/033.png
 create mode 100644 docs/qa-logs/2026-10-06-pixelelated-replacement-15/boot-qualification-09/artifacts/upgrade-640/034.png
 create mode 100644 docs/qa-logs/2026-10-06-pixelelated-replacement-15/boot-qualification-09/artifacts/upgrade-640/035.png
 create mode 100644 docs/qa-logs/2026-10-06-pixelelated-replacement-15/boot-qualification-09/artifacts/upgrade-640/036.png
 create mode 100644 docs/qa-logs/2026-10-06-pixelelated-replacement-15/boot-qualification-09/artifacts/upgrade-640/037.png
 create mode 100644 docs/qa-logs/2026-10-06-pixelelated-replacement-15/boot-qualification-09/artifacts/upgrade-640/038.png
 create mode 100644 docs/qa-logs/2026-10-06-pixelelated-replacement-15/boot-qualification-09/artifacts/upgrade-640/039.png
 create mode 100644 docs/qa-logs/2026-10-06-pixelelated-replacement-15/boot-qualification-09/artifacts/upgrade-640/040.png
 create mode 100644 docs/qa-logs/2026-10-06-pixelelated-replacement-15/boot-qualification-09/artifacts/upgrade-640/041.png
 create mode 100644 docs/qa-logs/2026-10-06-pixelelated-replacement-15/boot-qualification-09/artifacts/upgrade-640/042.png
 create mode 100644 docs/qa-logs/2026-10-06-pixelelated-replacement-15/boot-qualification-09/artifacts/upgrade-640/043.png
 create mode 100644 docs/qa-logs/2026-10-06-pixelelated-replacement-15/boot-qualification-09/artifacts/upgrade-640/044.png
 create mode 100644 docs/qa-logs/2026-10-06-pixelelated-replacement-15/boot-qualification-09/artifacts/upgrade-640/045.png
 create mode 100644 docs/qa-logs/2026-10-06-pixelelated-replacement-15/boot-qualification-09/artifacts/upgrade-640/046.png
 create mode 100644 docs/qa-logs/2026-10-06-pixelelated-replacement-15/boot-qualification-09/artifacts/upgrade-640/047.png
 create mode 100644 docs/qa-logs/2026-10-06-pixelelated-replacement-15/boot-qualification-09/artifacts/upgrade-640/048.png
 create mode 100644 docs/qa-logs/2026-10-06-pixelelated-replacement-15/boot-qualification-09/artifacts/upgrade-640/049.png
 create mode 100644 docs/qa-logs/2026-10-06-pixelelated-replacement-15/boot-qualification-09/artifacts/upgrade-640/050.png
 create mode 100644 docs/qa-logs/2026-10-06-pixelelated-replacement-15/boot-qualification-09/artifacts/upgrade-640/051.png
 create mode 100644 docs/qa-logs/2026-10-06-pixelelated-replacement-15/boot-qualification-09/artifacts/upgrade-640/052.png
 create mode 100644 docs/qa-logs/2026-10-06-pixelelated-replacement-15/boot-qualification-09/artifacts/upgrade-640/053.png
 create mode 100644 docs/qa-logs/2026-10-06-pixelelated-replacement-15/boot-qualification-09/artifacts/upgrade-640/054.png
 create mode 100644 docs/qa-logs/2026-10-06-pixelelated-replacement-15/boot-qualification-09/artifacts/upgrade-640/055.png
 create mode 100644 docs/qa-logs/2026-10-06-pixelelated-replacement-15/boot-qualification-09/artifacts/upgrade-640/056.png
 create mode 100644 docs/qa-logs/2026-10-06-pixelelated-replacement-15/boot-qualification-09/artifacts/upgrade-640/057.png
 create mode 100644 docs/qa-logs/2026-10-06-pixelelated-replacement-15/boot-qualification-09/artifacts/upgrade-640/058.png
 create mode 100644 docs/qa-logs/2026-10-06-pixelelated-replacement-15/boot-qualification-09/artifacts/upgrade-640/059.png
 create mode 100644 docs/qa-logs/2026-10-06-pixelelated-replacement-15/boot-qualification-09/artifacts/upgrade-640/060.png
 create mode 100644 docs/qa-logs/2026-10-06-pixelelated-replacement-15/boot-qualification-09/artifacts/upgrade-640/061.png
 create mode 100644 docs/qa-logs/2026-10-06-pixelelated-replacement-15/boot-qualification-09/artifacts/upgrade-640/062.png
 create mode 100644 docs/qa-logs/2026-10-06-pixelelated-replacement-15/boot-qualification-09/artifacts/upgrade-640/063.png
 create mode 100644 docs/qa-logs/2026-10-06-pixelelated-replacement-15/boot-qualification-09/artifacts/upgrade-640/064.png
 create mode 100644 docs/qa-logs/2026-10-06-pixelelated-replacement-15/boot-qualification-09/artifacts/upgrade-640/065.png
 create mode 100644 docs/qa-logs/2026-10-06-pixelelated-replacement-15/boot-qualification-09/artifacts/upgrade-640/066.png
 create mode 100644 docs/qa-logs/2026-10-06-pixelelated-replacement-15/boot-qualification-09/artifacts/upgrade-640/067.png
 create mode 100644 docs/qa-logs/2026-10-06-pixelelated-replacement-15/boot-qualification-09/artifacts/upgrade-640/068.png
 create mode 100644 docs/qa-logs/2026-10-06-pixelelated-replacement-15/boot-qualification-09/artifacts/upgrade-640/069.png
 create mode 100644 docs/qa-logs/2026-10-06-pixelelated-replacement-15/boot-qualification-09/artifacts/upgrade-640/070.png
 create mode 100644 docs/qa-logs/2026-10-06-pixelelated-replacement-15/boot-qualification-09/artifacts/upgrade-640/071.png
 create mode 100644 docs/qa-logs/2026-10-06-pixelelated-replacement-15/boot-qualification-09/artifacts/upgrade-640/072.png
 create mode 100644 docs/qa-logs/2026-10-06-pixelelated-replacement-15/boot-qualification-09/artifacts/upgrade-640/073.png
 create mode 100644 docs/qa-logs/2026-10-06-pixelelated-replacement-15/boot-qualification-09/artifacts/upgrade-640/074.png
 create mode 100644 docs/qa-logs/2026-10-06-pixelelated-replacement-15/boot-qualification-09/artifacts/upgrade-640/075.png
 create mode 100644 docs/qa-logs/2026-10-06-pixelelated-replacement-15/boot-qualification-09/artifacts/upgrade-640/076.png
 create mode 100644 docs/qa-logs/2026-10-06-pixelelated-replacement-15/boot-qualification-09/artifacts/upgrade-640/077.png
 create mode 100644 docs/qa-logs/2026-10-06-pixelelated-replacement-15/boot-qualification-09/artifacts/upgrade-640/078.png
 create mode 100644 docs/qa-logs/2026-10-06-pixelelated-replacement-15/boot-qualification-09/artifacts/upgrade-640/079.png
 create mode 100644 docs/qa-logs/2026-10-06-pixelelated-replacement-15/boot-qualification-09/artifacts/upgrade-640/080.png
 create mode 100644 docs/qa-logs/2026-10-06-pixelelated-replacement-15/boot-qualification-09/artifacts/upgrade-640/081.png
 create mode 100644 docs/qa-logs/2026-10-06-pixelelated-replacement-15/boot-qualification-09/artifacts/upgrade-640/082.png
 create mode 100644 docs/qa-logs/2026-10-06-pixelelated-replacement-15/boot-qualification-09/artifacts/upgrade-640/083.png
 create mode 100644 docs/qa-logs/2026-10-06-pixelelated-replacement-15/boot-qualification-09/artifacts/upgrade-640/084.png
 create mode 100644 docs/qa-logs/2026-10-06-pixelelated-replacement-15/boot-qualification-09/artifacts/upgrade-640/085.png
 create mode 100644 docs/qa-logs/2026-10-06-pixelelated-replacement-15/boot-qualification-09/artifacts/upgrade-640/086.png
 create mode 100644 docs/qa-logs/2026-10-06-pixelelated-replacement-15/boot-qualification-09/artifacts/upgrade-640/087.png
 create mode 100644 docs/qa-logs/2026-10-06-pixelelated-replacement-15/boot-qualification-09/artifacts/upgrade-640/088.png
 create mode 100644 docs/qa-logs/2026-10-06-pixelelated-replacement-15/boot-qualification-09/artifacts/upgrade-640/089.png
 create mode 100644 docs/qa-logs/2026-10-06-pixelelated-replacement-15/boot-qualification-09/artifacts/upgrade-640/090.png
 create mode 100644 docs/qa-logs/2026-10-06-pixelelated-replacement-15/boot-qualification-09/artifacts/upgrade-640/091.png
 create mode 100644 docs/qa-logs/2026-10-06-pixelelated-replacement-15/boot-qualification-09/artifacts/upgrade-640/092.png
 create mode 100644 docs/qa-logs/2026-10-06-pixelelated-replacement-15/boot-qualification-09/artifacts/upgrade-640/093.png
 create mode 100644 docs/qa-logs/2026-10-06-pixelelated-replacement-15/boot-qualification-09/artifacts/upgrade-640/094.png
 create mode 100644 docs/qa-logs/2026-10-06-pixelelated-replacement-15/boot-qualification-09/artifacts/upgrade-640/095.png
 create mode 100644 docs/qa-logs/2026-10-06-pixelelated-replacement-15/boot-qualification-09/artifacts/upgrade-640/096.png
 create mode 100644 docs/qa-logs/2026-10-06-pixelelated-replacement-15/boot-qualification-09/artifacts/upgrade-640/097.png
 create mode 100644 docs/qa-logs/2026-10-06-pixelelated-replacement-15/boot-qualification-09/artifacts/upgrade-640/098.png
 create mode 100644 docs/qa-logs/2026-10-06-pixelelated-replacement-15/boot-qualification-09/artifacts/upgrade-640/099.png
 create mode 100644 docs/qa-logs/2026-10-06-pixelelated-replacement-15/boot-qualification-09/artifacts/upgrade-640/100.png
 create mode 100644 docs/qa-logs/2026-10-06-pixelelated-replacement-15/boot-qualification-09/artifacts/upgrade-640/101.png
 create mode 100644 docs/qa-logs/2026-10-06-pixelelated-replacement-15/boot-qualification-09/artifacts/upgrade-640/102.png
 create mode 100644 docs/qa-logs/2026-10-06-pixelelated-replacement-15/boot-qualification-09/artifacts/upgrade-640/103.png
 create mode 100644 docs/qa-logs/2026-10-06-pixelelated-replacement-15/boot-qualification-09/artifacts/upgrade-640/104.png
 create mode 100644 docs/qa-logs/2026-10-06-pixelelated-replacement-15/boot-qualification-09/artifacts/upgrade-640/105.png
 create mode 100644 docs/qa-logs/2026-10-06-pixelelated-replacement-15/boot-qualification-09/artifacts/upgrade-640/106.png
 create mode 100644 docs/qa-logs/2026-10-06-pixelelated-replacement-15/boot-qualification-09/artifacts/upgrade-640/107.png
 create mode 100644 docs/qa-logs/2026-10-06-pixelelated-replacement-15/boot-qualification-09/artifacts/upgrade-640/108.png
 create mode 100644 docs/qa-logs/2026-10-06-pixelelated-replacement-15/boot-qualification-09/artifacts/upgrade-640/109.png
 create mode 100644 docs/qa-logs/2026-10-06-pixelelated-replacement-15/boot-qualification-09/artifacts/upgrade-640/110.png
 create mode 100644 docs/qa-logs/2026-10-06-pixelelated-replacement-15/boot-qualification-09/artifacts/upgrade-640/111.png
 create mode 100644 docs/qa-logs/2026-10-06-pixelelated-replacement-15/boot-qualification-09/artifacts/upgrade-640/112.png
 create mode 100644 docs/qa-logs/2026-10-06-pixelelated-replacement-15/boot-qualification-09/artifacts/upgrade-640/113.png
 create mode 100644 docs/qa-logs/2026-10-06-pixelelated-replacement-15/boot-qualification-09/artifacts/upgrade-640/114.png
 create mode 100644 docs/qa-logs/2026-10-06-pixelelated-replacement-15/boot-qualification-09/artifacts/upgrade-640/115.png
 create mode 100644 docs/qa-logs/2026-10-06-pixelelated-replacement-15/boot-qualification-09/artifacts/upgrade-640/116.png
 create mode 100644 docs/qa-logs/2026-10-06-pixelelated-replacement-15/boot-qualification-09/artifacts/upgrade-640/117.png
 create mode 100644 docs/qa-logs/2026-10-06-pixelelated-replacement-15/boot-qualification-09/artifacts/upgrade-640/118.png
 create mode 100644 docs/qa-logs/2026-10-06-pixelelated-replacement-15/boot-qualification-09/artifacts/upgrade-640/119.png
 create mode 100644 docs/qa-logs/2026-10-06-pixelelated-replacement-15/boot-qualification-09/artifacts/upgrade-640/120.png
 create mode 100644 docs/qa-logs/2026-10-06-pixelelated-replacement-15/boot-qualification-09/artifacts/upgrade-640/121.png
 create mode 100644 docs/qa-logs/2026-10-06-pixelelated-replacement-15/boot-qualification-09/artifacts/upgrade-640/122.png
 create mode 100644 docs/qa-logs/2026-10-06-pixelelated-replacement-15/boot-qualification-09/artifacts/upgrade-640/123.png
 create mode 100644 docs/qa-logs/2026-10-06-pixelelated-replacement-15/boot-qualification-09/artifacts/upgrade-640/124.png
 create mode 100644 docs/qa-logs/2026-10-06-pixelelated-replacement-15/boot-qualification-09/artifacts/upgrade-640/125.png
 create mode 100644 docs/qa-logs/2026-10-06-pixelelated-replacement-15/boot-qualification-09/artifacts/upgrade-640/126.png
 create mode 100644 docs/qa-logs/2026-10-06-pixelelated-replacement-15/boot-qualification-09/artifacts/upgrade-640/127.png
 create mode 100644 docs/qa-logs/2026-10-06-pixelelated-replacement-15/boot-qualification-09/artifacts/upgrade-640/128.png
 create mode 100644 docs/qa-logs/2026-10-06-pixelelated-replacement-15/boot-qualification-09/artifacts/upgrade-640/129.png
 create mode 100644 docs/qa-logs/2026-10-06-pixelelated-replacement-15/boot-qualification-09/artifacts/upgrade-640/130.png
 create mode 100644 docs/qa-logs/2026-10-06-pixelelated-replacement-15/boot-qualification-09/artifacts/upgrade-640/131.png
 create mode 100644 docs/qa-logs/2026-10-06-pixelelated-replacement-15/boot-qualification-09/artifacts/upgrade-640/132.png
 create mode 100644 docs/qa-logs/2026-10-06-pixelelated-replacement-15/boot-qualification-09/artifacts/upgrade-640/133.png
 create mode 100644 docs/qa-logs/2026-10-06-pixelelated-replacement-15/boot-qualification-09/artifacts/upgrade-640/134.png
 create mode 100644 docs/qa-logs/2026-10-06-pixelelated-replacement-15/boot-qualification-09/artifacts/upgrade-640/135.png
 create mode 100644 docs/qa-logs/2026-10-06-pixelelated-replacement-15/boot-qualification-09/artifacts/upgrade-640/136.png
 create mode 100644 docs/qa-logs/2026-10-06-pixelelated-replacement-15/boot-qualification-09/artifacts/upgrade-640/137.png
 create mode 100644 docs/qa-logs/2026-10-06-pixelelated-replacement-15/boot-qualification-09/artifacts/upgrade-640/138.png
 create mode 100644 docs/qa-logs/2026-10-06-pixelelated-replacement-15/boot-qualification-09/artifacts/upgrade-640/139.png
 create mode 100644 docs/qa-logs/2026-10-06-pixelelated-replacement-15/boot-qualification-09/artifacts/upgrade-640/140.png
 create mode 100644 docs/qa-logs/2026-10-06-pixelelated-replacement-15/boot-qualification-09/artifacts/upgrade-640/141.png
 create mode 100644 docs/qa-logs/2026-10-06-pixelelated-replacement-15/boot-qualification-09/artifacts/upgrade-640/142.png
 create mode 100644 docs/qa-logs/2026-10-06-pixelelated-replacement-15/boot-qualification-09/artifacts/upgrade-640/143.png
 create mode 100644 docs/qa-logs/2026-10-06-pixelelated-replacement-15/boot-qualification-09/artifacts/upgrade-640/144.png
 create mode 100644 docs/qa-logs/2026-10-06-pixelelated-replacement-15/boot-qualification-09/artifacts/upgrade-640/145.png
 create mode 100644 docs/qa-logs/2026-10-06-pixelelated-replacement-15/boot-qualification-09/artifacts/upgrade-640/146.png
 create mode 100644 docs/qa-logs/2026-10-06-pixelelated-replacement-15/boot-qualification-09/artifacts/upgrade-640/147.png
 create mode 100644 docs/qa-logs/2026-10-06-pixelelated-replacement-15/boot-qualification-09/artifacts/upgrade-640/148.png
 create mode 100644 docs/qa-logs/2026-10-06-pixelelated-replacement-15/boot-qualification-09/artifacts/upgrade-640/149.png
 create mode 100644 docs/qa-logs/2026-10-06-pixelelated-replacement-15/boot-qualification-09/artifacts/upgrade-640/150.png
 create mode 100644 docs/qa-logs/2026-10-06-pixelelated-replacement-15/boot-qualification-09/artifacts/upgrade-640/151.png
 create mode 100644 docs/qa-logs/2026-10-06-pixelelated-replacement-15/boot-qualification-09/artifacts/upgrade-640/captures.json
 create mode 100644 docs/qa-logs/2026-10-06-pixelelated-replacement-15/boot-qualification-09/blank.json
 create mode 100644 docs/qa-logs/2026-10-06-pixelelated-replacement-15/boot-qualification-09/blank.log
 create mode 100644 docs/qa-logs/2026-10-06-pixelelated-replacement-15/boot-qualification-09/capture-boot.py
 create mode 100755 docs/qa-logs/2026-10-06-pixelelated-replacement-15/boot-qualification-09/capture-qemu
 create mode 100644 docs/qa-logs/2026-10-06-pixelelated-replacement-15/boot-qualification-09/classify-guest-pcap.py
 create mode 100644 docs/qa-logs/2026-10-06-pixelelated-replacement-15/boot-qualification-09/clean-1280.ovmf-vars.fd
 create mode 100644 docs/qa-logs/2026-10-06-pixelelated-replacement-15/boot-qualification-09/clean-640.ovmf-vars.fd
 create mode 100644 docs/qa-logs/2026-10-06-pixelelated-replacement-15/boot-qualification-09/console.log
 create mode 100644 docs/qa-logs/2026-10-06-pixelelated-replacement-15/boot-qualification-09/guest-cleanup-verification.json
 create mode 100644 docs/qa-logs/2026-10-06-pixelelated-replacement-15/boot-qualification-09/guest.pid
 create mode 100644 docs/qa-logs/2026-10-06-pixelelated-replacement-15/boot-qualification-09/harness.sha256
 create mode 100644 docs/qa-logs/2026-10-06-pixelelated-replacement-15/boot-qualification-09/injected-web.json
 create mode 100644 docs/qa-logs/2026-10-06-pixelelated-replacement-15/boot-qualification-09/injected-web.log
 create mode 100644 docs/qa-logs/2026-10-06-pixelelated-replacement-15/boot-qualification-09/inner.rc
 create mode 100644 docs/qa-logs/2026-10-06-pixelelated-replacement-15/boot-qualification-09/launcher-pid.json
 create mode 100644 docs/qa-logs/2026-10-06-pixelelated-replacement-15/boot-qualification-09/launcher-result.json
 create mode 100644 docs/qa-logs/2026-10-06-pixelelated-replacement-15/boot-qualification-09/launcher-start.json
 create mode 100644 docs/qa-logs/2026-10-06-pixelelated-replacement-15/boot-qualification-09/launcher-submission.json
 create mode 100644 docs/qa-logs/2026-10-06-pixelelated-replacement-15/boot-qualification-09/match-splash.py
 create mode 100644 docs/qa-logs/2026-10-06-pixelelated-replacement-15/boot-qualification-09/network-inputs.json
 create mode 100644 docs/qa-logs/2026-10-06-pixelelated-replacement-15/boot-qualification-09/old-logo.png
 create mode 100644 docs/qa-logs/2026-10-06-pixelelated-replacement-15/boot-qualification-09/outer.rc
 create mode 100755 docs/qa-logs/2026-10-06-pixelelated-replacement-15/boot-qualification-09/outer.sh
 create mode 100644 docs/qa-logs/2026-10-06-pixelelated-replacement-15/boot-qualification-09/owner-verification.json
 create mode 100644 docs/qa-logs/2026-10-06-pixelelated-replacement-15/boot-qualification-09/positive.json
 create mode 100644 docs/qa-logs/2026-10-06-pixelelated-replacement-15/boot-qualification-09/positive.log
 create mode 100644 docs/qa-logs/2026-10-06-pixelelated-replacement-15/boot-qualification-09/provenance.json
 create mode 100644 docs/qa-logs/2026-10-06-pixelelated-replacement-15/boot-qualification-09/qa.start
 create mode 100644 docs/qa-logs/2026-10-06-pixelelated-replacement-15/boot-qualification-09/qualify-boot.py
 create mode 100644 docs/qa-logs/2026-10-06-pixelelated-replacement-15/boot-qualification-09/reference-1280.png
 create mode 100644 docs/qa-logs/2026-10-06-pixelelated-replacement-15/boot-qualification-09/reference-640.png
 create mode 100644 docs/qa-logs/2026-10-06-pixelelated-replacement-15/boot-qualification-09/results.json
 create mode 100644 docs/qa-logs/2026-10-06-pixelelated-replacement-15/boot-qualification-09/retention.json
 create mode 100644 docs/qa-logs/2026-10-06-pixelelated-replacement-15/boot-qualification-09/run.path
 create mode 100755 docs/qa-logs/2026-10-06-pixelelated-replacement-15/boot-qualification-09/run.sh
 create mode 100644 docs/qa-logs/2026-10-06-pixelelated-replacement-15/boot-qualification-09/sha256.json
 create mode 100644 docs/qa-logs/2026-10-06-pixelelated-replacement-15/boot-qualification-09/stop-guest.py
 create mode 100644 docs/qa-logs/2026-10-06-pixelelated-replacement-15/boot-qualification-09/tool-wrapper.rc
 create mode 100644 docs/qa-logs/2026-10-06-pixelelated-replacement-15/boot-qualification-09/updater-network-proof.py
 create mode 100644 docs/qa-logs/2026-10-06-pixelelated-replacement-15/boot-qualification-09/upgrade-1280.ovmf-vars.fd
 create mode 100644 docs/qa-logs/2026-10-06-pixelelated-replacement-15/boot-qualification-09/upgrade-640.ovmf-vars.fd
 create mode 100644 docs/qa-logs/2026-10-06-pixelelated-replacement-15/boot-qualification-09/verify-inputs.py
 create mode 100644 docs/qa-logs/2026-10-06-pixelelated-replacement-15/boot-qualification-09/verify-renderer.py
 create mode 100755 docs/qa-logs/2026-10-06-pixelelated-replacement-15/boot-qualification-09/watch-build-submit.py
 create mode 100644 docs/qa-logs/2026-10-06-pixelelated-replacement-15/boot-qualification-09/watcher/build.log
 create mode 100644 docs/qa-logs/2026-10-06-pixelelated-replacement-15/boot-qualification-09/watcher/build.pid
 create mode 100644 docs/qa-logs/2026-10-06-pixelelated-replacement-15/boot-qualification-09/watcher/build.rc
 create mode 100644 docs/qa-logs/2026-10-06-pixelelated-replacement-15/boot-qualification-09/watcher/build.status
 create mode 100644 docs/qa-logs/2026-10-06-pixelelated-replacement-15/boot-qualification-09/watcher/command.pid
 create mode 100644 docs/qa-logs/2026-10-06-pixelelated-replacement-15/boot-qualification-09/watcher/watcher.pid
 create mode 100644 docs/qa-logs/2026-10-06-pixelelated-replacement-15/boot09-frame-review/frames/clean-1280.png
 create mode 100644 docs/qa-logs/2026-10-06-pixelelated-replacement-15/boot09-frame-review/frames/clean-640.png
 create mode 100644 docs/qa-logs/2026-10-06-pixelelated-replacement-15/boot09-frame-review/frames/upgrade-1280.png
 create mode 100644 docs/qa-logs/2026-10-06-pixelelated-replacement-15/boot09-frame-review/frames/upgrade-640.png
 create mode 100644 docs/qa-logs/2026-10-06-pixelelated-replacement-15/boot09-frame-review/review.json
 create mode 100644 docs/qa-logs/2026-10-06-pixelelated-replacement-15/boot09-frame-review/sha256.json
 create mode 100644 docs/qa-logs/2026-10-06-pixelelated-replacement-15/boot09-status-01/471-after.json
 create mode 100644 docs/qa-logs/2026-10-06-pixelelated-replacement-15/boot09-status-01/471-before.json
 create mode 100644 docs/qa-logs/2026-10-06-pixelelated-replacement-15/boot09-status-01/471-patch.json
 create mode 100644 docs/qa-logs/2026-10-06-pixelelated-replacement-15/boot09-status-01/475-after.json
 create mode 100644 docs/qa-logs/2026-10-06-pixelelated-replacement-15/boot09-status-01/475-before.json
 create mode 100644 docs/qa-logs/2026-10-06-pixelelated-replacement-15/boot09-status-01/475-patch.json
 create mode 100644 docs/qa-logs/2026-10-06-pixelelated-replacement-15/boot09-status-01/M7-after.json
 create mode 100644 docs/qa-logs/2026-10-06-pixelelated-replacement-15/boot09-status-01/M7-before.json
 create mode 100644 docs/qa-logs/2026-10-06-pixelelated-replacement-15/boot09-status-01/M7-patch.json
 create mode 100644 docs/qa-logs/2026-10-06-pixelelated-replacement-15/boot09-status-01/sha256.json
 create mode 100644 docs/qa-logs/2026-10-06-pixelelated-replacement-15/library02-acceptance-01/474-closed.json
 create mode 100644 docs/qa-logs/2026-10-06-pixelelated-replacement-15/library02-acceptance-01/closure-comment.md
 create mode 100644 docs/qa-logs/2026-10-06-pixelelated-replacement-15/p4-bucket-retry-01/artifacts/parent-and-copy-failure/01-cloud_backup.json
 create mode 100644 docs/qa-logs/2026-10-06-pixelelated-replacement-15/p4-bucket-retry-01/artifacts/parent-and-copy-failure/01-cloud_backup.log
 create mode 100644 docs/qa-logs/2026-10-06-pixelelated-replacement-15/p4-bucket-retry-01/artifacts/parent-and-copy-failure/cloud/ROCKNIX/Saves/gb/CloudOnly.srm
 create mode 100644 docs/qa-logs/2026-10-06-pixelelated-replacement-15/p4-bucket-retry-01/artifacts/parent-and-copy-failure/cloud/ROCKNIX/Saves/gb/Local.srm
 create mode 100644 docs/qa-logs/2026-10-06-pixelelated-replacement-15/p4-bucket-retry-01/artifacts/parent-and-copy-failure/ctl/argv
 create mode 100644 docs/qa-logs/2026-10-06-pixelelated-replacement-15/p4-bucket-retry-01/artifacts/parent-and-copy-failure/ctl/bucket
 create mode 100644 docs/qa-logs/2026-10-06-pixelelated-replacement-15/p4-bucket-retry-01/artifacts/parent-and-copy-failure/ctl/fault-fired
 create mode 100644 docs/qa-logs/2026-10-06-pixelelated-replacement-15/p4-bucket-retry-01/artifacts/parent-and-copy-failure/ctl/faults
 create mode 100644 docs/qa-logs/2026-10-06-pixelelated-replacement-15/p4-bucket-retry-01/artifacts/parent-and-copy-failure/log/cloud_sync.log
 create mode 100644 docs/qa-logs/2026-10-06-pixelelated-replacement-15/p4-bucket-retry-01/artifacts/parent-and-copy-failure/profile
 create mode 100755 docs/qa-logs/2026-10-06-pixelelated-replacement-15/p4-bucket-retry-01/artifacts/parent-and-copy-failure/repo/backuptool
 create mode 100755 docs/qa-logs/2026-10-06-pixelelated-replacement-15/p4-bucket-retry-01/artifacts/parent-and-copy-failure/repo/cloud_backup
 create mode 100755 docs/qa-logs/2026-10-06-pixelelated-replacement-15/p4-bucket-retry-01/artifacts/parent-and-copy-failure/repo/cloud_capture
 create mode 100755 docs/qa-logs/2026-10-06-pixelelated-replacement-15/p4-bucket-retry-01/artifacts/parent-and-copy-failure/repo/cloud_content_backup
 create mode 100755 docs/qa-logs/2026-10-06-pixelelated-replacement-15/p4-bucket-retry-01/artifacts/parent-and-copy-failure/repo/cloud_content_restore
 create mode 100755 docs/qa-logs/2026-10-06-pixelelated-replacement-15/p4-bucket-retry-01/artifacts/parent-and-copy-failure/repo/cloud_content_transfer
 create mode 100755 docs/qa-logs/2026-10-06-pixelelated-replacement-15/p4-bucket-retry-01/artifacts/parent-and-copy-failure/repo/cloud_device_id
 create mode 100755 docs/qa-logs/2026-10-06-pixelelated-replacement-15/p4-bucket-retry-01/artifacts/parent-and-copy-failure/repo/cloud_log_scrub
 create mode 100755 docs/qa-logs/2026-10-06-pixelelated-replacement-15/p4-bucket-retry-01/artifacts/parent-and-copy-failure/repo/cloud_migrate_layout
 create mode 100755 docs/qa-logs/2026-10-06-pixelelated-replacement-15/p4-bucket-retry-01/artifacts/parent-and-copy-failure/repo/cloud_net_ready
 create mode 100755 docs/qa-logs/2026-10-06-pixelelated-replacement-15/p4-bucket-retry-01/artifacts/parent-and-copy-failure/repo/cloud_oauth
 create mode 100755 docs/qa-logs/2026-10-06-pixelelated-replacement-15/p4-bucket-retry-01/artifacts/parent-and-copy-failure/repo/cloud_remote
 create mode 100755 docs/qa-logs/2026-10-06-pixelelated-replacement-15/p4-bucket-retry-01/artifacts/parent-and-copy-failure/repo/cloud_restore
 create mode 100755 docs/qa-logs/2026-10-06-pixelelated-replacement-15/p4-bucket-retry-01/artifacts/parent-and-copy-failure/repo/cloud_saves_root
 create mode 100755 docs/qa-logs/2026-10-06-pixelelated-replacement-15/p4-bucket-retry-01/artifacts/parent-and-copy-failure/repo/cloud_scan
 create mode 100755 docs/qa-logs/2026-10-06-pixelelated-replacement-15/p4-bucket-retry-01/artifacts/parent-and-copy-failure/repo/cloud_setup
 create mode 100755 docs/qa-logs/2026-10-06-pixelelated-replacement-15/p4-bucket-retry-01/artifacts/parent-and-copy-failure/repo/cloud_sync-rules.txt
 create mode 100755 docs/qa-logs/2026-10-06-pixelelated-replacement-15/p4-bucket-retry-01/artifacts/parent-and-copy-failure/repo/cloud_sync-rules.txt.defaults
 create mode 100755 docs/qa-logs/2026-10-06-pixelelated-replacement-15/p4-bucket-retry-01/artifacts/parent-and-copy-failure/repo/cloud_sync.conf
 create mode 100755 docs/qa-logs/2026-10-06-pixelelated-replacement-15/p4-bucket-retry-01/artifacts/parent-and-copy-failure/repo/cloud_sync.conf.defaults
 create mode 100755 docs/qa-logs/2026-10-06-pixelelated-replacement-15/p4-bucket-retry-01/artifacts/parent-and-copy-failure/repo/cloud_sync_cleanup_duplicates.sh
 create mode 100755 docs/qa-logs/2026-10-06-pixelelated-replacement-15/p4-bucket-retry-01/artifacts/parent-and-copy-failure/repo/cloud_sync_helper
 create mode 100755 docs/qa-logs/2026-10-06-pixelelated-replacement-15/p4-bucket-retry-01/artifacts/parent-and-copy-failure/repo/rasteratops-settings-archive
 create mode 100644 docs/qa-logs/2026-10-06-pixelelated-replacement-15/p4-bucket-retry-01/artifacts/parent-and-copy-failure/run/cloud_sync.lock
 create mode 100755 docs/qa-logs/2026-10-06-pixelelated-replacement-15/p4-bucket-retry-01/artifacts/parent-and-copy-failure/shim/ip
 create mode 100755 docs/qa-logs/2026-10-06-pixelelated-replacement-15/p4-bucket-retry-01/artifacts/parent-and-copy-failure/shim/logger
 create mode 100755 docs/qa-logs/2026-10-06-pixelelated-replacement-15/p4-bucket-retry-01/artifacts/parent-and-copy-failure/shim/ping
 create mode 100755 docs/qa-logs/2026-10-06-pixelelated-replacement-15/p4-bucket-retry-01/artifacts/parent-and-copy-failure/shim/rclone
 create mode 100755 docs/qa-logs/2026-10-06-pixelelated-replacement-15/p4-bucket-retry-01/artifacts/parent-and-copy-failure/shim/systemctl
 create mode 100755 docs/qa-logs/2026-10-06-pixelelated-replacement-15/p4-bucket-retry-01/artifacts/parent-and-copy-failure/shim/systemd-tmpfiles
 create mode 100644 docs/qa-logs/2026-10-06-pixelelated-replacement-15/p4-bucket-retry-01/artifacts/parent-and-copy-failure/storage/.cache/cloud_sync/last-backup
 create mode 100644 docs/qa-logs/2026-10-06-pixelelated-replacement-15/p4-bucket-retry-01/artifacts/parent-and-copy-failure/storage/.cache/cloud_sync/saves-root
 create mode 100644 docs/qa-logs/2026-10-06-pixelelated-replacement-15/p4-bucket-retry-01/artifacts/parent-and-copy-failure/storage/.config/cloud_sync-rules.txt
 create mode 100644 docs/qa-logs/2026-10-06-pixelelated-replacement-15/p4-bucket-retry-01/artifacts/parent-and-copy-failure/storage/.config/cloud_sync.conf
 create mode 100644 docs/qa-logs/2026-10-06-pixelelated-replacement-15/p4-bucket-retry-01/artifacts/parent-and-copy-failure/storage/.config/rclone/rclone.conf
 create mode 100644 docs/qa-logs/2026-10-06-pixelelated-replacement-15/p4-bucket-retry-01/artifacts/parent-and-copy-failure/storage/roms/gb/Local.srm
 create mode 100644 docs/qa-logs/2026-10-06-pixelelated-replacement-15/p4-bucket-retry-01/artifacts/parent-only-fallback/01-cloud_backup.json
 create mode 100644 docs/qa-logs/2026-10-06-pixelelated-replacement-15/p4-bucket-retry-01/artifacts/parent-only-fallback/01-cloud_backup.log
 create mode 100644 docs/qa-logs/2026-10-06-pixelelated-replacement-15/p4-bucket-retry-01/artifacts/parent-only-fallback/02-cloud_backup.json
 create mode 100644 docs/qa-logs/2026-10-06-pixelelated-replacement-15/p4-bucket-retry-01/artifacts/parent-only-fallback/02-cloud_backup.log
 create mode 100644 docs/qa-logs/2026-10-06-pixelelated-replacement-15/p4-bucket-retry-01/artifacts/parent-only-fallback/cloud/ROCKNIX/Saves/gb/After.srm
 create mode 100644 docs/qa-logs/2026-10-06-pixelelated-replacement-15/p4-bucket-retry-01/artifacts/parent-only-fallback/cloud/ROCKNIX/Saves/gb/CloudOnly.srm
 create mode 100644 docs/qa-logs/2026-10-06-pixelelated-replacement-15/p4-bucket-retry-01/artifacts/parent-only-fallback/cloud/ROCKNIX/Saves/gb/Local.srm
 create mode 100644 docs/qa-logs/2026-10-06-pixelelated-replacement-15/p4-bucket-retry-01/artifacts/parent-only-fallback/ctl/argv
 create mode 100644 docs/qa-logs/2026-10-06-pixelelated-replacement-15/p4-bucket-retry-01/artifacts/parent-only-fallback/ctl/bucket
 create mode 100644 docs/qa-logs/2026-10-06-pixelelated-replacement-15/p4-bucket-retry-01/artifacts/parent-only-fallback/ctl/fault-fired
 create mode 100644 docs/qa-logs/2026-10-06-pixelelated-replacement-15/p4-bucket-retry-01/artifacts/parent-only-fallback/log/cloud_sync.log
 create mode 100644 docs/qa-logs/2026-10-06-pixelelated-replacement-15/p4-bucket-retry-01/artifacts/parent-only-fallback/profile
 create mode 100755 docs/qa-logs/2026-10-06-pixelelated-replacement-15/p4-bucket-retry-01/artifacts/parent-only-fallback/repo/backuptool
 create mode 100755 docs/qa-logs/2026-10-06-pixelelated-replacement-15/p4-bucket-retry-01/artifacts/parent-only-fallback/repo/cloud_backup
 create mode 100755 docs/qa-logs/2026-10-06-pixelelated-replacement-15/p4-bucket-retry-01/artifacts/parent-only-fallback/repo/cloud_capture
 create mode 100755 docs/qa-logs/2026-10-06-pixelelated-replacement-15/p4-bucket-retry-01/artifacts/parent-only-fallback/repo/cloud_content_backup
 create mode 100755 docs/qa-logs/2026-10-06-pixelelated-replacement-15/p4-bucket-retry-01/artifacts/parent-only-fallback/repo/cloud_content_restore
 create mode 100755 docs/qa-logs/2026-10-06-pixelelated-replacement-15/p4-bucket-retry-01/artifacts/parent-only-fallback/repo/cloud_content_transfer
 create mode 100755 docs/qa-logs/2026-10-06-pixelelated-replacement-15/p4-bucket-retry-01/artifacts/parent-only-fallback/repo/cloud_device_id
 create mode 100755 docs/qa-logs/2026-10-06-pixelelated-replacement-15/p4-bucket-retry-01/artifacts/parent-only-fallback/repo/cloud_log_scrub
 create mode 100755 docs/qa-logs/2026-10-06-pixelelated-replacement-15/p4-bucket-retry-01/artifacts/parent-only-fallback/repo/cloud_migrate_layout
 create mode 100755 docs/qa-logs/2026-10-06-pixelelated-replacement-15/p4-bucket-retry-01/artifacts/parent-only-fallback/repo/cloud_net_ready
 create mode 100755 docs/qa-logs/2026-10-06-pixelelated-replacement-15/p4-bucket-retry-01/artifacts/parent-only-fallback/repo/cloud_oauth
 create mode 100755 docs/qa-logs/2026-10-06-pixelelated-replacement-15/p4-bucket-retry-01/artifacts/parent-only-fallback/repo/cloud_remote
 create mode 100755 docs/qa-logs/2026-10-06-pixelelated-replacement-15/p4-bucket-retry-01/artifacts/parent-only-fallback/repo/cloud_restore
 create mode 100755 docs/qa-logs/2026-10-06-pixelelated-replacement-15/p4-bucket-retry-01/artifacts/parent-only-fallback/repo/cloud_saves_root
 create mode 100755 docs/qa-logs/2026-10-06-pixelelated-replacement-15/p4-bucket-retry-01/artifacts/parent-only-fallback/repo/cloud_scan
 create mode 100755 docs/qa-logs/2026-10-06-pixelelated-replacement-15/p4-bucket-retry-01/artifacts/parent-only-fallback/repo/cloud_setup
 create mode 100755 docs/qa-logs/2026-10-06-pixelelated-replacement-15/p4-bucket-retry-01/artifacts/parent-only-fallback/repo/cloud_sync-rules.txt
 create mode 100755 docs/qa-logs/2026-10-06-pixelelated-replacement-15/p4-bucket-retry-01/artifacts/parent-only-fallback/repo/cloud_sync-rules.txt.defaults
 create mode 100755 docs/qa-logs/2026-10-06-pixelelated-replacement-15/p4-bucket-retry-01/artifacts/parent-only-fallback/repo/cloud_sync.conf
 create mode 100755 docs/qa-logs/2026-10-06-pixelelated-replacement-15/p4-bucket-retry-01/artifacts/parent-only-fallback/repo/cloud_sync.conf.defaults
 create mode 100755 docs/qa-logs/2026-10-06-pixelelated-replacement-15/p4-bucket-retry-01/artifacts/parent-only-fallback/repo/cloud_sync_cleanup_duplicates.sh
 create mode 100755 docs/qa-logs/2026-10-06-pixelelated-replacement-15/p4-bucket-retry-01/artifacts/parent-only-fallback/repo/cloud_sync_helper
 create mode 100755 docs/qa-logs/2026-10-06-pixelelated-replacement-15/p4-bucket-retry-01/artifacts/parent-only-fallback/repo/rasteratops-settings-archive
 create mode 100644 docs/qa-logs/2026-10-06-pixelelated-replacement-15/p4-bucket-retry-01/artifacts/parent-only-fallback/run/cloud_sync.lock
 create mode 100755 docs/qa-logs/2026-10-06-pixelelated-replacement-15/p4-bucket-retry-01/artifacts/parent-only-fallback/shim/ip
 create mode 100755 docs/qa-logs/2026-10-06-pixelelated-replacement-15/p4-bucket-retry-01/artifacts/parent-only-fallback/shim/logger
 create mode 100755 docs/qa-logs/2026-10-06-pixelelated-replacement-15/p4-bucket-retry-01/artifacts/parent-only-fallback/shim/ping
 create mode 100755 docs/qa-logs/2026-10-06-pixelelated-replacement-15/p4-bucket-retry-01/artifacts/parent-only-fallback/shim/rclone
 create mode 100755 docs/qa-logs/2026-10-06-pixelelated-replacement-15/p4-bucket-retry-01/artifacts/parent-only-fallback/shim/systemctl
 create mode 100755 docs/qa-logs/2026-10-06-pixelelated-replacement-15/p4-bucket-retry-01/artifacts/parent-only-fallback/shim/systemd-tmpfiles
 create mode 100644 docs/qa-logs/2026-10-06-pixelelated-replacement-15/p4-bucket-retry-01/artifacts/parent-only-fallback/storage/.cache/cloud_sync/last-backup
 create mode 100644 docs/qa-logs/2026-10-06-pixelelated-replacement-15/p4-bucket-retry-01/artifacts/parent-only-fallback/storage/.cache/cloud_sync/saves-root
 create mode 100644 docs/qa-logs/2026-10-06-pixelelated-replacement-15/p4-bucket-retry-01/artifacts/parent-only-fallback/storage/.config/cloud_sync-rules.txt
 create mode 100644 docs/qa-logs/2026-10-06-pixelelated-replacement-15/p4-bucket-retry-01/artifacts/parent-only-fallback/storage/.config/cloud_sync.conf
 create mode 100644 docs/qa-logs/2026-10-06-pixelelated-replacement-15/p4-bucket-retry-01/artifacts/parent-only-fallback/storage/.config/rclone/rclone.conf
 create mode 100644 docs/qa-logs/2026-10-06-pixelelated-replacement-15/p4-bucket-retry-01/artifacts/parent-only-fallback/storage/roms/gb/After.srm
 create mode 100644 docs/qa-logs/2026-10-06-pixelelated-replacement-15/p4-bucket-retry-01/artifacts/parent-only-fallback/storage/roms/gb/Local.srm
 create mode 100644 docs/qa-logs/2026-10-06-pixelelated-replacement-15/p4-bucket-retry-01/artifacts/results.json
 create mode 100644 docs/qa-logs/2026-10-06-pixelelated-replacement-15/p4-bucket-retry-01/console.log
 create mode 100644 docs/qa-logs/2026-10-06-pixelelated-replacement-15/p4-bucket-retry-01/guest-cleanup-verification.json
 create mode 100644 docs/qa-logs/2026-10-06-pixelelated-replacement-15/p4-bucket-retry-01/inner.rc
 create mode 100644 docs/qa-logs/2026-10-06-pixelelated-replacement-15/p4-bucket-retry-01/launcher-pid.json
 create mode 100644 docs/qa-logs/2026-10-06-pixelelated-replacement-15/p4-bucket-retry-01/launcher-result.json
 create mode 100644 docs/qa-logs/2026-10-06-pixelelated-replacement-15/p4-bucket-retry-01/launcher-start.json
 create mode 100644 docs/qa-logs/2026-10-06-pixelelated-replacement-15/p4-bucket-retry-01/launcher-submission.json
 create mode 100644 docs/qa-logs/2026-10-06-pixelelated-replacement-15/p4-bucket-retry-01/outer.rc
 create mode 100644 docs/qa-logs/2026-10-06-pixelelated-replacement-15/p4-bucket-retry-01/owner-verification.json
 create mode 100644 docs/qa-logs/2026-10-06-pixelelated-replacement-15/p4-bucket-retry-01/proof.py
 create mode 100644 docs/qa-logs/2026-10-06-pixelelated-replacement-15/p4-bucket-retry-01/qa.start
 create mode 100644 docs/qa-logs/2026-10-06-pixelelated-replacement-15/p4-bucket-retry-01/retention.json
 create mode 100644 docs/qa-logs/2026-10-06-pixelelated-replacement-15/p4-bucket-retry-01/run.path
 create mode 100644 docs/qa-logs/2026-10-06-pixelelated-replacement-15/p4-bucket-retry-01/run.py
 create mode 100644 docs/qa-logs/2026-10-06-pixelelated-replacement-15/p4-bucket-retry-01/seal.json
 create mode 100644 docs/qa-logs/2026-10-06-pixelelated-replacement-15/p4-bucket-retry-01/sha256.json
 create mode 100644 docs/qa-logs/2026-10-06-pixelelated-replacement-15/p4-bucket-retry-01/tool-wrapper.rc
 create mode 100644 docs/qa-logs/2026-10-06-pixelelated-replacement-15/p4-bucket-retry-01/verify-inputs.py
 create mode 100755 docs/qa-logs/2026-10-06-pixelelated-replacement-15/p4-bucket-retry-01/watch-build-submit.py
 create mode 100644 docs/qa-logs/2026-10-06-pixelelated-replacement-15/p4-bucket-retry-01/watcher/build.log
 create mode 100644 docs/qa-logs/2026-10-06-pixelelated-replacement-15/p4-bucket-retry-01/watcher/build.pid
 create mode 100644 docs/qa-logs/2026-10-06-pixelelated-replacement-15/p4-bucket-retry-01/watcher/build.rc
 create mode 100644 docs/qa-logs/2026-10-06-pixelelated-replacement-15/p4-bucket-retry-01/watcher/build.status
 create mode 100644 docs/qa-logs/2026-10-06-pixelelated-replacement-15/p4-bucket-retry-01/watcher/command.pid
 create mode 100644 docs/qa-logs/2026-10-06-pixelelated-replacement-15/p4-bucket-retry-01/watcher/watcher.pid
 create mode 100644 docs/qa-logs/2026-10-06-pixelelated-replacement-15/p4-bucket-retry-02/artifacts/parent-and-copy-failure/01-cloud_backup.json
 create mode 100644 docs/qa-logs/2026-10-06-pixelelated-replacement-15/p4-bucket-retry-02/artifacts/parent-and-copy-failure/01-cloud_backup.log
 create mode 100644 docs/qa-logs/2026-10-06-pixelelated-replacement-15/p4-bucket-retry-02/artifacts/parent-and-copy-failure/02-cloud_backup.json
 create mode 100644 docs/qa-logs/2026-10-06-pixelelated-replacement-15/p4-bucket-retry-02/artifacts/parent-and-copy-failure/02-cloud_backup.log
 create mode 100644 docs/qa-logs/2026-10-06-pixelelated-replacement-15/p4-bucket-retry-02/artifacts/parent-and-copy-failure/cloud/ROCKNIX/Saves/gb/After.srm
 create mode 100644 docs/qa-logs/2026-10-06-pixelelated-replacement-15/p4-bucket-retry-02/artifacts/parent-and-copy-failure/cloud/ROCKNIX/Saves/gb/CloudOnly.srm
 create mode 100644 docs/qa-logs/2026-10-06-pixelelated-replacement-15/p4-bucket-retry-02/artifacts/parent-and-copy-failure/cloud/ROCKNIX/Saves/gb/Local.srm
 create mode 100644 docs/qa-logs/2026-10-06-pixelelated-replacement-15/p4-bucket-retry-02/artifacts/parent-and-copy-failure/ctl/argv
 create mode 100644 docs/qa-logs/2026-10-06-pixelelated-replacement-15/p4-bucket-retry-02/artifacts/parent-and-copy-failure/ctl/bucket
 create mode 100644 docs/qa-logs/2026-10-06-pixelelated-replacement-15/p4-bucket-retry-02/artifacts/parent-and-copy-failure/ctl/fault-fired
 create mode 100644 docs/qa-logs/2026-10-06-pixelelated-replacement-15/p4-bucket-retry-02/artifacts/parent-and-copy-failure/log/cloud_sync.log
 create mode 100644 docs/qa-logs/2026-10-06-pixelelated-replacement-15/p4-bucket-retry-02/artifacts/parent-and-copy-failure/profile
 create mode 100755 docs/qa-logs/2026-10-06-pixelelated-replacement-15/p4-bucket-retry-02/artifacts/parent-and-copy-failure/repo/backuptool
 create mode 100755 docs/qa-logs/2026-10-06-pixelelated-replacement-15/p4-bucket-retry-02/artifacts/parent-and-copy-failure/repo/cloud_backup
 create mode 100755 docs/qa-logs/2026-10-06-pixelelated-replacement-15/p4-bucket-retry-02/artifacts/parent-and-copy-failure/repo/cloud_capture
 create mode 100755 docs/qa-logs/2026-10-06-pixelelated-replacement-15/p4-bucket-retry-02/artifacts/parent-and-copy-failure/repo/cloud_content_backup
 create mode 100755 docs/qa-logs/2026-10-06-pixelelated-replacement-15/p4-bucket-retry-02/artifacts/parent-and-copy-failure/repo/cloud_content_restore
 create mode 100755 docs/qa-logs/2026-10-06-pixelelated-replacement-15/p4-bucket-retry-02/artifacts/parent-and-copy-failure/repo/cloud_content_transfer
 create mode 100755 docs/qa-logs/2026-10-06-pixelelated-replacement-15/p4-bucket-retry-02/artifacts/parent-and-copy-failure/repo/cloud_device_id
 create mode 100755 docs/qa-logs/2026-10-06-pixelelated-replacement-15/p4-bucket-retry-02/artifacts/parent-and-copy-failure/repo/cloud_log_scrub
 create mode 100755 docs/qa-logs/2026-10-06-pixelelated-replacement-15/p4-bucket-retry-02/artifacts/parent-and-copy-failure/repo/cloud_migrate_layout
 create mode 100755 docs/qa-logs/2026-10-06-pixelelated-replacement-15/p4-bucket-retry-02/artifacts/parent-and-copy-failure/repo/cloud_net_ready
 create mode 100755 docs/qa-logs/2026-10-06-pixelelated-replacement-15/p4-bucket-retry-02/artifacts/parent-and-copy-failure/repo/cloud_oauth
 create mode 100755 docs/qa-logs/2026-10-06-pixelelated-replacement-15/p4-bucket-retry-02/artifacts/parent-and-copy-failure/repo/cloud_remote
 create mode 100755 docs/qa-logs/2026-10-06-pixelelated-replacement-15/p4-bucket-retry-02/artifacts/parent-and-copy-failure/repo/cloud_restore
 create mode 100755 docs/qa-logs/2026-10-06-pixelelated-replacement-15/p4-bucket-retry-02/artifacts/parent-and-copy-failure/repo/cloud_saves_root
 create mode 100755 docs/qa-logs/2026-10-06-pixelelated-replacement-15/p4-bucket-retry-02/artifacts/parent-and-copy-failure/repo/cloud_scan
 create mode 100755 docs/qa-logs/2026-10-06-pixelelated-replacement-15/p4-bucket-retry-02/artifacts/parent-and-copy-failure/repo/cloud_setup
 create mode 100755 docs/qa-logs/2026-10-06-pixelelated-replacement-15/p4-bucket-retry-02/artifacts/parent-and-copy-failure/repo/cloud_sync-rules.txt
 create mode 100755 docs/qa-logs/2026-10-06-pixelelated-replacement-15/p4-bucket-retry-02/artifacts/parent-and-copy-failure/repo/cloud_sync-rules.txt.defaults
 create mode 100755 docs/qa-logs/2026-10-06-pixelelated-replacement-15/p4-bucket-retry-02/artifacts/parent-and-copy-failure/repo/cloud_sync.conf
 create mode 100755 docs/qa-logs/2026-10-06-pixelelated-replacement-15/p4-bucket-retry-02/artifacts/parent-and-copy-failure/repo/cloud_sync.conf.defaults
 create mode 100755 docs/qa-logs/2026-10-06-pixelelated-replacement-15/p4-bucket-retry-02/artifacts/parent-and-copy-failure/repo/cloud_sync_cleanup_duplicates.sh
 create mode 100755 docs/qa-logs/2026-10-06-pixelelated-replacement-15/p4-bucket-retry-02/artifacts/parent-and-copy-failure/repo/cloud_sync_helper
 create mode 100755 docs/qa-logs/2026-10-06-pixelelated-replacement-15/p4-bucket-retry-02/artifacts/parent-and-copy-failure/repo/rasteratops-settings-archive
 create mode 100644 docs/qa-logs/2026-10-06-pixelelated-replacement-15/p4-bucket-retry-02/artifacts/parent-and-copy-failure/run/cloud_sync.lock
 create mode 100755 docs/qa-logs/2026-10-06-pixelelated-replacement-15/p4-bucket-retry-02/artifacts/parent-and-copy-failure/shim/ip
 create mode 100755 docs/qa-logs/2026-10-06-pixelelated-replacement-15/p4-bucket-retry-02/artifacts/parent-and-copy-failure/shim/logger
 create mode 100755 docs/qa-logs/2026-10-06-pixelelated-replacement-15/p4-bucket-retry-02/artifacts/parent-and-copy-failure/shim/ping
 create mode 100755 docs/qa-logs/2026-10-06-pixelelated-replacement-15/p4-bucket-retry-02/artifacts/parent-and-copy-failure/shim/rclone
 create mode 100755 docs/qa-logs/2026-10-06-pixelelated-replacement-15/p4-bucket-retry-02/artifacts/parent-and-copy-failure/shim/systemctl
 create mode 100755 docs/qa-logs/2026-10-06-pixelelated-replacement-15/p4-bucket-retry-02/artifacts/parent-and-copy-failure/shim/systemd-tmpfiles
 create mode 100644 docs/qa-logs/2026-10-06-pixelelated-replacement-15/p4-bucket-retry-02/artifacts/parent-and-copy-failure/storage/.cache/cloud_sync/last-backup
 create mode 100644 docs/qa-logs/2026-10-06-pixelelated-replacement-15/p4-bucket-retry-02/artifacts/parent-and-copy-failure/storage/.cache/cloud_sync/saves-root
 create mode 100644 docs/qa-logs/2026-10-06-pixelelated-replacement-15/p4-bucket-retry-02/artifacts/parent-and-copy-failure/storage/.config/cloud_sync-rules.txt
 create mode 100644 docs/qa-logs/2026-10-06-pixelelated-replacement-15/p4-bucket-retry-02/artifacts/parent-and-copy-failure/storage/.config/cloud_sync.conf
 create mode 100644 docs/qa-logs/2026-10-06-pixelelated-replacement-15/p4-bucket-retry-02/artifacts/parent-and-copy-failure/storage/.config/rclone/rclone.conf
 create mode 100644 docs/qa-logs/2026-10-06-pixelelated-replacement-15/p4-bucket-retry-02/artifacts/parent-and-copy-failure/storage/roms/gb/After.srm
 create mode 100644 docs/qa-logs/2026-10-06-pixelelated-replacement-15/p4-bucket-retry-02/artifacts/parent-and-copy-failure/storage/roms/gb/Local.srm
 create mode 100644 docs/qa-logs/2026-10-06-pixelelated-replacement-15/p4-bucket-retry-02/artifacts/parent-only-fallback/01-cloud_backup.json
 create mode 100644 docs/qa-logs/2026-10-06-pixelelated-replacement-15/p4-bucket-retry-02/artifacts/parent-only-fallback/01-cloud_backup.log
 create mode 100644 docs/qa-logs/2026-10-06-pixelelated-replacement-15/p4-bucket-retry-02/artifacts/parent-only-fallback/02-cloud_backup.json
 create mode 100644 docs/qa-logs/2026-10-06-pixelelated-replacement-15/p4-bucket-retry-02/artifacts/parent-only-fallback/02-cloud_backup.log
 create mode 100644 docs/qa-logs/2026-10-06-pixelelated-replacement-15/p4-bucket-retry-02/artifacts/parent-only-fallback/cloud/ROCKNIX/Saves/gb/After.srm
 create mode 100644 docs/qa-logs/2026-10-06-pixelelated-replacement-15/p4-bucket-retry-02/artifacts/parent-only-fallback/cloud/ROCKNIX/Saves/gb/CloudOnly.srm
 create mode 100644 docs/qa-logs/2026-10-06-pixelelated-replacement-15/p4-bucket-retry-02/artifacts/parent-only-fallback/cloud/ROCKNIX/Saves/gb/Local.srm
 create mode 100644 docs/qa-logs/2026-10-06-pixelelated-replacement-15/p4-bucket-retry-02/artifacts/parent-only-fallback/ctl/argv
 create mode 100644 docs/qa-logs/2026-10-06-pixelelated-replacement-15/p4-bucket-retry-02/artifacts/parent-only-fallback/ctl/bucket
 create mode 100644 docs/qa-logs/2026-10-06-pixelelated-replacement-15/p4-bucket-retry-02/artifacts/parent-only-fallback/ctl/fault-fired
 create mode 100644 docs/qa-logs/2026-10-06-pixelelated-replacement-15/p4-bucket-retry-02/artifacts/parent-only-fallback/log/cloud_sync.log
 create mode 100644 docs/qa-logs/2026-10-06-pixelelated-replacement-15/p4-bucket-retry-02/artifacts/parent-only-fallback/profile
 create mode 100755 docs/qa-logs/2026-10-06-pixelelated-replacement-15/p4-bucket-retry-02/artifacts/parent-only-fallback/repo/backuptool
 create mode 100755 docs/qa-logs/2026-10-06-pixelelated-replacement-15/p4-bucket-retry-02/artifacts/parent-only-fallback/repo/cloud_backup
 create mode 100755 docs/qa-logs/2026-10-06-pixelelated-replacement-15/p4-bucket-retry-02/artifacts/parent-only-fallback/repo/cloud_capture
 create mode 100755 docs/qa-logs/2026-10-06-pixelelated-replacement-15/p4-bucket-retry-02/artifacts/parent-only-fallback/repo/cloud_content_backup
 create mode 100755 docs/qa-logs/2026-10-06-pixelelated-replacement-15/p4-bucket-retry-02/artifacts/parent-only-fallback/repo/cloud_content_restore
 create mode 100755 docs/qa-logs/2026-10-06-pixelelated-replacement-15/p4-bucket-retry-02/artifacts/parent-only-fallback/repo/cloud_content_transfer
 create mode 100755 docs/qa-logs/2026-10-06-pixelelated-replacement-15/p4-bucket-retry-02/artifacts/parent-only-fallback/repo/cloud_device_id
 create mode 100755 docs/qa-logs/2026-10-06-pixelelated-replacement-15/p4-bucket-retry-02/artifacts/parent-only-fallback/repo/cloud_log_scrub
 create mode 100755 docs/qa-logs/2026-10-06-pixelelated-replacement-15/p4-bucket-retry-02/artifacts/parent-only-fallback/repo/cloud_migrate_layout
 create mode 100755 docs/qa-logs/2026-10-06-pixelelated-replacement-15/p4-bucket-retry-02/artifacts/parent-only-fallback/repo/cloud_net_ready
 create mode 100755 docs/qa-logs/2026-10-06-pixelelated-replacement-15/p4-bucket-retry-02/artifacts/parent-only-fallback/repo/cloud_oauth
 create mode 100755 docs/qa-logs/2026-10-06-pixelelated-replacement-15/p4-bucket-retry-02/artifacts/parent-only-fallback/repo/cloud_remote
 create mode 100755 docs/qa-logs/2026-10-06-pixelelated-replacement-15/p4-bucket-retry-02/artifacts/parent-only-fallback/repo/cloud_restore
 create mode 100755 docs/qa-logs/2026-10-06-pixelelated-replacement-15/p4-bucket-retry-02/artifacts/parent-only-fallback/repo/cloud_saves_root
 create mode 100755 docs/qa-logs/2026-10-06-pixelelated-replacement-15/p4-bucket-retry-02/artifacts/parent-only-fallback/repo/cloud_scan
 create mode 100755 docs/qa-logs/2026-10-06-pixelelated-replacement-15/p4-bucket-retry-02/artifacts/parent-only-fallback/repo/cloud_setup
 create mode 100755 docs/qa-logs/2026-10-06-pixelelated-replacement-15/p4-bucket-retry-02/artifacts/parent-only-fallback/repo/cloud_sync-rules.txt
 create mode 100755 docs/qa-logs/2026-10-06-pixelelated-replacement-15/p4-bucket-retry-02/artifacts/parent-only-fallback/repo/cloud_sync-rules.txt.defaults
 create mode 100755 docs/qa-logs/2026-10-06-pixelelated-replacement-15/p4-bucket-retry-02/artifacts/parent-only-fallback/repo/cloud_sync.conf
 create mode 100755 docs/qa-logs/2026-10-06-pixelelated-replacement-15/p4-bucket-retry-02/artifacts/parent-only-fallback/repo/cloud_sync.conf.defaults
 create mode 100755 docs/qa-logs/2026-10-06-pixelelated-replacement-15/p4-bucket-retry-02/artifacts/parent-only-fallback/repo/cloud_sync_cleanup_duplicates.sh
 create mode 100755 docs/qa-logs/2026-10-06-pixelelated-replacement-15/p4-bucket-retry-02/artifacts/parent-only-fallback/repo/cloud_sync_helper
 create mode 100755 docs/qa-logs/2026-10-06-pixelelated-replacement-15/p4-bucket-retry-02/artifacts/parent-only-fallback/repo/rasteratops-settings-archive
 create mode 100644 docs/qa-logs/2026-10-06-pixelelated-replacement-15/p4-bucket-retry-02/artifacts/parent-only-fallback/run/cloud_sync.lock
 create mode 100755 docs/qa-logs/2026-10-06-pixelelated-replacement-15/p4-bucket-retry-02/artifacts/parent-only-fallback/shim/ip
 create mode 100755 docs/qa-logs/2026-10-06-pixelelated-replacement-15/p4-bucket-retry-02/artifacts/parent-only-fallback/shim/logger
 create mode 100755 docs/qa-logs/2026-10-06-pixelelated-replacement-15/p4-bucket-retry-02/artifacts/parent-only-fallback/shim/ping
 create mode 100755 docs/qa-logs/2026-10-06-pixelelated-replacement-15/p4-bucket-retry-02/artifacts/parent-only-fallback/shim/rclone
 create mode 100755 docs/qa-logs/2026-10-06-pixelelated-replacement-15/p4-bucket-retry-02/artifacts/parent-only-fallback/shim/systemctl
 create mode 100755 docs/qa-logs/2026-10-06-pixelelated-replacement-15/p4-bucket-retry-02/artifacts/parent-only-fallback/shim/systemd-tmpfiles
 create mode 100644 docs/qa-logs/2026-10-06-pixelelated-replacement-15/p4-bucket-retry-02/artifacts/parent-only-fallback/storage/.cache/cloud_sync/last-backup
 create mode 100644 docs/qa-logs/2026-10-06-pixelelated-replacement-15/p4-bucket-retry-02/artifacts/parent-only-fallback/storage/.cache/cloud_sync/saves-root
 create mode 100644 docs/qa-logs/2026-10-06-pixelelated-replacement-15/p4-bucket-retry-02/artifacts/parent-only-fallback/storage/.config/cloud_sync-rules.txt
 create mode 100644 docs/qa-logs/2026-10-06-pixelelated-replacement-15/p4-bucket-retry-02/artifacts/parent-only-fallback/storage/.config/cloud_sync.conf
 create mode 100644 docs/qa-logs/2026-10-06-pixelelated-replacement-15/p4-bucket-retry-02/artifacts/parent-only-fallback/storage/.config/rclone/rclone.conf
 create mode 100644 docs/qa-logs/2026-10-06-pixelelated-replacement-15/p4-bucket-retry-02/artifacts/parent-only-fallback/storage/roms/gb/After.srm
 create mode 100644 docs/qa-logs/2026-10-06-pixelelated-replacement-15/p4-bucket-retry-02/artifacts/parent-only-fallback/storage/roms/gb/Local.srm
 create mode 100644 docs/qa-logs/2026-10-06-pixelelated-replacement-15/p4-bucket-retry-02/artifacts/results.json
 create mode 100644 docs/qa-logs/2026-10-06-pixelelated-replacement-15/p4-bucket-retry-02/console.log
 create mode 100644 docs/qa-logs/2026-10-06-pixelelated-replacement-15/p4-bucket-retry-02/guest-cleanup-verification.json
 create mode 100644 docs/qa-logs/2026-10-06-pixelelated-replacement-15/p4-bucket-retry-02/inner.rc
 create mode 100644 docs/qa-logs/2026-10-06-pixelelated-replacement-15/p4-bucket-retry-02/launcher-pid.json
 create mode 100644 docs/qa-logs/2026-10-06-pixelelated-replacement-15/p4-bucket-retry-02/launcher-result.json
 create mode 100644 docs/qa-logs/2026-10-06-pixelelated-replacement-15/p4-bucket-retry-02/launcher-start.json
 create mode 100644 docs/qa-logs/2026-10-06-pixelelated-replacement-15/p4-bucket-retry-02/launcher-submission.json
 create mode 100644 docs/qa-logs/2026-10-06-pixelelated-replacement-15/p4-bucket-retry-02/outer.rc
 create mode 100644 docs/qa-logs/2026-10-06-pixelelated-replacement-15/p4-bucket-retry-02/owner-verification.json
 create mode 100644 docs/qa-logs/2026-10-06-pixelelated-replacement-15/p4-bucket-retry-02/preparation.json
 create mode 100644 docs/qa-logs/2026-10-06-pixelelated-replacement-15/p4-bucket-retry-02/proof.py
 create mode 100644 docs/qa-logs/2026-10-06-pixelelated-replacement-15/p4-bucket-retry-02/qa.start
 create mode 100644 docs/qa-logs/2026-10-06-pixelelated-replacement-15/p4-bucket-retry-02/retention.json
 create mode 100644 docs/qa-logs/2026-10-06-pixelelated-replacement-15/p4-bucket-retry-02/run.path
 create mode 100644 docs/qa-logs/2026-10-06-pixelelated-replacement-15/p4-bucket-retry-02/run.py
 create mode 100644 docs/qa-logs/2026-10-06-pixelelated-replacement-15/p4-bucket-retry-02/seal.json
 create mode 100644 docs/qa-logs/2026-10-06-pixelelated-replacement-15/p4-bucket-retry-02/sha256.json
 create mode 100644 docs/qa-logs/2026-10-06-pixelelated-replacement-15/p4-bucket-retry-02/tool-wrapper.rc
 create mode 100644 docs/qa-logs/2026-10-06-pixelelated-replacement-15/p4-bucket-retry-02/verify-inputs.py
 create mode 100755 docs/qa-logs/2026-10-06-pixelelated-replacement-15/p4-bucket-retry-02/watch-build-submit.py
 create mode 100644 docs/qa-logs/2026-10-06-pixelelated-replacement-15/p4-bucket-retry-02/watcher/build.log
 create mode 100644 docs/qa-logs/2026-10-06-pixelelated-replacement-15/p4-bucket-retry-02/watcher/build.pid
 create mode 100644 docs/qa-logs/2026-10-06-pixelelated-replacement-15/p4-bucket-retry-02/watcher/build.rc
 create mode 100644 docs/qa-logs/2026-10-06-pixelelated-replacement-15/p4-bucket-retry-02/watcher/build.status
 create mode 100644 docs/qa-logs/2026-10-06-pixelelated-replacement-15/p4-bucket-retry-02/watcher/command.pid
 create mode 100644 docs/qa-logs/2026-10-06-pixelelated-replacement-15/p4-bucket-retry-02/watcher/watcher.pid
 create mode 100644 docs/qa-logs/2026-10-06-pixelelated-replacement-15/p4-coverage-ui-03/artifacts/cloud-ui/installed-after.sha256
 create mode 100644 docs/qa-logs/2026-10-06-pixelelated-replacement-15/p4-coverage-ui-03/artifacts/cloud-ui/installed-before.sha256
 create mode 100644 docs/qa-logs/2026-10-06-pixelelated-replacement-15/p4-coverage-ui-03/artifacts/disk-initial.json
 create mode 100644 docs/qa-logs/2026-10-06-pixelelated-replacement-15/p4-coverage-ui-03/artifacts/payload-cloud-ui-before.json
 create mode 100644 docs/qa-logs/2026-10-06-pixelelated-replacement-15/p4-coverage-ui-03/artifacts/proxy-identity-cloud-ui-before.json
 create mode 100644 docs/qa-logs/2026-10-06-pixelelated-replacement-15/p4-coverage-ui-03/check-payload.py
 create mode 100644 docs/qa-logs/2026-10-06-pixelelated-replacement-15/p4-coverage-ui-03/cloud-ui-proof.py
 create mode 100644 docs/qa-logs/2026-10-06-pixelelated-replacement-15/p4-coverage-ui-03/console.log
 create mode 100644 docs/qa-logs/2026-10-06-pixelelated-replacement-15/p4-coverage-ui-03/guest-cleanup-verification.json
 create mode 100644 docs/qa-logs/2026-10-06-pixelelated-replacement-15/p4-coverage-ui-03/guest-d.ovmf-vars.fd
 create mode 100644 docs/qa-logs/2026-10-06-pixelelated-replacement-15/p4-coverage-ui-03/guest.pid
 create mode 100644 docs/qa-logs/2026-10-06-pixelelated-replacement-15/p4-coverage-ui-03/harness.sha256
 create mode 100644 docs/qa-logs/2026-10-06-pixelelated-replacement-15/p4-coverage-ui-03/inner.rc
 create mode 100644 docs/qa-logs/2026-10-06-pixelelated-replacement-15/p4-coverage-ui-03/launcher-pid.json
 create mode 100644 docs/qa-logs/2026-10-06-pixelelated-replacement-15/p4-coverage-ui-03/launcher-result.json
 create mode 100644 docs/qa-logs/2026-10-06-pixelelated-replacement-15/p4-coverage-ui-03/launcher-start.json
 create mode 100644 docs/qa-logs/2026-10-06-pixelelated-replacement-15/p4-coverage-ui-03/launcher-submission.json
 create mode 100644 docs/qa-logs/2026-10-06-pixelelated-replacement-15/p4-coverage-ui-03/outer.rc
 create mode 100755 docs/qa-logs/2026-10-06-pixelelated-replacement-15/p4-coverage-ui-03/outer.sh
 create mode 100644 docs/qa-logs/2026-10-06-pixelelated-replacement-15/p4-coverage-ui-03/owner-verification.json
 create mode 100644 docs/qa-logs/2026-10-06-pixelelated-replacement-15/p4-coverage-ui-03/provenance.json
 create mode 100644 docs/qa-logs/2026-10-06-pixelelated-replacement-15/p4-coverage-ui-03/proxy-identity.py
 create mode 100644 docs/qa-logs/2026-10-06-pixelelated-replacement-15/p4-coverage-ui-03/qa.start
 create mode 100644 docs/qa-logs/2026-10-06-pixelelated-replacement-15/p4-coverage-ui-03/retention.json
 create mode 100644 docs/qa-logs/2026-10-06-pixelelated-replacement-15/p4-coverage-ui-03/run.path
 create mode 100755 docs/qa-logs/2026-10-06-pixelelated-replacement-15/p4-coverage-ui-03/run.sh
 create mode 100644 docs/qa-logs/2026-10-06-pixelelated-replacement-15/p4-coverage-ui-03/seed.py
 create mode 100644 docs/qa-logs/2026-10-06-pixelelated-replacement-15/p4-coverage-ui-03/sha256.json
 create mode 100644 docs/qa-logs/2026-10-06-pixelelated-replacement-15/p4-coverage-ui-03/stop-guest.py
 create mode 100644 docs/qa-logs/2026-10-06-pixelelated-replacement-15/p4-coverage-ui-03/tool-wrapper.rc
 create mode 100644 docs/qa-logs/2026-10-06-pixelelated-replacement-15/p4-coverage-ui-03/verify-inputs.py
 create mode 100755 docs/qa-logs/2026-10-06-pixelelated-replacement-15/p4-coverage-ui-03/watch-build-submit.py
 create mode 100644 docs/qa-logs/2026-10-06-pixelelated-replacement-15/p4-coverage-ui-03/watcher/build.log
 create mode 100644 docs/qa-logs/2026-10-06-pixelelated-replacement-15/p4-coverage-ui-03/watcher/build.pid
 create mode 100644 docs/qa-logs/2026-10-06-pixelelated-replacement-15/p4-coverage-ui-03/watcher/build.rc
 create mode 100644 docs/qa-logs/2026-10-06-pixelelated-replacement-15/p4-coverage-ui-03/watcher/build.status
 create mode 100644 docs/qa-logs/2026-10-06-pixelelated-replacement-15/p4-coverage-ui-03/watcher/command.pid
 create mode 100644 docs/qa-logs/2026-10-06-pixelelated-replacement-15/p4-coverage-ui-03/watcher/watcher.pid
