[feature/conflict-resolution b5953a1514] qa - record bilingual recovery and current M7 audit evidence
 1000 files changed, 15625 insertions(+), 70 deletions(-)
 create mode 100644 docs/audits/2026_10_06-milestone-m7-p4-fixes-383/evidence/no-join-preparation/expected-scripts.json
 create mode 100644 docs/audits/2026_10_06-milestone-m7-p4-fixes-383/evidence/no-join-preparation/harness.sha256
 create mode 100644 docs/audits/2026_10_06-milestone-m7-p4-fixes-383/evidence/no-join-preparation/provenance.json
 create mode 100644 docs/audits/2026_10_06-milestone-m7-p4-fixes-383/evidence/no-join-preparation/retained-image-verification.json
 create mode 100644 docs/audits/2026_10_06-milestone-m7-p4-fixes-383/evidence/remediation-host/history-label-publication-01/console.log
 create mode 100644 docs/audits/2026_10_06-milestone-m7-p4-fixes-383/evidence/remediation-host/history-label-publication-01/diff-name-diagnostic.json
 create mode 100644 docs/audits/2026_10_06-milestone-m7-p4-fixes-383/evidence/remediation-host/history-label-publication-01/diff-patch-diagnostic.json
 create mode 100644 docs/audits/2026_10_06-milestone-m7-p4-fixes-383/evidence/remediation-host/history-label-publication-01/diff-patch-stderr.txt
 create mode 100644 docs/audits/2026_10_06-milestone-m7-p4-fixes-383/evidence/remediation-host/history-label-publication-01/inner.rc
 create mode 100644 docs/audits/2026_10_06-milestone-m7-p4-fixes-383/evidence/remediation-host/history-label-publication-01/launcher-pid.json
 create mode 100644 docs/audits/2026_10_06-milestone-m7-p4-fixes-383/evidence/remediation-host/history-label-publication-01/launcher-result.json
 create mode 100644 docs/audits/2026_10_06-milestone-m7-p4-fixes-383/evidence/remediation-host/history-label-publication-01/launcher-start.json
 create mode 100644 docs/audits/2026_10_06-milestone-m7-p4-fixes-383/evidence/remediation-host/history-label-publication-01/launcher-submission.json
 create mode 100644 docs/audits/2026_10_06-milestone-m7-p4-fixes-383/evidence/remediation-host/history-label-publication-01/outer.rc
 create mode 100644 docs/audits/2026_10_06-milestone-m7-p4-fixes-383/evidence/remediation-host/history-label-publication-01/owner-verification.json
 create mode 100644 docs/audits/2026_10_06-milestone-m7-p4-fixes-383/evidence/remediation-host/history-label-publication-01/publish.py
 create mode 100644 docs/audits/2026_10_06-milestone-m7-p4-fixes-383/evidence/remediation-host/history-label-publication-01/retained-sha256.json
 create mode 100644 docs/audits/2026_10_06-milestone-m7-p4-fixes-383/evidence/remediation-host/history-label-publication-01/run.path
 create mode 100644 docs/audits/2026_10_06-milestone-m7-p4-fixes-383/evidence/remediation-host/history-label-publication-01/run.py
 create mode 100644 docs/audits/2026_10_06-milestone-m7-p4-fixes-383/evidence/remediation-host/history-label-publication-01/seal.json
 create mode 100644 docs/audits/2026_10_06-milestone-m7-p4-fixes-383/evidence/remediation-host/history-label-publication-01/tool-wrapper.rc
 create mode 100755 docs/audits/2026_10_06-milestone-m7-p4-fixes-383/evidence/remediation-host/history-label-publication-01/watch-build-submit.py
 create mode 100644 docs/audits/2026_10_06-milestone-m7-p4-fixes-383/evidence/remediation-host/history-label-publication-01/watcher/build.log
 create mode 100644 docs/audits/2026_10_06-milestone-m7-p4-fixes-383/evidence/remediation-host/history-label-publication-01/watcher/build.pid
 create mode 100644 docs/audits/2026_10_06-milestone-m7-p4-fixes-383/evidence/remediation-host/history-label-publication-01/watcher/build.rc
 create mode 100644 docs/audits/2026_10_06-milestone-m7-p4-fixes-383/evidence/remediation-host/history-label-publication-01/watcher/build.start
 create mode 100644 docs/audits/2026_10_06-milestone-m7-p4-fixes-383/evidence/remediation-host/history-label-publication-01/watcher/build.status
 create mode 100644 docs/audits/2026_10_06-milestone-m7-p4-fixes-383/evidence/remediation-host/history-label-publication-01/watcher/build.status.pid
 create mode 100644 docs/audits/2026_10_06-milestone-m7-p4-fixes-383/evidence/remediation-host/history-label-publication-01/watcher/command.pid
 create mode 100644 docs/audits/2026_10_06-milestone-m7-p4-fixes-383/evidence/remediation-host/history-label-publication-01/watcher/watcher.err
 create mode 100644 docs/audits/2026_10_06-milestone-m7-p4-fixes-383/evidence/remediation-host/history-label-publication-01/watcher/watcher.interval
 create mode 100644 docs/audits/2026_10_06-milestone-m7-p4-fixes-383/evidence/remediation-host/history-label-publication-01/watcher/watcher.pid
 create mode 100644 docs/audits/2026_10_06-milestone-m7-p4-fixes-383/evidence/remediation-host/history-label-publication.json
 create mode 100644 docs/audits/2026_10_06-milestone-m7-p4-fixes-383/evidence/remediation-host/history-label-push-02/console.log
 create mode 100644 docs/audits/2026_10_06-milestone-m7-p4-fixes-383/evidence/remediation-host/history-label-push-02/feature-push.log
 create mode 100644 docs/audits/2026_10_06-milestone-m7-p4-fixes-383/evidence/remediation-host/history-label-push-02/inner.rc
 create mode 100644 docs/audits/2026_10_06-milestone-m7-p4-fixes-383/evidence/remediation-host/history-label-push-02/launcher-pid.json
 create mode 100644 docs/audits/2026_10_06-milestone-m7-p4-fixes-383/evidence/remediation-host/history-label-push-02/launcher-result.json
 create mode 100644 docs/audits/2026_10_06-milestone-m7-p4-fixes-383/evidence/remediation-host/history-label-push-02/launcher-start.json
 create mode 100644 docs/audits/2026_10_06-milestone-m7-p4-fixes-383/evidence/remediation-host/history-label-push-02/launcher-submission.json
 create mode 100644 docs/audits/2026_10_06-milestone-m7-p4-fixes-383/evidence/remediation-host/history-label-push-02/next-push.log
 create mode 100644 docs/audits/2026_10_06-milestone-m7-p4-fixes-383/evidence/remediation-host/history-label-push-02/outer.rc
 create mode 100644 docs/audits/2026_10_06-milestone-m7-p4-fixes-383/evidence/remediation-host/history-label-push-02/owner-verification.json
 create mode 100644 docs/audits/2026_10_06-milestone-m7-p4-fixes-383/evidence/remediation-host/history-label-push-02/publication.json
 create mode 100644 docs/audits/2026_10_06-milestone-m7-p4-fixes-383/evidence/remediation-host/history-label-push-02/retained-sha256.json
 create mode 100644 docs/audits/2026_10_06-milestone-m7-p4-fixes-383/evidence/remediation-host/history-label-push-02/run.path
 create mode 100644 docs/audits/2026_10_06-milestone-m7-p4-fixes-383/evidence/remediation-host/history-label-push-02/run.py
 create mode 100644 docs/audits/2026_10_06-milestone-m7-p4-fixes-383/evidence/remediation-host/history-label-push-02/seal.json
 create mode 100644 docs/audits/2026_10_06-milestone-m7-p4-fixes-383/evidence/remediation-host/history-label-push-02/tool-wrapper.rc
 create mode 100755 docs/audits/2026_10_06-milestone-m7-p4-fixes-383/evidence/remediation-host/history-label-push-02/watch-build-submit.py
 create mode 100644 docs/audits/2026_10_06-milestone-m7-p4-fixes-383/evidence/remediation-host/history-label-push-02/watcher/build.log
 create mode 100644 docs/audits/2026_10_06-milestone-m7-p4-fixes-383/evidence/remediation-host/history-label-push-02/watcher/build.pid
 create mode 100644 docs/audits/2026_10_06-milestone-m7-p4-fixes-383/evidence/remediation-host/history-label-push-02/watcher/build.rc
 create mode 100644 docs/audits/2026_10_06-milestone-m7-p4-fixes-383/evidence/remediation-host/history-label-push-02/watcher/build.start
 create mode 100644 docs/audits/2026_10_06-milestone-m7-p4-fixes-383/evidence/remediation-host/history-label-push-02/watcher/build.status
 create mode 100644 docs/audits/2026_10_06-milestone-m7-p4-fixes-383/evidence/remediation-host/history-label-push-02/watcher/build.status.pid
 create mode 100644 docs/audits/2026_10_06-milestone-m7-p4-fixes-383/evidence/remediation-host/history-label-push-02/watcher/command.pid
 create mode 100644 docs/audits/2026_10_06-milestone-m7-p4-fixes-383/evidence/remediation-host/history-label-push-02/watcher/watcher.err
 create mode 100644 docs/audits/2026_10_06-milestone-m7-p4-fixes-383/evidence/remediation-host/history-label-push-02/watcher/watcher.interval
 create mode 100644 docs/audits/2026_10_06-milestone-m7-p4-fixes-383/evidence/remediation-host/history-label-push-02/watcher/watcher.pid
 create mode 100644 docs/audits/2026_10_06-milestone-m7-p4-fixes-383/evidence/remediation-host/pl002-pl006-acceptance.json
 create mode 100644 docs/audits/2026_10_06-milestone-m7-p4-fixes-383/evidence/remediation-host/pl002-pl006-resolution-commands.json
 create mode 100644 docs/audits/2026_10_06-milestone-m7-p4-fixes-383/evidence/remediation-host/push-scan-diagnostic-01/artifacts/lines.stderr
 create mode 100644 docs/audits/2026_10_06-milestone-m7-p4-fixes-383/evidence/remediation-host/push-scan-diagnostic-01/artifacts/messages.stderr
 create mode 100644 docs/audits/2026_10_06-milestone-m7-p4-fixes-383/evidence/remediation-host/push-scan-diagnostic-01/artifacts/names.stderr
 create mode 100644 docs/audits/2026_10_06-milestone-m7-p4-fixes-383/evidence/remediation-host/push-scan-diagnostic-01/artifacts/patch.stderr
 create mode 100644 docs/audits/2026_10_06-milestone-m7-p4-fixes-383/evidence/remediation-host/push-scan-diagnostic-01/artifacts/results.json
 create mode 100644 docs/audits/2026_10_06-milestone-m7-p4-fixes-383/evidence/remediation-host/push-scan-diagnostic-01/console.log
 create mode 100644 docs/audits/2026_10_06-milestone-m7-p4-fixes-383/evidence/remediation-host/push-scan-diagnostic-01/inner.rc
 create mode 100644 docs/audits/2026_10_06-milestone-m7-p4-fixes-383/evidence/remediation-host/push-scan-diagnostic-01/launcher-pid.json
 create mode 100644 docs/audits/2026_10_06-milestone-m7-p4-fixes-383/evidence/remediation-host/push-scan-diagnostic-01/launcher-result.json
 create mode 100644 docs/audits/2026_10_06-milestone-m7-p4-fixes-383/evidence/remediation-host/push-scan-diagnostic-01/launcher-start.json
 create mode 100644 docs/audits/2026_10_06-milestone-m7-p4-fixes-383/evidence/remediation-host/push-scan-diagnostic-01/launcher-submission.json
 create mode 100644 docs/audits/2026_10_06-milestone-m7-p4-fixes-383/evidence/remediation-host/push-scan-diagnostic-01/outer.rc
 create mode 100644 docs/audits/2026_10_06-milestone-m7-p4-fixes-383/evidence/remediation-host/push-scan-diagnostic-01/owner-verification.json
 create mode 100644 docs/audits/2026_10_06-milestone-m7-p4-fixes-383/evidence/remediation-host/push-scan-diagnostic-01/retained-sha256.json
 create mode 100644 docs/audits/2026_10_06-milestone-m7-p4-fixes-383/evidence/remediation-host/push-scan-diagnostic-01/run.path
 create mode 100644 docs/audits/2026_10_06-milestone-m7-p4-fixes-383/evidence/remediation-host/push-scan-diagnostic-01/run.py
 create mode 100644 docs/audits/2026_10_06-milestone-m7-p4-fixes-383/evidence/remediation-host/push-scan-diagnostic-01/seal.json
 create mode 100644 docs/audits/2026_10_06-milestone-m7-p4-fixes-383/evidence/remediation-host/push-scan-diagnostic-01/tool-wrapper.rc
 create mode 100755 docs/audits/2026_10_06-milestone-m7-p4-fixes-383/evidence/remediation-host/push-scan-diagnostic-01/watch-build-submit.py
 create mode 100644 docs/audits/2026_10_06-milestone-m7-p4-fixes-383/evidence/remediation-host/push-scan-diagnostic-01/watcher/build.log
 create mode 100644 docs/audits/2026_10_06-milestone-m7-p4-fixes-383/evidence/remediation-host/push-scan-diagnostic-01/watcher/build.pid
 create mode 100644 docs/audits/2026_10_06-milestone-m7-p4-fixes-383/evidence/remediation-host/push-scan-diagnostic-01/watcher/build.rc
 create mode 100644 docs/audits/2026_10_06-milestone-m7-p4-fixes-383/evidence/remediation-host/push-scan-diagnostic-01/watcher/build.start
 create mode 100644 docs/audits/2026_10_06-milestone-m7-p4-fixes-383/evidence/remediation-host/push-scan-diagnostic-01/watcher/build.status
 create mode 100644 docs/audits/2026_10_06-milestone-m7-p4-fixes-383/evidence/remediation-host/push-scan-diagnostic-01/watcher/build.status.pid
 create mode 100644 docs/audits/2026_10_06-milestone-m7-p4-fixes-383/evidence/remediation-host/push-scan-diagnostic-01/watcher/command.pid
 create mode 100644 docs/audits/2026_10_06-milestone-m7-p4-fixes-383/evidence/remediation-host/push-scan-diagnostic-01/watcher/watcher.err
 create mode 100644 docs/audits/2026_10_06-milestone-m7-p4-fixes-383/evidence/remediation-host/push-scan-diagnostic-01/watcher/watcher.interval
 create mode 100644 docs/audits/2026_10_06-milestone-m7-p4-fixes-383/evidence/remediation-host/push-scan-diagnostic-01/watcher/watcher.pid
 create mode 100644 docs/audits/2026_10_06-milestone-m7-p4-fixes-383/evidence/remediation-host/reason-fit-host-01/artifacts/syntax.log
 create mode 100644 docs/audits/2026_10_06-milestone-m7-p4-fixes-383/evidence/remediation-host/reason-fit-host-01/artifacts/vocabulary.log
 create mode 100644 docs/audits/2026_10_06-milestone-m7-p4-fixes-383/evidence/remediation-host/reason-fit-host-01/console.log
 create mode 100644 docs/audits/2026_10_06-milestone-m7-p4-fixes-383/evidence/remediation-host/reason-fit-host-01/harness.sha256
 create mode 100644 docs/audits/2026_10_06-milestone-m7-p4-fixes-383/evidence/remediation-host/reason-fit-host-01/host-cleanup-verification.json
 create mode 100644 docs/audits/2026_10_06-milestone-m7-p4-fixes-383/evidence/remediation-host/reason-fit-host-01/inner.rc
 create mode 100644 docs/audits/2026_10_06-milestone-m7-p4-fixes-383/evidence/remediation-host/reason-fit-host-01/launcher-pid.json
 create mode 100644 docs/audits/2026_10_06-milestone-m7-p4-fixes-383/evidence/remediation-host/reason-fit-host-01/launcher-result.json
 create mode 100644 docs/audits/2026_10_06-milestone-m7-p4-fixes-383/evidence/remediation-host/reason-fit-host-01/launcher-start.json
 create mode 100644 docs/audits/2026_10_06-milestone-m7-p4-fixes-383/evidence/remediation-host/reason-fit-host-01/launcher-submission.json
 create mode 100644 docs/audits/2026_10_06-milestone-m7-p4-fixes-383/evidence/remediation-host/reason-fit-host-01/outer.rc
 create mode 100755 docs/audits/2026_10_06-milestone-m7-p4-fixes-383/evidence/remediation-host/reason-fit-host-01/outer.sh
 create mode 100644 docs/audits/2026_10_06-milestone-m7-p4-fixes-383/evidence/remediation-host/reason-fit-host-01/owner-verification.json
 create mode 100644 docs/audits/2026_10_06-milestone-m7-p4-fixes-383/evidence/remediation-host/reason-fit-host-01/provenance.json
 create mode 100644 docs/audits/2026_10_06-milestone-m7-p4-fixes-383/evidence/remediation-host/reason-fit-host-01/qa.start
 create mode 100644 docs/audits/2026_10_06-milestone-m7-p4-fixes-383/evidence/remediation-host/reason-fit-host-01/retained-sha256.json
 create mode 100644 docs/audits/2026_10_06-milestone-m7-p4-fixes-383/evidence/remediation-host/reason-fit-host-01/run.path
 create mode 100755 docs/audits/2026_10_06-milestone-m7-p4-fixes-383/evidence/remediation-host/reason-fit-host-01/run.sh
 create mode 100644 docs/audits/2026_10_06-milestone-m7-p4-fixes-383/evidence/remediation-host/reason-fit-host-01/source/GuiCloudTransfer.cpp
 create mode 100644 docs/audits/2026_10_06-milestone-m7-p4-fixes-383/evidence/remediation-host/reason-fit-host-01/tool-wrapper.rc
 create mode 100755 docs/audits/2026_10_06-milestone-m7-p4-fixes-383/evidence/remediation-host/reason-fit-host-01/watch-build-submit.py
 create mode 100644 docs/audits/2026_10_06-milestone-m7-p4-fixes-383/evidence/remediation-host/reason-fit-host-01/watcher/build.log
 create mode 100644 docs/audits/2026_10_06-milestone-m7-p4-fixes-383/evidence/remediation-host/reason-fit-host-01/watcher/build.pid
 create mode 100644 docs/audits/2026_10_06-milestone-m7-p4-fixes-383/evidence/remediation-host/reason-fit-host-01/watcher/build.rc
 create mode 100644 docs/audits/2026_10_06-milestone-m7-p4-fixes-383/evidence/remediation-host/reason-fit-host-01/watcher/build.start
 create mode 100644 docs/audits/2026_10_06-milestone-m7-p4-fixes-383/evidence/remediation-host/reason-fit-host-01/watcher/build.status
 create mode 100644 docs/audits/2026_10_06-milestone-m7-p4-fixes-383/evidence/remediation-host/reason-fit-host-01/watcher/build.status.pid
 create mode 100644 docs/audits/2026_10_06-milestone-m7-p4-fixes-383/evidence/remediation-host/reason-fit-host-01/watcher/command.pid
 create mode 100644 docs/audits/2026_10_06-milestone-m7-p4-fixes-383/evidence/remediation-host/reason-fit-host-01/watcher/watcher.err
 create mode 100644 docs/audits/2026_10_06-milestone-m7-p4-fixes-383/evidence/remediation-host/reason-fit-host-01/watcher/watcher.interval
 create mode 100644 docs/audits/2026_10_06-milestone-m7-p4-fixes-383/evidence/remediation-host/reason-fit-host-01/watcher/watcher.pid
 create mode 100644 docs/audits/2026_10_06-milestone-m7-p4-fixes-383/evidence/remediation-host/reason-fit-translation-01/msgfmt.log
 create mode 100644 docs/audits/2026_10_06-milestone-m7-p4-fixes-383/evidence/remediation-host/reason-fit-translation-01/sha256.json
 create mode 100644 docs/audits/2026_10_06-milestone-m7-p4-fixes-383/evidence/remediation-host/reason-fit-translation-01/source.diff
 create mode 100644 docs/audits/2026_10_06-milestone-m7-p4-fixes-383/evidence/remediation-host/reason-fit-translation-01/verification.json
 create mode 100644 docs/qa-logs/2026-10-06-pixelelated-replacement-15/boot-contract-reconciliation-01/353-after.json
 create mode 100644 docs/qa-logs/2026-10-06-pixelelated-replacement-15/boot-contract-reconciliation-01/353-before.json
 create mode 100644 docs/qa-logs/2026-10-06-pixelelated-replacement-15/boot-contract-reconciliation-01/353-reconciled.md
 create mode 100644 docs/qa-logs/2026-10-06-pixelelated-replacement-15/boot-contract-reconciliation-01/353-reconciliation.diff
 create mode 100644 docs/qa-logs/2026-10-06-pixelelated-replacement-15/boot-contract-reconciliation-01/363-after.json
 create mode 100644 docs/qa-logs/2026-10-06-pixelelated-replacement-15/boot-contract-reconciliation-01/363-before.json
 create mode 100644 docs/qa-logs/2026-10-06-pixelelated-replacement-15/boot-contract-reconciliation-01/363-reconciled.md
 create mode 100644 docs/qa-logs/2026-10-06-pixelelated-replacement-15/boot-contract-reconciliation-01/363-reconciliation.diff
 create mode 100644 docs/qa-logs/2026-10-06-pixelelated-replacement-15/boot-contract-reconciliation-01/sha256.json
 create mode 100644 docs/qa-logs/2026-10-06-pixelelated-replacement-15/boot-contract-reconciliation-01/verification.json
 create mode 100644 docs/qa-logs/2026-10-06-pixelelated-replacement-15/cloud-ui04-progress-review/frames/01-fr_FR-legacy-root-content-ticked.png
 create mode 100644 docs/qa-logs/2026-10-06-pixelelated-replacement-15/cloud-ui04-progress-review/frames/01-fr_FR-legacy-root-hub.png
 create mode 100644 docs/qa-logs/2026-10-06-pixelelated-replacement-15/cloud-ui04-progress-review/frames/01-fr_FR-legacy-root-menu-before.png
 create mode 100644 docs/qa-logs/2026-10-06-pixelelated-replacement-15/cloud-ui04-progress-review/frames/01-fr_FR-legacy-root-opening-result.png
 create mode 100644 docs/qa-logs/2026-10-06-pixelelated-replacement-15/cloud-ui04-progress-review/frames/01-fr_FR-old-pointer-recovery-hub-change-folder-row.png
 create mode 100644 docs/qa-logs/2026-10-06-pixelelated-replacement-15/cloud-ui04-progress-review/frames/01-fr_FR-old-pointer-recovery-hub.png
 create mode 100644 docs/qa-logs/2026-10-06-pixelelated-replacement-15/cloud-ui04-progress-review/frames/01-fr_FR-old-pointer-recovery-menu-before.png
 create mode 100644 docs/qa-logs/2026-10-06-pixelelated-replacement-15/cloud-ui04-progress-review/frames/01-fr_FR-old-pointer-recovery-recovered-folder-row.png
 create mode 100644 docs/qa-logs/2026-10-06-pixelelated-replacement-15/cloud-ui04-progress-review/frames/01-fr_FR-reason-config-hub.png
 create mode 100644 docs/qa-logs/2026-10-06-pixelelated-replacement-15/cloud-ui04-progress-review/frames/01-fr_FR-reason-config-menu-before.png
 create mode 100644 docs/qa-logs/2026-10-06-pixelelated-replacement-15/cloud-ui04-progress-review/frames/01-fr_FR-reason-config-opening-result.png
 create mode 100644 docs/qa-logs/2026-10-06-pixelelated-replacement-15/cloud-ui04-progress-review/frames/01-fr_FR-reason-future-hub.png
 create mode 100644 docs/qa-logs/2026-10-06-pixelelated-replacement-15/cloud-ui04-progress-review/frames/01-fr_FR-reason-future-menu-before.png
 create mode 100644 docs/qa-logs/2026-10-06-pixelelated-replacement-15/cloud-ui04-progress-review/frames/01-fr_FR-reason-future-opening-result.png
 create mode 100644 docs/qa-logs/2026-10-06-pixelelated-replacement-15/cloud-ui04-progress-review/frames/01-fr_FR-reason-malformed-hub.png
 create mode 100644 docs/qa-logs/2026-10-06-pixelelated-replacement-15/cloud-ui04-progress-review/frames/01-fr_FR-reason-malformed-menu-before.png
 create mode 100644 docs/qa-logs/2026-10-06-pixelelated-replacement-15/cloud-ui04-progress-review/frames/01-fr_FR-reason-malformed-opening-result.png
 create mode 100644 docs/qa-logs/2026-10-06-pixelelated-replacement-15/cloud-ui04-progress-review/frames/01-fr_FR-reason-record-hub.png
 create mode 100644 docs/qa-logs/2026-10-06-pixelelated-replacement-15/cloud-ui04-progress-review/frames/01-fr_FR-reason-record-menu-before.png
 create mode 100644 docs/qa-logs/2026-10-06-pixelelated-replacement-15/cloud-ui04-progress-review/frames/01-fr_FR-reason-record-opening-result.png
 create mode 100644 docs/qa-logs/2026-10-06-pixelelated-replacement-15/cloud-ui04-progress-review/frames/02-fr_FR-legacy-root-content-outcome.png
 create mode 100644 docs/qa-logs/2026-10-06-pixelelated-replacement-15/cloud-ui04-progress-review/frames/02-fr_FR-legacy-root-main-menu.png
 create mode 100644 docs/qa-logs/2026-10-06-pixelelated-replacement-15/cloud-ui04-progress-review/frames/02-fr_FR-old-pointer-recovery-folder-editor.png
 create mode 100644 docs/qa-logs/2026-10-06-pixelelated-replacement-15/cloud-ui04-progress-review/frames/02-fr_FR-old-pointer-recovery-main-menu.png
 create mode 100644 docs/qa-logs/2026-10-06-pixelelated-replacement-15/cloud-ui04-progress-review/frames/02-fr_FR-reason-config-main-menu.png
 create mode 100644 docs/qa-logs/2026-10-06-pixelelated-replacement-15/cloud-ui04-progress-review/frames/02-fr_FR-reason-future-main-menu.png
 create mode 100644 docs/qa-logs/2026-10-06-pixelelated-replacement-15/cloud-ui04-progress-review/frames/02-fr_FR-reason-malformed-main-menu.png
 create mode 100644 docs/qa-logs/2026-10-06-pixelelated-replacement-15/cloud-ui04-progress-review/frames/02-fr_FR-reason-record-main-menu.png
 create mode 100644 docs/qa-logs/2026-10-06-pixelelated-replacement-15/contract-reconciliation-01/337-after.json
 create mode 100644 docs/qa-logs/2026-10-06-pixelelated-replacement-15/contract-reconciliation-01/337-before.json
 create mode 100644 docs/qa-logs/2026-10-06-pixelelated-replacement-15/contract-reconciliation-01/337-body.md
 create mode 100644 docs/qa-logs/2026-10-06-pixelelated-replacement-15/contract-reconciliation-01/337-reconciled.md
 create mode 100644 docs/qa-logs/2026-10-06-pixelelated-replacement-15/contract-reconciliation-01/337-reconciliation.diff
 create mode 100644 docs/qa-logs/2026-10-06-pixelelated-replacement-15/contract-reconciliation-01/409-after.json
 create mode 100644 docs/qa-logs/2026-10-06-pixelelated-replacement-15/contract-reconciliation-01/409-before.json
 create mode 100644 docs/qa-logs/2026-10-06-pixelelated-replacement-15/contract-reconciliation-01/409-body.md
 create mode 100644 docs/qa-logs/2026-10-06-pixelelated-replacement-15/contract-reconciliation-01/409-reconciled.md
 create mode 100644 docs/qa-logs/2026-10-06-pixelelated-replacement-15/contract-reconciliation-01/archaeology.txt
 create mode 100644 docs/qa-logs/2026-10-06-pixelelated-replacement-15/contract-reconciliation-01/verification.json
 create mode 100644 docs/qa-logs/2026-10-06-pixelelated-replacement-15/p4-cloud-ui-fixes-04/artifacts/cloud-ui/01-en_US-chooser-Games-old-chooser.png
 create mode 100644 docs/qa-logs/2026-10-06-pixelelated-replacement-15/p4-cloud-ui-fixes-04/artifacts/cloud-ui/01-en_US-chooser-Games-old-chosen-row.png
 create mode 100644 docs/qa-logs/2026-10-06-pixelelated-replacement-15/p4-cloud-ui-fixes-04/artifacts/cloud-ui/01-en_US-chooser-Games-old-content-ticked.png
 create mode 100644 docs/qa-logs/2026-10-06-pixelelated-replacement-15/p4-cloud-ui-fixes-04/artifacts/cloud-ui/01-en_US-chooser-Games-old-hub.png
 create mode 100644 docs/qa-logs/2026-10-06-pixelelated-replacement-15/p4-cloud-ui-fixes-04/artifacts/cloud-ui/01-en_US-chooser-Games-old-menu-before.png
 create mode 100644 docs/qa-logs/2026-10-06-pixelelated-replacement-15/p4-cloud-ui-fixes-04/artifacts/cloud-ui/01-en_US-chooser-Games-old-opening-result.png
 create mode 100644 docs/qa-logs/2026-10-06-pixelelated-replacement-15/p4-cloud-ui-fixes-04/artifacts/cloud-ui/01-en_US-chooser-My-Games-chooser.png
 create mode 100644 docs/qa-logs/2026-10-06-pixelelated-replacement-15/p4-cloud-ui-fixes-04/artifacts/cloud-ui/01-en_US-chooser-My-Games-chosen-row.png
 create mode 100644 docs/qa-logs/2026-10-06-pixelelated-replacement-15/p4-cloud-ui-fixes-04/artifacts/cloud-ui/01-en_US-chooser-My-Games-content-ticked.png
 create mode 100644 docs/qa-logs/2026-10-06-pixelelated-replacement-15/p4-cloud-ui-fixes-04/artifacts/cloud-ui/01-en_US-chooser-My-Games-hub.png
 create mode 100644 docs/qa-logs/2026-10-06-pixelelated-replacement-15/p4-cloud-ui-fixes-04/artifacts/cloud-ui/01-en_US-chooser-My-Games-menu-before.png
 create mode 100644 docs/qa-logs/2026-10-06-pixelelated-replacement-15/p4-cloud-ui-fixes-04/artifacts/cloud-ui/01-en_US-chooser-My-Games-opening-result.png
 create mode 100644 docs/qa-logs/2026-10-06-pixelelated-replacement-15/p4-cloud-ui-fixes-04/artifacts/cloud-ui/01-en_US-chooser-MyGames-chooser.png
 create mode 100644 docs/qa-logs/2026-10-06-pixelelated-replacement-15/p4-cloud-ui-fixes-04/artifacts/cloud-ui/01-en_US-chooser-MyGames-chosen-row.png
 create mode 100644 docs/qa-logs/2026-10-06-pixelelated-replacement-15/p4-cloud-ui-fixes-04/artifacts/cloud-ui/01-en_US-chooser-MyGames-content-ticked.png
 create mode 100644 docs/qa-logs/2026-10-06-pixelelated-replacement-15/p4-cloud-ui-fixes-04/artifacts/cloud-ui/01-en_US-chooser-MyGames-hub.png
 create mode 100644 docs/qa-logs/2026-10-06-pixelelated-replacement-15/p4-cloud-ui-fixes-04/artifacts/cloud-ui/01-en_US-chooser-MyGames-menu-before.png
 create mode 100644 docs/qa-logs/2026-10-06-pixelelated-replacement-15/p4-cloud-ui-fixes-04/artifacts/cloud-ui/01-en_US-chooser-MyGames-opening-result.png
 create mode 100644 docs/qa-logs/2026-10-06-pixelelated-replacement-15/p4-cloud-ui-fixes-04/artifacts/cloud-ui/01-en_US-legacy-root-content-ticked.png
 create mode 100644 docs/qa-logs/2026-10-06-pixelelated-replacement-15/p4-cloud-ui-fixes-04/artifacts/cloud-ui/01-en_US-legacy-root-hub.png
 create mode 100644 docs/qa-logs/2026-10-06-pixelelated-replacement-15/p4-cloud-ui-fixes-04/artifacts/cloud-ui/01-en_US-legacy-root-menu-before.png
 create mode 100644 docs/qa-logs/2026-10-06-pixelelated-replacement-15/p4-cloud-ui-fixes-04/artifacts/cloud-ui/01-en_US-legacy-root-opening-result.png
 create mode 100644 docs/qa-logs/2026-10-06-pixelelated-replacement-15/p4-cloud-ui-fixes-04/artifacts/cloud-ui/01-en_US-old-pointer-recovery-hub-change-folder-row.png
 create mode 100644 docs/qa-logs/2026-10-06-pixelelated-replacement-15/p4-cloud-ui-fixes-04/artifacts/cloud-ui/01-en_US-old-pointer-recovery-hub.png
 create mode 100644 docs/qa-logs/2026-10-06-pixelelated-replacement-15/p4-cloud-ui-fixes-04/artifacts/cloud-ui/01-en_US-old-pointer-recovery-menu-before.png
 create mode 100644 docs/qa-logs/2026-10-06-pixelelated-replacement-15/p4-cloud-ui-fixes-04/artifacts/cloud-ui/01-en_US-old-pointer-recovery-recovered-folder-row.png
 create mode 100644 docs/qa-logs/2026-10-06-pixelelated-replacement-15/p4-cloud-ui-fixes-04/artifacts/cloud-ui/01-en_US-reason-config-hub.png
 create mode 100644 docs/qa-logs/2026-10-06-pixelelated-replacement-15/p4-cloud-ui-fixes-04/artifacts/cloud-ui/01-en_US-reason-config-menu-before.png
 create mode 100644 docs/qa-logs/2026-10-06-pixelelated-replacement-15/p4-cloud-ui-fixes-04/artifacts/cloud-ui/01-en_US-reason-config-opening-result.png
 create mode 100644 docs/qa-logs/2026-10-06-pixelelated-replacement-15/p4-cloud-ui-fixes-04/artifacts/cloud-ui/01-en_US-reason-future-hub.png
 create mode 100644 docs/qa-logs/2026-10-06-pixelelated-replacement-15/p4-cloud-ui-fixes-04/artifacts/cloud-ui/01-en_US-reason-future-menu-before.png
 create mode 100644 docs/qa-logs/2026-10-06-pixelelated-replacement-15/p4-cloud-ui-fixes-04/artifacts/cloud-ui/01-en_US-reason-future-opening-result.png
 create mode 100644 docs/qa-logs/2026-10-06-pixelelated-replacement-15/p4-cloud-ui-fixes-04/artifacts/cloud-ui/01-en_US-reason-malformed-hub.png
 create mode 100644 docs/qa-logs/2026-10-06-pixelelated-replacement-15/p4-cloud-ui-fixes-04/artifacts/cloud-ui/01-en_US-reason-malformed-menu-before.png
 create mode 100644 docs/qa-logs/2026-10-06-pixelelated-replacement-15/p4-cloud-ui-fixes-04/artifacts/cloud-ui/01-en_US-reason-malformed-opening-result.png
 create mode 100644 docs/qa-logs/2026-10-06-pixelelated-replacement-15/p4-cloud-ui-fixes-04/artifacts/cloud-ui/01-en_US-reason-record-hub.png
 create mode 100644 docs/qa-logs/2026-10-06-pixelelated-replacement-15/p4-cloud-ui-fixes-04/artifacts/cloud-ui/01-en_US-reason-record-menu-before.png
 create mode 100644 docs/qa-logs/2026-10-06-pixelelated-replacement-15/p4-cloud-ui-fixes-04/artifacts/cloud-ui/01-en_US-reason-record-opening-result.png
 create mode 100644 docs/qa-logs/2026-10-06-pixelelated-replacement-15/p4-cloud-ui-fixes-04/artifacts/cloud-ui/01-fr_FR-chooser-Games-old-chooser.png
 create mode 100644 docs/qa-logs/2026-10-06-pixelelated-replacement-15/p4-cloud-ui-fixes-04/artifacts/cloud-ui/01-fr_FR-chooser-Games-old-chosen-row.png
 create mode 100644 docs/qa-logs/2026-10-06-pixelelated-replacement-15/p4-cloud-ui-fixes-04/artifacts/cloud-ui/01-fr_FR-chooser-Games-old-content-ticked.png
 create mode 100644 docs/qa-logs/2026-10-06-pixelelated-replacement-15/p4-cloud-ui-fixes-04/artifacts/cloud-ui/01-fr_FR-chooser-Games-old-hub.png
 create mode 100644 docs/qa-logs/2026-10-06-pixelelated-replacement-15/p4-cloud-ui-fixes-04/artifacts/cloud-ui/01-fr_FR-chooser-Games-old-menu-before.png
 create mode 100644 docs/qa-logs/2026-10-06-pixelelated-replacement-15/p4-cloud-ui-fixes-04/artifacts/cloud-ui/01-fr_FR-chooser-Games-old-opening-result.png
 create mode 100644 docs/qa-logs/2026-10-06-pixelelated-replacement-15/p4-cloud-ui-fixes-04/artifacts/cloud-ui/01-fr_FR-chooser-My-Games-chooser.png
 create mode 100644 docs/qa-logs/2026-10-06-pixelelated-replacement-15/p4-cloud-ui-fixes-04/artifacts/cloud-ui/01-fr_FR-chooser-My-Games-chosen-row.png
 create mode 100644 docs/qa-logs/2026-10-06-pixelelated-replacement-15/p4-cloud-ui-fixes-04/artifacts/cloud-ui/01-fr_FR-chooser-My-Games-content-ticked.png
 create mode 100644 docs/qa-logs/2026-10-06-pixelelated-replacement-15/p4-cloud-ui-fixes-04/artifacts/cloud-ui/01-fr_FR-chooser-My-Games-hub.png
 create mode 100644 docs/qa-logs/2026-10-06-pixelelated-replacement-15/p4-cloud-ui-fixes-04/artifacts/cloud-ui/01-fr_FR-chooser-My-Games-menu-before.png
 create mode 100644 docs/qa-logs/2026-10-06-pixelelated-replacement-15/p4-cloud-ui-fixes-04/artifacts/cloud-ui/01-fr_FR-chooser-My-Games-opening-result.png
 create mode 100644 docs/qa-logs/2026-10-06-pixelelated-replacement-15/p4-cloud-ui-fixes-04/artifacts/cloud-ui/01-fr_FR-chooser-MyGames-chooser.png
 create mode 100644 docs/qa-logs/2026-10-06-pixelelated-replacement-15/p4-cloud-ui-fixes-04/artifacts/cloud-ui/01-fr_FR-chooser-MyGames-chosen-row.png
 create mode 100644 docs/qa-logs/2026-10-06-pixelelated-replacement-15/p4-cloud-ui-fixes-04/artifacts/cloud-ui/01-fr_FR-chooser-MyGames-content-ticked.png
 create mode 100644 docs/qa-logs/2026-10-06-pixelelated-replacement-15/p4-cloud-ui-fixes-04/artifacts/cloud-ui/01-fr_FR-chooser-MyGames-hub.png
 create mode 100644 docs/qa-logs/2026-10-06-pixelelated-replacement-15/p4-cloud-ui-fixes-04/artifacts/cloud-ui/01-fr_FR-chooser-MyGames-menu-before.png
 create mode 100644 docs/qa-logs/2026-10-06-pixelelated-replacement-15/p4-cloud-ui-fixes-04/artifacts/cloud-ui/01-fr_FR-chooser-MyGames-opening-result.png
 create mode 100644 docs/qa-logs/2026-10-06-pixelelated-replacement-15/p4-cloud-ui-fixes-04/artifacts/cloud-ui/01-fr_FR-legacy-root-content-ticked.png
 create mode 100644 docs/qa-logs/2026-10-06-pixelelated-replacement-15/p4-cloud-ui-fixes-04/artifacts/cloud-ui/01-fr_FR-legacy-root-hub.png
 create mode 100644 docs/qa-logs/2026-10-06-pixelelated-replacement-15/p4-cloud-ui-fixes-04/artifacts/cloud-ui/01-fr_FR-legacy-root-menu-before.png
 create mode 100644 docs/qa-logs/2026-10-06-pixelelated-replacement-15/p4-cloud-ui-fixes-04/artifacts/cloud-ui/01-fr_FR-legacy-root-opening-result.png
 create mode 100644 docs/qa-logs/2026-10-06-pixelelated-replacement-15/p4-cloud-ui-fixes-04/artifacts/cloud-ui/01-fr_FR-old-pointer-recovery-hub-change-folder-row.png
 create mode 100644 docs/qa-logs/2026-10-06-pixelelated-replacement-15/p4-cloud-ui-fixes-04/artifacts/cloud-ui/01-fr_FR-old-pointer-recovery-hub.png
 create mode 100644 docs/qa-logs/2026-10-06-pixelelated-replacement-15/p4-cloud-ui-fixes-04/artifacts/cloud-ui/01-fr_FR-old-pointer-recovery-menu-before.png
 create mode 100644 docs/qa-logs/2026-10-06-pixelelated-replacement-15/p4-cloud-ui-fixes-04/artifacts/cloud-ui/01-fr_FR-old-pointer-recovery-recovered-folder-row.png
 create mode 100644 docs/qa-logs/2026-10-06-pixelelated-replacement-15/p4-cloud-ui-fixes-04/artifacts/cloud-ui/01-fr_FR-reason-config-hub.png
 create mode 100644 docs/qa-logs/2026-10-06-pixelelated-replacement-15/p4-cloud-ui-fixes-04/artifacts/cloud-ui/01-fr_FR-reason-config-menu-before.png
 create mode 100644 docs/qa-logs/2026-10-06-pixelelated-replacement-15/p4-cloud-ui-fixes-04/artifacts/cloud-ui/01-fr_FR-reason-config-opening-result.png
 create mode 100644 docs/qa-logs/2026-10-06-pixelelated-replacement-15/p4-cloud-ui-fixes-04/artifacts/cloud-ui/01-fr_FR-reason-future-hub.png
 create mode 100644 docs/qa-logs/2026-10-06-pixelelated-replacement-15/p4-cloud-ui-fixes-04/artifacts/cloud-ui/01-fr_FR-reason-future-menu-before.png
 create mode 100644 docs/qa-logs/2026-10-06-pixelelated-replacement-15/p4-cloud-ui-fixes-04/artifacts/cloud-ui/01-fr_FR-reason-future-opening-result.png
 create mode 100644 docs/qa-logs/2026-10-06-pixelelated-replacement-15/p4-cloud-ui-fixes-04/artifacts/cloud-ui/01-fr_FR-reason-malformed-hub.png
 create mode 100644 docs/qa-logs/2026-10-06-pixelelated-replacement-15/p4-cloud-ui-fixes-04/artifacts/cloud-ui/01-fr_FR-reason-malformed-menu-before.png
 create mode 100644 docs/qa-logs/2026-10-06-pixelelated-replacement-15/p4-cloud-ui-fixes-04/artifacts/cloud-ui/01-fr_FR-reason-malformed-opening-result.png
 create mode 100644 docs/qa-logs/2026-10-06-pixelelated-replacement-15/p4-cloud-ui-fixes-04/artifacts/cloud-ui/01-fr_FR-reason-record-hub.png
 create mode 100644 docs/qa-logs/2026-10-06-pixelelated-replacement-15/p4-cloud-ui-fixes-04/artifacts/cloud-ui/01-fr_FR-reason-record-menu-before.png
 create mode 100644 docs/qa-logs/2026-10-06-pixelelated-replacement-15/p4-cloud-ui-fixes-04/artifacts/cloud-ui/01-fr_FR-reason-record-opening-result.png
 create mode 100644 docs/qa-logs/2026-10-06-pixelelated-replacement-15/p4-cloud-ui-fixes-04/artifacts/cloud-ui/02-en_US-chooser-Games-old-content-outcome.png
 create mode 100644 docs/qa-logs/2026-10-06-pixelelated-replacement-15/p4-cloud-ui-fixes-04/artifacts/cloud-ui/02-en_US-chooser-Games-old-main-menu.png
 create mode 100644 docs/qa-logs/2026-10-06-pixelelated-replacement-15/p4-cloud-ui-fixes-04/artifacts/cloud-ui/02-en_US-chooser-Games-old-systems-after-selection.png
 create mode 100644 docs/qa-logs/2026-10-06-pixelelated-replacement-15/p4-cloud-ui-fixes-04/artifacts/cloud-ui/02-en_US-chooser-My-Games-content-outcome.png
 create mode 100644 docs/qa-logs/2026-10-06-pixelelated-replacement-15/p4-cloud-ui-fixes-04/artifacts/cloud-ui/02-en_US-chooser-My-Games-main-menu.png
 create mode 100644 docs/qa-logs/2026-10-06-pixelelated-replacement-15/p4-cloud-ui-fixes-04/artifacts/cloud-ui/02-en_US-chooser-My-Games-systems-after-selection.png
 create mode 100644 docs/qa-logs/2026-10-06-pixelelated-replacement-15/p4-cloud-ui-fixes-04/artifacts/cloud-ui/02-en_US-chooser-MyGames-content-outcome.png
 create mode 100644 docs/qa-logs/2026-10-06-pixelelated-replacement-15/p4-cloud-ui-fixes-04/artifacts/cloud-ui/02-en_US-chooser-MyGames-main-menu.png
 create mode 100644 docs/qa-logs/2026-10-06-pixelelated-replacement-15/p4-cloud-ui-fixes-04/artifacts/cloud-ui/02-en_US-chooser-MyGames-systems-after-selection.png
 create mode 100644 docs/qa-logs/2026-10-06-pixelelated-replacement-15/p4-cloud-ui-fixes-04/artifacts/cloud-ui/02-en_US-legacy-root-content-outcome.png
 create mode 100644 docs/qa-logs/2026-10-06-pixelelated-replacement-15/p4-cloud-ui-fixes-04/artifacts/cloud-ui/02-en_US-legacy-root-main-menu.png
 create mode 100644 docs/qa-logs/2026-10-06-pixelelated-replacement-15/p4-cloud-ui-fixes-04/artifacts/cloud-ui/02-en_US-old-pointer-recovery-folder-editor.png
 create mode 100644 docs/qa-logs/2026-10-06-pixelelated-replacement-15/p4-cloud-ui-fixes-04/artifacts/cloud-ui/02-en_US-old-pointer-recovery-main-menu.png
 create mode 100644 docs/qa-logs/2026-10-06-pixelelated-replacement-15/p4-cloud-ui-fixes-04/artifacts/cloud-ui/02-en_US-reason-config-main-menu.png
 create mode 100644 docs/qa-logs/2026-10-06-pixelelated-replacement-15/p4-cloud-ui-fixes-04/artifacts/cloud-ui/02-en_US-reason-future-main-menu.png
 create mode 100644 docs/qa-logs/2026-10-06-pixelelated-replacement-15/p4-cloud-ui-fixes-04/artifacts/cloud-ui/02-en_US-reason-malformed-main-menu.png
 create mode 100644 docs/qa-logs/2026-10-06-pixelelated-replacement-15/p4-cloud-ui-fixes-04/artifacts/cloud-ui/02-en_US-reason-record-main-menu.png
 create mode 100644 docs/qa-logs/2026-10-06-pixelelated-replacement-15/p4-cloud-ui-fixes-04/artifacts/cloud-ui/02-fr_FR-chooser-Games-old-content-outcome.png
 create mode 100644 docs/qa-logs/2026-10-06-pixelelated-replacement-15/p4-cloud-ui-fixes-04/artifacts/cloud-ui/02-fr_FR-chooser-Games-old-main-menu.png
 create mode 100644 docs/qa-logs/2026-10-06-pixelelated-replacement-15/p4-cloud-ui-fixes-04/artifacts/cloud-ui/02-fr_FR-chooser-Games-old-systems-after-selection.png
 create mode 100644 docs/qa-logs/2026-10-06-pixelelated-replacement-15/p4-cloud-ui-fixes-04/artifacts/cloud-ui/02-fr_FR-chooser-My-Games-content-outcome.png
 create mode 100644 docs/qa-logs/2026-10-06-pixelelated-replacement-15/p4-cloud-ui-fixes-04/artifacts/cloud-ui/02-fr_FR-chooser-My-Games-main-menu.png
 create mode 100644 docs/qa-logs/2026-10-06-pixelelated-replacement-15/p4-cloud-ui-fixes-04/artifacts/cloud-ui/02-fr_FR-chooser-My-Games-systems-after-selection.png
 create mode 100644 docs/qa-logs/2026-10-06-pixelelated-replacement-15/p4-cloud-ui-fixes-04/artifacts/cloud-ui/02-fr_FR-chooser-MyGames-content-outcome.png
 create mode 100644 docs/qa-logs/2026-10-06-pixelelated-replacement-15/p4-cloud-ui-fixes-04/artifacts/cloud-ui/02-fr_FR-chooser-MyGames-main-menu.png
 create mode 100644 docs/qa-logs/2026-10-06-pixelelated-replacement-15/p4-cloud-ui-fixes-04/artifacts/cloud-ui/02-fr_FR-chooser-MyGames-systems-after-selection.png
 create mode 100644 docs/qa-logs/2026-10-06-pixelelated-replacement-15/p4-cloud-ui-fixes-04/artifacts/cloud-ui/02-fr_FR-legacy-root-content-outcome.png
 create mode 100644 docs/qa-logs/2026-10-06-pixelelated-replacement-15/p4-cloud-ui-fixes-04/artifacts/cloud-ui/02-fr_FR-legacy-root-main-menu.png
 create mode 100644 docs/qa-logs/2026-10-06-pixelelated-replacement-15/p4-cloud-ui-fixes-04/artifacts/cloud-ui/02-fr_FR-old-pointer-recovery-folder-editor.png
 create mode 100644 docs/qa-logs/2026-10-06-pixelelated-replacement-15/p4-cloud-ui-fixes-04/artifacts/cloud-ui/02-fr_FR-old-pointer-recovery-main-menu.png
 create mode 100644 docs/qa-logs/2026-10-06-pixelelated-replacement-15/p4-cloud-ui-fixes-04/artifacts/cloud-ui/02-fr_FR-reason-config-main-menu.png
 create mode 100644 docs/qa-logs/2026-10-06-pixelelated-replacement-15/p4-cloud-ui-fixes-04/artifacts/cloud-ui/02-fr_FR-reason-future-main-menu.png
 create mode 100644 docs/qa-logs/2026-10-06-pixelelated-replacement-15/p4-cloud-ui-fixes-04/artifacts/cloud-ui/02-fr_FR-reason-malformed-main-menu.png
 create mode 100644 docs/qa-logs/2026-10-06-pixelelated-replacement-15/p4-cloud-ui-fixes-04/artifacts/cloud-ui/02-fr_FR-reason-record-main-menu.png
 create mode 100644 docs/qa-logs/2026-10-06-pixelelated-replacement-15/p4-cloud-ui-fixes-04/artifacts/cloud-ui/en_US-chooser-Games..old-carousel.log
 create mode 100644 docs/qa-logs/2026-10-06-pixelelated-replacement-15/p4-cloud-ui-fixes-04/artifacts/cloud-ui/en_US-chooser-Games..old-carousel.steps
 create mode 100644 docs/qa-logs/2026-10-06-pixelelated-replacement-15/p4-cloud-ui-fixes-04/artifacts/cloud-ui/en_US-chooser-Games..old-chooser.log
 create mode 100644 docs/qa-logs/2026-10-06-pixelelated-replacement-15/p4-cloud-ui-fixes-04/artifacts/cloud-ui/en_US-chooser-Games..old-chooser.steps
 create mode 100644 docs/qa-logs/2026-10-06-pixelelated-replacement-15/p4-cloud-ui-fixes-04/artifacts/cloud-ui/en_US-chooser-Games..old-close.log
 create mode 100644 docs/qa-logs/2026-10-06-pixelelated-replacement-15/p4-cloud-ui-fixes-04/artifacts/cloud-ui/en_US-chooser-Games..old-close.steps
 create mode 100644 docs/qa-logs/2026-10-06-pixelelated-replacement-15/p4-cloud-ui-fixes-04/artifacts/cloud-ui/en_US-chooser-Games..old-continue.log
 create mode 100644 docs/qa-logs/2026-10-06-pixelelated-replacement-15/p4-cloud-ui-fixes-04/artifacts/cloud-ui/en_US-chooser-Games..old-continue.steps
 create mode 100644 docs/qa-logs/2026-10-06-pixelelated-replacement-15/p4-cloud-ui-fixes-04/artifacts/cloud-ui/en_US-chooser-Games..old-hub-menu.log
 create mode 100644 docs/qa-logs/2026-10-06-pixelelated-replacement-15/p4-cloud-ui-fixes-04/artifacts/cloud-ui/en_US-chooser-Games..old-hub-menu.steps
 create mode 100644 docs/qa-logs/2026-10-06-pixelelated-replacement-15/p4-cloud-ui-fixes-04/artifacts/cloud-ui/en_US-chooser-Games..old-hub.log
 create mode 100644 docs/qa-logs/2026-10-06-pixelelated-replacement-15/p4-cloud-ui-fixes-04/artifacts/cloud-ui/en_US-chooser-Games..old-hub.steps
 create mode 100644 docs/qa-logs/2026-10-06-pixelelated-replacement-15/p4-cloud-ui-fixes-04/artifacts/cloud-ui/en_US-chooser-Games..old-opening-scan.log
 create mode 100644 docs/qa-logs/2026-10-06-pixelelated-replacement-15/p4-cloud-ui-fixes-04/artifacts/cloud-ui/en_US-chooser-Games..old-opening-scan.steps
 create mode 100644 docs/qa-logs/2026-10-06-pixelelated-replacement-15/p4-cloud-ui-fixes-04/artifacts/cloud-ui/en_US-chooser-Games..old-select.log
 create mode 100644 docs/qa-logs/2026-10-06-pixelelated-replacement-15/p4-cloud-ui-fixes-04/artifacts/cloud-ui/en_US-chooser-Games..old-select.steps
 create mode 100644 docs/qa-logs/2026-10-06-pixelelated-replacement-15/p4-cloud-ui-fixes-04/artifacts/cloud-ui/en_US-chooser-Games..old-selection.json
 create mode 100644 docs/qa-logs/2026-10-06-pixelelated-replacement-15/p4-cloud-ui-fixes-04/artifacts/cloud-ui/en_US-chooser-My Games-carousel.log
 create mode 100644 docs/qa-logs/2026-10-06-pixelelated-replacement-15/p4-cloud-ui-fixes-04/artifacts/cloud-ui/en_US-chooser-My Games-carousel.steps
 create mode 100644 docs/qa-logs/2026-10-06-pixelelated-replacement-15/p4-cloud-ui-fixes-04/artifacts/cloud-ui/en_US-chooser-My Games-chooser.log
 create mode 100644 docs/qa-logs/2026-10-06-pixelelated-replacement-15/p4-cloud-ui-fixes-04/artifacts/cloud-ui/en_US-chooser-My Games-chooser.steps
 create mode 100644 docs/qa-logs/2026-10-06-pixelelated-replacement-15/p4-cloud-ui-fixes-04/artifacts/cloud-ui/en_US-chooser-My Games-close.log
 create mode 100644 docs/qa-logs/2026-10-06-pixelelated-replacement-15/p4-cloud-ui-fixes-04/artifacts/cloud-ui/en_US-chooser-My Games-close.steps
 create mode 100644 docs/qa-logs/2026-10-06-pixelelated-replacement-15/p4-cloud-ui-fixes-04/artifacts/cloud-ui/en_US-chooser-My Games-continue.log
 create mode 100644 docs/qa-logs/2026-10-06-pixelelated-replacement-15/p4-cloud-ui-fixes-04/artifacts/cloud-ui/en_US-chooser-My Games-continue.steps
 create mode 100644 docs/qa-logs/2026-10-06-pixelelated-replacement-15/p4-cloud-ui-fixes-04/artifacts/cloud-ui/en_US-chooser-My Games-hub-menu.log
 create mode 100644 docs/qa-logs/2026-10-06-pixelelated-replacement-15/p4-cloud-ui-fixes-04/artifacts/cloud-ui/en_US-chooser-My Games-hub-menu.steps
 create mode 100644 docs/qa-logs/2026-10-06-pixelelated-replacement-15/p4-cloud-ui-fixes-04/artifacts/cloud-ui/en_US-chooser-My Games-hub.log
 create mode 100644 docs/qa-logs/2026-10-06-pixelelated-replacement-15/p4-cloud-ui-fixes-04/artifacts/cloud-ui/en_US-chooser-My Games-hub.steps
 create mode 100644 docs/qa-logs/2026-10-06-pixelelated-replacement-15/p4-cloud-ui-fixes-04/artifacts/cloud-ui/en_US-chooser-My Games-opening-scan.log
 create mode 100644 docs/qa-logs/2026-10-06-pixelelated-replacement-15/p4-cloud-ui-fixes-04/artifacts/cloud-ui/en_US-chooser-My Games-opening-scan.steps
 create mode 100644 docs/qa-logs/2026-10-06-pixelelated-replacement-15/p4-cloud-ui-fixes-04/artifacts/cloud-ui/en_US-chooser-My Games-select.log
 create mode 100644 docs/qa-logs/2026-10-06-pixelelated-replacement-15/p4-cloud-ui-fixes-04/artifacts/cloud-ui/en_US-chooser-My Games-select.steps
 create mode 100644 docs/qa-logs/2026-10-06-pixelelated-replacement-15/p4-cloud-ui-fixes-04/artifacts/cloud-ui/en_US-chooser-My Games-selection.json
 create mode 100644 docs/qa-logs/2026-10-06-pixelelated-replacement-15/p4-cloud-ui-fixes-04/artifacts/cloud-ui/en_US-chooser-MyGames-carousel.log
 create mode 100644 docs/qa-logs/2026-10-06-pixelelated-replacement-15/p4-cloud-ui-fixes-04/artifacts/cloud-ui/en_US-chooser-MyGames-carousel.steps
 create mode 100644 docs/qa-logs/2026-10-06-pixelelated-replacement-15/p4-cloud-ui-fixes-04/artifacts/cloud-ui/en_US-chooser-MyGames-chooser.log
 create mode 100644 docs/qa-logs/2026-10-06-pixelelated-replacement-15/p4-cloud-ui-fixes-04/artifacts/cloud-ui/en_US-chooser-MyGames-chooser.steps
 create mode 100644 docs/qa-logs/2026-10-06-pixelelated-replacement-15/p4-cloud-ui-fixes-04/artifacts/cloud-ui/en_US-chooser-MyGames-close.log
 create mode 100644 docs/qa-logs/2026-10-06-pixelelated-replacement-15/p4-cloud-ui-fixes-04/artifacts/cloud-ui/en_US-chooser-MyGames-close.steps
 create mode 100644 docs/qa-logs/2026-10-06-pixelelated-replacement-15/p4-cloud-ui-fixes-04/artifacts/cloud-ui/en_US-chooser-MyGames-continue.log
 create mode 100644 docs/qa-logs/2026-10-06-pixelelated-replacement-15/p4-cloud-ui-fixes-04/artifacts/cloud-ui/en_US-chooser-MyGames-continue.steps
 create mode 100644 docs/qa-logs/2026-10-06-pixelelated-replacement-15/p4-cloud-ui-fixes-04/artifacts/cloud-ui/en_US-chooser-MyGames-hub-menu.log
 create mode 100644 docs/qa-logs/2026-10-06-pixelelated-replacement-15/p4-cloud-ui-fixes-04/artifacts/cloud-ui/en_US-chooser-MyGames-hub-menu.steps
 create mode 100644 docs/qa-logs/2026-10-06-pixelelated-replacement-15/p4-cloud-ui-fixes-04/artifacts/cloud-ui/en_US-chooser-MyGames-hub.log
 create mode 100644 docs/qa-logs/2026-10-06-pixelelated-replacement-15/p4-cloud-ui-fixes-04/artifacts/cloud-ui/en_US-chooser-MyGames-hub.steps
 create mode 100644 docs/qa-logs/2026-10-06-pixelelated-replacement-15/p4-cloud-ui-fixes-04/artifacts/cloud-ui/en_US-chooser-MyGames-opening-scan.log
 create mode 100644 docs/qa-logs/2026-10-06-pixelelated-replacement-15/p4-cloud-ui-fixes-04/artifacts/cloud-ui/en_US-chooser-MyGames-opening-scan.steps
 create mode 100644 docs/qa-logs/2026-10-06-pixelelated-replacement-15/p4-cloud-ui-fixes-04/artifacts/cloud-ui/en_US-chooser-MyGames-select.log
 create mode 100644 docs/qa-logs/2026-10-06-pixelelated-replacement-15/p4-cloud-ui-fixes-04/artifacts/cloud-ui/en_US-chooser-MyGames-select.steps
 create mode 100644 docs/qa-logs/2026-10-06-pixelelated-replacement-15/p4-cloud-ui-fixes-04/artifacts/cloud-ui/en_US-chooser-MyGames-selection.json
 create mode 100644 docs/qa-logs/2026-10-06-pixelelated-replacement-15/p4-cloud-ui-fixes-04/artifacts/cloud-ui/en_US-legacy-root-carousel.log
 create mode 100644 docs/qa-logs/2026-10-06-pixelelated-replacement-15/p4-cloud-ui-fixes-04/artifacts/cloud-ui/en_US-legacy-root-carousel.steps
 create mode 100644 docs/qa-logs/2026-10-06-pixelelated-replacement-15/p4-cloud-ui-fixes-04/artifacts/cloud-ui/en_US-legacy-root-close.log
 create mode 100644 docs/qa-logs/2026-10-06-pixelelated-replacement-15/p4-cloud-ui-fixes-04/artifacts/cloud-ui/en_US-legacy-root-close.steps
 create mode 100644 docs/qa-logs/2026-10-06-pixelelated-replacement-15/p4-cloud-ui-fixes-04/artifacts/cloud-ui/en_US-legacy-root-continue.log
 create mode 100644 docs/qa-logs/2026-10-06-pixelelated-replacement-15/p4-cloud-ui-fixes-04/artifacts/cloud-ui/en_US-legacy-root-continue.steps
 create mode 100644 docs/qa-logs/2026-10-06-pixelelated-replacement-15/p4-cloud-ui-fixes-04/artifacts/cloud-ui/en_US-legacy-root-hub-menu.log
 create mode 100644 docs/qa-logs/2026-10-06-pixelelated-replacement-15/p4-cloud-ui-fixes-04/artifacts/cloud-ui/en_US-legacy-root-hub-menu.steps
 create mode 100644 docs/qa-logs/2026-10-06-pixelelated-replacement-15/p4-cloud-ui-fixes-04/artifacts/cloud-ui/en_US-legacy-root-hub.log
 create mode 100644 docs/qa-logs/2026-10-06-pixelelated-replacement-15/p4-cloud-ui-fixes-04/artifacts/cloud-ui/en_US-legacy-root-hub.steps
 create mode 100644 docs/qa-logs/2026-10-06-pixelelated-replacement-15/p4-cloud-ui-fixes-04/artifacts/cloud-ui/en_US-legacy-root-opening-scan.log
 create mode 100644 docs/qa-logs/2026-10-06-pixelelated-replacement-15/p4-cloud-ui-fixes-04/artifacts/cloud-ui/en_US-legacy-root-opening-scan.steps
 create mode 100644 docs/qa-logs/2026-10-06-pixelelated-replacement-15/p4-cloud-ui-fixes-04/artifacts/cloud-ui/en_US-legacy-root-root.json
 create mode 100644 docs/qa-logs/2026-10-06-pixelelated-replacement-15/p4-cloud-ui-fixes-04/artifacts/cloud-ui/en_US-old-pointer-recovery-carousel.log
 create mode 100644 docs/qa-logs/2026-10-06-pixelelated-replacement-15/p4-cloud-ui-fixes-04/artifacts/cloud-ui/en_US-old-pointer-recovery-carousel.steps
 create mode 100644 docs/qa-logs/2026-10-06-pixelelated-replacement-15/p4-cloud-ui-fixes-04/artifacts/cloud-ui/en_US-old-pointer-recovery-close.log
 create mode 100644 docs/qa-logs/2026-10-06-pixelelated-replacement-15/p4-cloud-ui-fixes-04/artifacts/cloud-ui/en_US-old-pointer-recovery-close.steps
 create mode 100644 docs/qa-logs/2026-10-06-pixelelated-replacement-15/p4-cloud-ui-fixes-04/artifacts/cloud-ui/en_US-old-pointer-recovery-folder-editor.log
 create mode 100644 docs/qa-logs/2026-10-06-pixelelated-replacement-15/p4-cloud-ui-fixes-04/artifacts/cloud-ui/en_US-old-pointer-recovery-folder-editor.steps
 create mode 100644 docs/qa-logs/2026-10-06-pixelelated-replacement-15/p4-cloud-ui-fixes-04/artifacts/cloud-ui/en_US-old-pointer-recovery-hub-menu.log
 create mode 100644 docs/qa-logs/2026-10-06-pixelelated-replacement-15/p4-cloud-ui-fixes-04/artifacts/cloud-ui/en_US-old-pointer-recovery-hub-menu.steps
 create mode 100644 docs/qa-logs/2026-10-06-pixelelated-replacement-15/p4-cloud-ui-fixes-04/artifacts/cloud-ui/en_US-old-pointer-recovery-hub.log
 create mode 100644 docs/qa-logs/2026-10-06-pixelelated-replacement-15/p4-cloud-ui-fixes-04/artifacts/cloud-ui/en_US-old-pointer-recovery-hub.steps
 create mode 100644 docs/qa-logs/2026-10-06-pixelelated-replacement-15/p4-cloud-ui-fixes-04/artifacts/cloud-ui/en_US-old-pointer-recovery-recovery.json
 create mode 100644 docs/qa-logs/2026-10-06-pixelelated-replacement-15/p4-cloud-ui-fixes-04/artifacts/cloud-ui/en_US-old-pointer-recovery-save-selection.log
 create mode 100644 docs/qa-logs/2026-10-06-pixelelated-replacement-15/p4-cloud-ui-fixes-04/artifacts/cloud-ui/en_US-old-pointer-recovery-save-selection.steps
 create mode 100644 docs/qa-logs/2026-10-06-pixelelated-replacement-15/p4-cloud-ui-fixes-04/artifacts/cloud-ui/en_US-reason-config-carousel.log
 create mode 100644 docs/qa-logs/2026-10-06-pixelelated-replacement-15/p4-cloud-ui-fixes-04/artifacts/cloud-ui/en_US-reason-config-carousel.steps
 create mode 100644 docs/qa-logs/2026-10-06-pixelelated-replacement-15/p4-cloud-ui-fixes-04/artifacts/cloud-ui/en_US-reason-config-close.log
 create mode 100644 docs/qa-logs/2026-10-06-pixelelated-replacement-15/p4-cloud-ui-fixes-04/artifacts/cloud-ui/en_US-reason-config-close.steps
 create mode 100644 docs/qa-logs/2026-10-06-pixelelated-replacement-15/p4-cloud-ui-fixes-04/artifacts/cloud-ui/en_US-reason-config-hub-menu.log
 create mode 100644 docs/qa-logs/2026-10-06-pixelelated-replacement-15/p4-cloud-ui-fixes-04/artifacts/cloud-ui/en_US-reason-config-hub-menu.steps
 create mode 100644 docs/qa-logs/2026-10-06-pixelelated-replacement-15/p4-cloud-ui-fixes-04/artifacts/cloud-ui/en_US-reason-config-hub.log
 create mode 100644 docs/qa-logs/2026-10-06-pixelelated-replacement-15/p4-cloud-ui-fixes-04/artifacts/cloud-ui/en_US-reason-config-hub.steps
 create mode 100644 docs/qa-logs/2026-10-06-pixelelated-replacement-15/p4-cloud-ui-fixes-04/artifacts/cloud-ui/en_US-reason-config-opening-scan.log
 create mode 100644 docs/qa-logs/2026-10-06-pixelelated-replacement-15/p4-cloud-ui-fixes-04/artifacts/cloud-ui/en_US-reason-config-opening-scan.steps
 create mode 100644 docs/qa-logs/2026-10-06-pixelelated-replacement-15/p4-cloud-ui-fixes-04/artifacts/cloud-ui/en_US-reason-config-reason.json
 create mode 100644 docs/qa-logs/2026-10-06-pixelelated-replacement-15/p4-cloud-ui-fixes-04/artifacts/cloud-ui/en_US-reason-future-carousel.log
 create mode 100644 docs/qa-logs/2026-10-06-pixelelated-replacement-15/p4-cloud-ui-fixes-04/artifacts/cloud-ui/en_US-reason-future-carousel.steps
 create mode 100644 docs/qa-logs/2026-10-06-pixelelated-replacement-15/p4-cloud-ui-fixes-04/artifacts/cloud-ui/en_US-reason-future-close.log
 create mode 100644 docs/qa-logs/2026-10-06-pixelelated-replacement-15/p4-cloud-ui-fixes-04/artifacts/cloud-ui/en_US-reason-future-close.steps
 create mode 100644 docs/qa-logs/2026-10-06-pixelelated-replacement-15/p4-cloud-ui-fixes-04/artifacts/cloud-ui/en_US-reason-future-hub-menu.log
 create mode 100644 docs/qa-logs/2026-10-06-pixelelated-replacement-15/p4-cloud-ui-fixes-04/artifacts/cloud-ui/en_US-reason-future-hub-menu.steps
 create mode 100644 docs/qa-logs/2026-10-06-pixelelated-replacement-15/p4-cloud-ui-fixes-04/artifacts/cloud-ui/en_US-reason-future-hub.log
 create mode 100644 docs/qa-logs/2026-10-06-pixelelated-replacement-15/p4-cloud-ui-fixes-04/artifacts/cloud-ui/en_US-reason-future-hub.steps
 create mode 100644 docs/qa-logs/2026-10-06-pixelelated-replacement-15/p4-cloud-ui-fixes-04/artifacts/cloud-ui/en_US-reason-future-opening-scan.log
 create mode 100644 docs/qa-logs/2026-10-06-pixelelated-replacement-15/p4-cloud-ui-fixes-04/artifacts/cloud-ui/en_US-reason-future-opening-scan.steps
 create mode 100644 docs/qa-logs/2026-10-06-pixelelated-replacement-15/p4-cloud-ui-fixes-04/artifacts/cloud-ui/en_US-reason-future-reason.json
 create mode 100644 docs/qa-logs/2026-10-06-pixelelated-replacement-15/p4-cloud-ui-fixes-04/artifacts/cloud-ui/en_US-reason-malformed-carousel.log
 create mode 100644 docs/qa-logs/2026-10-06-pixelelated-replacement-15/p4-cloud-ui-fixes-04/artifacts/cloud-ui/en_US-reason-malformed-carousel.steps
 create mode 100644 docs/qa-logs/2026-10-06-pixelelated-replacement-15/p4-cloud-ui-fixes-04/artifacts/cloud-ui/en_US-reason-malformed-close.log
 create mode 100644 docs/qa-logs/2026-10-06-pixelelated-replacement-15/p4-cloud-ui-fixes-04/artifacts/cloud-ui/en_US-reason-malformed-close.steps
 create mode 100644 docs/qa-logs/2026-10-06-pixelelated-replacement-15/p4-cloud-ui-fixes-04/artifacts/cloud-ui/en_US-reason-malformed-hub-menu.log
 create mode 100644 docs/qa-logs/2026-10-06-pixelelated-replacement-15/p4-cloud-ui-fixes-04/artifacts/cloud-ui/en_US-reason-malformed-hub-menu.steps
 create mode 100644 docs/qa-logs/2026-10-06-pixelelated-replacement-15/p4-cloud-ui-fixes-04/artifacts/cloud-ui/en_US-reason-malformed-hub.log
 create mode 100644 docs/qa-logs/2026-10-06-pixelelated-replacement-15/p4-cloud-ui-fixes-04/artifacts/cloud-ui/en_US-reason-malformed-hub.steps
 create mode 100644 docs/qa-logs/2026-10-06-pixelelated-replacement-15/p4-cloud-ui-fixes-04/artifacts/cloud-ui/en_US-reason-malformed-opening-scan.log
 create mode 100644 docs/qa-logs/2026-10-06-pixelelated-replacement-15/p4-cloud-ui-fixes-04/artifacts/cloud-ui/en_US-reason-malformed-opening-scan.steps
 create mode 100644 docs/qa-logs/2026-10-06-pixelelated-replacement-15/p4-cloud-ui-fixes-04/artifacts/cloud-ui/en_US-reason-malformed-reason.json
 create mode 100644 docs/qa-logs/2026-10-06-pixelelated-replacement-15/p4-cloud-ui-fixes-04/artifacts/cloud-ui/en_US-reason-record-carousel.log
 create mode 100644 docs/qa-logs/2026-10-06-pixelelated-replacement-15/p4-cloud-ui-fixes-04/artifacts/cloud-ui/en_US-reason-record-carousel.steps
 create mode 100644 docs/qa-logs/2026-10-06-pixelelated-replacement-15/p4-cloud-ui-fixes-04/artifacts/cloud-ui/en_US-reason-record-close.log
 create mode 100644 docs/qa-logs/2026-10-06-pixelelated-replacement-15/p4-cloud-ui-fixes-04/artifacts/cloud-ui/en_US-reason-record-close.steps
 create mode 100644 docs/qa-logs/2026-10-06-pixelelated-replacement-15/p4-cloud-ui-fixes-04/artifacts/cloud-ui/en_US-reason-record-hub-menu.log
 create mode 100644 docs/qa-logs/2026-10-06-pixelelated-replacement-15/p4-cloud-ui-fixes-04/artifacts/cloud-ui/en_US-reason-record-hub-menu.steps
 create mode 100644 docs/qa-logs/2026-10-06-pixelelated-replacement-15/p4-cloud-ui-fixes-04/artifacts/cloud-ui/en_US-reason-record-hub.log
 create mode 100644 docs/qa-logs/2026-10-06-pixelelated-replacement-15/p4-cloud-ui-fixes-04/artifacts/cloud-ui/en_US-reason-record-hub.steps
 create mode 100644 docs/qa-logs/2026-10-06-pixelelated-replacement-15/p4-cloud-ui-fixes-04/artifacts/cloud-ui/en_US-reason-record-opening-scan.log
 create mode 100644 docs/qa-logs/2026-10-06-pixelelated-replacement-15/p4-cloud-ui-fixes-04/artifacts/cloud-ui/en_US-reason-record-opening-scan.steps
 create mode 100644 docs/qa-logs/2026-10-06-pixelelated-replacement-15/p4-cloud-ui-fixes-04/artifacts/cloud-ui/en_US-reason-record-reason.json
 create mode 100644 docs/qa-logs/2026-10-06-pixelelated-replacement-15/p4-cloud-ui-fixes-04/artifacts/cloud-ui/fr_FR-chooser-Games..old-carousel.log
 create mode 100644 docs/qa-logs/2026-10-06-pixelelated-replacement-15/p4-cloud-ui-fixes-04/artifacts/cloud-ui/fr_FR-chooser-Games..old-carousel.steps
 create mode 100644 docs/qa-logs/2026-10-06-pixelelated-replacement-15/p4-cloud-ui-fixes-04/artifacts/cloud-ui/fr_FR-chooser-Games..old-chooser.log
 create mode 100644 docs/qa-logs/2026-10-06-pixelelated-replacement-15/p4-cloud-ui-fixes-04/artifacts/cloud-ui/fr_FR-chooser-Games..old-chooser.steps
 create mode 100644 docs/qa-logs/2026-10-06-pixelelated-replacement-15/p4-cloud-ui-fixes-04/artifacts/cloud-ui/fr_FR-chooser-Games..old-close.log
 create mode 100644 docs/qa-logs/2026-10-06-pixelelated-replacement-15/p4-cloud-ui-fixes-04/artifacts/cloud-ui/fr_FR-chooser-Games..old-close.steps
 create mode 100644 docs/qa-logs/2026-10-06-pixelelated-replacement-15/p4-cloud-ui-fixes-04/artifacts/cloud-ui/fr_FR-chooser-Games..old-continue.log
 create mode 100644 docs/qa-logs/2026-10-06-pixelelated-replacement-15/p4-cloud-ui-fixes-04/artifacts/cloud-ui/fr_FR-chooser-Games..old-continue.steps
 create mode 100644 docs/qa-logs/2026-10-06-pixelelated-replacement-15/p4-cloud-ui-fixes-04/artifacts/cloud-ui/fr_FR-chooser-Games..old-hub-menu.log
 create mode 100644 docs/qa-logs/2026-10-06-pixelelated-replacement-15/p4-cloud-ui-fixes-04/artifacts/cloud-ui/fr_FR-chooser-Games..old-hub-menu.steps
 create mode 100644 docs/qa-logs/2026-10-06-pixelelated-replacement-15/p4-cloud-ui-fixes-04/artifacts/cloud-ui/fr_FR-chooser-Games..old-hub.log
 create mode 100644 docs/qa-logs/2026-10-06-pixelelated-replacement-15/p4-cloud-ui-fixes-04/artifacts/cloud-ui/fr_FR-chooser-Games..old-hub.steps
 create mode 100644 docs/qa-logs/2026-10-06-pixelelated-replacement-15/p4-cloud-ui-fixes-04/artifacts/cloud-ui/fr_FR-chooser-Games..old-opening-scan.log
 create mode 100644 docs/qa-logs/2026-10-06-pixelelated-replacement-15/p4-cloud-ui-fixes-04/artifacts/cloud-ui/fr_FR-chooser-Games..old-opening-scan.steps
 create mode 100644 docs/qa-logs/2026-10-06-pixelelated-replacement-15/p4-cloud-ui-fixes-04/artifacts/cloud-ui/fr_FR-chooser-Games..old-select.log
 create mode 100644 docs/qa-logs/2026-10-06-pixelelated-replacement-15/p4-cloud-ui-fixes-04/artifacts/cloud-ui/fr_FR-chooser-Games..old-select.steps
 create mode 100644 docs/qa-logs/2026-10-06-pixelelated-replacement-15/p4-cloud-ui-fixes-04/artifacts/cloud-ui/fr_FR-chooser-Games..old-selection.json
 create mode 100644 docs/qa-logs/2026-10-06-pixelelated-replacement-15/p4-cloud-ui-fixes-04/artifacts/cloud-ui/fr_FR-chooser-My Games-carousel.log
 create mode 100644 docs/qa-logs/2026-10-06-pixelelated-replacement-15/p4-cloud-ui-fixes-04/artifacts/cloud-ui/fr_FR-chooser-My Games-carousel.steps
 create mode 100644 docs/qa-logs/2026-10-06-pixelelated-replacement-15/p4-cloud-ui-fixes-04/artifacts/cloud-ui/fr_FR-chooser-My Games-chooser.log
 create mode 100644 docs/qa-logs/2026-10-06-pixelelated-replacement-15/p4-cloud-ui-fixes-04/artifacts/cloud-ui/fr_FR-chooser-My Games-chooser.steps
 create mode 100644 docs/qa-logs/2026-10-06-pixelelated-replacement-15/p4-cloud-ui-fixes-04/artifacts/cloud-ui/fr_FR-chooser-My Games-close.log
 create mode 100644 docs/qa-logs/2026-10-06-pixelelated-replacement-15/p4-cloud-ui-fixes-04/artifacts/cloud-ui/fr_FR-chooser-My Games-close.steps
 create mode 100644 docs/qa-logs/2026-10-06-pixelelated-replacement-15/p4-cloud-ui-fixes-04/artifacts/cloud-ui/fr_FR-chooser-My Games-continue.log
 create mode 100644 docs/qa-logs/2026-10-06-pixelelated-replacement-15/p4-cloud-ui-fixes-04/artifacts/cloud-ui/fr_FR-chooser-My Games-continue.steps
 create mode 100644 docs/qa-logs/2026-10-06-pixelelated-replacement-15/p4-cloud-ui-fixes-04/artifacts/cloud-ui/fr_FR-chooser-My Games-hub-menu.log
 create mode 100644 docs/qa-logs/2026-10-06-pixelelated-replacement-15/p4-cloud-ui-fixes-04/artifacts/cloud-ui/fr_FR-chooser-My Games-hub-menu.steps
 create mode 100644 docs/qa-logs/2026-10-06-pixelelated-replacement-15/p4-cloud-ui-fixes-04/artifacts/cloud-ui/fr_FR-chooser-My Games-hub.log
 create mode 100644 docs/qa-logs/2026-10-06-pixelelated-replacement-15/p4-cloud-ui-fixes-04/artifacts/cloud-ui/fr_FR-chooser-My Games-hub.steps
 create mode 100644 docs/qa-logs/2026-10-06-pixelelated-replacement-15/p4-cloud-ui-fixes-04/artifacts/cloud-ui/fr_FR-chooser-My Games-opening-scan.log
 create mode 100644 docs/qa-logs/2026-10-06-pixelelated-replacement-15/p4-cloud-ui-fixes-04/artifacts/cloud-ui/fr_FR-chooser-My Games-opening-scan.steps
 create mode 100644 docs/qa-logs/2026-10-06-pixelelated-replacement-15/p4-cloud-ui-fixes-04/artifacts/cloud-ui/fr_FR-chooser-My Games-select.log
 create mode 100644 docs/qa-logs/2026-10-06-pixelelated-replacement-15/p4-cloud-ui-fixes-04/artifacts/cloud-ui/fr_FR-chooser-My Games-select.steps
 create mode 100644 docs/qa-logs/2026-10-06-pixelelated-replacement-15/p4-cloud-ui-fixes-04/artifacts/cloud-ui/fr_FR-chooser-My Games-selection.json
 create mode 100644 docs/qa-logs/2026-10-06-pixelelated-replacement-15/p4-cloud-ui-fixes-04/artifacts/cloud-ui/fr_FR-chooser-MyGames-carousel.log
 create mode 100644 docs/qa-logs/2026-10-06-pixelelated-replacement-15/p4-cloud-ui-fixes-04/artifacts/cloud-ui/fr_FR-chooser-MyGames-carousel.steps
 create mode 100644 docs/qa-logs/2026-10-06-pixelelated-replacement-15/p4-cloud-ui-fixes-04/artifacts/cloud-ui/fr_FR-chooser-MyGames-chooser.log
 create mode 100644 docs/qa-logs/2026-10-06-pixelelated-replacement-15/p4-cloud-ui-fixes-04/artifacts/cloud-ui/fr_FR-chooser-MyGames-chooser.steps
 create mode 100644 docs/qa-logs/2026-10-06-pixelelated-replacement-15/p4-cloud-ui-fixes-04/artifacts/cloud-ui/fr_FR-chooser-MyGames-close.log
 create mode 100644 docs/qa-logs/2026-10-06-pixelelated-replacement-15/p4-cloud-ui-fixes-04/artifacts/cloud-ui/fr_FR-chooser-MyGames-close.steps
 create mode 100644 docs/qa-logs/2026-10-06-pixelelated-replacement-15/p4-cloud-ui-fixes-04/artifacts/cloud-ui/fr_FR-chooser-MyGames-continue.log
 create mode 100644 docs/qa-logs/2026-10-06-pixelelated-replacement-15/p4-cloud-ui-fixes-04/artifacts/cloud-ui/fr_FR-chooser-MyGames-continue.steps
 create mode 100644 docs/qa-logs/2026-10-06-pixelelated-replacement-15/p4-cloud-ui-fixes-04/artifacts/cloud-ui/fr_FR-chooser-MyGames-hub-menu.log
 create mode 100644 docs/qa-logs/2026-10-06-pixelelated-replacement-15/p4-cloud-ui-fixes-04/artifacts/cloud-ui/fr_FR-chooser-MyGames-hub-menu.steps
 create mode 100644 docs/qa-logs/2026-10-06-pixelelated-replacement-15/p4-cloud-ui-fixes-04/artifacts/cloud-ui/fr_FR-chooser-MyGames-hub.log
 create mode 100644 docs/qa-logs/2026-10-06-pixelelated-replacement-15/p4-cloud-ui-fixes-04/artifacts/cloud-ui/fr_FR-chooser-MyGames-hub.steps
 create mode 100644 docs/qa-logs/2026-10-06-pixelelated-replacement-15/p4-cloud-ui-fixes-04/artifacts/cloud-ui/fr_FR-chooser-MyGames-opening-scan.log
 create mode 100644 docs/qa-logs/2026-10-06-pixelelated-replacement-15/p4-cloud-ui-fixes-04/artifacts/cloud-ui/fr_FR-chooser-MyGames-opening-scan.steps
 create mode 100644 docs/qa-logs/2026-10-06-pixelelated-replacement-15/p4-cloud-ui-fixes-04/artifacts/cloud-ui/fr_FR-chooser-MyGames-select.log
 create mode 100644 docs/qa-logs/2026-10-06-pixelelated-replacement-15/p4-cloud-ui-fixes-04/artifacts/cloud-ui/fr_FR-chooser-MyGames-select.steps
 create mode 100644 docs/qa-logs/2026-10-06-pixelelated-replacement-15/p4-cloud-ui-fixes-04/artifacts/cloud-ui/fr_FR-chooser-MyGames-selection.json
 create mode 100644 docs/qa-logs/2026-10-06-pixelelated-replacement-15/p4-cloud-ui-fixes-04/artifacts/cloud-ui/fr_FR-legacy-root-carousel.log
 create mode 100644 docs/qa-logs/2026-10-06-pixelelated-replacement-15/p4-cloud-ui-fixes-04/artifacts/cloud-ui/fr_FR-legacy-root-carousel.steps
 create mode 100644 docs/qa-logs/2026-10-06-pixelelated-replacement-15/p4-cloud-ui-fixes-04/artifacts/cloud-ui/fr_FR-legacy-root-close.log
 create mode 100644 docs/qa-logs/2026-10-06-pixelelated-replacement-15/p4-cloud-ui-fixes-04/artifacts/cloud-ui/fr_FR-legacy-root-close.steps
 create mode 100644 docs/qa-logs/2026-10-06-pixelelated-replacement-15/p4-cloud-ui-fixes-04/artifacts/cloud-ui/fr_FR-legacy-root-continue.log
 create mode 100644 docs/qa-logs/2026-10-06-pixelelated-replacement-15/p4-cloud-ui-fixes-04/artifacts/cloud-ui/fr_FR-legacy-root-continue.steps
 create mode 100644 docs/qa-logs/2026-10-06-pixelelated-replacement-15/p4-cloud-ui-fixes-04/artifacts/cloud-ui/fr_FR-legacy-root-hub-menu.log
 create mode 100644 docs/qa-logs/2026-10-06-pixelelated-replacement-15/p4-cloud-ui-fixes-04/artifacts/cloud-ui/fr_FR-legacy-root-hub-menu.steps
 create mode 100644 docs/qa-logs/2026-10-06-pixelelated-replacement-15/p4-cloud-ui-fixes-04/artifacts/cloud-ui/fr_FR-legacy-root-hub.log
 create mode 100644 docs/qa-logs/2026-10-06-pixelelated-replacement-15/p4-cloud-ui-fixes-04/artifacts/cloud-ui/fr_FR-legacy-root-hub.steps
 create mode 100644 docs/qa-logs/2026-10-06-pixelelated-replacement-15/p4-cloud-ui-fixes-04/artifacts/cloud-ui/fr_FR-legacy-root-opening-scan.log
 create mode 100644 docs/qa-logs/2026-10-06-pixelelated-replacement-15/p4-cloud-ui-fixes-04/artifacts/cloud-ui/fr_FR-legacy-root-opening-scan.steps
 create mode 100644 docs/qa-logs/2026-10-06-pixelelated-replacement-15/p4-cloud-ui-fixes-04/artifacts/cloud-ui/fr_FR-legacy-root-root.json
 create mode 100644 docs/qa-logs/2026-10-06-pixelelated-replacement-15/p4-cloud-ui-fixes-04/artifacts/cloud-ui/fr_FR-old-pointer-recovery-carousel.log
 create mode 100644 docs/qa-logs/2026-10-06-pixelelated-replacement-15/p4-cloud-ui-fixes-04/artifacts/cloud-ui/fr_FR-old-pointer-recovery-carousel.steps
 create mode 100644 docs/qa-logs/2026-10-06-pixelelated-replacement-15/p4-cloud-ui-fixes-04/artifacts/cloud-ui/fr_FR-old-pointer-recovery-close.log
 create mode 100644 docs/qa-logs/2026-10-06-pixelelated-replacement-15/p4-cloud-ui-fixes-04/artifacts/cloud-ui/fr_FR-old-pointer-recovery-close.steps
 create mode 100644 docs/qa-logs/2026-10-06-pixelelated-replacement-15/p4-cloud-ui-fixes-04/artifacts/cloud-ui/fr_FR-old-pointer-recovery-folder-editor.log
 create mode 100644 docs/qa-logs/2026-10-06-pixelelated-replacement-15/p4-cloud-ui-fixes-04/artifacts/cloud-ui/fr_FR-old-pointer-recovery-folder-editor.steps
 create mode 100644 docs/qa-logs/2026-10-06-pixelelated-replacement-15/p4-cloud-ui-fixes-04/artifacts/cloud-ui/fr_FR-old-pointer-recovery-hub-menu.log
 create mode 100644 docs/qa-logs/2026-10-06-pixelelated-replacement-15/p4-cloud-ui-fixes-04/artifacts/cloud-ui/fr_FR-old-pointer-recovery-hub-menu.steps
 create mode 100644 docs/qa-logs/2026-10-06-pixelelated-replacement-15/p4-cloud-ui-fixes-04/artifacts/cloud-ui/fr_FR-old-pointer-recovery-hub.log
 create mode 100644 docs/qa-logs/2026-10-06-pixelelated-replacement-15/p4-cloud-ui-fixes-04/artifacts/cloud-ui/fr_FR-old-pointer-recovery-hub.steps
 create mode 100644 docs/qa-logs/2026-10-06-pixelelated-replacement-15/p4-cloud-ui-fixes-04/artifacts/cloud-ui/fr_FR-old-pointer-recovery-recovery.json
 create mode 100644 docs/qa-logs/2026-10-06-pixelelated-replacement-15/p4-cloud-ui-fixes-04/artifacts/cloud-ui/fr_FR-old-pointer-recovery-save-selection.log
 create mode 100644 docs/qa-logs/2026-10-06-pixelelated-replacement-15/p4-cloud-ui-fixes-04/artifacts/cloud-ui/fr_FR-old-pointer-recovery-save-selection.steps
 create mode 100644 docs/qa-logs/2026-10-06-pixelelated-replacement-15/p4-cloud-ui-fixes-04/artifacts/cloud-ui/fr_FR-reason-config-carousel.log
 create mode 100644 docs/qa-logs/2026-10-06-pixelelated-replacement-15/p4-cloud-ui-fixes-04/artifacts/cloud-ui/fr_FR-reason-config-carousel.steps
 create mode 100644 docs/qa-logs/2026-10-06-pixelelated-replacement-15/p4-cloud-ui-fixes-04/artifacts/cloud-ui/fr_FR-reason-config-close.log
 create mode 100644 docs/qa-logs/2026-10-06-pixelelated-replacement-15/p4-cloud-ui-fixes-04/artifacts/cloud-ui/fr_FR-reason-config-close.steps
 create mode 100644 docs/qa-logs/2026-10-06-pixelelated-replacement-15/p4-cloud-ui-fixes-04/artifacts/cloud-ui/fr_FR-reason-config-hub-menu.log
 create mode 100644 docs/qa-logs/2026-10-06-pixelelated-replacement-15/p4-cloud-ui-fixes-04/artifacts/cloud-ui/fr_FR-reason-config-hub-menu.steps
 create mode 100644 docs/qa-logs/2026-10-06-pixelelated-replacement-15/p4-cloud-ui-fixes-04/artifacts/cloud-ui/fr_FR-reason-config-hub.log
 create mode 100644 docs/qa-logs/2026-10-06-pixelelated-replacement-15/p4-cloud-ui-fixes-04/artifacts/cloud-ui/fr_FR-reason-config-hub.steps
 create mode 100644 docs/qa-logs/2026-10-06-pixelelated-replacement-15/p4-cloud-ui-fixes-04/artifacts/cloud-ui/fr_FR-reason-config-opening-scan.log
 create mode 100644 docs/qa-logs/2026-10-06-pixelelated-replacement-15/p4-cloud-ui-fixes-04/artifacts/cloud-ui/fr_FR-reason-config-opening-scan.steps
 create mode 100644 docs/qa-logs/2026-10-06-pixelelated-replacement-15/p4-cloud-ui-fixes-04/artifacts/cloud-ui/fr_FR-reason-config-reason.json
 create mode 100644 docs/qa-logs/2026-10-06-pixelelated-replacement-15/p4-cloud-ui-fixes-04/artifacts/cloud-ui/fr_FR-reason-future-carousel.log
 create mode 100644 docs/qa-logs/2026-10-06-pixelelated-replacement-15/p4-cloud-ui-fixes-04/artifacts/cloud-ui/fr_FR-reason-future-carousel.steps
 create mode 100644 docs/qa-logs/2026-10-06-pixelelated-replacement-15/p4-cloud-ui-fixes-04/artifacts/cloud-ui/fr_FR-reason-future-close.log
 create mode 100644 docs/qa-logs/2026-10-06-pixelelated-replacement-15/p4-cloud-ui-fixes-04/artifacts/cloud-ui/fr_FR-reason-future-close.steps
 create mode 100644 docs/qa-logs/2026-10-06-pixelelated-replacement-15/p4-cloud-ui-fixes-04/artifacts/cloud-ui/fr_FR-reason-future-hub-menu.log
 create mode 100644 docs/qa-logs/2026-10-06-pixelelated-replacement-15/p4-cloud-ui-fixes-04/artifacts/cloud-ui/fr_FR-reason-future-hub-menu.steps
 create mode 100644 docs/qa-logs/2026-10-06-pixelelated-replacement-15/p4-cloud-ui-fixes-04/artifacts/cloud-ui/fr_FR-reason-future-hub.log
 create mode 100644 docs/qa-logs/2026-10-06-pixelelated-replacement-15/p4-cloud-ui-fixes-04/artifacts/cloud-ui/fr_FR-reason-future-hub.steps
 create mode 100644 docs/qa-logs/2026-10-06-pixelelated-replacement-15/p4-cloud-ui-fixes-04/artifacts/cloud-ui/fr_FR-reason-future-opening-scan.log
 create mode 100644 docs/qa-logs/2026-10-06-pixelelated-replacement-15/p4-cloud-ui-fixes-04/artifacts/cloud-ui/fr_FR-reason-future-opening-scan.steps
 create mode 100644 docs/qa-logs/2026-10-06-pixelelated-replacement-15/p4-cloud-ui-fixes-04/artifacts/cloud-ui/fr_FR-reason-future-reason.json
 create mode 100644 docs/qa-logs/2026-10-06-pixelelated-replacement-15/p4-cloud-ui-fixes-04/artifacts/cloud-ui/fr_FR-reason-malformed-carousel.log
 create mode 100644 docs/qa-logs/2026-10-06-pixelelated-replacement-15/p4-cloud-ui-fixes-04/artifacts/cloud-ui/fr_FR-reason-malformed-carousel.steps
 create mode 100644 docs/qa-logs/2026-10-06-pixelelated-replacement-15/p4-cloud-ui-fixes-04/artifacts/cloud-ui/fr_FR-reason-malformed-close.log
 create mode 100644 docs/qa-logs/2026-10-06-pixelelated-replacement-15/p4-cloud-ui-fixes-04/artifacts/cloud-ui/fr_FR-reason-malformed-close.steps
 create mode 100644 docs/qa-logs/2026-10-06-pixelelated-replacement-15/p4-cloud-ui-fixes-04/artifacts/cloud-ui/fr_FR-reason-malformed-hub-menu.log
 create mode 100644 docs/qa-logs/2026-10-06-pixelelated-replacement-15/p4-cloud-ui-fixes-04/artifacts/cloud-ui/fr_FR-reason-malformed-hub-menu.steps
 create mode 100644 docs/qa-logs/2026-10-06-pixelelated-replacement-15/p4-cloud-ui-fixes-04/artifacts/cloud-ui/fr_FR-reason-malformed-hub.log
 create mode 100644 docs/qa-logs/2026-10-06-pixelelated-replacement-15/p4-cloud-ui-fixes-04/artifacts/cloud-ui/fr_FR-reason-malformed-hub.steps
 create mode 100644 docs/qa-logs/2026-10-06-pixelelated-replacement-15/p4-cloud-ui-fixes-04/artifacts/cloud-ui/fr_FR-reason-malformed-opening-scan.log
 create mode 100644 docs/qa-logs/2026-10-06-pixelelated-replacement-15/p4-cloud-ui-fixes-04/artifacts/cloud-ui/fr_FR-reason-malformed-opening-scan.steps
 create mode 100644 docs/qa-logs/2026-10-06-pixelelated-replacement-15/p4-cloud-ui-fixes-04/artifacts/cloud-ui/fr_FR-reason-malformed-reason.json
 create mode 100644 docs/qa-logs/2026-10-06-pixelelated-replacement-15/p4-cloud-ui-fixes-04/artifacts/cloud-ui/fr_FR-reason-record-carousel.log
 create mode 100644 docs/qa-logs/2026-10-06-pixelelated-replacement-15/p4-cloud-ui-fixes-04/artifacts/cloud-ui/fr_FR-reason-record-carousel.steps
 create mode 100644 docs/qa-logs/2026-10-06-pixelelated-replacement-15/p4-cloud-ui-fixes-04/artifacts/cloud-ui/fr_FR-reason-record-close.log
 create mode 100644 docs/qa-logs/2026-10-06-pixelelated-replacement-15/p4-cloud-ui-fixes-04/artifacts/cloud-ui/fr_FR-reason-record-close.steps
 create mode 100644 docs/qa-logs/2026-10-06-pixelelated-replacement-15/p4-cloud-ui-fixes-04/artifacts/cloud-ui/fr_FR-reason-record-hub-menu.log
 create mode 100644 docs/qa-logs/2026-10-06-pixelelated-replacement-15/p4-cloud-ui-fixes-04/artifacts/cloud-ui/fr_FR-reason-record-hub-menu.steps
 create mode 100644 docs/qa-logs/2026-10-06-pixelelated-replacement-15/p4-cloud-ui-fixes-04/artifacts/cloud-ui/fr_FR-reason-record-hub.log
 create mode 100644 docs/qa-logs/2026-10-06-pixelelated-replacement-15/p4-cloud-ui-fixes-04/artifacts/cloud-ui/fr_FR-reason-record-hub.steps
 create mode 100644 docs/qa-logs/2026-10-06-pixelelated-replacement-15/p4-cloud-ui-fixes-04/artifacts/cloud-ui/fr_FR-reason-record-opening-scan.log
 create mode 100644 docs/qa-logs/2026-10-06-pixelelated-replacement-15/p4-cloud-ui-fixes-04/artifacts/cloud-ui/fr_FR-reason-record-opening-scan.steps
 create mode 100644 docs/qa-logs/2026-10-06-pixelelated-replacement-15/p4-cloud-ui-fixes-04/artifacts/cloud-ui/fr_FR-reason-record-reason.json
 create mode 100644 docs/qa-logs/2026-10-06-pixelelated-replacement-15/p4-cloud-ui-fixes-04/artifacts/cloud-ui/installed-after.sha256
 create mode 100644 docs/qa-logs/2026-10-06-pixelelated-replacement-15/p4-cloud-ui-fixes-04/artifacts/cloud-ui/installed-before.sha256
 create mode 100644 docs/qa-logs/2026-10-06-pixelelated-replacement-15/p4-cloud-ui-fixes-04/artifacts/cloud-ui/results.json
 create mode 100644 docs/qa-logs/2026-10-06-pixelelated-replacement-15/p4-cloud-ui-fixes-04/artifacts/disk-initial.json
 create mode 100644 docs/qa-logs/2026-10-06-pixelelated-replacement-15/p4-cloud-ui-fixes-04/artifacts/payload-cloud-ui-after.json
 create mode 100644 docs/qa-logs/2026-10-06-pixelelated-replacement-15/p4-cloud-ui-fixes-04/artifacts/payload-cloud-ui-before.json
 create mode 100644 docs/qa-logs/2026-10-06-pixelelated-replacement-15/p4-cloud-ui-fixes-04/artifacts/proxy-identity-cloud-ui-after.json
 create mode 100644 docs/qa-logs/2026-10-06-pixelelated-replacement-15/p4-cloud-ui-fixes-04/artifacts/proxy-identity-cloud-ui-before.json
 create mode 100644 docs/qa-logs/2026-10-06-pixelelated-replacement-15/p4-cloud-ui-fixes-04/check-payload.py
 create mode 100644 docs/qa-logs/2026-10-06-pixelelated-replacement-15/p4-cloud-ui-fixes-04/cloud-ui-proof.py
 create mode 100644 docs/qa-logs/2026-10-06-pixelelated-replacement-15/p4-cloud-ui-fixes-04/console.log
 create mode 100644 docs/qa-logs/2026-10-06-pixelelated-replacement-15/p4-cloud-ui-fixes-04/guest-cleanup-verification.json
 create mode 100644 docs/qa-logs/2026-10-06-pixelelated-replacement-15/p4-cloud-ui-fixes-04/guest-d.ovmf-vars.fd
 create mode 100644 docs/qa-logs/2026-10-06-pixelelated-replacement-15/p4-cloud-ui-fixes-04/guest.pid
 create mode 100644 docs/qa-logs/2026-10-06-pixelelated-replacement-15/p4-cloud-ui-fixes-04/harness.sha256
 create mode 100644 docs/qa-logs/2026-10-06-pixelelated-replacement-15/p4-cloud-ui-fixes-04/inner.rc
 create mode 100644 docs/qa-logs/2026-10-06-pixelelated-replacement-15/p4-cloud-ui-fixes-04/launcher-pid.json
 create mode 100644 docs/qa-logs/2026-10-06-pixelelated-replacement-15/p4-cloud-ui-fixes-04/launcher-result.json
 create mode 100644 docs/qa-logs/2026-10-06-pixelelated-replacement-15/p4-cloud-ui-fixes-04/launcher-start.json
 create mode 100644 docs/qa-logs/2026-10-06-pixelelated-replacement-15/p4-cloud-ui-fixes-04/launcher-submission.json
 create mode 100644 docs/qa-logs/2026-10-06-pixelelated-replacement-15/p4-cloud-ui-fixes-04/outer.rc
 create mode 100755 docs/qa-logs/2026-10-06-pixelelated-replacement-15/p4-cloud-ui-fixes-04/outer.sh
 create mode 100644 docs/qa-logs/2026-10-06-pixelelated-replacement-15/p4-cloud-ui-fixes-04/owner-verification.json
 create mode 100644 docs/qa-logs/2026-10-06-pixelelated-replacement-15/p4-cloud-ui-fixes-04/provenance.json
 create mode 100644 docs/qa-logs/2026-10-06-pixelelated-replacement-15/p4-cloud-ui-fixes-04/proxy-identity.py
 create mode 100644 docs/qa-logs/2026-10-06-pixelelated-replacement-15/p4-cloud-ui-fixes-04/qa.start
 create mode 100644 docs/qa-logs/2026-10-06-pixelelated-replacement-15/p4-cloud-ui-fixes-04/retention.json
 create mode 100644 docs/qa-logs/2026-10-06-pixelelated-replacement-15/p4-cloud-ui-fixes-04/run.path
 create mode 100755 docs/qa-logs/2026-10-06-pixelelated-replacement-15/p4-cloud-ui-fixes-04/run.sh
 create mode 100644 docs/qa-logs/2026-10-06-pixelelated-replacement-15/p4-cloud-ui-fixes-04/seed.py
 create mode 100644 docs/qa-logs/2026-10-06-pixelelated-replacement-15/p4-cloud-ui-fixes-04/sha256.json
 create mode 100644 docs/qa-logs/2026-10-06-pixelelated-replacement-15/p4-cloud-ui-fixes-04/stop-guest.py
 create mode 100644 docs/qa-logs/2026-10-06-pixelelated-replacement-15/p4-cloud-ui-fixes-04/tool-wrapper.rc
 create mode 100644 docs/qa-logs/2026-10-06-pixelelated-replacement-15/p4-cloud-ui-fixes-04/verify-inputs.py
 create mode 100755 docs/qa-logs/2026-10-06-pixelelated-replacement-15/p4-cloud-ui-fixes-04/watch-build-submit.py
 create mode 100644 docs/qa-logs/2026-10-06-pixelelated-replacement-15/p4-cloud-ui-fixes-04/watcher/build.log
 create mode 100644 docs/qa-logs/2026-10-06-pixelelated-replacement-15/p4-cloud-ui-fixes-04/watcher/build.pid
 create mode 100644 docs/qa-logs/2026-10-06-pixelelated-replacement-15/p4-cloud-ui-fixes-04/watcher/build.rc
 create mode 100644 docs/qa-logs/2026-10-06-pixelelated-replacement-15/p4-cloud-ui-fixes-04/watcher/build.status
 create mode 100644 docs/qa-logs/2026-10-06-pixelelated-replacement-15/p4-cloud-ui-fixes-04/watcher/command.pid
 create mode 100644 docs/qa-logs/2026-10-06-pixelelated-replacement-15/p4-cloud-ui-fixes-04/watcher/watcher.pid
 create mode 100644 docs/qa-logs/2026-10-06-pixelelated-replacement-15/p4-recovery-ui-fixes-03/artifacts/cloud-ui/01-en_US-original-connection-recovery-computer-setup.png
 create mode 100644 docs/qa-logs/2026-10-06-pixelelated-replacement-15/p4-recovery-ui-fixes-03/artifacts/cloud-ui/01-en_US-original-connection-recovery-connect-repair-row.png
 create mode 100644 docs/qa-logs/2026-10-06-pixelelated-replacement-15/p4-recovery-ui-fixes-03/artifacts/cloud-ui/01-en_US-original-connection-recovery-hub.png
 create mode 100644 docs/qa-logs/2026-10-06-pixelelated-replacement-15/p4-recovery-ui-fixes-03/artifacts/cloud-ui/01-en_US-original-connection-recovery-menu-before.png
 create mode 100644 docs/qa-logs/2026-10-06-pixelelated-replacement-15/p4-recovery-ui-fixes-03/artifacts/cloud-ui/01-en_US-original-connection-recovery-opening-result.png
 create mode 100644 docs/qa-logs/2026-10-06-pixelelated-replacement-15/p4-recovery-ui-fixes-03/artifacts/cloud-ui/01-en_US-original-connection-recovery-ssh-connect.png
 create mode 100644 docs/qa-logs/2026-10-06-pixelelated-replacement-15/p4-recovery-ui-fixes-03/artifacts/cloud-ui/01-en_US-original-connection-recovery-ssh-setup.png
 create mode 100644 docs/qa-logs/2026-10-06-pixelelated-replacement-15/p4-recovery-ui-fixes-03/artifacts/cloud-ui/01-stuck-after-right.png
 create mode 100644 docs/qa-logs/2026-10-06-pixelelated-replacement-15/p4-recovery-ui-fixes-03/artifacts/cloud-ui/02-en_US-original-connection-recovery-main-menu.png
 create mode 100644 docs/qa-logs/2026-10-06-pixelelated-replacement-15/p4-recovery-ui-fixes-03/artifacts/cloud-ui/02-en_US-original-connection-recovery-providers.png
 create mode 100644 docs/qa-logs/2026-10-06-pixelelated-replacement-15/p4-recovery-ui-fixes-03/artifacts/cloud-ui/en_US-original-connection-recovery-carousel.log
 create mode 100644 docs/qa-logs/2026-10-06-pixelelated-replacement-15/p4-recovery-ui-fixes-03/artifacts/cloud-ui/en_US-original-connection-recovery-carousel.steps
 create mode 100644 docs/qa-logs/2026-10-06-pixelelated-replacement-15/p4-recovery-ui-fixes-03/artifacts/cloud-ui/en_US-original-connection-recovery-computer-path.log
 create mode 100644 docs/qa-logs/2026-10-06-pixelelated-replacement-15/p4-recovery-ui-fixes-03/artifacts/cloud-ui/en_US-original-connection-recovery-computer-path.steps
 create mode 100644 docs/qa-logs/2026-10-06-pixelelated-replacement-15/p4-recovery-ui-fixes-03/artifacts/cloud-ui/en_US-original-connection-recovery-connection-continue.log
 create mode 100644 docs/qa-logs/2026-10-06-pixelelated-replacement-15/p4-recovery-ui-fixes-03/artifacts/cloud-ui/en_US-original-connection-recovery-connection-continue.steps
 create mode 100644 docs/qa-logs/2026-10-06-pixelelated-replacement-15/p4-recovery-ui-fixes-03/artifacts/cloud-ui/en_US-original-connection-recovery-hub-menu.log
 create mode 100644 docs/qa-logs/2026-10-06-pixelelated-replacement-15/p4-recovery-ui-fixes-03/artifacts/cloud-ui/en_US-original-connection-recovery-hub-menu.steps
 create mode 100644 docs/qa-logs/2026-10-06-pixelelated-replacement-15/p4-recovery-ui-fixes-03/artifacts/cloud-ui/en_US-original-connection-recovery-hub.log
 create mode 100644 docs/qa-logs/2026-10-06-pixelelated-replacement-15/p4-recovery-ui-fixes-03/artifacts/cloud-ui/en_US-original-connection-recovery-hub.steps
 create mode 100644 docs/qa-logs/2026-10-06-pixelelated-replacement-15/p4-recovery-ui-fixes-03/artifacts/cloud-ui/en_US-original-connection-recovery-leave-refusal.log
 create mode 100644 docs/qa-logs/2026-10-06-pixelelated-replacement-15/p4-recovery-ui-fixes-03/artifacts/cloud-ui/en_US-original-connection-recovery-leave-refusal.steps
 create mode 100644 docs/qa-logs/2026-10-06-pixelelated-replacement-15/p4-recovery-ui-fixes-03/artifacts/cloud-ui/en_US-original-connection-recovery-opening-scan.log
 create mode 100644 docs/qa-logs/2026-10-06-pixelelated-replacement-15/p4-recovery-ui-fixes-03/artifacts/cloud-ui/en_US-original-connection-recovery-opening-scan.steps
 create mode 100644 docs/qa-logs/2026-10-06-pixelelated-replacement-15/p4-recovery-ui-fixes-03/artifacts/cloud-ui/en_US-original-connection-recovery-repair-choice.log
 create mode 100644 docs/qa-logs/2026-10-06-pixelelated-replacement-15/p4-recovery-ui-fixes-03/artifacts/cloud-ui/en_US-original-connection-recovery-repair-choice.steps
 create mode 100644 docs/qa-logs/2026-10-06-pixelelated-replacement-15/p4-recovery-ui-fixes-03/artifacts/cloud-ui/en_US-original-connection-recovery-repair-entry.log
 create mode 100644 docs/qa-logs/2026-10-06-pixelelated-replacement-15/p4-recovery-ui-fixes-03/artifacts/cloud-ui/en_US-original-connection-recovery-repair-entry.steps
 create mode 100644 docs/qa-logs/2026-10-06-pixelelated-replacement-15/p4-recovery-ui-fixes-03/artifacts/cloud-ui/en_US-original-connection-recovery-ssh-continue.log
 create mode 100644 docs/qa-logs/2026-10-06-pixelelated-replacement-15/p4-recovery-ui-fixes-03/artifacts/cloud-ui/en_US-original-connection-recovery-ssh-continue.steps
 create mode 100644 docs/qa-logs/2026-10-06-pixelelated-replacement-15/p4-recovery-ui-fixes-03/artifacts/cloud-ui/en_US-outer-timeout-timeout-card-0.png
 create mode 100644 docs/qa-logs/2026-10-06-pixelelated-replacement-15/p4-recovery-ui-fixes-03/artifacts/cloud-ui/en_US-outer-timeout-timeout-card-1.png
 create mode 100644 docs/qa-logs/2026-10-06-pixelelated-replacement-15/p4-recovery-ui-fixes-03/artifacts/cloud-ui/en_US-outer-timeout-timeout-card-2.png
 create mode 100644 docs/qa-logs/2026-10-06-pixelelated-replacement-15/p4-recovery-ui-fixes-03/artifacts/cloud-ui/en_US-outer-timeout-timeout.json
 create mode 100644 docs/qa-logs/2026-10-06-pixelelated-replacement-15/p4-recovery-ui-fixes-03/artifacts/cloud-ui/installed-after.sha256
 create mode 100644 docs/qa-logs/2026-10-06-pixelelated-replacement-15/p4-recovery-ui-fixes-03/artifacts/cloud-ui/installed-before.sha256
 create mode 100644 docs/qa-logs/2026-10-06-pixelelated-replacement-15/p4-recovery-ui-fixes-03/artifacts/cloud-ui/results.json
 create mode 100644 docs/qa-logs/2026-10-06-pixelelated-replacement-15/p4-recovery-ui-fixes-03/artifacts/disk-initial.json
 create mode 100644 docs/qa-logs/2026-10-06-pixelelated-replacement-15/p4-recovery-ui-fixes-03/artifacts/payload-cloud-ui-before.json
 create mode 100644 docs/qa-logs/2026-10-06-pixelelated-replacement-15/p4-recovery-ui-fixes-03/artifacts/proxy-identity-cloud-ui-before.json
 create mode 100755 docs/qa-logs/2026-10-06-pixelelated-replacement-15/p4-recovery-ui-fixes-03/check-payload.py
 create mode 100644 docs/qa-logs/2026-10-06-pixelelated-replacement-15/p4-recovery-ui-fixes-03/cloud-ui-proof.py
 create mode 100644 docs/qa-logs/2026-10-06-pixelelated-replacement-15/p4-recovery-ui-fixes-03/console.log
 create mode 100644 docs/qa-logs/2026-10-06-pixelelated-replacement-15/p4-recovery-ui-fixes-03/guest-cleanup-verification.json
 create mode 100644 docs/qa-logs/2026-10-06-pixelelated-replacement-15/p4-recovery-ui-fixes-03/guest-d.ovmf-vars.fd
 create mode 100644 docs/qa-logs/2026-10-06-pixelelated-replacement-15/p4-recovery-ui-fixes-03/guest.pid
 create mode 100644 docs/qa-logs/2026-10-06-pixelelated-replacement-15/p4-recovery-ui-fixes-03/harness.sha256
 create mode 100644 docs/qa-logs/2026-10-06-pixelelated-replacement-15/p4-recovery-ui-fixes-03/inner.rc
 create mode 100644 docs/qa-logs/2026-10-06-pixelelated-replacement-15/p4-recovery-ui-fixes-03/launcher-pid.json
 create mode 100644 docs/qa-logs/2026-10-06-pixelelated-replacement-15/p4-recovery-ui-fixes-03/launcher-result.json
 create mode 100644 docs/qa-logs/2026-10-06-pixelelated-replacement-15/p4-recovery-ui-fixes-03/launcher-start.json
 create mode 100644 docs/qa-logs/2026-10-06-pixelelated-replacement-15/p4-recovery-ui-fixes-03/launcher-submission.json
 create mode 100644 docs/qa-logs/2026-10-06-pixelelated-replacement-15/p4-recovery-ui-fixes-03/outer.rc
 create mode 100755 docs/qa-logs/2026-10-06-pixelelated-replacement-15/p4-recovery-ui-fixes-03/outer.sh
 create mode 100644 docs/qa-logs/2026-10-06-pixelelated-replacement-15/p4-recovery-ui-fixes-03/owner-verification.json
 create mode 100644 docs/qa-logs/2026-10-06-pixelelated-replacement-15/p4-recovery-ui-fixes-03/provenance.json
 create mode 100755 docs/qa-logs/2026-10-06-pixelelated-replacement-15/p4-recovery-ui-fixes-03/proxy-identity.py
 create mode 100644 docs/qa-logs/2026-10-06-pixelelated-replacement-15/p4-recovery-ui-fixes-03/qa.start
 create mode 100644 docs/qa-logs/2026-10-06-pixelelated-replacement-15/p4-recovery-ui-fixes-03/retention.json
 create mode 100644 docs/qa-logs/2026-10-06-pixelelated-replacement-15/p4-recovery-ui-fixes-03/run.path
 create mode 100755 docs/qa-logs/2026-10-06-pixelelated-replacement-15/p4-recovery-ui-fixes-03/run.sh
 create mode 100755 docs/qa-logs/2026-10-06-pixelelated-replacement-15/p4-recovery-ui-fixes-03/seed.py
 create mode 100644 docs/qa-logs/2026-10-06-pixelelated-replacement-15/p4-recovery-ui-fixes-03/sha256.json
 create mode 100755 docs/qa-logs/2026-10-06-pixelelated-replacement-15/p4-recovery-ui-fixes-03/stop-guest.py
 create mode 100644 docs/qa-logs/2026-10-06-pixelelated-replacement-15/p4-recovery-ui-fixes-03/tool-wrapper.rc
 create mode 100755 docs/qa-logs/2026-10-06-pixelelated-replacement-15/p4-recovery-ui-fixes-03/verify-inputs.py
 create mode 100755 docs/qa-logs/2026-10-06-pixelelated-replacement-15/p4-recovery-ui-fixes-03/watch-build-submit.py
 create mode 100644 docs/qa-logs/2026-10-06-pixelelated-replacement-15/p4-recovery-ui-fixes-03/watcher/build.log
 create mode 100644 docs/qa-logs/2026-10-06-pixelelated-replacement-15/p4-recovery-ui-fixes-03/watcher/build.pid
 create mode 100644 docs/qa-logs/2026-10-06-pixelelated-replacement-15/p4-recovery-ui-fixes-03/watcher/build.rc
 create mode 100644 docs/qa-logs/2026-10-06-pixelelated-replacement-15/p4-recovery-ui-fixes-03/watcher/build.status
 create mode 100644 docs/qa-logs/2026-10-06-pixelelated-replacement-15/p4-recovery-ui-fixes-03/watcher/command.pid
 create mode 100644 docs/qa-logs/2026-10-06-pixelelated-replacement-15/p4-recovery-ui-fixes-03/watcher/watcher.pid
 create mode 100644 docs/qa-logs/2026-10-06-pixelelated-replacement-15/p4-recovery-ui-fixes-04/console.log
 create mode 100644 docs/qa-logs/2026-10-06-pixelelated-replacement-15/p4-recovery-ui-fixes-04/harness.sha256
 create mode 100644 docs/qa-logs/2026-10-06-pixelelated-replacement-15/p4-recovery-ui-fixes-04/launcher-pid.json
 create mode 100644 docs/qa-logs/2026-10-06-pixelelated-replacement-15/p4-recovery-ui-fixes-04/launcher-result.json
 create mode 100644 docs/qa-logs/2026-10-06-pixelelated-replacement-15/p4-recovery-ui-fixes-04/launcher-start.json
 create mode 100644 docs/qa-logs/2026-10-06-pixelelated-replacement-15/p4-recovery-ui-fixes-04/launcher-submission.json
 create mode 100644 docs/qa-logs/2026-10-06-pixelelated-replacement-15/p4-recovery-ui-fixes-04/provenance.json
 create mode 100644 docs/qa-logs/2026-10-06-pixelelated-replacement-15/p4-recovery-ui-fixes-04/submission-verification.json
 create mode 100644 docs/qa-logs/2026-10-06-pixelelated-replacement-15/p4-recovery-ui-fixes-04/tool-wrapper.rc
 create mode 100644 docs/qa-logs/2026-10-06-pixelelated-replacement-15/p4-recovery-ui-fixes-05/artifacts/cloud-ui/01-en_US-original-connection-recovery-computer-setup.png
 create mode 100644 docs/qa-logs/2026-10-06-pixelelated-replacement-15/p4-recovery-ui-fixes-05/artifacts/cloud-ui/01-en_US-original-connection-recovery-connect-repair-row.png
 create mode 100644 docs/qa-logs/2026-10-06-pixelelated-replacement-15/p4-recovery-ui-fixes-05/artifacts/cloud-ui/01-en_US-original-connection-recovery-hub.png
 create mode 100644 docs/qa-logs/2026-10-06-pixelelated-replacement-15/p4-recovery-ui-fixes-05/artifacts/cloud-ui/01-en_US-original-connection-recovery-menu-before.png
 create mode 100644 docs/qa-logs/2026-10-06-pixelelated-replacement-15/p4-recovery-ui-fixes-05/artifacts/cloud-ui/01-en_US-original-connection-recovery-opening-result.png
 create mode 100644 docs/qa-logs/2026-10-06-pixelelated-replacement-15/p4-recovery-ui-fixes-05/artifacts/cloud-ui/01-en_US-original-connection-recovery-repair-instructions.png
 create mode 100644 docs/qa-logs/2026-10-06-pixelelated-replacement-15/p4-recovery-ui-fixes-05/artifacts/cloud-ui/01-en_US-original-connection-recovery-ssh-connect.png
 create mode 100644 docs/qa-logs/2026-10-06-pixelelated-replacement-15/p4-recovery-ui-fixes-05/artifacts/cloud-ui/01-en_US-original-connection-recovery-ssh-setup.png
 create mode 100644 docs/qa-logs/2026-10-06-pixelelated-replacement-15/p4-recovery-ui-fixes-05/artifacts/cloud-ui/01-stuck-after-right.png
 create mode 100644 docs/qa-logs/2026-10-06-pixelelated-replacement-15/p4-recovery-ui-fixes-05/artifacts/cloud-ui/02-en_US-original-connection-recovery-main-menu.png
 create mode 100644 docs/qa-logs/2026-10-06-pixelelated-replacement-15/p4-recovery-ui-fixes-05/artifacts/cloud-ui/02-en_US-original-connection-recovery-providers.png
 create mode 100644 docs/qa-logs/2026-10-06-pixelelated-replacement-15/p4-recovery-ui-fixes-05/artifacts/cloud-ui/en_US-original-connection-recovery-carousel.log
 create mode 100644 docs/qa-logs/2026-10-06-pixelelated-replacement-15/p4-recovery-ui-fixes-05/artifacts/cloud-ui/en_US-original-connection-recovery-carousel.steps
 create mode 100644 docs/qa-logs/2026-10-06-pixelelated-replacement-15/p4-recovery-ui-fixes-05/artifacts/cloud-ui/en_US-original-connection-recovery-computer-path.log
 create mode 100644 docs/qa-logs/2026-10-06-pixelelated-replacement-15/p4-recovery-ui-fixes-05/artifacts/cloud-ui/en_US-original-connection-recovery-computer-path.steps
 create mode 100644 docs/qa-logs/2026-10-06-pixelelated-replacement-15/p4-recovery-ui-fixes-05/artifacts/cloud-ui/en_US-original-connection-recovery-connection-continue.log
 create mode 100644 docs/qa-logs/2026-10-06-pixelelated-replacement-15/p4-recovery-ui-fixes-05/artifacts/cloud-ui/en_US-original-connection-recovery-connection-continue.steps
 create mode 100644 docs/qa-logs/2026-10-06-pixelelated-replacement-15/p4-recovery-ui-fixes-05/artifacts/cloud-ui/en_US-original-connection-recovery-hub-menu.log
 create mode 100644 docs/qa-logs/2026-10-06-pixelelated-replacement-15/p4-recovery-ui-fixes-05/artifacts/cloud-ui/en_US-original-connection-recovery-hub-menu.steps
 create mode 100644 docs/qa-logs/2026-10-06-pixelelated-replacement-15/p4-recovery-ui-fixes-05/artifacts/cloud-ui/en_US-original-connection-recovery-hub.log
 create mode 100644 docs/qa-logs/2026-10-06-pixelelated-replacement-15/p4-recovery-ui-fixes-05/artifacts/cloud-ui/en_US-original-connection-recovery-hub.steps
 create mode 100644 docs/qa-logs/2026-10-06-pixelelated-replacement-15/p4-recovery-ui-fixes-05/artifacts/cloud-ui/en_US-original-connection-recovery-leave-refusal.log
 create mode 100644 docs/qa-logs/2026-10-06-pixelelated-replacement-15/p4-recovery-ui-fixes-05/artifacts/cloud-ui/en_US-original-connection-recovery-leave-refusal.steps
 create mode 100644 docs/qa-logs/2026-10-06-pixelelated-replacement-15/p4-recovery-ui-fixes-05/artifacts/cloud-ui/en_US-original-connection-recovery-opening-scan.log
 create mode 100644 docs/qa-logs/2026-10-06-pixelelated-replacement-15/p4-recovery-ui-fixes-05/artifacts/cloud-ui/en_US-original-connection-recovery-opening-scan.steps
 create mode 100644 docs/qa-logs/2026-10-06-pixelelated-replacement-15/p4-recovery-ui-fixes-05/artifacts/cloud-ui/en_US-original-connection-recovery-repair-choice.log
 create mode 100644 docs/qa-logs/2026-10-06-pixelelated-replacement-15/p4-recovery-ui-fixes-05/artifacts/cloud-ui/en_US-original-connection-recovery-repair-choice.steps
 create mode 100644 docs/qa-logs/2026-10-06-pixelelated-replacement-15/p4-recovery-ui-fixes-05/artifacts/cloud-ui/en_US-original-connection-recovery-repair-entry.log
 create mode 100644 docs/qa-logs/2026-10-06-pixelelated-replacement-15/p4-recovery-ui-fixes-05/artifacts/cloud-ui/en_US-original-connection-recovery-repair-entry.steps
 create mode 100644 docs/qa-logs/2026-10-06-pixelelated-replacement-15/p4-recovery-ui-fixes-05/artifacts/cloud-ui/en_US-original-connection-recovery-ssh-continue.log
 create mode 100644 docs/qa-logs/2026-10-06-pixelelated-replacement-15/p4-recovery-ui-fixes-05/artifacts/cloud-ui/en_US-original-connection-recovery-ssh-continue.steps
 create mode 100644 docs/qa-logs/2026-10-06-pixelelated-replacement-15/p4-recovery-ui-fixes-05/artifacts/cloud-ui/en_US-original-connection-recovery-verify-repaired-connection.log
 create mode 100644 docs/qa-logs/2026-10-06-pixelelated-replacement-15/p4-recovery-ui-fixes-05/artifacts/cloud-ui/en_US-original-connection-recovery-verify-repaired-connection.steps
 create mode 100644 docs/qa-logs/2026-10-06-pixelelated-replacement-15/p4-recovery-ui-fixes-05/artifacts/cloud-ui/en_US-outer-timeout-timeout-card-0.png
 create mode 100644 docs/qa-logs/2026-10-06-pixelelated-replacement-15/p4-recovery-ui-fixes-05/artifacts/cloud-ui/en_US-outer-timeout-timeout-card-1.png
 create mode 100644 docs/qa-logs/2026-10-06-pixelelated-replacement-15/p4-recovery-ui-fixes-05/artifacts/cloud-ui/en_US-outer-timeout-timeout-card-2.png
 create mode 100644 docs/qa-logs/2026-10-06-pixelelated-replacement-15/p4-recovery-ui-fixes-05/artifacts/cloud-ui/en_US-outer-timeout-timeout.json
 create mode 100644 docs/qa-logs/2026-10-06-pixelelated-replacement-15/p4-recovery-ui-fixes-05/artifacts/cloud-ui/installed-after.sha256
 create mode 100644 docs/qa-logs/2026-10-06-pixelelated-replacement-15/p4-recovery-ui-fixes-05/artifacts/cloud-ui/installed-before.sha256
 create mode 100644 docs/qa-logs/2026-10-06-pixelelated-replacement-15/p4-recovery-ui-fixes-05/artifacts/cloud-ui/results.json
 create mode 100644 docs/qa-logs/2026-10-06-pixelelated-replacement-15/p4-recovery-ui-fixes-05/artifacts/disk-initial.json
 create mode 100644 docs/qa-logs/2026-10-06-pixelelated-replacement-15/p4-recovery-ui-fixes-05/artifacts/payload-cloud-ui-before.json
 create mode 100644 docs/qa-logs/2026-10-06-pixelelated-replacement-15/p4-recovery-ui-fixes-05/artifacts/proxy-identity-cloud-ui-before.json
 create mode 100755 docs/qa-logs/2026-10-06-pixelelated-replacement-15/p4-recovery-ui-fixes-05/check-payload.py
 create mode 100644 docs/qa-logs/2026-10-06-pixelelated-replacement-15/p4-recovery-ui-fixes-05/cloud-ui-proof.py
 create mode 100644 docs/qa-logs/2026-10-06-pixelelated-replacement-15/p4-recovery-ui-fixes-05/console.log
 create mode 100644 docs/qa-logs/2026-10-06-pixelelated-replacement-15/p4-recovery-ui-fixes-05/guest-cleanup-verification.json
 create mode 100644 docs/qa-logs/2026-10-06-pixelelated-replacement-15/p4-recovery-ui-fixes-05/guest-d.ovmf-vars.fd
 create mode 100644 docs/qa-logs/2026-10-06-pixelelated-replacement-15/p4-recovery-ui-fixes-05/guest.pid
 create mode 100644 docs/qa-logs/2026-10-06-pixelelated-replacement-15/p4-recovery-ui-fixes-05/harness.sha256
 create mode 100644 docs/qa-logs/2026-10-06-pixelelated-replacement-15/p4-recovery-ui-fixes-05/inner.rc
 create mode 100644 docs/qa-logs/2026-10-06-pixelelated-replacement-15/p4-recovery-ui-fixes-05/launcher-pid.json
 create mode 100644 docs/qa-logs/2026-10-06-pixelelated-replacement-15/p4-recovery-ui-fixes-05/launcher-result.json
 create mode 100644 docs/qa-logs/2026-10-06-pixelelated-replacement-15/p4-recovery-ui-fixes-05/launcher-start.json
 create mode 100644 docs/qa-logs/2026-10-06-pixelelated-replacement-15/p4-recovery-ui-fixes-05/launcher-submission.json
 create mode 100644 docs/qa-logs/2026-10-06-pixelelated-replacement-15/p4-recovery-ui-fixes-05/outer.rc
 create mode 100755 docs/qa-logs/2026-10-06-pixelelated-replacement-15/p4-recovery-ui-fixes-05/outer.sh
 create mode 100644 docs/qa-logs/2026-10-06-pixelelated-replacement-15/p4-recovery-ui-fixes-05/owner-verification.json
 create mode 100644 docs/qa-logs/2026-10-06-pixelelated-replacement-15/p4-recovery-ui-fixes-05/provenance.json
 create mode 100755 docs/qa-logs/2026-10-06-pixelelated-replacement-15/p4-recovery-ui-fixes-05/proxy-identity.py
 create mode 100644 docs/qa-logs/2026-10-06-pixelelated-replacement-15/p4-recovery-ui-fixes-05/qa.start
 create mode 100644 docs/qa-logs/2026-10-06-pixelelated-replacement-15/p4-recovery-ui-fixes-05/retention.json
 create mode 100644 docs/qa-logs/2026-10-06-pixelelated-replacement-15/p4-recovery-ui-fixes-05/run.path
 create mode 100755 docs/qa-logs/2026-10-06-pixelelated-replacement-15/p4-recovery-ui-fixes-05/run.sh
 create mode 100755 docs/qa-logs/2026-10-06-pixelelated-replacement-15/p4-recovery-ui-fixes-05/seed.py
 create mode 100644 docs/qa-logs/2026-10-06-pixelelated-replacement-15/p4-recovery-ui-fixes-05/sha256.json
 create mode 100755 docs/qa-logs/2026-10-06-pixelelated-replacement-15/p4-recovery-ui-fixes-05/stop-guest.py
 create mode 100644 docs/qa-logs/2026-10-06-pixelelated-replacement-15/p4-recovery-ui-fixes-05/tool-wrapper.rc
 create mode 100755 docs/qa-logs/2026-10-06-pixelelated-replacement-15/p4-recovery-ui-fixes-05/verify-inputs.py
 create mode 100755 docs/qa-logs/2026-10-06-pixelelated-replacement-15/p4-recovery-ui-fixes-05/watch-build-submit.py
 create mode 100644 docs/qa-logs/2026-10-06-pixelelated-replacement-15/p4-recovery-ui-fixes-05/watcher/build.log
 create mode 100644 docs/qa-logs/2026-10-06-pixelelated-replacement-15/p4-recovery-ui-fixes-05/watcher/build.pid
 create mode 100644 docs/qa-logs/2026-10-06-pixelelated-replacement-15/p4-recovery-ui-fixes-05/watcher/build.rc
 create mode 100644 docs/qa-logs/2026-10-06-pixelelated-replacement-15/p4-recovery-ui-fixes-05/watcher/build.status
 create mode 100644 docs/qa-logs/2026-10-06-pixelelated-replacement-15/p4-recovery-ui-fixes-05/watcher/command.pid
 create mode 100644 docs/qa-logs/2026-10-06-pixelelated-replacement-15/p4-recovery-ui-fixes-05/watcher/watcher.pid
 create mode 100644 docs/qa-logs/2026-10-06-pixelelated-replacement-15/p4-recovery-ui-fixes-06/artifacts/cloud-ui/01-en_US-missing-folder-hub.png
 create mode 100644 docs/qa-logs/2026-10-06-pixelelated-replacement-15/p4-recovery-ui-fixes-06/artifacts/cloud-ui/01-en_US-missing-folder-menu-before.png
 create mode 100644 docs/qa-logs/2026-10-06-pixelelated-replacement-15/p4-recovery-ui-fixes-06/artifacts/cloud-ui/01-en_US-missing-folder-opening-result.png
 create mode 100644 docs/qa-logs/2026-10-06-pixelelated-replacement-15/p4-recovery-ui-fixes-06/artifacts/cloud-ui/01-en_US-network-refusal-hub.png
 create mode 100644 docs/qa-logs/2026-10-06-pixelelated-replacement-15/p4-recovery-ui-fixes-06/artifacts/cloud-ui/01-en_US-network-refusal-menu-before.png
 create mode 100644 docs/qa-logs/2026-10-06-pixelelated-replacement-15/p4-recovery-ui-fixes-06/artifacts/cloud-ui/01-en_US-network-refusal-opening-result.png
 create mode 100644 docs/qa-logs/2026-10-06-pixelelated-replacement-15/p4-recovery-ui-fixes-06/artifacts/cloud-ui/01-en_US-original-connection-recovery-computer-setup.png
 create mode 100644 docs/qa-logs/2026-10-06-pixelelated-replacement-15/p4-recovery-ui-fixes-06/artifacts/cloud-ui/01-en_US-original-connection-recovery-connect-repair-row.png
 create mode 100644 docs/qa-logs/2026-10-06-pixelelated-replacement-15/p4-recovery-ui-fixes-06/artifacts/cloud-ui/01-en_US-original-connection-recovery-hub.png
 create mode 100644 docs/qa-logs/2026-10-06-pixelelated-replacement-15/p4-recovery-ui-fixes-06/artifacts/cloud-ui/01-en_US-original-connection-recovery-menu-before.png
 create mode 100644 docs/qa-logs/2026-10-06-pixelelated-replacement-15/p4-recovery-ui-fixes-06/artifacts/cloud-ui/01-en_US-original-connection-recovery-move-finished.png
 create mode 100644 docs/qa-logs/2026-10-06-pixelelated-replacement-15/p4-recovery-ui-fixes-06/artifacts/cloud-ui/01-en_US-original-connection-recovery-opening-result.png
 create mode 100644 docs/qa-logs/2026-10-06-pixelelated-replacement-15/p4-recovery-ui-fixes-06/artifacts/cloud-ui/01-en_US-original-connection-recovery-repair-instructions.png
 create mode 100644 docs/qa-logs/2026-10-06-pixelelated-replacement-15/p4-recovery-ui-fixes-06/artifacts/cloud-ui/01-en_US-original-connection-recovery-retry-owned-move.png
 create mode 100644 docs/qa-logs/2026-10-06-pixelelated-replacement-15/p4-recovery-ui-fixes-06/artifacts/cloud-ui/01-en_US-original-connection-recovery-ssh-connect.png
 create mode 100644 docs/qa-logs/2026-10-06-pixelelated-replacement-15/p4-recovery-ui-fixes-06/artifacts/cloud-ui/01-en_US-original-connection-recovery-ssh-setup.png
 create mode 100644 docs/qa-logs/2026-10-06-pixelelated-replacement-15/p4-recovery-ui-fixes-06/artifacts/cloud-ui/01-fr_FR-missing-folder-hub.png
 create mode 100644 docs/qa-logs/2026-10-06-pixelelated-replacement-15/p4-recovery-ui-fixes-06/artifacts/cloud-ui/01-fr_FR-missing-folder-menu-before.png
 create mode 100644 docs/qa-logs/2026-10-06-pixelelated-replacement-15/p4-recovery-ui-fixes-06/artifacts/cloud-ui/01-fr_FR-missing-folder-opening-result.png
 create mode 100644 docs/qa-logs/2026-10-06-pixelelated-replacement-15/p4-recovery-ui-fixes-06/artifacts/cloud-ui/01-fr_FR-network-refusal-hub.png
 create mode 100644 docs/qa-logs/2026-10-06-pixelelated-replacement-15/p4-recovery-ui-fixes-06/artifacts/cloud-ui/01-fr_FR-network-refusal-menu-before.png
 create mode 100644 docs/qa-logs/2026-10-06-pixelelated-replacement-15/p4-recovery-ui-fixes-06/artifacts/cloud-ui/01-fr_FR-network-refusal-opening-result.png
 create mode 100644 docs/qa-logs/2026-10-06-pixelelated-replacement-15/p4-recovery-ui-fixes-06/artifacts/cloud-ui/01-fr_FR-original-connection-recovery-computer-setup.png
 create mode 100644 docs/qa-logs/2026-10-06-pixelelated-replacement-15/p4-recovery-ui-fixes-06/artifacts/cloud-ui/01-fr_FR-original-connection-recovery-connect-repair-row.png
 create mode 100644 docs/qa-logs/2026-10-06-pixelelated-replacement-15/p4-recovery-ui-fixes-06/artifacts/cloud-ui/01-fr_FR-original-connection-recovery-hub.png
 create mode 100644 docs/qa-logs/2026-10-06-pixelelated-replacement-15/p4-recovery-ui-fixes-06/artifacts/cloud-ui/01-fr_FR-original-connection-recovery-menu-before.png
 create mode 100644 docs/qa-logs/2026-10-06-pixelelated-replacement-15/p4-recovery-ui-fixes-06/artifacts/cloud-ui/01-fr_FR-original-connection-recovery-move-finished.png
 create mode 100644 docs/qa-logs/2026-10-06-pixelelated-replacement-15/p4-recovery-ui-fixes-06/artifacts/cloud-ui/01-fr_FR-original-connection-recovery-opening-result.png
 create mode 100644 docs/qa-logs/2026-10-06-pixelelated-replacement-15/p4-recovery-ui-fixes-06/artifacts/cloud-ui/01-fr_FR-original-connection-recovery-repair-instructions.png
 create mode 100644 docs/qa-logs/2026-10-06-pixelelated-replacement-15/p4-recovery-ui-fixes-06/artifacts/cloud-ui/01-fr_FR-original-connection-recovery-retry-owned-move.png
 create mode 100644 docs/qa-logs/2026-10-06-pixelelated-replacement-15/p4-recovery-ui-fixes-06/artifacts/cloud-ui/01-fr_FR-original-connection-recovery-ssh-connect.png
 create mode 100644 docs/qa-logs/2026-10-06-pixelelated-replacement-15/p4-recovery-ui-fixes-06/artifacts/cloud-ui/01-fr_FR-original-connection-recovery-ssh-setup.png
 create mode 100644 docs/qa-logs/2026-10-06-pixelelated-replacement-15/p4-recovery-ui-fixes-06/artifacts/cloud-ui/02-en_US-missing-folder-main-menu.png
 create mode 100644 docs/qa-logs/2026-10-06-pixelelated-replacement-15/p4-recovery-ui-fixes-06/artifacts/cloud-ui/02-en_US-network-refusal-main-menu.png
 create mode 100644 docs/qa-logs/2026-10-06-pixelelated-replacement-15/p4-recovery-ui-fixes-06/artifacts/cloud-ui/02-en_US-original-connection-recovery-main-menu.png
 create mode 100644 docs/qa-logs/2026-10-06-pixelelated-replacement-15/p4-recovery-ui-fixes-06/artifacts/cloud-ui/02-en_US-original-connection-recovery-providers.png
 create mode 100644 docs/qa-logs/2026-10-06-pixelelated-replacement-15/p4-recovery-ui-fixes-06/artifacts/cloud-ui/02-fr_FR-missing-folder-main-menu.png
 create mode 100644 docs/qa-logs/2026-10-06-pixelelated-replacement-15/p4-recovery-ui-fixes-06/artifacts/cloud-ui/02-fr_FR-network-refusal-main-menu.png
 create mode 100644 docs/qa-logs/2026-10-06-pixelelated-replacement-15/p4-recovery-ui-fixes-06/artifacts/cloud-ui/02-fr_FR-original-connection-recovery-main-menu.png
 create mode 100644 docs/qa-logs/2026-10-06-pixelelated-replacement-15/p4-recovery-ui-fixes-06/artifacts/cloud-ui/02-fr_FR-original-connection-recovery-providers.png
 create mode 100644 docs/qa-logs/2026-10-06-pixelelated-replacement-15/p4-recovery-ui-fixes-06/artifacts/cloud-ui/en_US-missing-folder-absence.json
 create mode 100644 docs/qa-logs/2026-10-06-pixelelated-replacement-15/p4-recovery-ui-fixes-06/artifacts/cloud-ui/en_US-missing-folder-carousel.log
 create mode 100644 docs/qa-logs/2026-10-06-pixelelated-replacement-15/p4-recovery-ui-fixes-06/artifacts/cloud-ui/en_US-missing-folder-carousel.steps
 create mode 100644 docs/qa-logs/2026-10-06-pixelelated-replacement-15/p4-recovery-ui-fixes-06/artifacts/cloud-ui/en_US-missing-folder-hub-menu.log
 create mode 100644 docs/qa-logs/2026-10-06-pixelelated-replacement-15/p4-recovery-ui-fixes-06/artifacts/cloud-ui/en_US-missing-folder-hub-menu.steps
 create mode 100644 docs/qa-logs/2026-10-06-pixelelated-replacement-15/p4-recovery-ui-fixes-06/artifacts/cloud-ui/en_US-missing-folder-hub.log
 create mode 100644 docs/qa-logs/2026-10-06-pixelelated-replacement-15/p4-recovery-ui-fixes-06/artifacts/cloud-ui/en_US-missing-folder-hub.steps
 create mode 100644 docs/qa-logs/2026-10-06-pixelelated-replacement-15/p4-recovery-ui-fixes-06/artifacts/cloud-ui/en_US-missing-folder-opening-scan.log
 create mode 100644 docs/qa-logs/2026-10-06-pixelelated-replacement-15/p4-recovery-ui-fixes-06/artifacts/cloud-ui/en_US-missing-folder-opening-scan.steps
 create mode 100644 docs/qa-logs/2026-10-06-pixelelated-replacement-15/p4-recovery-ui-fixes-06/artifacts/cloud-ui/en_US-network-refusal-carousel.log
 create mode 100644 docs/qa-logs/2026-10-06-pixelelated-replacement-15/p4-recovery-ui-fixes-06/artifacts/cloud-ui/en_US-network-refusal-carousel.steps
 create mode 100644 docs/qa-logs/2026-10-06-pixelelated-replacement-15/p4-recovery-ui-fixes-06/artifacts/cloud-ui/en_US-network-refusal-hub-menu.log
 create mode 100644 docs/qa-logs/2026-10-06-pixelelated-replacement-15/p4-recovery-ui-fixes-06/artifacts/cloud-ui/en_US-network-refusal-hub-menu.steps
 create mode 100644 docs/qa-logs/2026-10-06-pixelelated-replacement-15/p4-recovery-ui-fixes-06/artifacts/cloud-ui/en_US-network-refusal-hub.log
 create mode 100644 docs/qa-logs/2026-10-06-pixelelated-replacement-15/p4-recovery-ui-fixes-06/artifacts/cloud-ui/en_US-network-refusal-hub.steps
 create mode 100644 docs/qa-logs/2026-10-06-pixelelated-replacement-15/p4-recovery-ui-fixes-06/artifacts/cloud-ui/en_US-network-refusal-opening-scan.log
 create mode 100644 docs/qa-logs/2026-10-06-pixelelated-replacement-15/p4-recovery-ui-fixes-06/artifacts/cloud-ui/en_US-network-refusal-opening-scan.steps
 create mode 100644 docs/qa-logs/2026-10-06-pixelelated-replacement-15/p4-recovery-ui-fixes-06/artifacts/cloud-ui/en_US-network-refusal-transport.json
 create mode 100644 docs/qa-logs/2026-10-06-pixelelated-replacement-15/p4-recovery-ui-fixes-06/artifacts/cloud-ui/en_US-original-connection-recovery-binding-recovery.json
 create mode 100644 docs/qa-logs/2026-10-06-pixelelated-replacement-15/p4-recovery-ui-fixes-06/artifacts/cloud-ui/en_US-original-connection-recovery-carousel.log
 create mode 100644 docs/qa-logs/2026-10-06-pixelelated-replacement-15/p4-recovery-ui-fixes-06/artifacts/cloud-ui/en_US-original-connection-recovery-carousel.steps
 create mode 100644 docs/qa-logs/2026-10-06-pixelelated-replacement-15/p4-recovery-ui-fixes-06/artifacts/cloud-ui/en_US-original-connection-recovery-computer-path.log
 create mode 100644 docs/qa-logs/2026-10-06-pixelelated-replacement-15/p4-recovery-ui-fixes-06/artifacts/cloud-ui/en_US-original-connection-recovery-computer-path.steps
 create mode 100644 docs/qa-logs/2026-10-06-pixelelated-replacement-15/p4-recovery-ui-fixes-06/artifacts/cloud-ui/en_US-original-connection-recovery-connection-continue.log
 create mode 100644 docs/qa-logs/2026-10-06-pixelelated-replacement-15/p4-recovery-ui-fixes-06/artifacts/cloud-ui/en_US-original-connection-recovery-connection-continue.steps
 create mode 100644 docs/qa-logs/2026-10-06-pixelelated-replacement-15/p4-recovery-ui-fixes-06/artifacts/cloud-ui/en_US-original-connection-recovery-hub-menu.log
 create mode 100644 docs/qa-logs/2026-10-06-pixelelated-replacement-15/p4-recovery-ui-fixes-06/artifacts/cloud-ui/en_US-original-connection-recovery-hub-menu.steps
 create mode 100644 docs/qa-logs/2026-10-06-pixelelated-replacement-15/p4-recovery-ui-fixes-06/artifacts/cloud-ui/en_US-original-connection-recovery-hub.log
 create mode 100644 docs/qa-logs/2026-10-06-pixelelated-replacement-15/p4-recovery-ui-fixes-06/artifacts/cloud-ui/en_US-original-connection-recovery-hub.steps
 create mode 100644 docs/qa-logs/2026-10-06-pixelelated-replacement-15/p4-recovery-ui-fixes-06/artifacts/cloud-ui/en_US-original-connection-recovery-leave-refusal.log
 create mode 100644 docs/qa-logs/2026-10-06-pixelelated-replacement-15/p4-recovery-ui-fixes-06/artifacts/cloud-ui/en_US-original-connection-recovery-leave-refusal.steps
 create mode 100644 docs/qa-logs/2026-10-06-pixelelated-replacement-15/p4-recovery-ui-fixes-06/artifacts/cloud-ui/en_US-original-connection-recovery-opening-scan.log
 create mode 100644 docs/qa-logs/2026-10-06-pixelelated-replacement-15/p4-recovery-ui-fixes-06/artifacts/cloud-ui/en_US-original-connection-recovery-opening-scan.steps
 create mode 100644 docs/qa-logs/2026-10-06-pixelelated-replacement-15/p4-recovery-ui-fixes-06/artifacts/cloud-ui/en_US-original-connection-recovery-repair-choice.log
 create mode 100644 docs/qa-logs/2026-10-06-pixelelated-replacement-15/p4-recovery-ui-fixes-06/artifacts/cloud-ui/en_US-original-connection-recovery-repair-choice.steps
 create mode 100644 docs/qa-logs/2026-10-06-pixelelated-replacement-15/p4-recovery-ui-fixes-06/artifacts/cloud-ui/en_US-original-connection-recovery-repair-entry.log
 create mode 100644 docs/qa-logs/2026-10-06-pixelelated-replacement-15/p4-recovery-ui-fixes-06/artifacts/cloud-ui/en_US-original-connection-recovery-repair-entry.steps
 create mode 100644 docs/qa-logs/2026-10-06-pixelelated-replacement-15/p4-recovery-ui-fixes-06/artifacts/cloud-ui/en_US-original-connection-recovery-retry-owned-move.log
 create mode 100644 docs/qa-logs/2026-10-06-pixelelated-replacement-15/p4-recovery-ui-fixes-06/artifacts/cloud-ui/en_US-original-connection-recovery-retry-owned-move.steps
 create mode 100644 docs/qa-logs/2026-10-06-pixelelated-replacement-15/p4-recovery-ui-fixes-06/artifacts/cloud-ui/en_US-original-connection-recovery-ssh-continue.log
 create mode 100644 docs/qa-logs/2026-10-06-pixelelated-replacement-15/p4-recovery-ui-fixes-06/artifacts/cloud-ui/en_US-original-connection-recovery-ssh-continue.steps
 create mode 100644 docs/qa-logs/2026-10-06-pixelelated-replacement-15/p4-recovery-ui-fixes-06/artifacts/cloud-ui/en_US-original-connection-recovery-verify-repaired-connection.log
 create mode 100644 docs/qa-logs/2026-10-06-pixelelated-replacement-15/p4-recovery-ui-fixes-06/artifacts/cloud-ui/en_US-original-connection-recovery-verify-repaired-connection.steps
 create mode 100644 docs/qa-logs/2026-10-06-pixelelated-replacement-15/p4-recovery-ui-fixes-06/artifacts/cloud-ui/en_US-outer-timeout-timeout-card-0.png
 create mode 100644 docs/qa-logs/2026-10-06-pixelelated-replacement-15/p4-recovery-ui-fixes-06/artifacts/cloud-ui/en_US-outer-timeout-timeout-card-1.png
 create mode 100644 docs/qa-logs/2026-10-06-pixelelated-replacement-15/p4-recovery-ui-fixes-06/artifacts/cloud-ui/en_US-outer-timeout-timeout-card-2.png
 create mode 100644 docs/qa-logs/2026-10-06-pixelelated-replacement-15/p4-recovery-ui-fixes-06/artifacts/cloud-ui/en_US-outer-timeout-timeout.json
 create mode 100644 docs/qa-logs/2026-10-06-pixelelated-replacement-15/p4-recovery-ui-fixes-06/artifacts/cloud-ui/fr_FR-missing-folder-absence.json
 create mode 100644 docs/qa-logs/2026-10-06-pixelelated-replacement-15/p4-recovery-ui-fixes-06/artifacts/cloud-ui/fr_FR-missing-folder-carousel.log
 create mode 100644 docs/qa-logs/2026-10-06-pixelelated-replacement-15/p4-recovery-ui-fixes-06/artifacts/cloud-ui/fr_FR-missing-folder-carousel.steps
 create mode 100644 docs/qa-logs/2026-10-06-pixelelated-replacement-15/p4-recovery-ui-fixes-06/artifacts/cloud-ui/fr_FR-missing-folder-hub-menu.log
 create mode 100644 docs/qa-logs/2026-10-06-pixelelated-replacement-15/p4-recovery-ui-fixes-06/artifacts/cloud-ui/fr_FR-missing-folder-hub-menu.steps
 create mode 100644 docs/qa-logs/2026-10-06-pixelelated-replacement-15/p4-recovery-ui-fixes-06/artifacts/cloud-ui/fr_FR-missing-folder-hub.log
 create mode 100644 docs/qa-logs/2026-10-06-pixelelated-replacement-15/p4-recovery-ui-fixes-06/artifacts/cloud-ui/fr_FR-missing-folder-hub.steps
 create mode 100644 docs/qa-logs/2026-10-06-pixelelated-replacement-15/p4-recovery-ui-fixes-06/artifacts/cloud-ui/fr_FR-missing-folder-opening-scan.log
 create mode 100644 docs/qa-logs/2026-10-06-pixelelated-replacement-15/p4-recovery-ui-fixes-06/artifacts/cloud-ui/fr_FR-missing-folder-opening-scan.steps
 create mode 100644 docs/qa-logs/2026-10-06-pixelelated-replacement-15/p4-recovery-ui-fixes-06/artifacts/cloud-ui/fr_FR-network-refusal-carousel.log
 create mode 100644 docs/qa-logs/2026-10-06-pixelelated-replacement-15/p4-recovery-ui-fixes-06/artifacts/cloud-ui/fr_FR-network-refusal-carousel.steps
 create mode 100644 docs/qa-logs/2026-10-06-pixelelated-replacement-15/p4-recovery-ui-fixes-06/artifacts/cloud-ui/fr_FR-network-refusal-hub-menu.log
 create mode 100644 docs/qa-logs/2026-10-06-pixelelated-replacement-15/p4-recovery-ui-fixes-06/artifacts/cloud-ui/fr_FR-network-refusal-hub-menu.steps
 create mode 100644 docs/qa-logs/2026-10-06-pixelelated-replacement-15/p4-recovery-ui-fixes-06/artifacts/cloud-ui/fr_FR-network-refusal-hub.log
 create mode 100644 docs/qa-logs/2026-10-06-pixelelated-replacement-15/p4-recovery-ui-fixes-06/artifacts/cloud-ui/fr_FR-network-refusal-hub.steps
 create mode 100644 docs/qa-logs/2026-10-06-pixelelated-replacement-15/p4-recovery-ui-fixes-06/artifacts/cloud-ui/fr_FR-network-refusal-opening-scan.log
 create mode 100644 docs/qa-logs/2026-10-06-pixelelated-replacement-15/p4-recovery-ui-fixes-06/artifacts/cloud-ui/fr_FR-network-refusal-opening-scan.steps
 create mode 100644 docs/qa-logs/2026-10-06-pixelelated-replacement-15/p4-recovery-ui-fixes-06/artifacts/cloud-ui/fr_FR-network-refusal-transport.json
 create mode 100644 docs/qa-logs/2026-10-06-pixelelated-replacement-15/p4-recovery-ui-fixes-06/artifacts/cloud-ui/fr_FR-original-connection-recovery-binding-recovery.json
 create mode 100644 docs/qa-logs/2026-10-06-pixelelated-replacement-15/p4-recovery-ui-fixes-06/artifacts/cloud-ui/fr_FR-original-connection-recovery-carousel.log
 create mode 100644 docs/qa-logs/2026-10-06-pixelelated-replacement-15/p4-recovery-ui-fixes-06/artifacts/cloud-ui/fr_FR-original-connection-recovery-carousel.steps
 create mode 100644 docs/qa-logs/2026-10-06-pixelelated-replacement-15/p4-recovery-ui-fixes-06/artifacts/cloud-ui/fr_FR-original-connection-recovery-computer-path.log
 create mode 100644 docs/qa-logs/2026-10-06-pixelelated-replacement-15/p4-recovery-ui-fixes-06/artifacts/cloud-ui/fr_FR-original-connection-recovery-computer-path.steps
 create mode 100644 docs/qa-logs/2026-10-06-pixelelated-replacement-15/p4-recovery-ui-fixes-06/artifacts/cloud-ui/fr_FR-original-connection-recovery-connection-continue.log
 create mode 100644 docs/qa-logs/2026-10-06-pixelelated-replacement-15/p4-recovery-ui-fixes-06/artifacts/cloud-ui/fr_FR-original-connection-recovery-connection-continue.steps
 create mode 100644 docs/qa-logs/2026-10-06-pixelelated-replacement-15/p4-recovery-ui-fixes-06/artifacts/cloud-ui/fr_FR-original-connection-recovery-hub-menu.log
 create mode 100644 docs/qa-logs/2026-10-06-pixelelated-replacement-15/p4-recovery-ui-fixes-06/artifacts/cloud-ui/fr_FR-original-connection-recovery-hub-menu.steps
 create mode 100644 docs/qa-logs/2026-10-06-pixelelated-replacement-15/p4-recovery-ui-fixes-06/artifacts/cloud-ui/fr_FR-original-connection-recovery-hub.log
 create mode 100644 docs/qa-logs/2026-10-06-pixelelated-replacement-15/p4-recovery-ui-fixes-06/artifacts/cloud-ui/fr_FR-original-connection-recovery-hub.steps
 create mode 100644 docs/qa-logs/2026-10-06-pixelelated-replacement-15/p4-recovery-ui-fixes-06/artifacts/cloud-ui/fr_FR-original-connection-recovery-leave-refusal.log
 create mode 100644 docs/qa-logs/2026-10-06-pixelelated-replacement-15/p4-recovery-ui-fixes-06/artifacts/cloud-ui/fr_FR-original-connection-recovery-leave-refusal.steps
 create mode 100644 docs/qa-logs/2026-10-06-pixelelated-replacement-15/p4-recovery-ui-fixes-06/artifacts/cloud-ui/fr_FR-original-connection-recovery-opening-scan.log
 create mode 100644 docs/qa-logs/2026-10-06-pixelelated-replacement-15/p4-recovery-ui-fixes-06/artifacts/cloud-ui/fr_FR-original-connection-recovery-opening-scan.steps
 create mode 100644 docs/qa-logs/2026-10-06-pixelelated-replacement-15/p4-recovery-ui-fixes-06/artifacts/cloud-ui/fr_FR-original-connection-recovery-repair-choice.log
 create mode 100644 docs/qa-logs/2026-10-06-pixelelated-replacement-15/p4-recovery-ui-fixes-06/artifacts/cloud-ui/fr_FR-original-connection-recovery-repair-choice.steps
 create mode 100644 docs/qa-logs/2026-10-06-pixelelated-replacement-15/p4-recovery-ui-fixes-06/artifacts/cloud-ui/fr_FR-original-connection-recovery-repair-entry.log
 create mode 100644 docs/qa-logs/2026-10-06-pixelelated-replacement-15/p4-recovery-ui-fixes-06/artifacts/cloud-ui/fr_FR-original-connection-recovery-repair-entry.steps
 create mode 100644 docs/qa-logs/2026-10-06-pixelelated-replacement-15/p4-recovery-ui-fixes-06/artifacts/cloud-ui/fr_FR-original-connection-recovery-retry-owned-move.log
 create mode 100644 docs/qa-logs/2026-10-06-pixelelated-replacement-15/p4-recovery-ui-fixes-06/artifacts/cloud-ui/fr_FR-original-connection-recovery-retry-owned-move.steps
 create mode 100644 docs/qa-logs/2026-10-06-pixelelated-replacement-15/p4-recovery-ui-fixes-06/artifacts/cloud-ui/fr_FR-original-connection-recovery-ssh-continue.log
 create mode 100644 docs/qa-logs/2026-10-06-pixelelated-replacement-15/p4-recovery-ui-fixes-06/artifacts/cloud-ui/fr_FR-original-connection-recovery-ssh-continue.steps
 create mode 100644 docs/qa-logs/2026-10-06-pixelelated-replacement-15/p4-recovery-ui-fixes-06/artifacts/cloud-ui/fr_FR-original-connection-recovery-verify-repaired-connection.log
 create mode 100644 docs/qa-logs/2026-10-06-pixelelated-replacement-15/p4-recovery-ui-fixes-06/artifacts/cloud-ui/fr_FR-original-connection-recovery-verify-repaired-connection.steps
 create mode 100644 docs/qa-logs/2026-10-06-pixelelated-replacement-15/p4-recovery-ui-fixes-06/artifacts/cloud-ui/fr_FR-outer-timeout-timeout-card-0.png
 create mode 100644 docs/qa-logs/2026-10-06-pixelelated-replacement-15/p4-recovery-ui-fixes-06/artifacts/cloud-ui/fr_FR-outer-timeout-timeout-card-1.png
 create mode 100644 docs/qa-logs/2026-10-06-pixelelated-replacement-15/p4-recovery-ui-fixes-06/artifacts/cloud-ui/fr_FR-outer-timeout-timeout-card-2.png
 create mode 100644 docs/qa-logs/2026-10-06-pixelelated-replacement-15/p4-recovery-ui-fixes-06/artifacts/cloud-ui/fr_FR-outer-timeout-timeout.json
 create mode 100644 docs/qa-logs/2026-10-06-pixelelated-replacement-15/p4-recovery-ui-fixes-06/artifacts/cloud-ui/installed-after.sha256
 create mode 100644 docs/qa-logs/2026-10-06-pixelelated-replacement-15/p4-recovery-ui-fixes-06/artifacts/cloud-ui/installed-before.sha256
 create mode 100644 docs/qa-logs/2026-10-06-pixelelated-replacement-15/p4-recovery-ui-fixes-06/artifacts/cloud-ui/results.json
 create mode 100644 docs/qa-logs/2026-10-06-pixelelated-replacement-15/p4-recovery-ui-fixes-06/artifacts/disk-initial.json
 create mode 100644 docs/qa-logs/2026-10-06-pixelelated-replacement-15/p4-recovery-ui-fixes-06/artifacts/payload-cloud-ui-after.json
 create mode 100644 docs/qa-logs/2026-10-06-pixelelated-replacement-15/p4-recovery-ui-fixes-06/artifacts/payload-cloud-ui-before.json
 create mode 100644 docs/qa-logs/2026-10-06-pixelelated-replacement-15/p4-recovery-ui-fixes-06/artifacts/proxy-identity-cloud-ui-after.json
 create mode 100644 docs/qa-logs/2026-10-06-pixelelated-replacement-15/p4-recovery-ui-fixes-06/artifacts/proxy-identity-cloud-ui-before.json
 create mode 100755 docs/qa-logs/2026-10-06-pixelelated-replacement-15/p4-recovery-ui-fixes-06/check-payload.py
 create mode 100644 docs/qa-logs/2026-10-06-pixelelated-replacement-15/p4-recovery-ui-fixes-06/cloud-ui-proof.py
 create mode 100644 docs/qa-logs/2026-10-06-pixelelated-replacement-15/p4-recovery-ui-fixes-06/console.log
 create mode 100644 docs/qa-logs/2026-10-06-pixelelated-replacement-15/p4-recovery-ui-fixes-06/guest-cleanup-verification.json
 create mode 100644 docs/qa-logs/2026-10-06-pixelelated-replacement-15/p4-recovery-ui-fixes-06/guest-d.ovmf-vars.fd
 create mode 100644 docs/qa-logs/2026-10-06-pixelelated-replacement-15/p4-recovery-ui-fixes-06/guest.pid
 create mode 100644 docs/qa-logs/2026-10-06-pixelelated-replacement-15/p4-recovery-ui-fixes-06/harness.sha256
 create mode 100644 docs/qa-logs/2026-10-06-pixelelated-replacement-15/p4-recovery-ui-fixes-06/inner.rc
 create mode 100644 docs/qa-logs/2026-10-06-pixelelated-replacement-15/p4-recovery-ui-fixes-06/launcher-pid.json
 create mode 100644 docs/qa-logs/2026-10-06-pixelelated-replacement-15/p4-recovery-ui-fixes-06/launcher-result.json
 create mode 100644 docs/qa-logs/2026-10-06-pixelelated-replacement-15/p4-recovery-ui-fixes-06/launcher-start.json
 create mode 100644 docs/qa-logs/2026-10-06-pixelelated-replacement-15/p4-recovery-ui-fixes-06/launcher-submission.json
 create mode 100644 docs/qa-logs/2026-10-06-pixelelated-replacement-15/p4-recovery-ui-fixes-06/outer.rc
 create mode 100755 docs/qa-logs/2026-10-06-pixelelated-replacement-15/p4-recovery-ui-fixes-06/outer.sh
 create mode 100644 docs/qa-logs/2026-10-06-pixelelated-replacement-15/p4-recovery-ui-fixes-06/owner-verification.json
 create mode 100644 docs/qa-logs/2026-10-06-pixelelated-replacement-15/p4-recovery-ui-fixes-06/provenance.json
 create mode 100755 docs/qa-logs/2026-10-06-pixelelated-replacement-15/p4-recovery-ui-fixes-06/proxy-identity.py
 create mode 100644 docs/qa-logs/2026-10-06-pixelelated-replacement-15/p4-recovery-ui-fixes-06/qa.start
 create mode 100644 docs/qa-logs/2026-10-06-pixelelated-replacement-15/p4-recovery-ui-fixes-06/retention.json
 create mode 100644 docs/qa-logs/2026-10-06-pixelelated-replacement-15/p4-recovery-ui-fixes-06/run.path
 create mode 100755 docs/qa-logs/2026-10-06-pixelelated-replacement-15/p4-recovery-ui-fixes-06/run.sh
 create mode 100755 docs/qa-logs/2026-10-06-pixelelated-replacement-15/p4-recovery-ui-fixes-06/seed.py
 create mode 100644 docs/qa-logs/2026-10-06-pixelelated-replacement-15/p4-recovery-ui-fixes-06/sha256.json
 create mode 100755 docs/qa-logs/2026-10-06-pixelelated-replacement-15/p4-recovery-ui-fixes-06/stop-guest.py
 create mode 100644 docs/qa-logs/2026-10-06-pixelelated-replacement-15/p4-recovery-ui-fixes-06/tool-wrapper.rc
 create mode 100755 docs/qa-logs/2026-10-06-pixelelated-replacement-15/p4-recovery-ui-fixes-06/verify-inputs.py
 create mode 100755 docs/qa-logs/2026-10-06-pixelelated-replacement-15/p4-recovery-ui-fixes-06/watch-build-submit.py
 create mode 100644 docs/qa-logs/2026-10-06-pixelelated-replacement-15/p4-recovery-ui-fixes-06/watcher/build.log
 create mode 100644 docs/qa-logs/2026-10-06-pixelelated-replacement-15/p4-recovery-ui-fixes-06/watcher/build.pid
 create mode 100644 docs/qa-logs/2026-10-06-pixelelated-replacement-15/p4-recovery-ui-fixes-06/watcher/build.rc
 create mode 100644 docs/qa-logs/2026-10-06-pixelelated-replacement-15/p4-recovery-ui-fixes-06/watcher/build.status
 create mode 100644 docs/qa-logs/2026-10-06-pixelelated-replacement-15/p4-recovery-ui-fixes-06/watcher/command.pid
 create mode 100644 docs/qa-logs/2026-10-06-pixelelated-replacement-15/p4-recovery-ui-fixes-06/watcher/watcher.pid
 create mode 100644 docs/qa-logs/2026-10-06-pixelelated-replacement-15/recovery03-progress-review/review.json
 create mode 100644 docs/qa-logs/2026-10-06-pixelelated-replacement-15/recovery05-progress-review/review.json
 create mode 100644 docs/qa-logs/2026-10-06-pixelelated-replacement-15/recovery06-progress-review/frames/01-en_US-missing-folder-hub.png
 create mode 100644 docs/qa-logs/2026-10-06-pixelelated-replacement-15/recovery06-progress-review/frames/01-en_US-missing-folder-menu-before.png
 create mode 100644 docs/qa-logs/2026-10-06-pixelelated-replacement-15/recovery06-progress-review/frames/01-en_US-missing-folder-opening-result.png
 create mode 100644 docs/qa-logs/2026-10-06-pixelelated-replacement-15/recovery06-progress-review/frames/01-en_US-network-refusal-hub.png
 create mode 100644 docs/qa-logs/2026-10-06-pixelelated-replacement-15/recovery06-progress-review/frames/01-en_US-network-refusal-menu-before.png
 create mode 100644 docs/qa-logs/2026-10-06-pixelelated-replacement-15/recovery06-progress-review/frames/01-en_US-network-refusal-opening-result.png
 create mode 100644 docs/qa-logs/2026-10-06-pixelelated-replacement-15/recovery06-progress-review/frames/01-en_US-original-connection-recovery-computer-setup.png
 create mode 100644 docs/qa-logs/2026-10-06-pixelelated-replacement-15/recovery06-progress-review/frames/01-en_US-original-connection-recovery-connect-repair-row.png
 create mode 100644 docs/qa-logs/2026-10-06-pixelelated-replacement-15/recovery06-progress-review/frames/01-en_US-original-connection-recovery-hub.png
 create mode 100644 docs/qa-logs/2026-10-06-pixelelated-replacement-15/recovery06-progress-review/frames/01-en_US-original-connection-recovery-menu-before.png
 create mode 100644 docs/qa-logs/2026-10-06-pixelelated-replacement-15/recovery06-progress-review/frames/01-en_US-original-connection-recovery-move-finished.png
 create mode 100644 docs/qa-logs/2026-10-06-pixelelated-replacement-15/recovery06-progress-review/frames/01-en_US-original-connection-recovery-opening-result.png
 create mode 100644 docs/qa-logs/2026-10-06-pixelelated-replacement-15/recovery06-progress-review/frames/01-en_US-original-connection-recovery-repair-instructions.png
 create mode 100644 docs/qa-logs/2026-10-06-pixelelated-replacement-15/recovery06-progress-review/frames/01-en_US-original-connection-recovery-retry-owned-move.png
 create mode 100644 docs/qa-logs/2026-10-06-pixelelated-replacement-15/recovery06-progress-review/frames/01-en_US-original-connection-recovery-ssh-connect.png
 create mode 100644 docs/qa-logs/2026-10-06-pixelelated-replacement-15/recovery06-progress-review/frames/01-en_US-original-connection-recovery-ssh-setup.png
 create mode 100644 docs/qa-logs/2026-10-06-pixelelated-replacement-15/recovery06-progress-review/frames/01-fr_FR-missing-folder-hub.png
 create mode 100644 docs/qa-logs/2026-10-06-pixelelated-replacement-15/recovery06-progress-review/frames/01-fr_FR-missing-folder-menu-before.png
 create mode 100644 docs/qa-logs/2026-10-06-pixelelated-replacement-15/recovery06-progress-review/frames/01-fr_FR-missing-folder-opening-result.png
 create mode 100644 docs/qa-logs/2026-10-06-pixelelated-replacement-15/recovery06-progress-review/frames/01-fr_FR-network-refusal-hub.png
 create mode 100644 docs/qa-logs/2026-10-06-pixelelated-replacement-15/recovery06-progress-review/frames/01-fr_FR-network-refusal-menu-before.png
 create mode 100644 docs/qa-logs/2026-10-06-pixelelated-replacement-15/recovery06-progress-review/frames/01-fr_FR-network-refusal-opening-result.png
 create mode 100644 docs/qa-logs/2026-10-06-pixelelated-replacement-15/recovery06-progress-review/frames/01-fr_FR-original-connection-recovery-computer-setup.png
 create mode 100644 docs/qa-logs/2026-10-06-pixelelated-replacement-15/recovery06-progress-review/frames/01-fr_FR-original-connection-recovery-connect-repair-row.png
 create mode 100644 docs/qa-logs/2026-10-06-pixelelated-replacement-15/recovery06-progress-review/frames/01-fr_FR-original-connection-recovery-hub.png
 create mode 100644 docs/qa-logs/2026-10-06-pixelelated-replacement-15/recovery06-progress-review/frames/01-fr_FR-original-connection-recovery-menu-before.png
 create mode 100644 docs/qa-logs/2026-10-06-pixelelated-replacement-15/recovery06-progress-review/frames/01-fr_FR-original-connection-recovery-move-finished.png
 create mode 100644 docs/qa-logs/2026-10-06-pixelelated-replacement-15/recovery06-progress-review/frames/01-fr_FR-original-connection-recovery-opening-result.png
 create mode 100644 docs/qa-logs/2026-10-06-pixelelated-replacement-15/recovery06-progress-review/frames/01-fr_FR-original-connection-recovery-repair-instructions.png
 create mode 100644 docs/qa-logs/2026-10-06-pixelelated-replacement-15/recovery06-progress-review/frames/01-fr_FR-original-connection-recovery-retry-owned-move.png
 create mode 100644 docs/qa-logs/2026-10-06-pixelelated-replacement-15/recovery06-progress-review/frames/01-fr_FR-original-connection-recovery-ssh-connect.png
 create mode 100644 docs/qa-logs/2026-10-06-pixelelated-replacement-15/recovery06-progress-review/frames/01-fr_FR-original-connection-recovery-ssh-setup.png
 create mode 100644 docs/qa-logs/2026-10-06-pixelelated-replacement-15/recovery06-progress-review/frames/02-en_US-missing-folder-main-menu.png
 create mode 100644 docs/qa-logs/2026-10-06-pixelelated-replacement-15/recovery06-progress-review/frames/02-en_US-network-refusal-main-menu.png
 create mode 100644 docs/qa-logs/2026-10-06-pixelelated-replacement-15/recovery06-progress-review/frames/02-en_US-original-connection-recovery-main-menu.png
 create mode 100644 docs/qa-logs/2026-10-06-pixelelated-replacement-15/recovery06-progress-review/frames/02-en_US-original-connection-recovery-providers.png
 create mode 100644 docs/qa-logs/2026-10-06-pixelelated-replacement-15/recovery06-progress-review/frames/02-fr_FR-missing-folder-main-menu.png
 create mode 100644 docs/qa-logs/2026-10-06-pixelelated-replacement-15/recovery06-progress-review/frames/02-fr_FR-network-refusal-main-menu.png
 create mode 100644 docs/qa-logs/2026-10-06-pixelelated-replacement-15/recovery06-progress-review/frames/02-fr_FR-original-connection-recovery-main-menu.png
 create mode 100644 docs/qa-logs/2026-10-06-pixelelated-replacement-15/recovery06-progress-review/frames/02-fr_FR-original-connection-recovery-providers.png
 create mode 100644 docs/qa-logs/2026-10-06-pixelelated-replacement-15/recovery06-progress-review/frames/en_US-outer-timeout-timeout-card-0.png
 create mode 100644 docs/qa-logs/2026-10-06-pixelelated-replacement-15/recovery06-progress-review/frames/en_US-outer-timeout-timeout-card-1.png
 create mode 100644 docs/qa-logs/2026-10-06-pixelelated-replacement-15/recovery06-progress-review/frames/en_US-outer-timeout-timeout-card-2.png
 create mode 100644 docs/qa-logs/2026-10-06-pixelelated-replacement-15/recovery06-progress-review/frames/fr_FR-outer-timeout-timeout-card-0.png
 create mode 100644 docs/qa-logs/2026-10-06-pixelelated-replacement-15/recovery06-progress-review/frames/fr_FR-outer-timeout-timeout-card-1.png
 create mode 100644 docs/qa-logs/2026-10-06-pixelelated-replacement-15/recovery06-progress-review/frames/fr_FR-outer-timeout-timeout-card-2.png
 create mode 100644 docs/qa-logs/2026-10-06-pixelelated-replacement-15/recovery06-progress-review/review.json
 create mode 100644 docs/qa-logs/2026-10-06-pixelelated-replacement-15/recovery06-progress-review/sha256.json
 create mode 100644 docs/qa-logs/2026-10-06-pixelelated-replacement-15/recovery06-resolution-01/468-after.json
 create mode 100644 docs/qa-logs/2026-10-06-pixelelated-replacement-15/recovery06-resolution-01/468-before.json
 create mode 100644 docs/qa-logs/2026-10-06-pixelelated-replacement-15/recovery06-resolution-01/468-body.md
 create mode 100644 docs/qa-logs/2026-10-06-pixelelated-replacement-15/recovery06-resolution-01/471-after.json
 create mode 100644 docs/qa-logs/2026-10-06-pixelelated-replacement-15/recovery06-resolution-01/471-before.json
 create mode 100644 docs/qa-logs/2026-10-06-pixelelated-replacement-15/recovery06-resolution-01/471-body.md
 create mode 100644 docs/qa-logs/2026-10-06-pixelelated-replacement-15/recovery06-resolution-01/473-after.json
 create mode 100644 docs/qa-logs/2026-10-06-pixelelated-replacement-15/recovery06-resolution-01/473-before.json
 create mode 100644 docs/qa-logs/2026-10-06-pixelelated-replacement-15/recovery06-resolution-01/473-body.md
 create mode 100644 docs/qa-logs/2026-10-06-pixelelated-replacement-15/recovery06-resolution-01/473-corrected-trace.json
 create mode 100644 docs/qa-logs/2026-10-06-pixelelated-replacement-15/recovery06-resolution-01/M7-after.json
 create mode 100644 docs/qa-logs/2026-10-06-pixelelated-replacement-15/recovery06-resolution-01/M7-before.json
 create mode 100644 docs/qa-logs/2026-10-06-pixelelated-replacement-15/recovery06-resolution-01/M7-patch.json
 create mode 100644 docs/qa-logs/2026-10-06-pixelelated-replacement-15/recovery06-resolution-01/sha256.json
 create mode 100644 docs/qa-logs/2026-10-06-pixelelated-replacement-15/recovery06-resolution-01/verification.json
 create mode 100644 docs/qa-logs/2026-10-06-pixelelated-replacement-15/tracker-recovery06-01/468-after.json
 create mode 100644 docs/qa-logs/2026-10-06-pixelelated-replacement-15/tracker-recovery06-01/468-before.json
 create mode 100644 docs/qa-logs/2026-10-06-pixelelated-replacement-15/tracker-recovery06-01/468-body.md
 create mode 100644 docs/qa-logs/2026-10-06-pixelelated-replacement-15/tracker-recovery06-01/471-after.json
 create mode 100644 docs/qa-logs/2026-10-06-pixelelated-replacement-15/tracker-recovery06-01/471-before.json
 create mode 100644 docs/qa-logs/2026-10-06-pixelelated-replacement-15/tracker-recovery06-01/471-body.md
 create mode 100644 docs/qa-logs/2026-10-06-pixelelated-replacement-15/tracker-recovery06-01/M7-after.json
 create mode 100644 docs/qa-logs/2026-10-06-pixelelated-replacement-15/tracker-recovery06-01/M7-before.json
 create mode 100644 docs/qa-logs/2026-10-06-pixelelated-replacement-15/tracker-recovery06-01/M7-description.md
 create mode 100644 docs/qa-logs/2026-10-06-pixelelated-replacement-15/tracker-recovery06-01/M7-patch.json
 create mode 100644 docs/qa-logs/2026-10-06-pixelelated-replacement-15/tracker-recovery06-01/verification.json
 create mode 100644 docs/qa-logs/2026-10-06-pixelelated-replacement-15/tracker-ui04-01/468-after.json
 create mode 100644 docs/qa-logs/2026-10-06-pixelelated-replacement-15/tracker-ui04-01/468-before.json
 create mode 100644 docs/qa-logs/2026-10-06-pixelelated-replacement-15/tracker-ui04-01/468-body.md
 create mode 100644 docs/qa-logs/2026-10-06-pixelelated-replacement-15/tracker-ui04-01/471-after.json
 create mode 100644 docs/qa-logs/2026-10-06-pixelelated-replacement-15/tracker-ui04-01/471-before.json
 create mode 100644 docs/qa-logs/2026-10-06-pixelelated-replacement-15/tracker-ui04-01/471-body.md
 create mode 100644 docs/qa-logs/2026-10-06-pixelelated-replacement-15/tracker-ui04-01/M7-after.json
 create mode 100644 docs/qa-logs/2026-10-06-pixelelated-replacement-15/tracker-ui04-01/M7-before.json
 create mode 100644 docs/qa-logs/2026-10-06-pixelelated-replacement-15/tracker-ui04-01/M7-description.md
 create mode 100644 docs/qa-logs/2026-10-06-pixelelated-replacement-15/tracker-ui04-01/M7-patch.json
 create mode 100644 docs/qa-logs/2026-10-06-pixelelated-replacement-15/tracker-ui04-01/verification.json
